Product Name,Manufacturer,CPU manufacturer,CPU brand modifier,CPU generation,CPU Speed (GHz),RAM (GB),RAM Type,Bus (MHz),Storage (GB),Screen Size (inch),Screen Resolution,Refresh Rate (Hz),GPU manufacturer,Weight (kg),Battery,Price (VND),detail_specs_html_path,gpu_model,gpu_class
HP 245 G10 B8pf8at,hp,amd,Ryzen5,7530,4.5,16.0,ddr4,3200.0,256.0,14.0,1920 x 1080,,amd,1.36,"HP Long Life 3-cell, 41 Wh Li-ion",15590000.0,data/cellphones/detail_htmls\hp_2_specs.html,AMD_RADEON_GRAPHICS,INTEGRATED
HP Victus 15 Fa2731tx B85lnpa,hp,intel,Core I5,13420,4.6,16.0,ddr4,3200.0,512.0,15.6,1920 x 1080,144.0,nvidia,2.185,3 Cell Int (52.5Wh),24045000.0,data/cellphones/detail_htmls\hp_4_specs.html,RTX 3050,DISCRETE_GAMING
HP 14 Ep0112tu 8c5l1pa,hp,intel,Core I5,1335,4.6,16.0,ddr4,3200.0,512.0,14.0,1920 x 1080,,intel,1.46,"3-cell, 41 Wh Li-ion",19590000.0,data/cellphones/detail_htmls\hp_1_specs.html,INTEL_IRIS_XE,INTEGRATED
HP 15 Fc0086au A6vv9pa,hp,amd,Ryzen5,7430,4.3,16.0,ddr4,3200.0,512.0,15.6,1920 x 1080,,amd,1.59,"3-cell, 41 Wh Li-ion polymer",15190000.0,data/cellphones/detail_htmls\hp_0_specs.html,AMD_RADEON_GRAPHICS,INTEGRATED
HP Victus 15 Fb3116ax Bx8u4pa,hp,amd,Ryzen7,7445,4.7,16.0,ddr5,5600.0,512.0,15.6,1920 x 1080,144.0,nvidia,2.29,"3-cell, 52.5 Wh Li-ion polymer",25990000.0,data/cellphones/detail_htmls\hp_3_specs.html,RTX 3050,DISCRETE_GAMING
HP Pavilion 15 Eg3095tu 8c5l6pa 16gb,hp,intel,Core I5,1335,1.3,16.0,ddr4,3200.0,512.0,15.6,1920 x 1080,60.0,intel,1.74,"3-cell Li-ion, 41 Wh",19990000.0,data/cellphones/detail_htmls\hp_5_specs.html,INTEL_IRIS_XE,INTEGRATED
HP 245 G10 Bg5u8pt,hp,amd,Ryzen7,7730,5.0,16.0,ddr4,3200.0,512.0,14.0,1920 x 1080,,amd,1.36,"HP Long Life 3-cell, 41 Wh Li-ion",19990000.0,data/cellphones/detail_htmls\hp_9_specs.html,AMD_RADEON_GRAPHICS,INTEGRATED
HP Pavilion 15 Eg3094tu 8c5l5pa 16gb,hp,intel,Core I5,1335,1.3,16.0,ddr4,3200.0,512.0,15.6,1920 x 1080,60.0,intel,1.74,"3-cell Li-ion, 41 Wh",19990000.0,data/cellphones/detail_htmls\hp_7_specs.html,INTEL_IRIS_XE,INTEGRATED
HP 14 Ep0220tu B73vwpa 16gb,hp,intel,Core I3,1315,4.5,16.0,ddr4,3200.0,512.0,14.0,1920 x 1080,,intel+nvidia,1.4,"3-cell, 41 Wh Li-ion polymer Bộ đổi nguồn AC thông minh 45 W",13490000.0,data/cellphones/detail_htmls\hp_8_specs.html,INTEL_UHD+RTX 5500,INTEGRATED
HP 15 Fd0305tu A2nl6pa,hp,intel,Core I3,1315,5.0,16.0,ddr4,3200.0,256.0,15.6,1920 x 1080,,intel,1.59,"Pin Li-ion polymer 3 cell, công suất 41 Wh",12490000.0,data/cellphones/detail_htmls\hp_6_specs.html,INTEL_UHD,INTEGRATED
HP 15 Fd0306tu A2nl7pa,hp,intel,Core I3,1315,1.2,8.0,ddr4,3200.0,256.0,15.6,1920 x 1080,60.0,intel,1.59,"3-cell, 41 Wh Li-ion",12490000.0,data/cellphones/detail_htmls\hp_13_specs.html,INTEL_UHD,INTEGRATED
HP Envy X360 14 Fa0045au A19bmpa,hp,amd,Ryzen7,8840,5.1,32.0,lpddr5,6400.0,1024.0,14.0,2880 x 1800,60.0,amd,1.39,"3-cell, 59 Wh Li-ion polymer",35090000.0,data/cellphones/detail_htmls\hp_10_specs.html,AMD_RADEON_GRAPHICS,INTEGRATED
HP 14 Ep0220tu B73vwpa,hp,intel,Core I3,1315,4.5,8.0,ddr4,3200.0,512.0,14.0,1920 x 1080,,intel,1.4,"3-cell, 41 Wh Li-ion polymer Bộ đổi nguồn AC thông minh 45 W",13490000.0,data/cellphones/detail_htmls\hp_11_specs.html,INTEL_UHD,INTEGRATED
HP Pavilion 15 Eg3112tu 8u6l9pa,hp,intel,Core I7,1355,5.0,16.0,ddr4,3200.0,512.0,15.6,1920 x 1080,,intel,1.69,3-cell,25290000.0,data/cellphones/detail_htmls\hp_12_specs.html,INTEL_IRIS_XE,INTEGRATED
HP 14 Dq2055wm 39k15ua,hp,intel,Core I3,1115,,4.0,ddr4,2666.0,256.0,14.0,1920 x 1080,,intel,1.46,"3-cell, 41 Wh Li-ion",13990000.0,data/cellphones/detail_htmls\hp_14_specs.html,INTEL_UHD,INTEGRATED
HP 15 Fd0237tu,hp,intel,Core I5,1334,4.6,16.0,ddr4,3200.0,512.0,15.6,1920 x 1080,,intel,1.59,"3-cell, 41 Wh Li-ion polymer",18390000.0,data/cellphones/detail_htmls\hp_16_specs.html,INTEL_IRIS_XE,INTEGRATED
HP 250 G9 Ag2k7at,hp,intel,Core I5,1235,4.4,16.0,ddr4,3200.0,512.0,15.6,1920 x 1080,,intel,1.696,3 Cell Int (41.04Wh),19190000.0,data/cellphones/detail_htmls\hp_18_specs.html,INTEL_UHD,INTEGRATED
HP Envy X360 2in1 14 Fc0086tu A19bwpa,hp,intel,Core Ultra 7,155,80.0,32.0,lpddr5,6400.0,512.0,14.0,2880 x 1800,120.0,intel,1.384,3 Cell Int (59.16Wh),35290000.0,data/cellphones/detail_htmls\hp_19_specs.html,INTEL_GRAPHICS,INTEGRATED
HP Victus 16 S0143ax 9q990pa,hp,amd,Ryzen5,7640,5.0,32.0,ddr5,5600.0,512.0,16.1,1920 x 1080,144.0,nvidia,2.33,"4-cell, 70 Wh Li-ion polymer",31490000.0,data/cellphones/detail_htmls\hp_15_specs.html,RTX 4050,DISCRETE_GAMING
HP Envy X360 14 Fa0096au Ay8u6pa,hp,amd,Ryzen5,8640,9.0,16.0,lpddr5,6400.0,1024.0,14.0,2880 x 1800,120.0,amd,1.39,"Li-ion polymer 3 lõi, 59 Wh Bộ chuyển đổi nguồn điện 65 W USB Type-C Hỗ trợ sạc pin nhanh: khoảng 50% trong 30 phút",30390000.0,data/cellphones/detail_htmls\hp_17_specs.html,AMD_RADEON_GRAPHICS,INTEGRATED
HP 15 Fd0083tu 8d736pa,hp,intel,Core I7,1355,0.0,16.0,ddr4,3200.0,512.0,15.6,1920 x 1080,,intel,1.59,"3-cell, 41 Wh Li-ion polymer Bộ đổi nguồn AC thông minh 45 W",22490000.0,data/cellphones/detail_htmls\hp_24_specs.html,INTEL_IRIS_XE,INTEGRATED
HP Pavilion 15 Eg3093tu 8c5l4pa,hp,intel,Core I5,1335,1.3,16.0,ddr4,3200.0,512.0,15.6,1920 x 1080,60.0,intel,1.69,"3-cell Li-ion, 41 Wh",21290000.0,data/cellphones/detail_htmls\hp_23_specs.html,INTEL_IRIS_XE,INTEGRATED
HP 240 G9 Ag2j7at,hp,intel,Core I5,1235,4.4,16.0,ddr4,3200.0,512.0,14.0,1920 x 1080,,intel,1.42,3 Cell Int (41.04Wh),19790000.0,data/cellphones/detail_htmls\hp_21_specs.html,INTEL_UHD,INTEGRATED
HP 15 Fd1063tu 9z2y1pa,hp,intel,Core Ultra 5,125,5.0,16.0,ddr5,5600.0,512.0,15.6,1920 x 1080,,intel,1.65,"3-cell, 41 Wh Li-ion polymer Hỗ trợ sạc pin nhanh: khoảng 50% trong 45 phút",20990000.0,data/cellphones/detail_htmls\hp_20_specs.html,INTEL_GRAPHICS,INTEGRATED
HP Pavilion 15 Eg3111tu 8u6l8pa,hp,intel,Core I5,1335,4.6,16.0,ddr4,3200.0,512.0,15.6,1920 x 1080,,intel,1.6,"3-cell, 41 Wh Li-ion",21290000.0,data/cellphones/detail_htmls\hp_22_specs.html,INTEL_IRIS_XE,INTEGRATED
HP Gaming Omen 16 Am0129tx Bx9d1pa,hp,intel,Core Ultra 7,255,5.1,32.0,ddr5,5600.0,512.0,16.0,1920 x 1200,165.0,nvidia,2.43,"6-cell, 83 Wh Li-ion polymer",48890000.0,data/cellphones/detail_htmls\hp_26_specs.html,RTX 5070,DISCRETE_GAMING
HP Gaming Omen 16 Am0176tx Bx9d3pa,hp,intel,Core Ultra 7,255,5.1,16.0,ddr5,5600.0,512.0,16.0,1920 x 1200,165.0,nvidia,2.43,"6-cell, 83 Wh Li-ion polymer",43890000.0,data/cellphones/detail_htmls\hp_25_specs.html,RTX 5060,DISCRETE_GAMING
HP Victus 16 R0376tx Ay8z2pa,hp,intel,Core I7,13700,5.0,16.0,ddr5,4800.0,512.0,16.1,1920 x 1080,165.0,nvidia,2.31,"4-cell, 70 Wh Li-ion polymer Bộ đổi nguồn AC thông minh 200 W Hỗ trợ sạc pin nhanh: khoảng 50% trong 30 phút",32690000.0,data/cellphones/detail_htmls\hp_27_specs.html,RTX 3050,DISCRETE_GAMING
HP Victus 16 R0374tx Ay8y7pa,hp,intel,Core I5,13500,4.7,16.0,ddr5,4800.0,512.0,16.1,1920 x 1080,165.0,nvidia,2.334,4 Cell Int (70.07Wh),30990000.0,data/cellphones/detail_htmls\hp_29_specs.html,RTX 4050,DISCRETE_GAMING
HP Pavilion X360 14 Ek2017tu 9z2v5pa,hp,intel,Core 5,120,5.0,16.0,ddr4,3200.0,512.0,14.0,1920 x 1080,,,1.4,3 Cell Int (43.3Wh),24990000.0,data/cellphones/detail_htmls\hp_28_specs.html,INTEL_GRAPHICS,INTEGRATED
HP Gaming Victus 16 S0173ax A9lg9pa,hp,amd,Ryzen5,7640,5.0,16.0,ddr5,5600.0,512.0,16.1,1920 x 1080,144.0,nvidia,2.31,"4-cell, 70 Wh Li-ion polymer",27390000.0,data/cellphones/detail_htmls\hp_30_specs.html,RTX 3050,DISCRETE_GAMING
HP 15 Fd0235tu 9q970pa,hp,intel,Core I5,1334,4.6,16.0,ddr4,3200.0,512.0,15.6,1920 x 1080,,intel,1.59,"Pin Li-ion polymer 3 cell, công suất 41 Wh Bộ chuyển đổi nguồn điện AC thông minh 45 W Hỗ trợ sạc pin nhanh: khoảng 50% trong 45 phút",19190000.0,data/cellphones/detail_htmls\hp_31_specs.html,INTEL_IRIS_XE,INTEGRATED
HP Victus 15 Fa1139tx 8y6w3pa,hp,intel,Core I5,12450,4.4,16.0,ddr4,3200.0,512.0,15.6,1920 x 1080,144.0,nvidia,2.22,3 Cell Int (52.5Wh),24590000.0,data/cellphones/detail_htmls\hp_33_specs.html,RTX 2050,DISCRETE_GAMING
HP 15s Fq5231tu 8u241pa,hp,intel,Core I3,1215,1.2,8.0,ddr4,3200.0,256.0,15.6,1080 x 1920,,intel,2.0,3 cell,11990000.0,data/cellphones/detail_htmls\hp_34_specs.html,INTEL_UHD,INTEGRATED
HP Victus 16 S0136ax 9q984pa,hp,amd,Ryzen5,7640,0.0,32.0,ddr5,5600.0,512.0,16.1,1920 x 1080,144.0,nvidia,2.31,"4 cell, 70 Wh Li-ion polime Bộ chuyển đổi nguồn điện AC thông minh 200 W Hỗ trợ sạc pin nhanh: khoảng 50% trong 30 phút Thời lượng pin Lên đến 7 tiếng 45 phút",28990000.0,data/cellphones/detail_htmls\hp_32_specs.html,RTX 3050,DISCRETE_GAMING
HP Victus 16 D0293tx 5z9r4pa,hp,intel,Core I5,11400,2.7,8.0,ddr4,3200.0,512.0,16.1,1920 x 1080,,nvidia,2.25,"4-cell, 70 Whrs",27890000.0,data/cellphones/detail_htmls\hp_37_specs.html,INTEL_GRAPHICS,INTEGRATED
HP Pavilion 15 Eg2037tx 6k783pa,hp,intel,Core I5,1235,,8.0,ddr4,3200.0,256.0,15.6,1920 x 1080,,nvidia,1.74,"3-cell, 41 Wh Li-ion",16300000.0,data/cellphones/detail_htmls\hp_38_specs.html,MX 550,DISCRETE_LIGHT
HP Pavilion X360 14 Ek2024tu 9z2v6pa,hp,intel,Core 5,120,1.4,16.0,ddr4,3200.0,512.0,14.0,1920 x 1080,60.0,intel,1.51,"3-cell, 43Wh, công suất bộ sạc 65 W",24990000.0,data/cellphones/detail_htmls\hp_67_specs.html,INTEL_GRAPHICS,INTEGRATED
HP Gaming Victus 16 E0170ax 4r0u7pa,hp,amd,Ryzen7,5800,,8.0,ddr4,3200.0,512.0,16.1,1920 x 1080,144.0,nvidia,2.46,"4-cell Li-ion, 70 Wh",24990000.0,data/cellphones/detail_htmls\hp_86_specs.html,RTX 3050,DISCRETE_GAMING
LENOVO Loq 15irx10 83je00pevn,lenovo,intel,Core I7,13650,4.9,16.0,ddr5,4800.0,1024.0,15.6,1920 x 1080,144.0,nvidia,2.4,"60Wh, 170W Slim Tip (3-pin)",33990000.0,data/cellphones/detail_htmls\lenovo_4_specs.html,RTX 5050,DISCRETE_GAMING
LENOVO Loq 15iax9e 83lk0079vn,lenovo,intel,Core I5,12450,4.4,16.0,ddr5,4800.0,1024.0,15.6,1920 x 1080,144.0,nvidia,1.77,57Wh 135W Slim Tip (3-pin),22090000.0,data/cellphones/detail_htmls\lenovo_3_specs.html,RTX 3050,DISCRETE_GAMING
LENOVO Loq 15arp9 83jc00m3vn,lenovo,amd,Ryzen5,7235,4.2,16.0,ddr5,4800.0,1024.0,15.6,1920 x 1080,144.0,nvidia,2.38,"60Wh, 170W Slim Tip (3-pin)",24490000.0,data/cellphones/detail_htmls\lenovo_2_specs.html,RTX 3050,DISCRETE_GAMING
LENOVO Ideapad Slim 3 15abr8 82xm00mdvn,lenovo,amd,Ryzen5,5625,4.3,16.0,ddr4,3200.0,1024.0,15.6,1920 x 1080,,amd,1.62,47Wh (Đầu tròn 65W (3 chân)),14290000.0,data/cellphones/detail_htmls\lenovo_1_specs.html,AMD_RADEON_GRAPHICS,INTEGRATED
LENOVO Ideapad Slim 3 14irh10 83k00008vn,lenovo,intel,Core I5,13420,4.6,16.0,ddr5,4800.0,1024.0,14.0,1920 x 1200,,intel,1.43,60Wh (Đầu tròn 65W (3 chân),16990000.0,data/cellphones/detail_htmls\lenovo_0_specs.html,INTEL_UHD,INTEGRATED
LENOVO Thinkpad E14 Gen 7 21t90021va,lenovo,intel,Core 7,240,5.2,16.0,ddr5,5600.0,1024.0,14.0,1920 x 1200,60.0,intel,1.34,"48Wh, 65W USB-C (3-pin)",24890000.0,data/cellphones/detail_htmls\lenovo_5_specs.html,INTEL_GRAPHICS,INTEGRATED
LENOVO Ideapad Slim 5 14q8x9 83hl005avn,lenovo,qualcomm,Snapdragon X,,3.0,16.0,lpddr5x,8448.0,1024.0,14.0,1920 x 1200,,qualcomm,1.48,"57Wh, 65W USB-C Slim (Wall-mount)",20990000.0,data/cellphones/detail_htmls\lenovo_8_specs.html,QUALCOMM_ADRENO,INTEGRATED_ARM
LENOVO Loq 15ahp10 83jg0047vn,lenovo,amd,Ryzen7,250,5.1,16.0,ddr5,5600.0,1024.0,15.6,1920 x 1080,144.0,nvidia,2.4,"60Wh, 170W Slim Tip (3-pin)",32490000.0,data/cellphones/detail_htmls\lenovo_9_specs.html,RTX 5050,DISCRETE_GAMING
LENOVO Legion 7 16iax10 83ky001vvn,lenovo,intel,Core Ultra 9,275,5.4,32.0,ddr5,5600.0,1024.0,16.0,2560 x 1600,240.0,nvidia,2.0,"84Wh, 245W Slim Tip (3-pin)",70990000.0,data/cellphones/detail_htmls\lenovo_6_specs.html,RTX 5070,DISCRETE_GAMING
LENOVO Ideapad Slim 3 16irh10 83k20002vn,lenovo,intel,Core I5,13420,4.6,16.0,ddr5,4800.0,1024.0,16.0,1920 x 1200,60.0,intel,1.73,60Wh (Đầu tròn 65W (3 chân)),16990000.0,data/cellphones/detail_htmls\lenovo_7_specs.html,INTEL_UHD,INTEGRATED
LENOVO Legion 5 15irx10 83ly00hrvn,lenovo,intel,Core I7,13650,4.9,16.0,ddr5,4800.0,1024.0,15.3,1920 x 1200,165.0,nvidia,2.1,"80Wh, 245W Slim Tip (3-pin)",36990000.0,data/cellphones/detail_htmls\lenovo_10_specs.html,RTX 5050,DISCRETE_GAMING
LENOVO Loq 15arp9 83jc00lvvn,lenovo,amd,Ryzen5,7235,4.2,16.0,ddr5,4800.0,1024.0,15.6,1920 x 1080,144.0,nvidia,2.38,"60Wh, 170W Slim Tip (3-pin)",23490000.0,data/cellphones/detail_htmls\lenovo_11_specs.html,RTX 3050,DISCRETE_GAMING
LENOVO Thinkpad L16 Gen 2 21sa000fva,lenovo,intel,Core Ultra 5,225,4.8,16.0,ddr5,5600.0,2048.0,16.0,1920 x 1200,60.0,intel,1.79,"46.5Wh, 65W USB-C (3-pin)",24090000.0,data/cellphones/detail_htmls\lenovo_12_specs.html,INTEL_GRAPHICS,INTEGRATED
LENOVO Ideapad Slim 5 14akp10 83hx001jvn RYZEN Ai 7,lenovo,amd,Ryzen AI 7,350,5.0,32.0,ddr5,5600.0,1024.0,14.0,1920 x 1200,,amd,1.39,60Wh (65W USB-C Slim (Wall-mount)),27990000.0,data/cellphones/detail_htmls\lenovo_13_specs.html,AMD_RADEON_GRAPHICS,INTEGRATED
LENOVO Ideapad Slim 5 15arp10 83j3002svn,lenovo,amd,Ryzen7,7735,4.75,32.0,lpddr5x,6400.0,1024.0,15.1,2560 x 1600,165.0,amd,1.49,70Wh (65W USB-C Slim (Gắn tường)),23490000.0,data/cellphones/detail_htmls\lenovo_14_specs.html,AMD_RADEON_GRAPHICS,INTEGRATED
LENOVO Thinkpad E14 Gen 7 21t90022va,lenovo,intel,Core 7,240,5.2,16.0,ddr5,5600.0,1024.0,14.0,1920 x 1200,60.0,intel,1.34,"48Wh, 65W USB-C (3-pin)",25990000.0,data/cellphones/detail_htmls\lenovo_15_specs.html,INTEL_GRAPHICS,INTEGRATED
LENOVO V15 G4 Iru 83cc0041vn,lenovo,intel,Core I5,13420,4.6,16.0,ddr4,3200.0,1024.0,15.6,1920 x 1080,,intel,1.65,"38Wh, 65W USB-C (3-pin)",14790000.0,data/cellphones/detail_htmls\lenovo_16_specs.html,INTEL_UHD,INTEGRATED
LENOVO Ideapad Slim 3 15irh10 83k1000gvn,lenovo,intel,Core I5,13420,4.6,24.0,ddr5,4800.0,1024.0,15.3,1920 x 1200,60.0,intel,1.63,60Wh (Đầu tròn 65W (3 chân)),17990000.0,data/cellphones/detail_htmls\lenovo_17_specs.html,INTEL_UHD,INTEGRATED
LENOVO Ideapad Slim 5 15arp10 83j3001dvn,lenovo,amd,Ryzen7,7735,4.75,16.0,lpddr5x,6400.0,1024.0,15.1,2560 x 1600,165.0,amd,1.49,"70Wh, 65W USB-C Slim (Wall-mount)",21090000.0,data/cellphones/detail_htmls\lenovo_18_specs.html,AMD_RADEON_GRAPHICS,INTEGRATED
LENOVO Thinkpad X1 Carbon Gen 13 Aura Edition 21nx0039vn,lenovo,intel,Core Ultra 7,255,5.1,32.0,lpddr5x,8400.0,2048.0,14.0,1920 x 1200,60.0,intel,1.006,"57Wh, 65W USB-C Slim GaN (3-pin)",55890000.0,data/cellphones/detail_htmls\lenovo_19_specs.html,INTEL_GRAPHICS,INTEGRATED
LENOVO Thinkpad L16 Gen 2 21sa000gva,lenovo,intel,Core Ultra 5,225,4.8,16.0,ddr5,5600.0,1024.0,16.0,1920 x 1200,60.0,intel,1.79,"46.5Wh, 65W USB-C (3-pin)",25190000.0,data/cellphones/detail_htmls\lenovo_20_specs.html,INTEL_GRAPHICS,INTEGRATED
LENOVO Thinkpad E16 Gen 3 21sr002nvn,lenovo,intel,Core Ultra 5,225,4.9,16.0,ddr5,5600.0,512.0,16.0,1920 x 1200,60.0,intel,1.63,"48Wh, 65W USB-C (3-pin)",25390000.0,data/cellphones/detail_htmls\lenovo_21_specs.html,INTEL_GRAPHICS,INTEGRATED
LENOVO V14 G4 Iru 83a000fnvn,lenovo,intel,Core I5,13420,4.6,16.0,ddr4,3200.0,1024.0,14.0,1920 x 1080,,intel,1.43,"38Wh, 65W USB-C (3-pin)",14590000.0,data/cellphones/detail_htmls\lenovo_23_specs.html,INTEL_UHD,INTEGRATED
LENOVO Legion Pro 5 16iax10 83f3002gvn,lenovo,intel,Core Ultra 9,275,5.4,32.0,ddr5,5600.0,1024.0,16.0,2560 x 1600,165.0,nvidia,2.43,"80Wh, 245W Slim Tip (3-pin)",59990000.0,data/cellphones/detail_htmls\lenovo_25_specs.html,RTX 5070,DISCRETE_GAMING
LENOVO Yoga Pro 7 14iah10 83kf002bvn,lenovo,intel,Core Ultra 9,285,5.4,32.0,lpddr5x,8533.0,1024.0,14.5,3000 x 1876,120.0,intel,1.54,"84Wh, 100W USB-C Slim (3-pin)",39990000.0,data/cellphones/detail_htmls\lenovo_22_specs.html,INTEL_GRAPHICS,INTEGRATED
LENOVO Yoga Slim 7 14ill10 83jx0086vn,lenovo,intel,Core Ultra 5,226,4.5,16.0,lpddr5x,8533.0,1024.0,14.0,2880 x 1800,120.0,intel,1.19,"70Wh, 65W USB-C Slim (2-pin, Wall-mount)",29490000.0,data/cellphones/detail_htmls\lenovo_24_specs.html,INTEL_GRAPHICS,INTEGRATED
LENOVO Ideapad Slim 3 14arp10 83k6000avn,lenovo,amd,Ryzen5,7533,4.45,16.0,ddr5,4800.0,1024.0,14.0,1920 x 1200,,amd,1.43,"60Wh, 65W Round Tip (3-pin)",15990000.0,data/cellphones/detail_htmls\lenovo_26_specs.html,AMD_RADEON_GRAPHICS,INTEGRATED
LENOVO V14 G3 Iap 82ts00ayvn,lenovo,intel,Core I5,1235,4.4,16.0,ddr4,3200.0,256.0,14.0,1920 x 1080,,intel,1.43,"38Wh, 65W Round Tip (3-pin)",13990000.0,data/cellphones/detail_htmls\lenovo_27_specs.html,INTEL_IRIS_XE,INTEGRATED
LENOVO Thinkbook 14 G8 Irl 21sg007rvn,lenovo,intel,Core 5,210,4.8,16.0,ddr5,5600.0,1024.0,14.0,1920 x 1200,60.0,intel,1.36,"45Wh, 65W USB-C (3-pin)",22990000.0,data/cellphones/detail_htmls\lenovo_29_specs.html,INTEL_GRAPHICS,INTEGRATED
LENOVO Ideapad Slim 3 14irh10 83k00009vn,lenovo,intel,Core I7,13620,4.9,24.0,ddr5,4800.0,1024.0,14.0,1920 x 1200,,intel,1.43,60Wh (Đầu tròn 65W (3 chân),20990000.0,data/cellphones/detail_htmls\lenovo_30_specs.html,INTEL_UHD,INTEGRATED
LENOVO Ideapad Slim 3 15irh10 83k1000jvn,lenovo,intel,Core I7,13620,4.9,16.0,ddr5,4800.0,1024.0,15.3,1920 x 1200,60.0,intel,1.63,60Wh (Đầu tròn 65W (3 chân)),19990000.0,data/cellphones/detail_htmls\lenovo_28_specs.html,INTEL_UHD,INTEGRATED
LENOVO Legion 5 15irx10 83ly00hwvn,lenovo,intel,Core I7,14700,5.5,16.0,ddr5,5600.0,1024.0,15.1,2560 x 1600,165.0,nvidia,1.9,"80Wh, 245W Slim Tip (3-pin)",43990000.0,data/cellphones/detail_htmls\lenovo_31_specs.html,RTX 5060,DISCRETE_GAMING
LENOVO Thinkbook 16 G8 Irl 21sh0093va,lenovo,intel,Core 5,210,4.8,16.0,ddr5,5600.0,2048.0,16.0,1920 x 1200,60.0,intel,1.7,"45Wh, 65W USB-C (3-pin)",20690000.0,data/cellphones/detail_htmls\lenovo_32_specs.html,INTEL_GRAPHICS,INTEGRATED
LENOVO Thinkpad X9 14 Gen 1 21qa006lvn,lenovo,intel,Core Ultra 7,258,4.8,32.0,lpddr5x,8533.0,1024.0,14.0,2880 x 1800,120.0,intel,1.27,55Wh (65W USB-C Slim GaN (3 chân)),55990000.0,data/cellphones/detail_htmls\lenovo_33_specs.html,INTEL_UHD,INTEGRATED
LENOVO Thinkpad E16 Gen 3 21sr002gva,lenovo,intel,Core Ultra 5,225,4.9,16.0,ddr5,5600.0,512.0,16.0,1920 x 1200,60.0,intel,1.63,"48Wh, 65W USB-C (3-pin)",24190000.0,data/cellphones/detail_htmls\lenovo_34_specs.html,INTEL_GRAPHICS,INTEGRATED
LENOVO Yoga Slim 7 14imh9 83cv00ajvn,lenovo,intel,Core Ultra 7,155,4.8,32.0,lpddr5x,7467.0,1024.0,14.0,1920 x 1200,60.0,intel,1.39,65Wh (65W USB-C Slim (Wall-mount)),29490000.0,data/cellphones/detail_htmls\lenovo_35_specs.html,INTEL_GRAPHICS,INTEGRATED
LENOVO Thinkbook 16 G8 Irl 21sh0094va,lenovo,intel,Core 5,210,4.8,16.0,ddr5,5600.0,1024.0,16.0,1920 x 1200,60.0,intel,1.7,"45Wh, 65W USB-C (3-pin)",21190000.0,data/cellphones/detail_htmls\lenovo_36_specs.html,INTEL_GRAPHICS,INTEGRATED
LENOVO Ideapad Slim 3 14irh10 83k0000avn,lenovo,intel,Core I5,13420,4.6,24.0,ddr5,4800.0,1024.0,14.0,1920 x 1200,,intel,1.43,60Wh (Đầu tròn 65W (3 chân)),17990000.0,data/cellphones/detail_htmls\lenovo_37_specs.html,INTEL_UHD,INTEGRATED
LENOVO Thinkbook 14 G8 Irl 21sg007tvn,lenovo,intel,Core 7,240,5.2,16.0,ddr5,5600.0,2048.0,14.0,1920 x 1200,60.0,intel,1.36,"45Wh, 65W USB-C (3-pin)",24290000.0,data/cellphones/detail_htmls\lenovo_38_specs.html,INTEL_GRAPHICS,INTEGRATED
LENOVO Thinkpad X1 Carbon Gen 13 Aura Edition 21nx003bvn,lenovo,intel,Core Ultra 7,255,5.1,32.0,lpddr5x,8400.0,1024.0,14.0,2880 x 1800,120.0,intel,1.006,"57Wh, 65W USB-C Slim GaN (3-pin)",61990000.0,data/cellphones/detail_htmls\lenovo_39_specs.html,INTEL_UHD,INTEGRATED
LENOVO Ideapad Slim 3 15abr8 82xm00mcvn,lenovo,amd,Ryzen7,5825,4.5,16.0,ddr4,3200.0,1024.0,15.6,1920 x 1080,,amd,1.62,47Wh (Đầu tròn 65W (3 chân)),16190000.0,data/cellphones/detail_htmls\lenovo_41_specs.html,AMD_RADEON_GRAPHICS,INTEGRATED
LENOVO Ideapad Flex 5 14abr8 82xx00fvvn,lenovo,amd,Ryzen5,5625,4.3,16.0,lpddr4x,4266.0,1024.0,14.0,1920 x 1200,60.0,amd,1.55,52.5Wh (65W Round Tip (3-pin)),16990000.0,data/cellphones/detail_htmls\lenovo_40_specs.html,AMD_RADEON_GRAPHICS,INTEGRATED
LENOVO Legion 5 15ahp10 83m00030vn,lenovo,amd,Ryzen7,260,5.1,24.0,ddr5,5600.0,1024.0,15.1,2560 x 1600,165.0,nvidia,1.9,"80Wh, 245W Slim Tip (3-pin)",43990000.0,data/cellphones/detail_htmls\lenovo_42_specs.html,RTX 5060,DISCRETE_GAMING
LENOVO Ideadpad Slim 3 14irh10 83k00007vn,lenovo,intel,Core I7,13620,4.9,16.0,ddr5,4800.0,1024.0,14.0,1920 x 1200,,intel,1.43,60Wh (Đầu tròn 65W (3 chân)),19990000.0,data/cellphones/detail_htmls\lenovo_43_specs.html,INTEL_UHD,INTEGRATED
LENOVO Ideapad Slim 5 14q8x9 83hl000kvn,lenovo,qualcomm,Snapdragon X Lus,,3.4,16.0,lpddr5x,8448.0,1024.0,14.0,1920 x 1200,,qualcomm,1.48,57Wh,24990000.0,data/cellphones/detail_htmls\lenovo_44_specs.html,QUALCOMM_ADRENO,INTEGRATED_ARM
LENOVO Ideapad Slim 3 15irh10 83k1002nvn,lenovo,intel,Core I5,13420,4.6,24.0,ddr5,4800.0,1024.0,15.1,2560 x 1600,165.0,intel,1.49,60Wh Đầu tròn 65W (3 chân),21490000.0,data/cellphones/detail_htmls\lenovo_48_specs.html,INTEL_UHD,INTEGRATED
LENOVO Ideapad Slim 3 15q8x10 83n3002pvn,lenovo,qualcomm,Snapdragon X,,3.0,16.0,lpddr5x,8448.0,1024.0,15.3,1920 x 1200,,qualcomm,1.55,"60Wh, 65W Round Tip (3-pin)",17990000.0,data/cellphones/detail_htmls\lenovo_45_specs.html,QUALCOMM_ADRENO,INTEGRATED_ARM
LENOVO Thinkbook 16 G8 Irl 21sh0099vn,lenovo,intel,Core 7,240,5.2,16.0,ddr5,5600.0,2048.0,16.0,1920 x 1200,60.0,intel,1.7,"45Wh, 65W USB-C (3-pin)",24890000.0,data/cellphones/detail_htmls\lenovo_47_specs.html,INTEL_GRAPHICS,INTEGRATED
LENOVO Ideapad Slim 3 14irh10 83k0000bvn,lenovo,intel,Core I5,13420,4.6,16.0,ddr5,4800.0,512.0,14.0,1920 x 1200,60.0,intel,1.33,Đầu tròn 65W (3 chân),19490000.0,data/cellphones/detail_htmls\lenovo_46_specs.html,INTEL_UHD,INTEGRATED
LENOVO Thinkpad E14 Gen 7 21sx002yvn,lenovo,intel,Core Ultra 7,255,5.1,16.0,ddr5,5600.0,512.0,14.0,1920 x 1200,60.0,intel,1.34,"48Wh, 65W USB-C (3-pin)",29690000.0,data/cellphones/detail_htmls\lenovo_49_specs.html,INTEL_GRAPHICS,INTEGRATED
LENOVO Legion 5 15irx10 83ly00hqvn,lenovo,intel,Core I7,13650,4.9,16.0,ddr5,4800.0,1024.0,15.3,1920 x 1200,165.0,nvidia,2.1,"80Wh, 245W Slim Tip (3-pin)",39990000.0,data/cellphones/detail_htmls\lenovo_53_specs.html,RTX 5060,DISCRETE_GAMING
LENOVO Legion 5 15irx10 83ly004gvn,lenovo,intel,Core I7,14700,5.5,24.0,ddr5,4800.0,1024.0,15.1,2560 x 1600,165.0,nvidia,1.9,"80Wh, 245W Slim Tip (3-pin)",51490000.0,data/cellphones/detail_htmls\lenovo_52_specs.html,RTX 5070,DISCRETE_GAMING
LENOVO Thinkbook 14 G8 Irl 21sg007svn,lenovo,intel,Core 5,210,4.8,16.0,ddr5,5600.0,2048.0,14.0,1920 x 1200,60.0,intel,1.36,"45Wh, 65W USB-C (3-pin)",21990000.0,data/cellphones/detail_htmls\lenovo_50_specs.html,INTEL_GRAPHICS,INTEGRATED
LENOVO V15 G4 Iru 83a100pmvn,lenovo,intel,Core I5,13420,4.6,16.0,ddr4,3200.0,1024.0,15.6,1920 x 1080,,intel,1.65,"38Wh, 65W Round Tip (3-pin)",15990000.0,data/cellphones/detail_htmls\lenovo_51_specs.html,INTEL_UHD,INTEGRATED
LENOVO Thinkpad X9 15 Gen 1 Aura Edition 21q60052vn,lenovo,intel,Core Ultra 5,228,4.5,32.0,lpddr5x,8533.0,1024.0,15.3,2880 x 1800,120.0,intel,1.4,"80Wh, 65W USB-C Slim GaN (3-pin)",50490000.0,data/cellphones/detail_htmls\lenovo_54_specs.html,INTEL_UHD,INTEGRATED
LENOVO Ideapad Flex 5 14abr8 82xx00fwvn,lenovo,amd,Ryzen7,5825,4.5,16.0,lpddr4x,4266.0,1024.0,14.0,1920 x 1200,60.0,amd,1.55,52.5Wh (65W Round Tip (3-pin)),18990000.0,data/cellphones/detail_htmls\lenovo_55_specs.html,AMD_RADEON_GRAPHICS,INTEGRATED
LENOVO Ideapad Slim 3 16irh10 83k20001vn,lenovo,intel,Core I7,13620,4.9,16.0,ddr5,4800.0,1024.0,16.0,1920 x 1200,60.0,intel,1.73,60Wh Đầu tròn 65W (3 chân),19990000.0,data/cellphones/detail_htmls\lenovo_57_specs.html,INTEL_UHD,INTEGRATED
LENOVO Ideapad Slim 3 15irh10 83k1002pvn,lenovo,intel,Core I5,13420,4.6,16.0,ddr5,4800.0,1024.0,15.1,2560 x 1600,165.0,intel,1.49,"60Wh, 65W Round Tip (3-pin)",20490000.0,data/cellphones/detail_htmls\lenovo_56_specs.html,INTEL_UHD,INTEGRATED
LENOVO Yoga Slim 7 14imh9 83cv00dkvn,lenovo,intel,Core Ultra 7,155,4.8,32.0,lpddr5,6400.0,1024.0,14.0,1920 x 1200,60.0,intel,1.39,"65Wh, 65W USB-C Slim (Wall-mount)",29990000.0,data/cellphones/detail_htmls\lenovo_58_specs.html,INTEL_GRAPHICS,INTEGRATED
LENOVO Legion 5 15iax10 83f0003cvn,lenovo,intel,Core Ultra 7,255,5.2,32.0,ddr5,5600.0,1024.0,15.1,2560 x 1600,165.0,nvidia,1.9,"80Wh, 245W Slim Tip (3-pin)",49190000.0,data/cellphones/detail_htmls\lenovo_59_specs.html,RTX 5060,DISCRETE_GAMING
LENOVO Yoga 7 2 In 1 14ill10 83jq0093vn,lenovo,intel,Core Ultra 7,258,4.8,32.0,lpddr5x,8533.0,1024.0,14.0,2880 x 1800,120.0,intel,1.38,70Wh (65W USB-C (3-pin)),39990000.0,data/cellphones/detail_htmls\lenovo_60_specs.html,INTEL_GRAPHICS,INTEGRATED
LENOVO Yoga Slim 7 14imh9 83cv00d8vn,lenovo,intel,Core Ultra 5,125,4.5,16.0,lpddr5,6400.0,1024.0,14.0,1920 x 1200,60.0,intel,1.39,"65Wh, 65W USB-C Slim (Wall-mount)",25990000.0,data/cellphones/detail_htmls\lenovo_62_specs.html,INTEL_GRAPHICS,INTEGRATED
LENOVO Thinkpad X1 Carbon Gen 13 Aura Edition 21ns008hvn,lenovo,intel,Core Ultra 7,258,4.8,32.0,lpddr5x,8533.0,1024.0,14.0,1920 x 1200,60.0,intel,0.986,"57Wh, 65W USB-C Slim GaN (3-pin)",62990000.0,data/cellphones/detail_htmls\lenovo_61_specs.html,INTEL_GRAPHICS,INTEGRATED
LENOVO Ideapad Slim 3 14iah8 83eq0005vn,lenovo,intel,Core I5,12450,4.4,16.0,lpddr5,4800.0,1024.0,14.0,1920 x 1080,,intel,1.37,47Wh,15490000.0,data/cellphones/detail_htmls\lenovo_63_specs.html,INTEL_UHD,INTEGRATED
LENOVO Legion 5 15iax10 83f0003bvn,lenovo,intel,Core Ultra 7,255,5.2,32.0,ddr5,5600.0,1024.0,15.1,2560 x 1600,165.0,nvidia,1.9,"80Wh, 245W Slim Tip (3-pin)",54990000.0,data/cellphones/detail_htmls\lenovo_64_specs.html,RTX 5070,DISCRETE_GAMING
LENOVO Legion Pro 5 16iax10 83f3003vvn,lenovo,intel,Core Ultra 9,275,5.4,32.0,ddr5,5600.0,1024.0,16.0,2560 x 1600,165.0,nvidia,2.43,"80Wh, 245W Slim Tip (3-pin)",53990000.0,data/cellphones/detail_htmls\lenovo_65_specs.html,RTX 5060,DISCRETE_GAMING
LENOVO Loq 15irx9 83dv012lvn,lenovo,intel,Core I5,13450,4.6,12.0,ddr5,4800.0,1024.0,15.6,1920 x 1080,144.0,nvidia,2.38,60Wh (Đầu mỏng 170W (3 chân)),25490000.0,data/cellphones/detail_htmls\lenovo_67_specs.html,RTX 3050,DISCRETE_GAMING
LENOVO V15 G5 Irl 83hf00byvn,lenovo,intel,Core I5,13420,4.6,16.0,ddr5,5200.0,1024.0,15.6,1920 x 1080,,intel,1.61,"47Wh, 65W USB-C (3-pin)",16390000.0,data/cellphones/detail_htmls\lenovo_66_specs.html,INTEL_UHD,INTEGRATED
LENOVO Loq Essential 15irx11 83sc003rvn,lenovo,intel,Core I5,13450,4.6,16.0,ddr5,4800.0,1024.0,15.6,1920 x 1080,144.0,nvidia,2.3,"60Wh, 135W Slim Tip (3-pin)",28490000.0,data/cellphones/detail_htmls\lenovo_68_specs.html,RTX 5050,DISCRETE_GAMING
LENOVO Loq 15arp9 83jc00hxvn,lenovo,amd,Ryzen5,7235,4.2,12.0,ddr5,4800.0,1024.0,15.6,1920 x 1080,144.0,nvidia,2.38,60Wh (Đầu mỏng 170W (3 chân)),22990000.0,data/cellphones/detail_htmls\lenovo_69_specs.html,RTX 3050,DISCRETE_GAMING
LENOVO Ideapad Flex 5 14abr8 82xx00dlvn,lenovo,amd,Ryzen7,7730,4.5,16.0,lpddr5x,8448.0,1024.0,14.0,1920 x 1200,60.0,amd,1.55,52.5Wh,18990000.0,data/cellphones/detail_htmls\lenovo_70_specs.html,AMD_RADEON_GRAPHICS,INTEGRATED
LENOVO Thinkpad E14 Gen 7 21t90025vn,lenovo,intel,Core 7,240,5.2,16.0,ddr5,5600.0,512.0,14.0,1920 x 1200,60.0,intel,1.34,"48Wh, 65W USB-C (3-pin)",26190000.0,data/cellphones/detail_htmls\lenovo_72_specs.html,INTEL_GRAPHICS,INTEGRATED
LENOVO Loq 15arp9 83jc00hyvn,lenovo,amd,Ryzen5,7235,4.2,24.0,ddr5,4800.0,1024.0,15.6,1920 x 1080,144.0,nvidia,2.38,60Wh (Đầu mỏng 170W (3 chân)),24490000.0,data/cellphones/detail_htmls\lenovo_71_specs.html,RTX 3050,DISCRETE_GAMING
LENOVO Thinkpad E16 Gen 3 21sr002kva,lenovo,intel,Core Ultra 5,225,4.8,16.0,ddr5,5600.0,1024.0,16.0,1920 x 1200,60.0,intel,1.63,"48Wh, 65W USB-C (3-pin)",25190000.0,data/cellphones/detail_htmls\lenovo_74_specs.html,INTEL_GRAPHICS,INTEGRATED
LENOVO Loq 15iax9 83gs001rvn,lenovo,intel,Core I5,12450,4.4,12.0,ddr5,4800.0,1024.0,15.6,1920 x 1080,144.0,nvidia,2.38,60Wh,23990000.0,data/cellphones/detail_htmls\lenovo_75_specs.html,RTX 3050,DISCRETE_GAMING
LENOVO Ideapad Slim 5 14irh10r 83j0006cvn,lenovo,intel,Core 5,210,4.8,32.0,ddr5,5600.0,1024.0,14.0,1920 x 1200,,intel,1.39,"60Wh, 65W USB-C Slim (Wall-mount)",24590000.0,data/cellphones/detail_htmls\lenovo_77_specs.html,INTEL_GRAPHICS,INTEGRATED
LENOVO Thinkpad X1 Carbon Gen 13 Aura Edition 21ns008fvn,lenovo,intel,Core Ultra 7,258,4.8,32.0,lpddr5x,8533.0,1024.0,14.0,2880 x 1800,120.0,intel,0.986,"57Wh, 65W USB-C Slim GaN (3-pin)",65190000.0,data/cellphones/detail_htmls\lenovo_76_specs.html,INTEL_GRAPHICS,INTEGRATED
LENOVO Ideapad Slim 5 14imh9 83da001nvn,lenovo,intel,Core Ultra 5,125,4.5,16.0,lpddr5x,7467.0,1024.0,14.0,1920 x 1200,60.0,intel,1.46,57Wh,21990000.0,data/cellphones/detail_htmls\lenovo_78_specs.html,INTEL_GRAPHICS,INTEGRATED
LENOVO Loq 15irx9 83dv01alvn,lenovo,intel,Core I7,13650,4.9,16.0,ddr5,4800.0,1024.0,15.6,1920 x 1080,144.0,nvidia,2.38,"60Wh, 170W Slim Tip (3-pin)",29990000.0,data/cellphones/detail_htmls\lenovo_80_specs.html,RTX 4050,DISCRETE_GAMING
LENOVO Ideapad Slim 5 14imh9 83da006tvn,lenovo,intel,Core Ultra 5,125,4.5,16.0,lpddr5x,7467.0,1024.0,14.0,1920 x 1200,,intel,1.48,57Wh,23690000.0,data/cellphones/detail_htmls\lenovo_82_specs.html,INTEL_GRAPHICS,INTEGRATED
LENOVO Yoga Slim 7 14akp10 83jy006pvn RYZEN Ai,lenovo,amd,Ryzen AI 7,350,5.0,32.0,lpddr5,6400.0,1024.0,14.0,2880 x 1800,120.0,amd,1.19,"70Wh, 65W USB-C Slim (2-pin, Wall-mount)",33990000.0,data/cellphones/detail_htmls\lenovo_79_specs.html,AMD_RADEON_GRAPHICS,INTEGRATED
LENOVO Thinkbook 16 G8 Irl,lenovo,intel,Core 5,210,4.8,16.0,ddr5,5600.0,2048.0,16.0,1920 x 1200,60.0,intel,1.7,"45Wh, 65W USB-C (3-pin)",21490000.0,data/cellphones/detail_htmls\lenovo_81_specs.html,INTEL_GRAPHICS,INTEGRATED
LENOVO V14 G4 Iru 83a00012vn,lenovo,intel,Core I7,1355,5.0,16.0,ddr4,3200.0,1024.0,14.0,1920 x 1080,,intel,1.43,38Wh (Đầu tròn 65W (3 chân)),19990000.0,data/cellphones/detail_htmls\lenovo_83_specs.html,INTEL_IRIS_XE,INTEGRATED
LENOVO Ideapad Slim 5 14irh10r 83j0006evn,lenovo,intel,Core 5,210,4.8,16.0,ddr5,5600.0,512.0,14.0,1920 x 1200,,intel,1.39,"60Wh, 65W USB-C Slim (Wall-mount)",21490000.0,data/cellphones/detail_htmls\lenovo_84_specs.html,INTEL_GRAPHICS,INTEGRATED
LENOVO Ideapad Slim 5 14akp10 83hx001kvn RYZEN Ai 5,lenovo,amd,Ryzen AI 5,340,4.8,24.0,ddr5,4800.0,1024.0,14.0,1920 x 1200,,amd,1.39,60Wh (65W USB-C Slim (Wall-mount)),23090000.0,data/cellphones/detail_htmls\lenovo_85_specs.html,AMD_RADEON_GRAPHICS,INTEGRATED
LENOVO Thinkpad X1 Carbon Gen 13 Aura Edition 21nx003avn,lenovo,intel,Core Ultra 7,255,5.1,32.0,lpddr5x,8400.0,1024.0,14.0,1920 x 1200,60.0,intel,1.006,"57Wh, 65W USB-C Slim GaN (3-pin)",57190000.0,data/cellphones/detail_htmls\lenovo_86_specs.html,INTEL_GRAPHICS,INTEGRATED
LENOVO Ideapad Slim 3 15 Abr8 82xm00ejvn,lenovo,amd,Ryzen5,7430,4.3,16.0,ddr4,3200.0,1024.0,15.6,1920 x 1080,,amd,1.62,47Wh,14390000.0,data/cellphones/detail_htmls\lenovo_87_specs.html,AMD_RADEON_GRAPHICS,INTEGRATED
LENOVO Ideapad Slim 5 14irh10 83hr0001vn,lenovo,intel,Core I5,13420,4.6,32.0,ddr5,5600.0,1024.0,14.0,1920 x 1200,,intel,1.39,60Wh (65W USB-C Slim (Gắn tường)),23490000.0,data/cellphones/detail_htmls\lenovo_88_specs.html,INTEL_UHD,INTEGRATED
LENOVO Legion 5 15irx10 83ly00a7vn,lenovo,intel,Core I7,14700,5.5,16.0,ddr5,5600.0,1024.0,15.1,2560 x 1600,165.0,nvidia,1.9,"80Wh, 245W Slim Tip (3-pin)",40990000.0,data/cellphones/detail_htmls\lenovo_89_specs.html,RTX 5050,DISCRETE_GAMING
LENOVO Yoga Slim 7 14ill10 83jx0081vn,lenovo,intel,Core Ultra 7,258,4.8,32.0,lpddr5x,8533.0,1024.0,14.0,2880 x 1800,120.0,intel,1.19,"70Wh, 65W USB-C Slim (2-pin, Wall-mount)",37990000.0,data/cellphones/detail_htmls\lenovo_90_specs.html,INTEL_GRAPHICS,INTEGRATED
LENOVO Ideapad Flex 5 14abr8 82xx00dmvn,lenovo,amd,Ryzen5,7430,4.3,16.0,lpddr5x,8448.0,1024.0,14.0,1920 x 1200,60.0,amd,1.55,52.5Wh,16990000.0,data/cellphones/detail_htmls\lenovo_91_specs.html,AMD_RADEON_GRAPHICS,INTEGRATED
LENOVO Ideapad Slim 3 16irh10 83k20004vn,lenovo,intel,Core I7,13620,4.9,24.0,ddr5,4800.0,1024.0,16.0,1920 x 1200,60.0,intel,1.73,60Wh Đầu tròn 65W (3 chân),20990000.0,data/cellphones/detail_htmls\lenovo_93_specs.html,INTEL_UHD,INTEGRATED
LENOVO Yoga 7 2 In 1 14ill10 83jq0094vn,lenovo,intel,Core Ultra 7,258,4.8,32.0,lpddr5x,8533.0,1024.0,14.0,2880 x 1800,120.0,intel,1.38,70Wh 65W USB-C (3-pin),39990000.0,data/cellphones/detail_htmls\lenovo_92_specs.html,INTEL_GRAPHICS,INTEGRATED
LENOVO Legion 5 15ahp10 83m0002xvn,lenovo,amd,Ryzen7,260,5.1,24.0,ddr5,5600.0,1024.0,15.1,2560 x 1600,165.0,nvidia,1.9,"80Wh, 245W Slim Tip (3-pin)",39490000.0,data/cellphones/detail_htmls\lenovo_94_specs.html,RTX 5050,DISCRETE_GAMING
LENOVO Loq 15arp9 83jc007hvn,lenovo,amd,Ryzen5,7235,4.2,12.0,ddr5,4800.0,1024.0,15.6,1920 x 1080,144.0,nvidia,2.38,60Wh,23490000.0,data/cellphones/detail_htmls\lenovo_95_specs.html,RTX 3050,DISCRETE_GAMING
LENOVO Loq 15arp9 83jc007jvn,lenovo,amd,Ryzen5,7235,4.2,24.0,ddr5,4800.0,1024.0,15.6,1920 x 1080,144.0,nvidia,2.38,60Wh,24490000.0,data/cellphones/detail_htmls\lenovo_97_specs.html,RTX 3050,DISCRETE_GAMING
LENOVO Thinkpad E14 21eb0063vn,lenovo,amd,Ryzen7,5825,4.5,8.0,ddr4,3200.0,1024.0,14.0,1920 x 1080,,amd,1.64,45Wh,21700000.0,data/cellphones/detail_htmls\lenovo_100_specs.html,AMD_RADEON_GRAPHICS,INTEGRATED
LENOVO Ideapad Slim 3 14iah8 83eq0009vn,lenovo,intel,Core I5,12450,4.4,16.0,lpddr5,4800.0,1024.0,14.0,1920 x 1080,,intel,1.37,47Wh,16490000.0,data/cellphones/detail_htmls\lenovo_105_specs.html,INTEL_UHD,INTEGRATED
LENOVO Legion Slim 5 16irh8 82ya00buvn,lenovo,intel,Core I7,13700,2.4,16.0,,5200.0,1024.0,16.0,2560 x 1600,165.0,nvidia,2.4,80Wh,43990000.0,data/cellphones/detail_htmls\lenovo_107_specs.html,RTX 4060,DISCRETE_GAMING
LENOVO Ideapad Yoga 6 13alc6 82nd00bdvn,lenovo,amd,Ryzen7,5700,1.8,8.0,ddr4,3200.0,512.0,13.3,1920 x 1080,,amd,1.31,"4Cell, 60Wh",16800000.0,data/cellphones/detail_htmls\lenovo_108_specs.html,AMD_RADEON_GRAPHICS,INTEGRATED
LENOVO Ideapad Slim 5 16imh9 83dc001svn,lenovo,intel,Core Ultra 7,155,4.8,32.0,lpddr5x,7467.0,1024.0,16.0,2048 x 1280,120.0,intel,1.82,57Wh,26990000.0,data/cellphones/detail_htmls\lenovo_115_specs.html,INTEL_GRAPHICS,INTEGRATED
DELL Inspiron 15 3530 J9xfd,dell,intel,Core I5,1334,,16.0,ddr4,3200.0,1024.0,15.6,1920 x 1080,60.0,intel,1.62,"3 cell, 41Wh",16990000.0,data/cellphones/detail_htmls\dell_1_specs.html,INTEL_IRIS_XE,INTEGRATED
DELL 15 Dc15255 Dc5r5802w1,dell,amd,Ryzen5,7530,2.0,16.0,ddr4,3200.0,1024.0,15.6,1920 x 1080,120.0,amd,1.63,"3-Cell Battery, 41WHr",16990000.0,data/cellphones/detail_htmls\dell_4_specs.html,AMD_RADEON_GRAPHICS,INTEGRATED
DELL Inspiron 14 5440 D0f3w,dell,intel,Core I5,1334,4.6,24.0,ddr5,4400.0,1024.0,14.0,1920 x 1080,60.0,intel,1.69,3 cell 41 Wh,18990000.0,data/cellphones/detail_htmls\dell_0_specs.html,INTEL_GRAPHICS,INTEGRATED
DELL 15 Dc15250 79n4m,dell,intel,Core 3,100,,16.0,ddr4,,512.0,15.6,1920 x 1080,120.0,intel,1.9,"3 cell, 41Wh",14490000.0,data/cellphones/detail_htmls\dell_2_specs.html,INTEL_GRAPHICS,INTEGRATED
DELL Vostro 3530 2h1tpi5 16gb,dell,intel,Core I5,1334,0.9,16.0,ddr4,2666.0,1024.0,15.6,1920 x 1080,120.0,intel,1.66,"41Wh , 3Cell",18990000.0,data/cellphones/detail_htmls\dell_3_specs.html,INTEL_UHD,INTEGRATED
DELL 15 Dc15250 71073959,dell,intel,Core I7,1355,,16.0,ddr4,2666.0,512.0,15.6,1920 x 1080,120.0,intel,1.66,,21990000.0,data/cellphones/detail_htmls\dell_5_specs.html,INTEL_IRIS_XE,INTEGRATED
DELL Vostro 3520 F0v0vi3,dell,intel,Core I3,1215,1.2,8.0,ddr4,,512.0,15.6,1920 x 1080,120.0,intel,1.9,"3-cell, 41 Wh lithium-polymer",11990000.0,data/cellphones/detail_htmls\dell_8_specs.html,INTEL_UHD,INTEGRATED
DELL Latitude 3450 L3450 1335u 16512w Umc,dell,intel,Core I5,1335,4.6,16.0,ddr5,5200.0,1024.0,14.0,1920 x 1080,60.0,intel,1.5,"3- cell, 42Wh Battery",19590000.0,data/cellphones/detail_htmls\dell_6_specs.html,INTEL_IRIS_XE,INTEGRATED
DELL Vostro 3530 2h1tpi7,dell,intel,Core I7,1355,1.2,16.0,ddr4,2666.0,1024.0,15.6,1920 x 1080,120.0,intel,1.66,"41Wh , 3Cell",20990000.0,data/cellphones/detail_htmls\dell_7_specs.html,INTEL_IRIS_XE,INTEGRATED
DELL 15 Dc15250 H02df,dell,intel,Core I5,1334,4.6,24.0,ddr4,,1024.0,15.6,1920 x 1080,120.0,intel,1.9,"3 cell, 41Wh",16990000.0,data/cellphones/detail_htmls\dell_9_specs.html,INTEL_UHD,INTEGRATED
DELL Vostro 3530 2h1tpi3,dell,intel,Core I3,1305,,8.0,ddr4,,1024.0,15.6,1920 x 1080,120.0,intel,1.66,"41Wh , 3Cell",12990000.0,data/cellphones/detail_htmls\dell_10_specs.html,INTEL_UHD,INTEGRATED
DELL Inspiron 14 5440 N4i5211w1,dell,intel,Core 5,120,,16.0,ddr5,,512.0,14.0,1920 x 1200,60.0,intel,1.67,"Li-ion 4-Cell Battery, 54WHr",23690000.0,data/cellphones/detail_htmls\dell_12_specs.html,INTEL_IRIS_XE,INTEGRATED
DELL Inspiron 14 5440 Ndy5v1,dell,intel,Core I5,1334,4.6,16.0,ddr5,4400.0,512.0,14.0,1920 x 1200,,intel,1.54,3 Cell Int (41Wh),20990000.0,data/cellphones/detail_htmls\dell_13_specs.html,INTEL_IRIS_XE,INTEGRATED
DELL 15 Dc15250 I5u165w11slu,dell,intel,Core I5,1334,4.6,16.0,ddr4,2666.0,512.0,15.6,1920 x 1080,120.0,intel,1.9,"Pin liền, 3-Cell Battery, 41WHr",19190000.0,data/cellphones/detail_htmls\dell_11_specs.html,INTEL_UHD,INTEGRATED
DELL 15 Dc15255 X9ym41,dell,amd,Ryzen7,7730,4.5,16.0,ddr4,,1024.0,15.6,1920 x 1080,120.0,amd,1.6,3 Cell Int (41Wh),19490000.0,data/cellphones/detail_htmls\dell_14_specs.html,AMD_RADEON_GRAPHICS,INTEGRATED
DELL Inspiron 15 3520 Jym17,dell,intel,Core I3,1215,1.2,8.0,ddr4,,1024.0,15.6,1920 x 1080,120.0,intel,1.66,"41Wh , 3Cell",12290000.0,data/cellphones/detail_htmls\dell_17_specs.html,INTEL_UHD,INTEGRATED
DELL Inspiron 14 5440 N5440 C7u165w11ibd2,dell,intel,Core 7,150,5.4,16.0,ddr5,5200.0,512.0,14.0,1920 x 1080,60.0,nvidia,1.54,"4-Cell Battery, 54WHr",29990000.0,data/cellphones/detail_htmls\dell_15_specs.html,MX 570A,DISCRETE_LIGHT
DELL Inspiron 14 5441 N4o10441w1,dell,qualcomm,Snapdragon X Lus,,3.4,16.0,lpddr5x,8448.0,1024.0,14.0,1920 x 1200,60.0,qualcomm,1.53,"3-cell, 54 Wh, lithium-ion",30390000.0,data/cellphones/detail_htmls\dell_16_specs.html,QUALCOMM_ADRENO,INTEGRATED_ARM
DELL Xps 13 9350 71058714,dell,intel,Core Ultra 5,226,2.1,16.0,lpddr5x,8533.0,1024.0,13.4,2560 x 1600,120.0,intel,1.18,"Pin liền, 3-cell, 55 Wh ""smart"" lithium-ion",60990000.0,data/cellphones/detail_htmls\dell_18_specs.html,INTEL_GRAPHICS,INTEGRATED
DELL Inspiron 15 3520 5124blk Gj8w7,dell,intel,Core I5,1235,1.3,8.0,ddr4,,1024.0,15.6,1920 x 1080,60.0,intel,1.66,"3-cell, 41 Wh lithium-polymer",15490000.0,data/cellphones/detail_htmls\dell_19_specs.html,INTEL_UHD,INTEGRATED
DELL Inspiron 15 3520 I3520 7896blk Pus,dell,intel,Core I7,1255,70.0,16.0,ddr4,,1024.0,15.6,1920 x 1080,60.0,intel,1.66,"3 Cell, 41 Wh",20490000.0,data/cellphones/detail_htmls\dell_20_specs.html,INTEL_IRIS_XE,INTEGRATED
DELL Inspiron 15 3520 6r6nk,dell,intel,Core I5,1235,1.3,8.0,ddr4,,1024.0,15.6,1920 x 1080,120.0,intel,1.66,"3-cell, 41 Wh lithium-polymer",14490000.0,data/cellphones/detail_htmls\dell_22_specs.html,INTEL_UHD,INTEGRATED
DELL Latitude 3540 71038100,dell,intel,Core I5,1235,4.4,16.0,ddr4,3200.0,1024.0,15.6,1920 x 1080,60.0,intel,1.81,"3 cell, 42 Wh, có khả năng sạc nhanh",18990000.0,data/cellphones/detail_htmls\dell_21_specs.html,INTEL_IRIS_XE,INTEGRATED
DELL Inspiron 15 3520 N3520 I5u165w11slu,dell,intel,Core I5,1235,4.4,16.0,ddr4,3200.0,512.0,15.6,1920 x 1080,120.0,intel,1.9,"Pin liền, 3-Cell Battery, 41WHrC32",16990000.0,data/cellphones/detail_htmls\dell_23_specs.html,INTEL_UHD,INTEGRATED
DELL Vostro 3520 F0v0v256,dell,intel,Core I5,1235,1.3,8.0,ddr4,,256.0,15.6,1920 x 1080,60.0,intel,1.9,,13990000.0,data/cellphones/detail_htmls\dell_25_specs.html,INTEL_IRIS_XE,INTEGRATED
DELL 15 Dc15250 3g7t0,dell,intel,Core I7,1355,5.0,16.0,ddr4,,1024.0,15.6,1920 x 1080,120.0,intel,1.9,"3 cell, 41Wh",20990000.0,data/cellphones/detail_htmls\dell_26_specs.html,INTEL_UHD,INTEGRATED
DELL Inspiron 15 3530 P16wd2,dell,intel,Core I5,1334,4.6,16.0,ddr4,2666.0,0.0,15.6,1920 x 1080,120.0,intel,1.67,3 Cell Int (41Wh),19190000.0,data/cellphones/detail_htmls\dell_27_specs.html,INTEL_IRIS_XE,INTEGRATED
DELL Inspiron 16 5620 N6i7110w1,dell,intel,Core I7,1255,,8.0,ddr4,3200.0,512.0,16.0,1920 x 1200,60.0,intel,1.91,"4-cell Li-ion, 54 WHr",25290000.0,data/cellphones/detail_htmls\dell_32_specs.html,INTEL_UHD,INTEGRATED
DELL Inspiron 14 5440 N4i7204w1,dell,intel,Core 7,150,,16.0,ddr5,,512.0,14.0,1920 x 1200,60.0,intel,1.67,"Li-ion 4-Cell Battery, 54WHr",26490000.0,data/cellphones/detail_htmls\dell_31_specs.html,INTEL_GRAPHICS,INTEGRATED
DELL Vostro 3530 2h1tpi5,dell,intel,Core I5,1334,0.9,8.0,ddr4,2666.0,1024.0,15.6,1920 x 1080,120.0,intel,1.66,"41Wh , 3Cell",16990000.0,data/cellphones/detail_htmls\dell_70_specs.html,INTEL_UHD,INTEGRATED
DELL Inspiron 15 3530 71043885,dell,intel,Core I5,1334,,16.0,ddr4,2660.0,512.0,15.6,1920 x 1080,120.0,intel,1.66,Pin liền,19290000.0,data/cellphones/detail_htmls\dell_80_specs.html,INTEL_IRIS_XE,INTEGRATED
ASUS Vivobook Go 14 E1404fa Nk177w,asus,amd,Ryzen5,7520,4.3,16.0,lpddr5,,512.0,14.0,1920 x 1080,60.0,amd,1.3,"42WHrs, 3S1P, Li-ion 3 cell",14490000.0,data/cellphones/detail_htmls\asus_1_specs.html,AMD_RADEON_GRAPHICS,INTEGRATED
ASUS Tuf Gaming F16 Fx607vj Rl034w,asus,intel,Core 5,210,2.2,16.0,ddr4,3200.0,2048.0,16.0,1920 x 1200,144.0,nvidia,2.2,"56WHrs, 4S1P, 4-cell Li-ion",24490000.0,data/cellphones/detail_htmls\asus_0_specs.html,RTX 3050,DISCRETE_GAMING
ASUS Vivobook 16x K3605vc Rp431w,asus,intel,Core I5,13420,2.1,16.0,ddr4,,512.0,16.0,1920 x 1200,144.0,nvidia,1.8,"50WHrs, 3S1P, 3-cell Li-ion",22090000.0,data/cellphones/detail_htmls\asus_2_specs.html,RTX 3050,DISCRETE_GAMING
ASUS Gaming V16 V3607vm Rp044w,asus,intel,Core 7,240,2.5,16.0,ddr5,,1024.0,16.0,1920 x 1200,144.0,nvidia,1.95,"63WHrs, 3S1P, 3-cell Li-ion",37990000.0,data/cellphones/detail_htmls\asus_3_specs.html,RTX 5060,DISCRETE_GAMING
ASUS Vivobook 16 A1607qa Mb067ws Snapdragon,asus,qualcomm,Snapdragon X,,2.97,16.0,lpddr5x,,512.0,16.0,1920 x 1200,60.0,qualcomm,1.88,"50WHrs, 3S1P, 3-cell Li-ion",20990000.0,data/cellphones/detail_htmls\asus_4_specs.html,QUALCOMM_ADRENO,INTEGRATED_ARM
ASUS Vivobook Go 14 E1404fa Eb482w,asus,amd,Ryzen5,7520,2.8,16.0,lpddr5,,512.0,14.0,1920 x 1080,60.0,amd,1.38,"42WHrs, 3S1P, 3-cell Li-ion",14190000.0,data/cellphones/detail_htmls\asus_5_specs.html,AMD_RADEON_GRAPHICS,INTEGRATED
ASUS Gaming V16 V3607vu Rp343w,asus,intel,Core 5,210,2.2,16.0,ddr5,,512.0,16.0,1920 x 1200,144.0,nvidia,1.95,"63WHrs, 3S1P, 3-cell Li-ion",25490000.0,data/cellphones/detail_htmls\asus_6_specs.html,RTX 4050,DISCRETE_GAMING
ASUS Vivobook Go 15 E1504ga Bq1141w,asus,intel,Core I3,305,1.8,8.0,ddr4,,,15.6,1920 x 1080,60.0,intel,1.63,"42WHrs, 3S1P, 3-cell Li-ion",10190000.0,data/cellphones/detail_htmls\asus_7_specs.html,INTEL_UHD,INTEGRATED
ASUS Vivobook S14 S3407qa Sf043ws,asus,qualcomm,Snapdragon X,,2.97,16.0,lpddr5x,,512.0,14.0,1920 x 1200,60.0,qualcomm,1.35,"70WHrs, 3S1P, 3-cell Li-ion",22990000.0,data/cellphones/detail_htmls\asus_8_specs.html,QUALCOMM_ADRENO,INTEGRATED_ARM
ASUS Tuf Gaming A15 Fa506ncg Hn184w,asus,amd,Ryzen7,7445,3.2,16.0,ddr5,5600.0,1024.0,15.6,1920 x 1080,144.0,nvidia,2.3,"48WHrs, 3S1P, 3-cell Li-ion",22490000.0,data/cellphones/detail_htmls\asus_10_specs.html,RTX 3050,DISCRETE_GAMING
ASUS Vivobook 15 Oled A1505va Ma505w,asus,intel,Core I5,13420,2.1,16.0,ddr4,,512.0,15.6,2880 x 1620,120.0,intel,1.7,"50WHrs, 3S1P, 3-cell Li-ion",19690000.0,data/cellphones/detail_htmls\asus_12_specs.html,INTEL_UHD,INTEGRATED
ASUS Tuf Gaming F16 Fx608jhr Rv037w,asus,intel,Core I7,14650,2.2,16.0,ddr5,5600.0,1024.0,16.0,1920 x 1200,165.0,nvidia,2.2,"90WHrs, 4S1P, 4-cell Li-ion",38990000.0,data/cellphones/detail_htmls\asus_11_specs.html,RTX 5050,DISCRETE_GAMING
ASUS Vivobook S14 S3407va Ly046w,asus,intel,Core I5,13420,2.1,16.0,ddr5,,512.0,14.0,1920 x 1200,60.0,intel,1.39,"70WHrs, 4S1P, 4-cell Li-ion",18990000.0,data/cellphones/detail_htmls\asus_9_specs.html,INTEL_UHD,INTEGRATED
ASUS Tuf Gaming F16 Fx607vu Rl045w,asus,intel,Core 5,210,2.2,16.0,ddr5,5600.0,2048.0,16.0,1920 x 1200,144.0,nvidia,2.2,"56WHrs, 4S1P, 4-cell Li-ion Sạc lại từ 0-50% trong 30 phút",28490000.0,data/cellphones/detail_htmls\asus_13_specs.html,RTX 4050,DISCRETE_GAMING
ASUS Vivobook Go 15 E1504fa Nj454w,asus,amd,Ryzen5,7520,4.3,16.0,lpddr5,,512.0,15.6,1920 x 1080,60.0,amd,1.8,"42WHrs, 3S1P, 3-cell Li-ion",14490000.0,data/cellphones/detail_htmls\asus_14_specs.html,AMD_RADEON_GRAPHICS,INTEGRATED
ASUS Vivobook 14 X1405va Ly623w,asus,intel,Core I5,13420,2.1,16.0,ddr4,,512.0,14.0,1920 x 1200,60.0,intel,1.6,"42WHrs, 3S1P, 3-cell Li-ion",16490000.0,data/cellphones/detail_htmls\asus_16_specs.html,INTEL_UHD,INTEGRATED
ASUS Vivobook 16x K3605vc Rp491w,asus,intel,Core I7,13620,2.4,16.0,ddr4,,512.0,16.0,1920 x 1200,144.0,nvidia,1.8,"50WHrs, 3S1P, 3-cell Li-ion",22990000.0,data/cellphones/detail_htmls\asus_15_specs.html,RTX 3050,DISCRETE_GAMING
ASUS Vivobook S 14 Flip Tp3402va Lz632w,asus,intel,Core I5,13420,2.1,16.0,ddr4,,512.0,14.0,1920 x 1200,60.0,intel,1.5,"50WHrs, 3S1P, 3-cell Li-ion",20990000.0,data/cellphones/detail_htmls\asus_18_specs.html,INTEL_UHD,INTEGRATED
ASUS Vivobook 15 X1502va Bq885w,asus,intel,Core I5,13420,2.1,16.0,ddr4,,512.0,15.6,1920 x 1080,60.0,intel,1.7,"42WHrs, 3S1P, 3-cell Li-ion",15990000.0,data/cellphones/detail_htmls\asus_17_specs.html,INTEL_GRAPHICS,INTEGRATED
ASUS Rog Strix G16 G615jmr S5155w,asus,intel,Core I7,14650,2.2,32.0,ddr5,5600.0,1024.0,16.0,2560 x 1600,240.0,nvidia,2.65,"90WHrs, 4S1P, 4-cell Li-ion",46990000.0,data/cellphones/detail_htmls\asus_19_specs.html,RTX 5060,DISCRETE_GAMING
ASUS Vivobook 14 X1404va Nk394w,asus,intel,Core I3,1315,1.2,8.0,ddr4,,512.0,14.0,1920 x 1080,60.0,intel,1.4,"42WHrs, 3S1P, 3-cell Li-ion",12690000.0,data/cellphones/detail_htmls\asus_20_specs.html,INTEL_UHD,INTEGRATED
ASUS Zenbook A14 Ux3407qa Qd299ws Copilot X Plus,asus,qualcomm,Snapdragon X,,2.97,16.0,lpddr5x,,512.0,14.0,1920 x 1200,60.0,qualcomm,0.98,"70WHrs, 3S1P, 3-cell Li-ion",29990000.0,data/cellphones/detail_htmls\asus_21_specs.html,QUALCOMM_ADRENO,INTEGRATED_ARM
ASUS Vivobook 15 X1502va Bq886w,asus,intel,Core I7,13620,2.4,16.0,ddr4,,512.0,15.6,1920 x 1080,60.0,intel,1.7,"42WHrs, 3S1P, 3-cell Li-ion",17990000.0,data/cellphones/detail_htmls\asus_24_specs.html,INTEL_UHD,INTEGRATED
ASUS Zenbook S 16 Um5606ka Rk127ws RYZEN Ai 7,asus,amd,Ryzen AI 7,350,2.0,24.0,lpddr5x,,1024.0,16.0,2880 x 1800,120.0,amd,1.5,"78WHrs, 2S2P, 4-cell Li-ion",42990000.0,data/cellphones/detail_htmls\asus_23_specs.html,AMD_RADEON_GRAPHICS,INTEGRATED
ASUS Vivobook 15 Oled A1505va L1688w,asus,intel,Core I7,13620,2.4,16.0,ddr4,,512.0,15.6,1920 x 1080,60.0,intel,1.7,"50WHrs, 3S1P, 3-cell Li-ion",20990000.0,data/cellphones/detail_htmls\asus_22_specs.html,INTEL_UHD,INTEGRATED
ASUS Zenbook 14 Um3406ka Pp113ws RYZEN Ai 7,asus,amd,Ryzen AI 7,350,2.0,16.0,lpddr5x,,512.0,14.0,2880 x 1800,120.0,amd,1.2,"75WHrs, 4S1P, 4-cell Li-ion",28990000.0,data/cellphones/detail_htmls\asus_25_specs.html,AMD_RADEON_GRAPHICS,INTEGRATED
ASUS Vivobook Go 15 E1504fa Bq1150w,asus,amd,Ryzen5,7520,2.8,16.0,lpddr5,,512.0,15.6,1920 x 1080,60.0,amd,1.63,"42WHrs, 3S1P, 3-cell Li-ion",14190000.0,data/cellphones/detail_htmls\asus_26_specs.html,AMD_RADEON_GRAPHICS,INTEGRATED
ASUS Vivobook 15 X1504va Bq2076w,asus,intel,Core I5,1334,1.3,16.0,ddr4,,512.0,15.6,1920 x 1080,60.0,intel,1.7,"42WHrs, 3S1P, 3-cell Li-ion",15990000.0,data/cellphones/detail_htmls\asus_28_specs.html,INTEL_IRIS_XE,INTEGRATED
ASUS Vivobook S 14 Oled M5406wa Pp071ws,asus,amd,Ryzen AI 9,370,2.0,32.0,lpddr5x,,1024.0,14.0,2880 x 1800,120.0,amd,1.3,"75WHrs, 4S1P, 4-cell Li-ion",33990000.0,data/cellphones/detail_htmls\asus_27_specs.html,AMD_RADEON_GRAPHICS,INTEGRATED
ASUS Vivobook 15 X1504va Bq165w,asus,intel,Core 5,120,1.4,16.0,ddr4,,512.0,15.6,1920 x 1080,60.0,intel,1.7,"42WHrs, 3S1P, 3-cell Li-ion",16990000.0,data/cellphones/detail_htmls\asus_30_specs.html,INTEL_GRAPHICS,INTEGRATED
ASUS Vivobook S16 S3607qa Sh040ws,asus,qualcomm,Snapdragon X,,2.97,16.0,lpddr5x,,512.0,16.0,1920 x 1200,60.0,qualcomm,1.74,"70WHrs, 3S1P, 3-cell Li-ion",23490000.0,data/cellphones/detail_htmls\asus_31_specs.html,QUALCOMM_ADRENO,INTEGRATED_ARM
ASUS Zenbook 14 Ux3405ca Pz188ws,asus,intel,Core Ultra 7,255,2.0,32.0,lpddr5x,,1024.0,14.0,2880 x 1800,120.0,intel,1.28,"75WHrs, 2S2P, 4-cell Li-ion",35990000.0,data/cellphones/detail_htmls\asus_32_specs.html,INTEL_GRAPHICS,INTEGRATED
ASUS Rog Zephyrus G14 Ga403wm Qs051ws RYZEN Ai 9,asus,amd,Ryzen AI 9,370,2.0,32.0,lpddr5x,7500.0,1024.0,14.0,2880 x 1800,120.0,nvidia,1.5,"73WHrs, 4S1P, 4-cell Li-ion Sạc lại từ 0-50% trong 30 phút",56940000.0,data/cellphones/detail_htmls\asus_33_specs.html,RTX 5060,DISCRETE_GAMING
ASUS Rog Strix G18 G815lm S9088w,asus,intel,Core Ultra 9,275,2.7,32.0,ddr5,5600.0,1024.0,18.0,2560 x 1600,240.0,nvidia,3.2,"90WHrs, 4S1P, 4-cell Li-ion, Sạc từ 0-50% trong 30 phút",52090000.0,data/cellphones/detail_htmls\asus_29_specs.html,RTX 5060,DISCRETE_GAMING
ASUS Vivobook S 16 Oled S5606ma Mx051w,asus,intel,Core Ultra 7,155,1.4,16.0,lpddr5x,,512.0,16.0,3200 x 2000,120.0,intel,1.5,"75WHrs, 4S1P, 4-cell Li-ion",29990000.0,data/cellphones/detail_htmls\asus_34_specs.html,INTEL_GRAPHICS,INTEGRATED
ASUS Rog Strix G18 G815lp S9102w,asus,intel,Core Ultra 9,275,2.7,32.0,ddr5,5600.0,1024.0,18.0,2560 x 1600,240.0,nvidia,3.2,"90WHrs, 4S1P, 4-cell Li-ion, Sạc từ 0-50% trong 30 phút",56990000.0,data/cellphones/detail_htmls\asus_35_specs.html,RTX 5070,DISCRETE_GAMING
ASUS Vivobook S14 S3407va Ly053w,asus,intel,Core I7,13620,2.4,16.0,ddr5,,512.0,14.0,1920 x 1200,60.0,intel,1.4,"70WHrs, 4S1P, 4-cell Li-ion",20990000.0,data/cellphones/detail_htmls\asus_38_specs.html,INTEL_UHD,INTEGRATED
ASUS Gaming V16 V3607vu Rp216w,asus,intel,Core 7,240,2.5,16.0,ddr5,,512.0,16.0,1920 x 1200,144.0,nvidia,1.95,"63WHrs, 3S1P, 3-cell Li-ion",27490000.0,data/cellphones/detail_htmls\asus_36_specs.html,RTX 4050,DISCRETE_GAMING
ASUS Zenbook S 14 Oled Ux5406sa Pv140ws,asus,intel,Core Ultra 7,258,1.8,32.0,lpddr5x,,1024.0,14.0,2880 x 1800,120.0,intel,1.2,"72WHrs, 2S2P, 4-cell Li-ion",44990000.0,data/cellphones/detail_htmls\asus_37_specs.html,INTEL_GRAPHICS,INTEGRATED
ASUS Vivobook 15 X1504va Nj1969w,asus,intel,Core I5,1334,1.3,16.0,ddr4,,512.0,15.6,1920 x 1080,60.0,intel,1.7,"42WHrs, 3S1P, 3-cell Li-ion",15990000.0,data/cellphones/detail_htmls\asus_39_specs.html,INTEL_IRIS_XE,INTEGRATED
ASUS Tuf Gaming F15 Fx507zc4 Hn095w,asus,intel,Core I5,12500,2.5,16.0,ddr4,3200.0,1024.0,15.6,1920 x 1080,144.0,nvidia,2.2,"56WHrs, 4S1P, 4-cell Li-ion",24990000.0,data/cellphones/detail_htmls\asus_40_specs.html,RTX 3050,DISCRETE_GAMING
ASUS Vivobook S 16 Oled M5606ka Ri016ws RYZEN Ai 7,asus,amd,Ryzen AI 7,350,2.0,24.0,lpddr5x,,512.0,16.0,2880 x 1800,120.0,amd,1.5,"75WHrs, 4S1P, 4-cell Li-ion",30990000.0,data/cellphones/detail_htmls\asus_42_specs.html,AMD_RADEON_GRAPHICS,INTEGRATED
ASUS Vivobook S16 S3607va Rp056w,asus,intel,Core I7,13620,2.4,16.0,ddr5,,512.0,16.0,1920 x 1200,144.0,intel,1.7,"70WHrs, 4S1P, 4-cell Li-ion",20490000.0,data/cellphones/detail_htmls\asus_41_specs.html,INTEL_UHD,INTEGRATED
ASUS Zenbook 14 Ux3405ca Pz187ws,asus,intel,Core Ultra 5,225,1.7,16.0,lpddr5x,,512.0,14.0,2880 x 1800,120.0,intel,1.28,"75WHrs, 2S2P, 4-cell Li-ion",31990000.0,data/cellphones/detail_htmls\asus_43_specs.html,INTEL_GRAPHICS,INTEGRATED
ASUS Gaming V16 V3607vh Rp024w,asus,intel,Core 5,210,2.2,16.0,ddr5,,512.0,16.0,1920 x 1200,144.0,nvidia,1.95,"63WHrs, 3S1P, 3-cell Li-ion",28990000.0,data/cellphones/detail_htmls\asus_44_specs.html,RTX 5050,DISCRETE_GAMING
ASUS Tuf Gaming F16 Fx608jmr Rv048w,asus,intel,Core I7,14650,2.2,16.0,ddr5,5600.0,1024.0,16.0,1920 x 1200,165.0,nvidia,2.2,"90WHrs, 4S1P, 4-cell Li-ion",40990000.0,data/cellphones/detail_htmls\asus_45_specs.html,RTX 5060,DISCRETE_GAMING
ASUS Gaming V16 V3607vh Rp025w,asus,intel,Core 7,240,2.5,16.0,ddr5,,512.0,16.0,1920 x 1200,144.0,nvidia,1.95,"63WHrs, 3S1P, 3-cell Li-ion",30430000.0,data/cellphones/detail_htmls\asus_48_specs.html,RTX 5050,DISCRETE_GAMING
ASUS Rog Flow Z13 Gz302ea Ru145ws,asus,amd,Ryzenaimax,395,3.0,128.0,lpddr5x,8000.0,1024.0,13.4,2560 x 1600,180.0,amd,1.2,"70WHrs, 4S1P, 4-cell Li-ion Sạc lại từ 0-50% trong 30 phút",83490000.0,data/cellphones/detail_htmls\asus_47_specs.html,AMD_RADEON_GRAPHICS,INTEGRATED
ASUS Vivobook S16 S5606ca Ri171ws,asus,intel,Core Ultra 7,255,2.0,16.0,lpddr5x,,512.0,16.0,2880 x 1800,120.0,intel,1.5,"75WHrs, 4S1P, 4-cell Li-ion",31410000.0,data/cellphones/detail_htmls\asus_46_specs.html,INTEL_GRAPHICS,INTEGRATED
ASUS Vivobook S14 S3407ca Ly095ws,asus,intel,Core Ultra 5,225,1.7,16.0,ddr5,,512.0,14.0,1920 x 1200,60.0,intel,1.4,"70WHrs, 4S1P, 4-cell Li-ion",22990000.0,data/cellphones/detail_htmls\asus_49_specs.html,INTEL_UHD,INTEGRATED
ASUS Rog Strix G16 G615jhr S5069w,asus,intel,Core I7,14650,2.2,32.0,ddr5,,1024.0,16.0,2560 x 1600,240.0,nvidia,2.65,"90WHrs, 4S1P, 4-cell Li-ion",44170000.0,data/cellphones/detail_htmls\asus_53_specs.html,RTX 5050,DISCRETE_GAMING
ASUS Rog Zephyrus G16 Gu605cm Qr078w,asus,intel,Core Ultra 9,285,2.9,32.0,lpddr5x,7467.0,1024.0,16.0,2560 x 1600,240.0,nvidia,1.85,"90WHrs, 4S1P, 4-cell Li-ion Sạc lại từ 0-50% trong 30 phút",62990000.0,data/cellphones/detail_htmls\asus_50_specs.html,RTX 5060,DISCRETE_GAMING
ASUS Tuf Gaming F16 Fx608jh Rv039w,asus,intel,Core I5,13450,2.4,16.0,ddr5,,1024.0,16.0,1920 x 1200,165.0,nvidia,2.2,"90WHrs, 4S1P, 4-cell Li-ion",33370000.0,data/cellphones/detail_htmls\asus_52_specs.html,RTX 5050,DISCRETE_GAMING
ASUS Vivobook S14 S3407va Ly146w,asus,intel,Core 5,210,2.2,16.0,ddr5,,512.0,14.0,1920 x 1200,60.0,intel,1.4,"70WHrs, 4S1P, 4-cell Li-ion",19490000.0,data/cellphones/detail_htmls\asus_51_specs.html,INTEL_UHD,INTEGRATED
ASUS Zenbook Duo Ux8406ca Pz109ws,asus,intel,Core Ultra 9,285,2.9,32.0,lpddr5x,,1024.0,14.0,2880 x 1800,120.0,intel,1.65,"75WHrs, 4S1P, 4-cell Li-ion",61990000.0,data/cellphones/detail_htmls\asus_54_specs.html,INTEL_GRAPHICS,INTEGRATED
ASUS Zenbook 14 Um3406ka Pp590ws RYZEN Ai 7,asus,amd,Ryzen AI 7,350,2.0,32.0,lpddr5x,,1024.0,14.0,2880 x 1800,120.0,amd,1.2,"75WHrs, 4S1P, 4-cell Li-ion",31990000.0,data/cellphones/detail_htmls\asus_55_specs.html,AMD_RADEON_GRAPHICS,INTEGRATED
ASUS Vivobook S14 M3407ka Sf032ws RYZEN Ai 7,asus,amd,Ryzen AI 7,350,2.0,32.0,ddr5,,512.0,14.0,1920 x 1200,60.0,amd,1.4,"70WHrs, 4S1P, 4-cell Li-ion",25990000.0,data/cellphones/detail_htmls\asus_57_specs.html,AMD_RADEON_GRAPHICS,INTEGRATED
ASUS Zenbook 14 Ux3405ca Pz204ws,asus,intel,Core Ultra 9,285,2.9,32.0,lpddr5x,,1024.0,14.0,2880 x 1800,120.0,intel,1.28,"75WHrs, 2S2P, 4-cell Li-ion",38990000.0,data/cellphones/detail_htmls\asus_56_specs.html,INTEL_GRAPHICS,INTEGRATED
ASUS Vivobook S14 M3407ka Sf034ws RYZEN Ai 5,asus,amd,Ryzen AI 5,330,,16.0,ddr5,,512.0,14.0,1920 x 1200,60.0,amd,1.4,"70WHrs, 4S1P, 4-cell Li-ion",22990000.0,data/cellphones/detail_htmls\asus_58_specs.html,AMD_RADEON_GRAPHICS,INTEGRATED
ASUS Vivobook S 16 S5606ca Ri114ws,asus,intel,Core Ultra 5,225,1.7,16.0,lpddr5x,,512.0,16.0,2880 x 1800,120.0,intel,1.5,"75WHrs, 4S1P, 4-cell Li-ion",28990000.0,data/cellphones/detail_htmls\asus_59_specs.html,INTEL_GRAPHICS,INTEGRATED
ASUS Tuf Gaming A14 Fa401km Rg010ws RYZEN Ai 7,asus,amd,Ryzen AI 7,350,2.0,32.0,lpddr5x,,1024.0,14.0,2560 x 1600,165.0,nvidia,1.46,"73WHrs, 4S1P, 4-cell Li-ion Sạc lại từ 0-50% trong 30 phút",45150000.0,data/cellphones/detail_htmls\asus_60_specs.html,RTX 5060,DISCRETE_GAMING
ASUS Vivobook S14 S3407ca Ly096ws,asus,intel,Core Ultra 7,255,2.0,16.0,ddr5,,512.0,14.0,1920 x 1200,60.0,intel,1.4,"70WHrs, 4S1P, 4-cell Li-ion",25990000.0,data/cellphones/detail_htmls\asus_62_specs.html,INTEL_UHD,INTEGRATED
ASUS Rog Strix G16 G615jpr S5107w,asus,intel,Core I7,14650,2.2,32.0,ddr5,5600.0,1024.0,16.0,2560 x 1600,240.0,nvidia,2.65,"90WHrs, 4S1P, 4-cell Li-ion",51090000.0,data/cellphones/detail_htmls\asus_63_specs.html,RTX 5070,DISCRETE_GAMING
ASUS Rog Strix G16 G615lr S5289w,asus,intel,Core Ultra 7,255,2.4,16.0,ddr5,5600.0,1024.0,16.0,2560 x 1600,240.0,nvidia,2.65,"90WHrs, 4S1P, 4-cell Li-ion, Sạc từ 0-50% trong 30 phút",57990000.0,data/cellphones/detail_htmls\asus_61_specs.html,RTX 5070,DISCRETE_GAMING
ASUS Rog Zephyrus G14 Ga403wr Qs156ws,asus,amd,Ryzen AI 9,370,2.0,32.0,lpddr5x,8000.0,1024.0,14.0,2880 x 1800,120.0,nvidia,1.57,"73WHrs, 4S1P, 4-cell Li-ion Sạc lại từ 0-50% trong 30 phút",71690000.0,data/cellphones/detail_htmls\asus_65_specs.html,RTX 5070,DISCRETE_GAMING
ASUS Zenbook S 13 Oled Ux5304va Nq125w,asus,intel,Core I7,1355,1.7,16.0,lpddr5,,512.0,13.3,2880 x 1800,60.0,intel,1.0,"63WHrs, 2S2P, 4-cell Li-ion",39990000.0,data/cellphones/detail_htmls\asus_66_specs.html,INTEL_IRIS_XE,INTEGRATED
ASUS Vivobook 14 A1407ca Ly008ws,asus,intel,Core Ultra 5,225,1.7,16.0,ddr5,,512.0,14.0,1920 x 1200,60.0,intel,1.46,"42WHrs, 3S1P, 3-cell Li-ion",22490000.0,data/cellphones/detail_htmls\asus_64_specs.html,INTEL_GRAPHICS,INTEGRATED
ASUS Rog Zephyrus G16 Gu605cr Qr107w,asus,intel,Core Ultra 9,285,2.9,32.0,lpddr5x,7467.0,1024.0,16.0,2560 x 1600,240.0,nvidia,1.95,"90WHrs, 4S1P, 4-cell Li-ion Sạc lại từ 0-50% trong 30 phút",76590000.0,data/cellphones/detail_htmls\asus_67_specs.html,RTX 5070,DISCRETE_GAMING
ASUS Tuf Gaming F16 Fx608jpr Rv044w,asus,intel,Core I7,14650,2.2,16.0,ddr5,,1024.0,16.0,1920 x 1200,165.0,nvidia,2.2,"90WHrs, 4S1P, 4-cell Li-ion",45190000.0,data/cellphones/detail_htmls\asus_68_specs.html,RTX 5070,DISCRETE_GAMING
ASUS Zenbook 14 Ux3405ca Pz368ws,asus,intel,Core Ultra 7,255,2.0,16.0,lpddr5x,,512.0,14.0,2880 x 1800,120.0,intel,1.28,"75WHrs, 2S2P, 4-cell Li-ion",34990000.0,data/cellphones/detail_htmls\asus_72_specs.html,INTEL_GRAPHICS,INTEGRATED
ASUS Vivobook S14 S5406sa Pp168ws,asus,intel,Core Ultra 5,226,2.1,16.0,lpddr5x,,512.0,14.0,2880 x 1800,120.0,intel,1.3,"75WHrs, 4S1P, 4-cell Li-ion",28490000.0,data/cellphones/detail_htmls\asus_69_specs.html,INTEL_GRAPHICS,INTEGRATED
ASUS Vivobook S16 S3607ca Sh082ws,asus,intel,Core Ultra 5,225,1.7,16.0,ddr5,,512.0,16.0,1920 x 1200,60.0,intel,1.7,"70WHrs, 4S1P, 4-cell Li-ion",23990000.0,data/cellphones/detail_htmls\asus_70_specs.html,INTEL_GRAPHICS,INTEGRATED
ASUS Vivobook S16 S3607ca Sh083ws,asus,intel,Core Ultra 7,255,2.0,16.0,ddr5,,512.0,16.0,1920 x 1200,60.0,intel,1.7,"70WHrs, 4S1P, 4-cell Li-ion",26990000.0,data/cellphones/detail_htmls\asus_71_specs.html,INTEL_GRAPHICS,INTEGRATED
ASUS Tuf Gaming F15 Fx507zc4 Hn074w,asus,intel,Core I5,12500,2.5,8.0,ddr4,3200.0,1024.0,15.6,1920 x 1080,144.0,nvidia,2.2,"56WHrs, 4S1P, 4-cell Li-ion",25990000.0,data/cellphones/detail_htmls\asus_73_specs.html,RTX 3050,DISCRETE_GAMING
ASUS Vivobook 15 Oled A1505va Ma468w,asus,intel,Core I5,13500,2.6,16.0,ddr4,,512.0,15.6,2880 x 1620,120.0,intel,1.7,"50WHrs, 3S1P, 3-cell Li-ion",20990000.0,data/cellphones/detail_htmls\asus_76_specs.html,INTEL_IRIS_XE,INTEGRATED
ASUS Vivoboook S 14 Oled S5406ma Pp046ws,asus,intel,Core Ultra 5,125,1.2,16.0,lpddr5x,,512.0,14.0,2880 x 1800,120.0,intel,1.3,"75WHrs, 4S1P, 4-cell Li-ion",26990000.0,data/cellphones/detail_htmls\asus_77_specs.html,INTEL_GRAPHICS,INTEGRATED
ASUS Rog Strix G16 G614ju N3135w,asus,intel,Core I5,13450,2.4,16.0,ddr5,4800.0,1024.0,16.0,1920 x 1200,165.0,nvidia,2.5,"90WHrs, 4S1P, 4-cell Li-ion",33990000.0,data/cellphones/detail_htmls\asus_75_specs.html,RTX 4050,DISCRETE_GAMING
ASUS Vivobook S 15 S5507qa Ma092ws Copilot X Plus,asus,qualcomm,Snapdragon X Lus,,3.4,16.0,lpddr5x,,512.0,15.6,2880 x 1620,120.0,qualcomm,1.42,"70WHrs, 3S1P, 3-cell Li-ion",26990000.0,data/cellphones/detail_htmls\asus_74_specs.html,QUALCOMM_ADRENO,INTEGRATED_ARM
ASUS Vivobook 15 Oled A1505va Ma469w,asus,intel,Core I9,13900,2.6,16.0,ddr4,,512.0,15.6,2880 x 1620,120.0,intel,1.7,"50WHrs, 3S1P, 3-cell Li-ion",24990000.0,data/cellphones/detail_htmls\asus_78_specs.html,INTEL_IRIS_XE,INTEGRATED
ASUS Vivobook 15 Oled S5507qa Ma090ws,asus,qualcomm,Snapdragon X Lite,,3.4,32.0,lpddr5x,,1024.0,15.6,2880 x 1620,120.0,qualcomm,1.42,"70WHrs, 3S1P, 3-cell Li-ion",34990000.0,data/cellphones/detail_htmls\asus_79_specs.html,QUALCOMM_ADRENO,INTEGRATED_ARM
ASUS Rog Strix G16 G614ju N3480w,asus,intel,Core I5,13450,2.4,32.0,ddr5,4800.0,2048.0,16.0,1920 x 1200,165.0,nvidia,2.5,"90WHrs, 4S1P, 4-cell Li-ion Sạc lại từ 0-50% trong 30 phút",37990000.0,data/cellphones/detail_htmls\asus_80_specs.html,RTX 4050,DISCRETE_GAMING
ASUS Vivobook 16 M1607ka Mb091ws RYZEN Ai 7,asus,amd,Ryzen AI 7,350,2.0,16.0,ddr5,,512.0,16.0,1920 x 1200,60.0,amd,1.88,"42WHrs, 3S1P, 3-cell Li-ion",22990000.0,data/cellphones/detail_htmls\asus_81_specs.html,AMD_RADEON_GRAPHICS,INTEGRATED
ASUS Gaming Vivobook K3605zf Rp634w,asus,intel,Core I5,12500,2.5,16.0,ddr4,,512.0,16.0,1920 x 1200,144.0,nvidia,1.8,"50WHrs, 3S1P, 3-cell Li-ion",20990000.0,data/cellphones/detail_htmls\asus_82_specs.html,RTX 2050,DISCRETE_GAMING
ASUS Vivoboook S 14 Oled S5406ma Pp198ws,asus,intel,Core Ultra 7,155,1.4,16.0,lpddr5x,,512.0,14.0,2880 x 1800,120.0,intel,1.3,"75WHrs, 4S1P, 4-cell Li-ion",29990000.0,data/cellphones/detail_htmls\asus_83_specs.html,INTEL_GRAPHICS,INTEGRATED
ASUS Tuf Gaming F15 Fx506hf Hn078w,asus,intel,Core I5,11260,2.9,16.0,ddr4,3200.0,1024.0,15.6,1920 x 1080,144.0,nvidia,2.3,"48WHrs, 3S1P, 3-cell Li-ion",20990000.0,data/cellphones/detail_htmls\asus_84_specs.html,RTX 2050,DISCRETE_GAMING
ASUS Gaming Vivobook K3605zu Rp296w,asus,intel,Core I5,12500,2.5,16.0,ddr4,,512.0,16.0,1920 x 1200,144.0,nvidia,1.8,"70WHrs, 3S1P, 3-cell Li-ion",28490000.0,data/cellphones/detail_htmls\asus_85_specs.html,RTX 4050,DISCRETE_GAMING
ASUS Vivobook S 14 Oled S5406ma Pp136w,asus,intel,Core Ultra 5,125,1.2,16.0,lpddr5x,,1024.0,14.0,2880 x 1800,120.0,intel,1.3,"75WHrs, 4S1P, 4-cell Li-ion",26990000.0,data/cellphones/detail_htmls\asus_86_specs.html,INTEL_GRAPHICS,INTEGRATED
ASUS Vivobook 14 Oled A1405va Km257w,asus,intel,Core I5,13500,2.6,16.0,ddr4,,512.0,14.0,2880 x 1800,90.0,intel,1.6,"50WHrs, 3S1P, 3-cell Li-ion",20990000.0,data/cellphones/detail_htmls\asus_87_specs.html,INTEL_IRIS_XE,INTEGRATED
ASUS Expertbook B1402cba Nk2669w,asus,intel,Core I5,1235,1.7,16.0,ddr4,,512.0,14.0,1920 x 1080,60.0,intel,1.49,"42WHrs, 3S1P, 3-cell Li-ion",19990000.0,data/cellphones/detail_htmls\asus_88_specs.html,INTEL_UHD,INTEGRATED
ASUS Vivobook 15 X1504za Nj517w,asus,intel,Core I5,1235,1.3,16.0,ddr4,,512.0,15.6,1920 x 1080,60.0,intel,1.7,"42WHrs, 3S1P, 3-cell Li-ion",16490000.0,data/cellphones/detail_htmls\asus_89_specs.html,INTEL_IRIS_XE,INTEGRATED
ASUS Vivobook 15 Oled A1505va L1201w,asus,intel,Core I9,13900,2.6,16.0,ddr4,,512.0,15.6,1920 x 1080,60.0,intel,1.7,"50WHrs, 3S1P, 3-cell Li-ion",24990000.0,data/cellphones/detail_htmls\asus_92_specs.html,INTEL_IRIS_XE,INTEGRATED
ASUS Vivobook 14 Oled A1405za Km264w,asus,intel,Core I5,12500,2.5,16.0,ddr4,,512.0,14.0,2880 x 1800,90.0,intel,1.6,"50WHrs, 3S1P, 3-cell Li-ion",17990000.0,data/cellphones/detail_htmls\asus_91_specs.html,INTEL_IRIS_XE,INTEGRATED
ASUS Tuf Gaming A15 Fa507nu Lp140w,asus,amd,Ryzen5,7535,4.5,16.0,ddr5,4800.0,2048.0,15.6,1920 x 1080,144.0,nvidia,2.2,"90WHrs, 4S1P, 4-cell Li-ion",25990000.0,data/cellphones/detail_htmls\asus_94_specs.html,RTX 4050,DISCRETE_GAMING
ASUS Vivobook 15 X1504za Nj1039w,asus,intel,Core I7,1255,1.7,16.0,ddr4,,512.0,15.6,1920 x 1080,60.0,intel,1.7,"42WHrs, 3S1P, 3-cell Li-ion",17990000.0,data/cellphones/detail_htmls\asus_93_specs.html,INTEL_IRIS_XE,INTEGRATED
ASUS Rog Strix G16 G614jv N4156w,asus,intel,Core I7,13650,2.6,16.0,ddr5,4800.0,2048.0,16.0,2560x1600,240.0,nvidia,2.5,"90WHrs, 4S1P, 4-cell Li-ion",40990000.0,data/cellphones/detail_htmls\asus_97_specs.html,RTX 4060,DISCRETE_GAMING
ASUS Vivobook Flip 14 Tp470ea Ec346w,asus,intel,Core I3,1115,,4.0,lpddr4x,3200.0,512.0,14.0,1920 x 1080,,intel,1.5,3 Cells 42WHrs,16590000.0,data/cellphones/detail_htmls\asus_96_specs.html,INTEL_UHD,INTEGRATED
ASUS Tuf Gaming A15 Fa506nf Hn005w,asus,amd,Ryzen5,7535,3.3,8.0,ddr5,4800.0,512.0,15.6,1920 x 1080,144.0,nvidia,2.3,"48WHrs, 3S1P, 3-cell Li-ion",19990000.0,data/cellphones/detail_htmls\asus_95_specs.html,RTX 2050,DISCRETE_GAMING
ASUS Vivobook Pro M3401qa Km025w,asus,amd,Ryzen7,5800,,8.0,ddr4,3200.0,512.0,14.0,2880 x 1800,90.0,amd,1.45,3 Cells 63WHrs,18600000.0,data/cellphones/detail_htmls\asus_99_specs.html,AMD_RADEON_GRAPHICS,INTEGRATED
ASUS Zenbook Duo Ux8406ma Pz307w,asus,intel,Core Ultra 7,155,1.4,16.0,lpddr5x,,512.0,14.0,2880 x 1800,120.0,intel,1.65,"75WHrs, 4S1P, 4-cell Li-ion",49990000.0,data/cellphones/detail_htmls\asus_98_specs.html,INTEL_GRAPHICS,INTEGRATED
ASUS Vivobook Pro M3401qa Km006w,asus,amd,Ryzen5,5600,,8.0,ddr4,3200.0,512.0,14.0,2880 x 1800,,amd,1.4,"3-cell Li-ion, 63 Wh",17800000.0,data/cellphones/detail_htmls\asus_101_specs.html,AMD_RADEON_GRAPHICS,INTEGRATED
ASUS Expertbook B1 B1502cva Nj0149w,asus,intel,Core I3,1315,1.2,8.0,ddr4,,512.0,15.6,1920 x 1080,60.0,intel,1.69,"42WHrs, 3S1P, 3-cell Li-ion",12490000.0,data/cellphones/detail_htmls\asus_111_specs.html,INTEL_UHD,INTEGRATED
ASUS Rog Strix G16 G614ji N4125w,asus,intel,Core I7,13650,2.6,16.0,ddr5,4800.0,2048.0,16.0,2560 x 1600,240.0,nvidia,2.5,"90WHrs, 4S1P, 4-cell Li-ion",46990000.0,data/cellphones/detail_htmls\asus_119_specs.html,RTX 4070,DISCRETE_GAMING
ACER Aspire Lite 16 Gen 2 Al16 52p 572a,acer,intel,Core I5,1334,3.4,16.0,ddr5,4800.0,2048.0,16.0,1920 x 1200,60.0,intel,1.7,58Whr 3-cell 65W PD Type-C Adapter,14790000.0,data/cellphones/detail_htmls\acer_1_specs.html,INTEL_IRIS_XE,INTEGRATED
ACER Gaming Nitro Lite 16 Nl16 71g 71uj,acer,intel,Core I7,13620,3.6,16.0,ddr5,4800.0,2048.0,16.0,1920 x 1200,165.0,nvidia,1.95,53Wh 3-cell Li-ion battery 100W Type C adapter,23990000.0,data/cellphones/detail_htmls\acer_4_specs.html,RTX 3050,DISCRETE_GAMING
Gaming ACER Nitro V Anv15 51 57b2,acer,intel,Core I5,13420,4.6,16.0,ddr5,5200.0,2048.0,15.6,1920 x 1080,144.0,nvidia,2.1,"4 Cell, 57 Whr",26990000.0,data/cellphones/detail_htmls\acer_3_specs.html,RTX 4050,DISCRETE_GAMING
Gaming ACER Nitro V Anv15 41 R7ap,acer,amd,Ryzen5,7535,3.3,16.0,ddr5,4800.0,4096.0,15.6,1920 x 1080,180.0,nvidia,2.1,57Whr 4-cell Adapter: 135W AC adapter,22990000.0,data/cellphones/detail_htmls\acer_2_specs.html,RTX 2050,DISCRETE_GAMING
ACER Gaming Aspire 7 A715 59g 57tu,acer,intel,Core I5,12450,3.3,16.0,ddr4,3200.0,4096.0,15.6,1920 x 1080,144.0,nvidia,1.99,"Pin Li-ion 3 cell 54,8Wh Bộ đổi nguồn AC 150W",20490000.0,data/cellphones/detail_htmls\acer_0_specs.html,RTX 3050,DISCRETE_GAMING
ACER Aspire Go 15 Ag15 51p 3151,acer,intel,Core I3,1215,1.2,8.0,ddr5,5600.0,2048.0,15.3,1920 x 1200,60.0,intel,1.7,"53 Wh 3-cell, 65W PD PCR 50%, TCO 9.0 AC adapter",10990000.0,data/cellphones/detail_htmls\acer_6_specs.html,INTEL_UHD,INTEGRATED
Gaming ACER Nitro V Anv15 51 72vs,acer,intel,Core I7,13620,4.9,16.0,ddr5,5200.0,2048.0,15.6,1920 x 1080,144.0,nvidia,2.1,"4 cell, 57Wh",25990000.0,data/cellphones/detail_htmls\acer_8_specs.html,RTX 2050,DISCRETE_GAMING
ACER Gaming Nitro Lite 16 Nl16 71g 56wq,acer,intel,Core I5,13420,3.4,16.0,ddr5,4800.0,2048.0,16.0,1920 x 1200,165.0,nvidia,1.95,Pin Li-ion 3 cell 53Wh Bộ chuyển đổi TypeC 100W,21990000.0,data/cellphones/detail_htmls\acer_9_specs.html,RTX 3050,DISCRETE_GAMING
ACER Nitro V Anv15 41 R2up,acer,amd,Ryzen5,6600,3.3,16.0,ddr5,4800.0,4096.0,15.6,1920 x 1080,165.0,nvidia,2.1,"57Whr 4-cell, 135W AC Adapter",18690000.0,data/cellphones/detail_htmls\acer_5_specs.html,RTX 2050,DISCRETE_GAMING
ACER Gaming Nitro V 15 Propanel Anv15 41 R7cr,acer,amd,Ryzen5,7535,3.3,16.0,ddr5,4800.0,4096.0,15.6,1920 x 1080,180.0,nvidia,2.1,"57Whr 4-cell Li-ion Battery, 135W AC Adapter",26990000.0,data/cellphones/detail_htmls\acer_7_specs.html,RTX 4050,DISCRETE_GAMING
ACER Aspire Lite 14 Al14 71m 52gq,acer,intel,Core I5,12500,4.5,16.0,ddr5,4800.0,2048.0,14.0,1920 x 1200,60.0,intel,1.55,3 cell 58WHrs,15990000.0,data/cellphones/detail_htmls\acer_10_specs.html,INTEL_IRIS_XE,INTEGRATED
Gaming ACER Nitro V 15 Propanel Anv15 51 73bt,acer,intel,Core I7,13620,3.6,16.0,ddr5,5200.0,4096.0,15.6,1920 x 1080,180.0,nvidia,2.1,57Whr 4-cell 135W 5.5 PHY Adapter,27990000.0,data/cellphones/detail_htmls\acer_12_specs.html,RTX 2050,DISCRETE_GAMING
ACER Gaming Nitro V 15 Propanel Anv15 41 R9m1,acer,amd,Ryzen5,7535,3.3,16.0,ddr5,4800.0,4096.0,15.6,1920 x 1080,180.0,nvidia,2.1,Pin Li-ion 4 cell 57Whr Bộ đổi nguồn AC 135W,21990000.0,data/cellphones/detail_htmls\acer_11_specs.html,RTX 3050,DISCRETE_GAMING
ACER Aspire 3 A315 58 53s6,acer,intel,Core I5,1135,2.4,8.0,ddr4,2400.0,2048.0,15.6,1920 x 1080,60.0,intel,1.7,36.7 Wh 2-cell Li-ion battery,15990000.0,data/cellphones/detail_htmls\acer_14_specs.html,INTEL_IRIS_XE,INTEGRATED
ACER Aspire Lite Gen 2 Al14 52m 32kv,acer,intel,Core I3,1305,3.3,8.0,ddr5,4800.0,2048.0,14.0,1920 x 1200,60.0,intel,1.5,Pin Li-ion 3 cell 58Wh Bộ chuyển đổi 65W PD Type C,9990000.0,data/cellphones/detail_htmls\acer_13_specs.html,INTEL_UHD,INTEGRATED
ACER Aspire Lite 15 Al15 41p R3u5,acer,amd,Ryzen7,5700,1.8,16.0,ddr4,3200.0,2048.0,15.6,1920 x 1080,60.0,amd,1.7,"Pin Li-ion 3 cell 58Wh, Bộ chuyển đổi 65W PD Type C",12990000.0,data/cellphones/detail_htmls\acer_15_specs.html,AMD_RADEON_GRAPHICS,INTEGRATED
ACER Aspire Lite 16 Al16 51p 72s2,acer,intel,Core I7,1255,3.5,24.0,ddr5,4800.0,2048.0,16.0,1920 x 1200,60.0,intel,1.8,Li-ion Battery 58Whr 3-cell 65W PD Type-C Adapter,16990000.0,data/cellphones/detail_htmls\acer_17_specs.html,INTEL_IRIS_XE,INTEGRATED
ACER Aspire Lite 15 Al15 42p R08m,acer,amd,Ryzen7,7730,2.0,16.0,ddr4,3200.0,2048.0,15.6,1920 x 1080,60.0,amd,1.7,58Wh 3-cell Li-ion battery 65W Type-C Adapter,15490000.0,data/cellphones/detail_htmls\acer_16_specs.html,AMD_RADEON_GRAPHICS,INTEGRATED
ACER Aspire Lite 15 Al15 71p 517d,acer,intel,Core I5,12450,4.4,16.0,,4800.0,512.0,15.6,1920 x 1080,60.0,intel,1.79,58Wh 3-cell Li-ion battery,15490000.0,data/cellphones/detail_htmls\acer_19_specs.html,INTEL_UHD,INTEGRATED
ACER Gaming Aspire 7 A715 59g 73lb,acer,intel,Core I7,12650,3.5,16.0,ddr4,3200.0,4096.0,15.6,1920 x 1080,144.0,nvidia,1.99,"Pin Li-ion 3 cell 54,8Wh Bộ đổi nguồn AC 150W",23990000.0,data/cellphones/detail_htmls\acer_18_specs.html,RTX 3050,DISCRETE_GAMING
ACER Gaming Nitro V 15 Propanel Anv15 41 R0fe,acer,amd,Ryzen7,7735,3.2,16.0,ddr5,4800.0,4096.0,15.6,1920 x 1080,180.0,nvidia,2.1,"57Whr 4-cell Li-ion Battery, 135W AC Adapter",25990000.0,data/cellphones/detail_htmls\acer_22_specs.html,RTX 3050,DISCRETE_GAMING
ACER Aspire Lite Al16 51p 55n7,acer,intel,Core I5,1235,3.3,16.0,ddr5,4800.0,2048.0,16.0,1920 x 1200,60.0,intel,1.8,58Whr 3-cell 65W PD Type-C Adapter,14990000.0,data/cellphones/detail_htmls\acer_21_specs.html,INTEL_GRAPHICS,INTEGRATED
ACER Nitro V 15 Propanel Anv15 51 73uu,acer,intel,Core I7,13620,3.6,16.0,ddr5,5200.0,4096.0,15.6,1920 x 1080,180.0,nvidia,2.1,"57Whr 4-cell, 135W 5.5 PHY Adapter",27990000.0,data/cellphones/detail_htmls\acer_20_specs.html,RTX 3050,DISCRETE_GAMING
ACER Gaming Predator Helios Neo 16 Ai Phn16 73 757w,acer,intel,Core Ultra 7,255,4.5,32.0,ddr5,6400.0,1024.0,16.0,2560 x 1600,240.0,nvidia,2.7,Pin Li-ion 4 cell 90Wh Bộ đổi nguồn AC 230W,54990000.0,data/cellphones/detail_htmls\acer_23_specs.html,RTX 5060,DISCRETE_GAMING
ACER Gaming Nitro V 15 Propanel Anv15 52 59aa,acer,intel,Core I5,13420,3.4,16.0,ddr4,3200.0,2048.0,15.6,1920 x 1080,180.0,nvidia,2.1,Pin Li-ion 4 cell 76Wh Bộ chuyển đổi 135W 5.5PHY,28990000.0,data/cellphones/detail_htmls\acer_24_specs.html,RTX 5050,DISCRETE_GAMING
ACER Aspire Lite 15 Al15 72p 581v,acer,intel,Core I5,13500,3.5,16.0,ddr5,4800.0,2048.0,15.6,1920 x 1080,60.0,intel,1.79,Pin Li-ion 3 cell 58Wh Bộ đổi nguồn AC 90W,15990000.0,data/cellphones/detail_htmls\acer_27_specs.html,INTEL_UHD,INTEGRATED
ACER Aspire Lite 15 Al15 72p 7232,acer,intel,Core I7,13620,3.6,16.0,ddr5,4800.0,2048.0,15.6,1920 x 1080,60.0,intel,1.79,58Wh 3-cell Li-ion battery 90W AC adapter,16990000.0,data/cellphones/detail_htmls\acer_25_specs.html,INTEL_UHD,INTEGRATED
ACER Gaming Nitro V 15 Propanel Anv15 41 R0y4,acer,amd,Ryzen7,7735,3.2,16.0,ddr5,4800.0,4096.0,15.6,1920 x 1080,180.0,nvidia,2.1,Pin Li-ion 4 cell 57Whr Bộ đổi nguồn AC 135W,26990000.0,data/cellphones/detail_htmls\acer_26_specs.html,RTX 4050,DISCRETE_GAMING
ACER Gaming Nitro V 15 Propanel Anv15 52 72bm,acer,intel,Core I7,13620,3.6,16.0,ddr4,3200.0,2048.0,15.6,1920 x 1080,180.0,nvidia,2.1,Pin Li-ion 4 cell 76Wh Bộ chuyển đổi 135W 5.5PHY,30990000.0,data/cellphones/detail_htmls\acer_28_specs.html,RTX 5050,DISCRETE_GAMING
ACER Swift Lite 14 Ai Sfl14 51m 56hs,acer,intel,Core Ultra 5,125,3.6,16.0,ddr5,4800.0,2048.0,14.0,1920 x 1200,60.0,intel,1.27,58Whr 3-cell 65W PD Type-C Adapter,19990000.0,data/cellphones/detail_htmls\acer_29_specs.html,INTEL_GRAPHICS,INTEGRATED
ACER Swift Lite 14 Ai Sfl14 51m 78xz,acer,intel,Core Ultra 7,155,3.8,16.0,ddr5,5600.0,2048.0,14.0,1920 x 1200,60.0,intel,1.27,58Whr 3-cell 65W PD Type-C Adapter,22990000.0,data/cellphones/detail_htmls\acer_32_specs.html,INTEL_GRAPHICS,INTEGRATED
ACER Aspire Go 14 Ai Ag14 71m 57wr,acer,intel,Core Ultra 5,125,3.6,16.0,ddr5,5600.0,2048.0,14.0,1920 x 1200,60.0,intel,1.5,Pin Li-ion 3 cell 55 Wh Bộ chuyển đổi AC USB Type-C 65 W PD,18990000.0,data/cellphones/detail_htmls\acer_30_specs.html,INTEL_GRAPHICS,INTEGRATED
ACER Swift 14 Ai Sf14 51 53p9,acer,intel,Core Ultra 5,226,3.5,16.0,lpddr5x,8533.0,1024.0,14.0,2880 x 1800,90.0,intel,1.26,"Pin Li-ion 3 cell 65 Wh 3 pin USB Type-C 65 W PD PCR 50%, Bộ đổi nguồn AC TCO 9.0",34990000.0,data/cellphones/detail_htmls\acer_31_specs.html,INTEL_GRAPHICS,INTEGRATED
ACER Gaming Nitro V 16 Ai Propanel Anv16s 61 R9zv,acer,amd,Ryzen AI 7,350,5.0,32.0,ddr5,5600.0,4096.0,16.0,2560 x 1600,180.0,nvidia,2.1,Pin Li-ion 4 cell 76Wh Bộ đổi nguồn AC 135W,44990000.0,data/cellphones/detail_htmls\acer_34_specs.html,RTX 5060,DISCRETE_GAMING
ACER Swift 14 Ai Sf14 51 75vp,acer,intel,Core Ultra 7,258,3.7,32.0,lpddr5x,8533.0,1024.0,14.0,2880 x 1800,90.0,intel,1.26,"Pin Li-ion 3 cell 65 Wh 3 pin USB Type-C 65 W PD PCR 50%, Bộ đổi nguồn AC TCO 9.0",39990000.0,data/cellphones/detail_htmls\acer_33_specs.html,INTEL_GRAPHICS,INTEGRATED
ACER Gaming Nitro 16 Ai Propanel An16s 61 R5f4,acer,amd,Ryzen AI 7,350,3.5,16.0,ddr5,5600.0,4096.0,16.0,1920 x 1200,180.0,nvidia,2.18,Pin Li-ion 4 cell 76Wh Bộ đổi nguồn AC 230W,42990000.0,data/cellphones/detail_htmls\acer_42_specs.html,RTX 5060,DISCRETE_GAMING
ACER Gaming Nitro V 16 Ai Propanel Anv16s 61 R0b8,acer,amd,Ryzen AI 5,340,4.8,16.0,ddr5,5600.0,4096.0,16.0,1920 x 1200,180.0,nvidia,2.1,Pin Li-ion 4 cell 76Wh Bộ đổi nguồn AC 135W,34990000.0,data/cellphones/detail_htmls\acer_47_specs.html,RTX 5050,DISCRETE_GAMING
Gaming ACER Nitro 5 Tiger An515 58 52sp,acer,intel,Core I5,12500,4.5,16.0,ddr4,3200.0,2048.0,15.6,1920 x 1080,144.0,nvidia,2.5,"4-cell, 57.5 Wh",27990000.0,data/cellphones/detail_htmls\acer_50_specs.html,RTX 3050,DISCRETE_GAMING
ACER Gaming Aspire 7 A715 76 53pj,acer,intel,Core I5,12450,4.4,16.0,ddr4,3200.0,1024.0,15.6,1920 x 1080,60.0,intel,2.1,"3-cell, 50Wh",16990000.0,data/cellphones/detail_htmls\acer_51_specs.html,INTEL_UHD,INTEGRATED
ACER Swift Go 14 Ai Sfg14 73 71zx,acer,intel,Core Ultra 7,155,3.8,16.0,lpddr5x,6400.0,512.0,14.0,2880 x 1800,120.0,intel,1.3,"4 cell 65 Wh , Pin liền",26990000.0,data/cellphones/detail_htmls\acer_52_specs.html,INTEL_GRAPHICS,INTEGRATED
ACER Gaming Aspire 5 A515 58gm 53pz,acer,intel,Core I5,13420,3.4,16.0,ddr4,3200.0,2048.0,15.6,1920 x 1080,60.0,nvidia,1.7,50Wh Li-ion,20490000.0,data/cellphones/detail_htmls\acer_53_specs.html,RTX 2050,DISCRETE_GAMING
ACER Aspire 7 A715 76g 5806,acer,intel,Core I5,12450,2.0,16.0,ddr4,3200.0,1024.0,15.6,1920 x 1080,144.0,nvidia,2.1,"3-cell Li-ion, 50 Wh",22990000.0,data/cellphones/detail_htmls\acer_54_specs.html,RTX 3050,DISCRETE_GAMING
Gaming ACER Nitro V Anv15 51 55ca,acer,intel,Core I5,13420,4.6,16.0,ddr5,5200.0,2048.0,15.6,1920 x 1080,144.0,nvidia,2.1,"4 cell, 57Wh",27990000.0,data/cellphones/detail_htmls\acer_56_specs.html,RTX 4050,DISCRETE_GAMING
Gaming ACER Nitro V Anv15 51 58an,acer,intel,Core I5,13420,4.6,16.0,ddr5,5200.0,2048.0,15.6,1920 x 1080,144.0,nvidia,2.1,4 cell - 57 Wh,21490000.0,data/cellphones/detail_htmls\acer_55_specs.html,RTX 2050,DISCRETE_GAMING
Gaming ACER Nitro 5 Eagle An515 57 54mv,acer,intel,Core I5,11400,2.6,8.0,ddr4,3200.0,2048.0,15.6,1920 x 1080,144.0,nvidia,2.2,"4-cell, 57.5 Wh",26490000.0,data/cellphones/detail_htmls\acer_57_specs.html,RTX 3050,DISCRETE_GAMING
ACER Aspire 3 A314 42p R3b3,acer,amd,Ryzen7,5700,4.3,16.0,lpddr4x,,1024.0,14.0,1920 x 1200,60.0,amd,1.4,3 cell 50 Wh,13990000.0,data/cellphones/detail_htmls\acer_59_specs.html,AMD_RADEON_GRAPHICS,INTEGRATED
ACER Aspire 3 Spin 14 A3sp14 31pt 387z,acer,intel,Core I3,305,,8.0,lpddr5,,512.0,14.0,1920 x 1200,60.0,intel,1.5,40Wh Li-ion battery,14990000.0,data/cellphones/detail_htmls\acer_61_specs.html,INTEL_UHD,INTEGRATED
ACER Gaming Aspire 7 A715 76g 73fm,acer,intel,Core I7,12650,,16.0,ddr4,3200.0,1024.0,15.6,1920 x 1080,144.0,nvidia,2.1,50 Wh 3-cell Li-ion battery,23990000.0,data/cellphones/detail_htmls\acer_58_specs.html,RTX 2050,DISCRETE_GAMING
Gaming ACER Nitro 5 An515 58 52sp 43910,acer,intel,Core I5,12500,3.3,8.0,ddr4,3200.0,2048.0,15.6,1920 x 1080,144.0,nvidia,2.5,"4-cell, 57.5 Wh",27990000.0,data/cellphones/detail_htmls\acer_60_specs.html,RTX 3050,DISCRETE_GAMING
Gaming ACER Nitro V Anv16 41 R6na,acer,amd,Ryzen7,8845,3.8,16.0,ddr5,5600.0,2048.0,16.0,1920 x 1200,165.0,nvidia,2.5,57Whr 4-cell Adapter: 135W AC adapter,34990000.0,data/cellphones/detail_htmls\acer_65_specs.html,RTX 4060,DISCRETE_GAMING
Gaming ACER Nitro V Anv16 41 R7en,acer,amd,Ryzen7,8845,3.8,16.0,ddr5,5600.0,4096.0,16.0,1920 x 1200,165.0,nvidia,2.5,57Whr 4-cell Adapter: 135W AC adapter,28790000.0,data/cellphones/detail_htmls\acer_63_specs.html,RTX 3050,DISCRETE_GAMING
Gaming ACER Nitro V Anv16 41 R36y,acer,amd,Ryzen7,8845,3.8,16.0,ddr5,5600.0,2048.0,16.0,1920 x 1200,165.0,nvidia,2.5,57Whr 4-cell Adapter: 135W AC adapter,31990000.0,data/cellphones/detail_htmls\acer_66_specs.html,RTX 4050,DISCRETE_GAMING
Gaming ACER Nitro V Anv16 41 R6zy,acer,amd,Ryzen5,8645,4.3,16.0,ddr5,5600.0,4096.0,16.0,1920 x 1200,165.0,nvidia,2.5,57Whr 4-cell Adapter: 135W AC adapter,27490000.0,data/cellphones/detail_htmls\acer_79_specs.html,RTX 3050,DISCRETE_GAMING
ACER Gaming Aspire 7 A715 76 728x,acer,intel,Core I7,12650,3.5,16.0,ddr4,,512.0,15.6,1920 x 1080,60.0,intel,2.1,,19990000.0,data/cellphones/detail_htmls\acer_82_specs.html,INTEL_UHD,INTEGRATED
ACER Aspire 5 A515 58p 56rp,acer,intel,Core I5,1335,3.4,16.0,lpddr5,,2048.0,15.6,1920 x 1080,,intel,1.7,50Wh Li-ion battery,16990000.0,data/cellphones/detail_htmls\acer_85_specs.html,INTEL_UHD,INTEGRATED
ACER Aspire 5 A514 56p 55k5,acer,intel,Core I5,1335,1.3,16.0,lpddr5,6400.0,512.0,14.0,1200 x 1920,,intel,1.5,"3 cell 50 Wh , Pin liền",16990000.0,data/cellphones/detail_htmls\acer_87_specs.html,INTEL_IRIS_XE,INTEGRATED
MSI Katana 15 B13vfk 676vn,msi,intel,Core I7,13620,3.6,16.0,ddr5,5200.0,1024.0,15.6,1920 x 1080,144.0,nvidia,2.25,"3 cell, 53.5Whr",30990000.0,data/cellphones/detail_htmls\msi_1_specs.html,RTX 4060,DISCRETE_GAMING
MSI Katana 15 B13udxk 2270vn 16gb,msi,intel,Core I5,13500,2.6,16.0,ddr5,5200.0,1024.0,15.6,1920 x 1080,144.0,nvidia,2.25,3-Cell,22990000.0,data/cellphones/detail_htmls\msi_0_specs.html,RTX 3050,DISCRETE_GAMING
MSI Modern 14 C12mo 660vn,msi,intel,Core I5,1235,4.4,16.0,ddr4,3200.0,512.0,14.0,1920 x 1080,,intel,1.4,39Wh,15990000.0,data/cellphones/detail_htmls\msi_4_specs.html,INTEL_IRIS_XE,INTEGRATED
MSI Gaming Katana A15 Ai B8ve 402vn,msi,amd,Ryzenr7,8845,,16.0,ddr5,5600.0,512.0,15.6,1920 x 1080,144.0,nvidia,2.25,3-Cell 53.5 Battery (Whr),28990000.0,data/cellphones/detail_htmls\msi_2_specs.html,RTX 4050,DISCRETE_GAMING
MSI Katana 15 Hx B14wek 286vn,msi,intel,Core I5,14450,,16.0,ddr5,5600.0,4096.0,15.6,2560 x 1440,165.0,nvidia,2.4,4 cell 75 Whrs,33690000.0,data/cellphones/detail_htmls\msi_3_specs.html,RTX 5050,DISCRETE_GAMING
MSI Modern 14 F13mg 240vncp,msi,intel,Core I5,1335,4.6,16.0,ddr4,3200.0,512.0,14.0,1920 x 1080,60.0,intel,1.5,3 Cell Int (46.8Wh),14590000.0,data/cellphones/detail_htmls\msi_8_specs.html,INTEL_GRAPHICS,INTEGRATED
MSI Gaming Thin 15 B13uc 3247vn,msi,intel,Core I5,13420,,16.0,ddr4,3200.0,4096.0,15.6,1920 x 1080,144.0,nvidia,1.86,3CELLS/3S1P,19590000.0,data/cellphones/detail_htmls\msi_5_specs.html,RTX 3050,DISCRETE_GAMING
MSI Katana 15 B13vek 2256vn,msi,intel,Core I7,13620,,16.0,ddr5,5200.0,512.0,15.6,1920 x 1080,144.0,nvidia,2.25,"3-cell, 53.5WHr",26990000.0,data/cellphones/detail_htmls\msi_7_specs.html,RTX 4050,DISCRETE_GAMING
MSI Stealth A16 Ai A3xwfg 018vn RYZEN Ai 9,msi,amd,Ryzen AI 9,370,2.0,32.0,ddr5,5600.0,1024.0,16.0,2560 x 1600,240.0,nvidia,2.1,4 cell / 99.9 Whr,63690000.0,data/cellphones/detail_htmls\msi_6_specs.html,RTX 5060,DISCRETE_GAMING
MSI Gaming Thin 15 B13uc 2081vn,msi,intel,Core I5,13420,,16.0,ddr4,3200.0,512.0,15.6,1920 x 1080,144.0,nvidia,1.86,3-Cell 52.4 Battery (Whr),20990000.0,data/cellphones/detail_htmls\msi_9_specs.html,RTX 3050,DISCRETE_GAMING
MSI Stealth A16 Ai A3xwhg 085vn RYZEN Ai 9,msi,amd,Ryzen AI 9,370,,32.0,lpddr5x,,1024.0,16.0,2560 x 1600,240.0,nvidia,2.1,"4-cell, 99.9 Whr",73990000.0,data/cellphones/detail_htmls\msi_12_specs.html,RTX 5070,DISCRETE_GAMING
MSI Cyborg 15 A13uc 2082vn,msi,intel,Core I7,13620,,16.0,ddr5,5600.0,4096.0,15.6,1920 x 1080,144.0,nvidia,1.98,3 Cells 53.5 Whrs,20990000.0,data/cellphones/detail_htmls\msi_11_specs.html,RTX 3050,DISCRETE_GAMING
MSI Modern 14 F13mg 466vn,msi,intel,Core I5,1334,1.3,24.0,ddr4,3200.0,512.0,14.0,1920 x 1080,60.0,intel,1.5,"3-cell, 46.8 Wh",15990000.0,data/cellphones/detail_htmls\msi_10_specs.html,INTEL_IRIS_XE,INTEGRATED
MSI Gaming Thin 15 B13ve 2824vn,msi,intel,Core I5,13420,,16.0,ddr4,3200.0,512.0,15.6,1920 x 1080,144.0,nvidia,1.86,"3-cell, 52.4WHr",22990000.0,data/cellphones/detail_htmls\msi_13_specs.html,RTX 4050,DISCRETE_GAMING
MSI Katana 15 B13udxk 2411vn,msi,intel,Core I7,13620,4.9,16.0,ddr5,5200.0,512.0,15.6,1920 x 1080,144.0,nvidia,2.304,3 Cell Int (53.5Wh),24490000.0,data/cellphones/detail_htmls\msi_14_specs.html,RTX 3050,DISCRETE_GAMING
MSI Katana 15 B13udxk 2269vn 16gb,msi,intel,Core I7,13620,2.4,16.0,ddr5,5200.0,1024.0,15.6,1920 x 1080,144.0,nvidia,2.25,3-Cell,24990000.0,data/cellphones/detail_htmls\msi_17_specs.html,RTX 3050,DISCRETE_GAMING
MSI Cyborg 15 B2rwekg 402vn,msi,intel,Core 5,210,4.8,16.0,ddr5,5200.0,512.0,15.6,1920 x 1080,144.0,nvidia,2.207,4 Cell Int (55.2Wh),27690000.0,data/cellphones/detail_htmls\msi_16_specs.html,RTX 5050,DISCRETE_GAMING
MSI Katana 15 B13udxk 2213vn,msi,intel,Core I5,13500,3.5,16.0,ddr5,5200.0,1024.0,15.6,1920 x 1080,144.0,nvidia,2.25,"3 cell, 53.5Whr",23490000.0,data/cellphones/detail_htmls\msi_18_specs.html,RTX 3050,DISCRETE_GAMING
MSI Katana 15 Hx B14wek 027vn,msi,intel,Core I7,14650,2.2,32.0,ddr5,5600.0,512.0,15.6,2560 x 1440,165.0,nvidia,2.4,"4 cell 75 Wh , Pin liền",37690000.0,data/cellphones/detail_htmls\msi_15_specs.html,INTEL_UHD,INTEGRATED
MSI Gaming Thin 15 B13uc 1411vn 24gb,msi,intel,Core I7,13620,,24.0,ddr4,3200.0,512.0,15.6,1920 x 1080,144.0,nvidia,1.86,"3-cell, 52.4WHr",20990000.0,data/cellphones/detail_htmls\msi_19_specs.html,RTX 3050,DISCRETE_GAMING
MSI Cyborg 14 A13udx 099vn,msi,intel,Core I7,13620,4.9,16.0,ddr5,5200.0,512.0,14.0,1920 x 1200,144.0,nvidia,1.6,"3 cell, 53.5Whr",25390000.0,data/cellphones/detail_htmls\msi_20_specs.html,RTX 3050,DISCRETE_GAMING
MSI Modern 14 C12m 241vn,msi,intel,Core I7,1255,4.7,8.0,ddr4,3200.0,512.0,14.0,1920 x 1080,60.0,intel,1.4,39 Wh,19990000.0,data/cellphones/detail_htmls\msi_21_specs.html,INTEL_IRIS_XE,INTEGRATED
MSI Venture 14 Ai A1mg 005vn,msi,intel,Core Ultra 5,125,,16.0,ddr5,5600.0,512.0,14.0,2880 x 1800,120.0,intel,1.7,"4-cell, 55.2WHr",24490000.0,data/cellphones/detail_htmls\msi_23_specs.html,INTEL_GRAPHICS,INTEGRATED
MSI Katana 15 Hx B14wek 295vn,msi,intel,Core I9,14900,1.6,16.0,ddr5,5600.0,512.0,15.6,2560 x 1440,165.0,nvidia,2.4,4 cell / 75 Whr,37690000.0,data/cellphones/detail_htmls\msi_22_specs.html,RTX 5050,DISCRETE_GAMING
MSI Katana 15 Hx B14wfk 294vn,msi,intel,Core I9,14900,1.6,16.0,ddr5,5600.0,512.0,15.6,2560 x 1440,165.0,nvidia,2.4,4 cell / 75 Whr,40190000.0,data/cellphones/detail_htmls\msi_24_specs.html,RTX 5060,DISCRETE_GAMING
MSI Prestige 14 Ai Studio C1udxg 058vn,msi,intel,Core Ultra 7,155,4.8,16.0,ddr5,5600.0,1024.0,14.0,1920 x 1200,144.0,nvidia,1.7,4-Cell 90 Whrs,30990000.0,data/cellphones/detail_htmls\msi_25_specs.html,RTX 3050,DISCRETE_GAMING
MSI Katana 15 Hx B14wgk 022vn,msi,intel,Core I9,14900,1.6,32.0,ddr5,5600.0,1024.0,15.6,2560 x 1440,165.0,nvidia,2.4,4 cell / 75 Whr,48090000.0,data/cellphones/detail_htmls\msi_26_specs.html,RTX 5070,DISCRETE_GAMING
MSI Vector 16 Hx Ai A2xwhg 010vn,msi,intel,Core Ultra 7,255,5.2,16.0,ddr5,5600.0,512.0,16.0,2560 x 1600,240.0,nvidia,2.7,4-Cell 90 Whrs (Whr),54990000.0,data/cellphones/detail_htmls\msi_29_specs.html,RTX 5070,DISCRETE_GAMING
MSI Prestige 16 Ai Evo B2vmg 016vn,msi,intel,Core Ultra 9,288,,32.0,lpddr5x,8533.0,1024.0,16.0,3840 x 2400,60.0,intel,1.5,"4-cell, 99.9WHr",45990000.0,data/cellphones/detail_htmls\msi_27_specs.html,INTEL_GRAPHICS,INTEGRATED
MSI Sword 16 Hx B14vfkg 045vn,msi,intel,Core I7,14700,2.1,16.0,ddr5,5600.0,1024.0,16.0,2560 x 1600,240.0,nvidia,2.3,"4 cell 65 Wh, pin liền",38990000.0,data/cellphones/detail_htmls\msi_28_specs.html,RTX 4060,DISCRETE_GAMING
MSI Prestige 13 Ai Ukiyoe Edition A2vmg 075vn,msi,intel,Core Ultra 9,288,5.1,32.0,lpddr5x,8533.0,2048.0,13.3,2880 x 1800,60.0,intel,0.976,4 Cell Int (75Wh),47990000.0,data/cellphones/detail_htmls\msi_30_specs.html,INTEL_GRAPHICS,INTEGRATED
MSI Venture A16 Ai A3hmg 017vn RYZEN Ai 7,msi,amd,Ryzen AI 7,350,,16.0,ddr5,5600.0,512.0,16.0,2048 x 1280,120.0,amd,1.9,"4-cell, 75WHr",29990000.0,data/cellphones/detail_htmls\msi_31_specs.html,AMD_RADEON_GRAPHICS,INTEGRATED
MSI Venture Pro 16 Ai A1veg 003vn,msi,intel,Core Ultra 7,155,0.9,16.0,ddr5,5600.0,512.0,16.0,2048 x 1280,120.0,nvidia,1.9,"4 cell, 55.2Whr",35990000.0,data/cellphones/detail_htmls\msi_34_specs.html,RTX 4050,DISCRETE_GAMING
MSI Katana 15 Hx B14wfk 025vn,msi,intel,Core I7,14650,,16.0,ddr5,5600.0,4096.0,15.6,2560 x 1440,165.0,nvidia,2.4,4 cell 75 Whrs,38190000.0,data/cellphones/detail_htmls\msi_35_specs.html,RTX 5060,DISCRETE_GAMING
MSI Modern 14 C13m 458vn,msi,intel,Core I5,1335,1.3,8.0,ddr4,3200.0,512.0,14.0,1920 x 1080,60.0,intel,1.4,"3 cell, 39.3Whr",17990000.0,data/cellphones/detail_htmls\msi_32_specs.html,INTEL_IRIS_XE,INTEGRATED
MSI Crosshair 16 Hx D2xwfkg 070vn,msi,intel,Core Ultra 9,275,5.4,16.0,ddr5,5600.0,1024.0,16.0,2560 x 1600,240.0,nvidia,2.5,4 Cell int (240W),46990000.0,data/cellphones/detail_htmls\msi_33_specs.html,RTX 5060,DISCRETE_GAMING
MSI Sword 16 Hx B14vekg 459vn,msi,intel,Core I7,14700,,16.0,ddr5,5600.0,1024.0,16.0,1920 x 1200,144.0,nvidia,2.3,"4-cell, 65WHr",35990000.0,data/cellphones/detail_htmls\msi_36_specs.html,RTX 4050,DISCRETE_GAMING
MSI Sword 16 Hx B14vekg 856vn,msi,intel,Core I7,14700,5.5,16.0,ddr5,5600.0,1024.0,16.0,1920 x 1200,165.0,nvidia,2.3,"4-cell, 65WHr",35990000.0,data/cellphones/detail_htmls\msi_37_specs.html,RTX 4050,DISCRETE_GAMING
MSI Prestige 13 Ai Evo A2vmg 040vn,msi,intel,Core Ultra 7,258,,32.0,lpddr5x,8533.0,1024.0,13.3,2880 x 1800,60.0,intel,0.99,"4-cell, 75WHr",38990000.0,data/cellphones/detail_htmls\msi_38_specs.html,INTEL_GRAPHICS,INTEGRATED
MSI Crosshair 16 Hx D2xwfkg 036vn,msi,intel,Core Ultra 7,255,5.2,16.0,ddr5,5600.0,1024.0,16.0,2560 x 1600,240.0,nvidia,2.5,4 Cell int (240W),44990000.0,data/cellphones/detail_htmls\msi_40_specs.html,RTX 5060,DISCRETE_GAMING
MSI Prestige 13 Ai Evo A2vmg 062vn,msi,intel,Core Ultra 9,288,1.0,32.0,lpddr5x,8533.0,1024.0,13.3,2880 x 1800,60.0,intel,0.97,4 Cell Int (75Wh),36990000.0,data/cellphones/detail_htmls\msi_39_specs.html,INTEL_GRAPHICS,INTEGRATED
MSI Raider 18 Hx Ai A2xwig 033vn,msi,intel,Core Ultra 9,,2.8,64.0,ddr5,6400.0,4096.0,18.0,3840 x 2400,120.0,nvidia,3.6,4-Cell  99.9 Whrs (Whr),129990000.0,data/cellphones/detail_htmls\msi_41_specs.html,RTX 5080,DISCRETE_GAMING
MSI Gaming Thin 15 B12uc 1416vn 16gb,msi,intel,Core I5,12450,,16.0,ddr4,3200.0,512.0,15.6,1920 x 1080,144.0,nvidia,1.86,"3-cell, 52.4WHr",19490000.0,data/cellphones/detail_htmls\msi_42_specs.html,RTX 3050,DISCRETE_GAMING
MSI Katana 15 B13vfk 2099vn,msi,intel,Core I7,13620,1.8,32.0,ddr5,5200.0,1024.0,15.6,1920 x 1080,144.0,nvidia,2.25,3 cell / 53.5 Whr,32990000.0,data/cellphones/detail_htmls\msi_43_specs.html,INTEL_GRAPHICS,INTEGRATED
MSI Katana 15 Hx B14wfk 267vn,msi,intel,Core I7,14650,,32.0,ddr5,5600.0,4096.0,15.6,2560 x 1440,165.0,nvidia,2.4,4 cell 75 Whrs,40190000.0,data/cellphones/detail_htmls\msi_44_specs.html,RTX 5060,DISCRETE_GAMING
MSI Prestige 14 Evo B13m 401vn,msi,intel,Core I5,13500,2.6,16.0,lpddr5,4800.0,512.0,14.0,1920 x 1200,60.0,intel,1.49,4-Cell 72 Battery (Whr),19990000.0,data/cellphones/detail_htmls\msi_45_specs.html,INTEL_IRIS_XE,INTEGRATED
MSI Gaming Gf63 Thin 11uc 1228vn,msi,intel,Core I7,11800,2.3,8.0,ddr4,3200.0,512.0,15.6,1920 x 1080,144.0,nvidia,1.85,3-Cell 52.4 (Whr),20990000.0,data/cellphones/detail_htmls\msi_47_specs.html,RTX 3050,DISCRETE_GAMING
MSI Prestige 13 Ai Evo A1mg 240vn,msi,intel,Core Ultra 5,125,50.0,32.0,lpddr5x,8533.0,512.0,13.3,2880 x 1800,60.0,intel,0.96,4 Cell Int (75Wh),30990000.0,data/cellphones/detail_htmls\msi_46_specs.html,INTEL_GRAPHICS,INTEGRATED
MSI Modern 14 B11mou 1033vn,msi,intel,Core I7,1195,2.9,8.0,ddr4,3200.0,512.0,14.0,1920 x 1080,60.0,intel,1.3,3-Cell 39WHrs,21990000.0,data/cellphones/detail_htmls\msi_50_specs.html,INTEL_IRIS_XE,INTEGRATED
MSI Prestige 14 Ai Studio C1veg 056vn,msi,intel,Core Ultra 7,155,4.8,32.0,ddr5,5600.0,1024.0,14.0,2880 x 1800,60.0,nvidia,1.7,4-Cell 90 Whrs,36990000.0,data/cellphones/detail_htmls\msi_49_specs.html,RTX 4050,DISCRETE_GAMING
MSI Katana 15 B13vek 2256vn 32gb,msi,intel,Core I7,13620,,32.0,ddr5,5200.0,512.0,15.6,1920 x 1080,144.0,nvidia,2.25,"3-cell, 53.5WHr",26990000.0,data/cellphones/detail_htmls\msi_48_specs.html,RTX 4050,DISCRETE_GAMING
MSI Crosshair 16 Hx D2xwfkg 078vn,msi,intel,Core Ultra 7,255,5.2,32.0,ddr5,5600.0,1024.0,16.0,2560 x 1600,240.0,nvidia,2.5,4 Cell int (240W),46990000.0,data/cellphones/detail_htmls\msi_51_specs.html,RTX 5060,DISCRETE_GAMING
MSI Modern 14 B11mou 1065vn,msi,intel,Core I7,1195,2.9,8.0,ddr4,3200.0,512.0,14.0,1920 x 1080,60.0,intel,1.3,"3 Cell, 39Whr",16100000.0,data/cellphones/detail_htmls\msi_52_specs.html,INTEL_IRIS_XE,INTEGRATED
MSI Modern 14 B11mou 1030vn,msi,intel,Core I3,1115,,8.0,ddr4,3200.0,256.0,14.0,1920 x 1080,,intel,1.3,"3 cell , 39Whr",14990000.0,data/cellphones/detail_htmls\msi_53_specs.html,INTEL_UHD,INTEGRATED
MSI Katana 15 B13udxk 2269vn,msi,intel,Core I7,13620,2.4,8.0,ddr5,5200.0,1024.0,15.6,1920 x 1080,144.0,nvidia,2.25,3-Cell,25990000.0,data/cellphones/detail_htmls\msi_60_specs.html,RTX 3050,DISCRETE_GAMING
MSI Stealth 16 Ai Studio A1vgg 240vn,msi,intel,Core Ultra 7,155,3.8,32.0,ddr5,5600.0,2048.0,16.0,2560x1600,240.0,nvidia,1.99,4-Cell 99.9 Battery (Whr),64990000.0,data/cellphones/detail_htmls\msi_65_specs.html,RTX 4070,DISCRETE_GAMING
Lg Gram 2024 14z90s G Ah75a5,lg,intel,Coreultrau7,155,,16.0,lpddr5x,6400.0,512.0,14.0,1920 x 1200,60.0,intel,0.12,"72 Wh Li-Ion Phát lại video: 29,5 giờ JEITA 3.0 (Phát lại video) : 14 giờ JEITA 3.0 (Không hoạt động) : 31 giờ",41390000.0,data/cellphones/detail_htmls\lg_3_specs.html,INTEL_GRAPHICS,INTEGRATED
Lg Gram 2024 Pro 16z90sp K Ah75a5,lg,intel,Core Ultra 7,155,,16.0,lpddr5x,7467.0,512.0,16.0,2880 x 1800,120.0,intel,1.19,"77 Wh Li-Ion (GM), 90Wh Li-Ion (PM)",51400000.0,data/cellphones/detail_htmls\lg_2_specs.html,INTEL_GRAPHICS,INTEGRATED
Lg Gram 2024 14z90s G Ah55a5,lg,intel,Core Ultra 5,125,,16.0,lpddr5x,6400.0,512.0,14.0,1920 x 1200,60.0,intel,0.12,"72 Wh Li-Ion Phát lại video: 29,5 giờ JEITA 3.0 (Phát lại video) : 14 giờ JEITA 3.0 (Không hoạt động) : 31 giờ",36290000.0,data/cellphones/detail_htmls\lg_1_specs.html,INTEL_GRAPHICS,INTEGRATED
Lg Gram Book 15u50t G Av56a5,lg,intel,Core I5,1334,4.6,16.0,ddr4,3200.0,512.0,15.6,1920 x 1080,60.0,intel,1.7,51 Wh Li-Ion,16990000.0,data/cellphones/detail_htmls\lg_0_specs.html,INTEL_IRIS_XE,INTEGRATED
Samsung Galaxy Chromebook Go Xe340xda Ka1vn,samsung,intel,Celeron,4500,1.1,4.0,lpddr4x,,32.0,14.0,1366 x 768,60.0,intel,1.145,42.3 Wh (Giá trị điển hình),7290000.0,data/cellphones/detail_htmls\samsung_1_specs.html,INTEL_UHD,INTEGRATED
Samsung Galaxy Chromebook Go Xe310xda Ka1vn,samsung,intel,Celeron,4500,1.1,4.0,lpddr4x,,32.0,11.6,1366 x 768,60.0,intel,1.06,40.2 Wh (Giá trị điển hình),5990000.0,data/cellphones/detail_htmls\samsung_0_specs.html,INTEL_UHD,INTEGRATED
Apple MACBOOK Air 13 M4 10cpu 8gpu 16gb 256gb 2025,macbook,apple,,,,16.0,,,256.0,13.6,2560 x 1664,,apple,1.24,Thời gian xem video trực tuyến lên đến 18 giờ Thời gian duyệt web trên mạng không dây lên đến 15 giờ Pin Li-Po 53.8 watt‑giờ tích hợp,26990000.0,data/cellphones/detail_htmls\macbook_1_specs.html,APPLE_GPU,APPLE
MACBOOK Air M2 2022 16gb,macbook,apple,M2,2,,16.0,,,256.0,13.6,2560 x 1664,,apple,1.27,"52,6 Wh",24990000.0,data/cellphones/detail_htmls\macbook_0_specs.html,APPLE_GPU,APPLE
MACBOOK Pro 14 Inch M4 Pro 24gb 512gb,macbook,apple,M4 Pro,4,,24.0,,,512.0,14.2,3024 x 1964,120.0,apple,1.6,Pin Li-Po 72.4 watt-giờ Thời gian xem video trực tuyến lên đến 22 giờ Thời gian duyệt web trên mạng không dây lên đến 14 giờ,51990000.0,data/cellphones/detail_htmls\macbook_4_specs.html,APPLE_GPU,APPLE
Apple MACBOOK Air 13 M4 10cpu 8gpu 16gb 256gb 2025 Sac 70w,macbook,apple,,,,16.0,,,256.0,13.6,2560 x 1664,,apple,1.24,Thời gian xem video trực tuyến lên đến 18 giờ Thời gian duyệt web trên mạng không dây lên đến 15 giờ Pin Li-Po 53.8 watt‑giờ tích hợp,27990000.0,data/cellphones/detail_htmls\macbook_3_specs.html,APPLE_GPU,APPLE
Apple MACBOOK Air 13 M4 10cpu 10gpu 16gb 512gb 2025,macbook,apple,,,,16.0,,,512.0,13.6,2560 x 1664,,apple,1.24,Thời gian xem video trực tuyến lên đến 18 giờ Thời gian duyệt web trên mạng không dây lên đến 15 giờ Pin Li-Po 53.8 watt‑giờ tích hợp,31990000.0,data/cellphones/detail_htmls\macbook_2_specs.html,APPLE_GPU,APPLE
Apple MACBOOK Air 13 M4 10cpu 10gpu 16gb 512gb 2025 Sac 70w,macbook,apple,,,,16.0,,,512.0,13.6,2560 x 1664,,apple,1.24,Thời gian xem video trực tuyến lên đến 18 giờ Thời gian duyệt web trên mạng không dây lên đến 15 giờ Pin Li-Po 53.8 watt‑giờ tích hợp,32990000.0,data/cellphones/detail_htmls\macbook_5_specs.html,APPLE_GPU,APPLE
Apple MACBOOK Air 13 M4 10cpu 10gpu 24gb 512gb 2025,macbook,apple,,,,24.0,,,512.0,13.6,2560 x 1664,,apple,1.24,Thời gian xem video trực tuyến lên đến 18 giờ Thời gian duyệt web trên mạng không dây lên đến 15 giờ Pin Li-Po 53.8 watt‑giờ tích hợp,36990000.0,data/cellphones/detail_htmls\macbook_7_specs.html,APPLE_GPU,APPLE
Apple MACBOOK Air 15 M4 10cpu 10gpu 16gb 256gb 2025,macbook,apple,,,,16.0,,,256.0,15.3,2880 x 1864,,apple,1.51,Thời gian xem video trực tuyến lên đến 18 giờ Thời gian duyệt web trên mạng không dây lên đến 15 giờ Pin Li-Po 66.5 watt‑giờ tích hợp,31990000.0,data/cellphones/detail_htmls\macbook_6_specs.html,APPLE_GPU,APPLE
Apple MACBOOK Air 15 M4 10cpu 10gpu 16gb 512gb 2025,macbook,apple,,,,16.0,,,512.0,15.3,2880 x 1864,,apple,1.51,Thời gian xem video trực tuyến lên đến 18 giờ Thời gian duyệt web trên mạng không dây lên đến 15 giờ Pin Li-Po 66.5 watt‑giờ tích hợp,36990000.0,data/cellphones/detail_htmls\macbook_9_specs.html,APPLE_GPU,APPLE
MACBOOK Air M3 13 Inch 2024,macbook,apple,M3,3,,8.0,,,256.0,13.6,,,apple,,,27990000.0,data/cellphones/detail_htmls\macbook_8_specs.html,APPLE_GPU,APPLE
MACBOOK Pro 14 Inch M4 24gb 1tb,macbook,apple,M4,4,,24.0,,,1024.0,14.2,3024 x 1964,120.0,apple,1.55,Pin Li-Po 72.4 watt-giờ Thời gian xem video trực tuyến lên đến 24 giờ Thời gian duyệt web trên mạng không dây lên đến 16 giờ,49990000.0,data/cellphones/detail_htmls\macbook_12_specs.html,APPLE_GPU,APPLE
MACBOOK Pro 16 Inch M4 Max 48gb 1tb,macbook,apple,M4 Max,4,,48.0,,,1024.0,16.2,3456 x 2234,120.0,apple,2.15,Pin Li-Po 100 watt-giờ Thời gian xem video trực tuyến lên đến 21 giờ Thời gian duyệt web trên mạng không dây lên đến 14 giờ,103740000.0,data/cellphones/detail_htmls\macbook_11_specs.html,APPLE_GPU,APPLE
Apple MACBOOK Air 13 M4 10cpu 10gpu 24gb 512gb 2025 Sac 70w,macbook,apple,,,,24.0,,,512.0,13.6,2560 x 1664,,apple,,Thời gian xem video trực tuyến lên đến 18 giờ Thời gian duyệt web trên mạng không dây lên đến 15 giờ Pin Li-Po 53.8 watt‑giờ tích hợp,37990000.0,data/cellphones/detail_htmls\macbook_10_specs.html,APPLE_GPU,APPLE
MACBOOK Pro 14 Inch M4 Pro 12 Cpu 16 Gpu 24gb 512gb Sac 96w,macbook,apple,M4 Pro,4,,24.0,,,512.0,14.2,3024 x 1964,120.0,apple,1.6,Pin Li-Po 72.4 watt-giờ Thời gian xem video trực tuyến lên đến 22 giờ Thời gian duyệt web trên mạng không dây lên đến 14 giờ,52490000.0,data/cellphones/detail_htmls\macbook_13_specs.html,APPLE_GPU,APPLE
Apple MACBOOK Air 15 M4 10cpu 10gpu 16gb 256gb 2025 Sac 70w,macbook,apple,,,,16.0,,,256.0,15.3,2880 x 1864,,apple,1.51,Thời gian xem video trực tuyến lên đến 18 giờ Thời gian duyệt web trên mạng không dây lên đến 15 giờ Pin Li-Po 66.5 watt‑giờ tích hợp,32990000.0,data/cellphones/detail_htmls\macbook_17_specs.html,APPLE_GPU,APPLE
MACBOOK Pro 16 M4 Pro 14 Cpu 20 Gpu 24gb 1tb 2024 Sac 140w,macbook,apple,M4 Pro,4,,24.0,,,1024.0,16.2,3456 x 2234,120.0,apple,2.14,Pin Li-Po 100 watt-giờ Thời gian xem video trực tuyến lên đến 24 giờ Thời gian duyệt web trên mạng không dây lên đến 17 giờ,71890000.0,data/cellphones/detail_htmls\macbook_18_specs.html,APPLE_GPU,APPLE
Apple MACBOOK Air 15 M4 10cpu 10gpu 24gb 512gb 2025 Sac 70w,macbook,apple,,,,24.0,,,512.0,15.3,2880 x 1864,,apple,1.51,Thời gian xem video trực tuyến lên đến 18 giờ Thời gian duyệt web trên mạng không dây lên đến 15 giờ Pin Li-Po 66.5 watt‑giờ tích hợp,42990000.0,data/cellphones/detail_htmls\macbook_15_specs.html,APPLE_GPU,APPLE
MACBOOK Pro 14 Inch M4 16gb 1tb,macbook,apple,M4,4,,16.0,,,1024.0,14.2,3024 x 1964,120.0,apple,1.55,Pin Li-Po 72.4 watt-giờ Thời gian xem video trực tuyến lên đến 24 giờ Thời gian duyệt web trên mạng không dây lên đến 16 giờ,44990000.0,data/cellphones/detail_htmls\macbook_14_specs.html,APPLE_GPU,APPLE
Apple MACBOOK Air 15 M4 10cpu 10gpu 16gb 512gb 2025 Sac 70w,macbook,apple,,,,16.0,,,512.0,15.3,2880 x 1864,,apple,1.51,Thời gian xem video trực tuyến lên đến 18 giờ Thời gian duyệt web trên mạng không dây lên đến 15 giờ Pin Li-Po 66.5 watt‑giờ tích hợp,37990000.0,data/cellphones/detail_htmls\macbook_16_specs.html,APPLE_GPU,APPLE
MACBOOK Pro 16 Inch M4 Pro 24gb 512gb,macbook,apple,M4 Pro,4,,24.0,,,512.0,16.2,3456 x 2234,120.0,apple,2.14,Pin Li-Po 100 watt-giờ Thời gian xem video trực tuyến lên đến 24 giờ Thời gian duyệt web trên mạng không dây lên đến 17 giờ,66990000.0,data/cellphones/detail_htmls\macbook_19_specs.html,APPLE_GPU,APPLE
MACBOOK Pro M4 Pro 14 Inch 12cpu 16gpu 24gb 512gb Nano,macbook,apple,M4 Pro,4,,24.0,,,512.0,14.2,3024 x 1964,120.0,apple,1.6,Pin Li-Po 72.4 watt-giờ Thời gian xem video trực tuyến lên đến 22 giờ Thời gian duyệt web trên mạng không dây lên đến 14 giờ,55660000.0,data/cellphones/detail_htmls\macbook_22_specs.html,APPLE_GPU,APPLE
MACBOOK Pro 16 Inch M4 Pro 48gb 512gb,macbook,apple,M4 Pro,4,,48.0,,,512.0,16.2,3456 x 2234,120.0,apple,2.14,Pin Li-Po 100 watt-giờ Thời gian xem video trực tuyến lên đến 24 giờ Thời gian duyệt web trên mạng không dây lên đến 17 giờ,76790000.0,data/cellphones/detail_htmls\macbook_20_specs.html,APPLE_GPU,APPLE
MACBOOK Pro M4 Pro 14 Inch 14cpu 20gpu 24gb 1tb Nano,macbook,apple,M4 Pro,4,,24.0,,,1024.0,14.2,3024 x 1964,120.0,apple,1.6,Pin Li-Po 72.4 watt-giờ Thời gian xem video trực tuyến lên đến 22 giờ Thời gian duyệt web trên mạng không dây lên đến 14 giờ,65460000.0,data/cellphones/detail_htmls\macbook_23_specs.html,APPLE_GPU,APPLE
MACBOOK Pro M4 Max 14 Inch 14cpu 32gpu 36gb 1tb Nano,macbook,apple,M4 Max,4,,36.0,,,1024.0,14.2,3024 x 1964,120.0,apple,1.62,Pin Li-Po 72.4 watt-giờ Thời gian xem video trực tuyến lên đến 18 giờ Thời gian duyệt web trên mạng không dây lên đến 13 giờ,85060000.0,data/cellphones/detail_htmls\macbook_24_specs.html,APPLE_GPU,APPLE
MACBOOK Pro M4 Pro 14 Inch 14cpu 20gpu 24gb 512gb Nano,macbook,apple,M4 Pro,4,,24.0,,,512.0,14.2,3024 x 1964,120.0,apple,1.6,Pin Li-Po 72.4 watt-giờ Thời gian xem video trực tuyến lên đến 22 giờ Thời gian duyệt web trên mạng không dây lên đến 14 giờ,60560000.0,data/cellphones/detail_htmls\macbook_34_specs.html,APPLE_GPU,APPLE
MACBOOK Air M2 2022,macbook,apple,M2,2,,8.0,,,256.0,13.6,2560 x 1664,,apple,1.27,"52,6 Wh",24990000.0,data/cellphones/detail_htmls\macbook_36_specs.html,APPLE_GPU,APPLE
MACBOOK Pro 14 Inch M3 Max 96gb 512gb Sac 96w,macbook,apple,M3 Max,3,,96.0,,,512.0,14.2,3024 x 1964,120.0,apple,1.55,"Pin Li-Po 72,4 watt-giờ",95990000.0,data/cellphones/detail_htmls\macbook_38_specs.html,APPLE_GPU,APPLE
MACBOOK Pro 14 Inch M4 16gb 512gb,macbook,apple,M4,4,,16.0,,,512.0,14.2,3024 x 1964,120.0,apple,1.55,Pin Li-Po 72.4 watt-giờ Thời gian xem video trực tuyến lên đến 24 giờ Thời gian duyệt web trên mạng không dây lên đến 16 giờ,39990000.0,data/cellphones/detail_htmls\macbook_35_specs.html,APPLE_GPU,APPLE
MACBOOK Pro M4 14 Inch 10cpu 10gpu 24gb 512gb,macbook,apple,M4,4,,24.0,,,512.0,14.2,3024 x 1964,120.0,apple,1.55,Pin Li-Po 72.4 watt-giờ Thời gian xem video trực tuyến lên đến 24 giờ Thời gian duyệt web trên mạng không dây lên đến 16 giờ,44990000.0,data/cellphones/detail_htmls\macbook_37_specs.html,APPLE_GPU,APPLE
MACBOOK Air 2020 M1,macbook,apple,,,,8.0,lpddr4,,256.0,13.3,2560 x 1600,,apple,1.29,"49.9-watt lithium-polymer, củ sạc công suất 30W",22990000.0,data/cellphones/detail_htmls\macbook_39_specs.html,APPLE_GPU,APPLE
MACBOOK Air M2 2022 16gb 256gb 10gpu,macbook,apple,M2,2,,16.0,,,256.0,13.6,2560 x 1664,,apple,1.24,"52,6 Wh",27490000.0,data/cellphones/detail_htmls\macbook_41_specs.html,APPLE_GPU,APPLE
MACBOOK Air M2 2022 16gb 512gb Sac 70w,macbook,apple,M2,2,,16.0,,,512.0,13.6,2560 x 1664,,apple,1.27,"52,6 Wh",29990000.0,data/cellphones/detail_htmls\macbook_40_specs.html,APPLE_GPU,APPLE
Apple MACBOOK Pro 14 M4 10 Cpu 10 Gpu 16gb 512gb 2024 Nano,macbook,apple,M4,4,,16.0,,,512.0,14.2,3024 x 1964,120.0,apple,1.55,Pin Li-Po 72.4 watt-giờ Thời gian xem video trực tuyến lên đến 24 giờ Thời gian duyệt web trên mạng không dây lên đến 16 giờ,43790000.0,data/cellphones/detail_htmls\macbook_43_specs.html,APPLE_GPU,APPLE
MACBOOK Air M3 13 Inch 2024 16gb 256gb 10gpu,macbook,apple,M3,3,,16.0,,,256.0,13.6,,,apple,,,30490000.0,data/cellphones/detail_htmls\macbook_44_specs.html,APPLE_GPU,APPLE
MACBOOK Pro M4 Max 16 Inch 14cpu 32gpu 36gb 1tb Nano,macbook,apple,M4 Max,4,,36.0,,,1024.0,16.2,3456 x 2234,120.0,apple,2.15,Pin Li-Po 100 watt-giờ Thời gian xem video trực tuyến lên đến 21 giờ Thời gian duyệt web trên mạng không dây lên đến 14 giờ,95160000.0,data/cellphones/detail_htmls\macbook_45_specs.html,APPLE_GPU,APPLE
MACBOOK Pro 14 Inch M4 Max 36gb 1tb,macbook,apple,M4 Max,4,,36.0,,,1024.0,14.2,3024 x 1964,120.0,apple,1.62,Pin Li-Po 72.4 watt-giờ Thời gian xem video trực tuyến lên đến 18 giờ Thời gian duyệt web trên mạng không dây lên đến 13 giờ,81390000.0,data/cellphones/detail_htmls\macbook_46_specs.html,APPLE_GPU,APPLE
MACBOOK Air 13 M3 24gb 512gb 2024 Sac 35w,macbook,apple,M3,3,,24.0,,,512.0,13.6,,,apple,,,37990000.0,data/cellphones/detail_htmls\macbook_47_specs.html,APPLE_GPU,APPLE
MACBOOK Air M3 13 Inch 2024 16gb 512gb,macbook,apple,M3,3,,16.0,,,512.0,13.6,,,apple,,,32990000.0,data/cellphones/detail_htmls\macbook_49_specs.html,APPLE_GPU,APPLE
MACBOOK Pro 14 Inch M4 10 Cpu 10 Gpu 16gb 512gb Sac 96w,macbook,apple,M4,4,,16.0,,,512.0,14.2,3024 x 1964,120.0,apple,1.55,Pin Li-Po 72.4 watt-giờ Thời gian xem video trực tuyến lên đến 24 giờ Thời gian duyệt web trên mạng không dây lên đến 16 giờ,39760000.0,data/cellphones/detail_htmls\macbook_48_specs.html,APPLE_GPU,APPLE
MACBOOK Air M3 13 Inch 2024 16gb 256gb,macbook,apple,M3,3,,16.0,,,256.0,13.6,,,apple,,,27990000.0,data/cellphones/detail_htmls\macbook_51_specs.html,APPLE_GPU,APPLE
MACBOOK Pro 16 Inch M3 Pro 2023 36gb 1tb,macbook,apple,M3 Pro,3,,36.0,,,1024.0,16.2,3024 x 1964,120.0,apple,1.55,140Wh,79990000.0,data/cellphones/detail_htmls\macbook_50_specs.html,APPLE_GPU,APPLE
MACBOOK Air 15 M3 24gb 512gb 2024 35w,macbook,apple,M3,3,,24.0,,,512.0,15.3,,,apple,,,42990000.0,data/cellphones/detail_htmls\macbook_52_specs.html,APPLE_GPU,APPLE
MACBOOK Pro 2020 13 Inch Touch Bar M1 512gb,macbook,apple,,,,8.0,,,512.0,13.3,2560 x 1600,,apple,1.4,"58.2-watt-hour lithium-polymer, 61W USB-C Power Adapter",41990000.0,data/cellphones/detail_htmls\macbook_54_specs.html,APPLE_GPU,APPLE
MACBOOK Air M3 15 Inch 2024 16gb 256gb,macbook,apple,M3,3,,16.0,,,256.0,15.3,,,apple,,,32990000.0,data/cellphones/detail_htmls\macbook_55_specs.html,APPLE_GPU,APPLE
MACBOOK Pro 14 Inch M3 2023 8gb 512gb,macbook,apple,M3,3,,8.0,,,512.0,14.2,3024 x 1964,120.0,apple,1.55,70Wh,39990000.0,data/cellphones/detail_htmls\macbook_57_specs.html,APPLE_GPU,APPLE
MACBOOK Pro 16 Inch M3 Max 2023 36gb 1tb,macbook,apple,M3 Max,3,,36.0,,,1024.0,16.2,3024 x 1964,120.0,apple,2.16,"Pin Li-Po 72,4 watt-giờ",89990000.0,data/cellphones/detail_htmls\macbook_58_specs.html,APPLE_GPU,APPLE
MACBOOK Pro 16 Inch M2 Pro 2023,macbook,apple,M2 Pro,2,,16.0,,,2048.0,16.0,3456 x 2234,120.0,apple,2.1,70Wh Sạc 96W,65990000.0,data/cellphones/detail_htmls\macbook_59_specs.html,APPLE_GPU,APPLE
Apple MACBOOK Pro 16 M4 Pro 14 Cpu 20 Gpu 48gb 1tb 2024,macbook,apple,M4 Pro,4,,48.0,,,1024.0,16.2,3456 x 2234,120.0,apple,2.14,Pin Li-Po 100 watt-giờ Thời gian xem video trực tuyến lên đến 24 giờ Thời gian duyệt web trên mạng không dây lên đến 17 giờ,81690000.0,data/cellphones/detail_htmls\macbook_60_specs.html,APPLE_GPU,APPLE
MACBOOK Air 15 Inch M2 2023 16gb 256gb,macbook,apple,M2,2,,16.0,,,256.0,15.0,,,apple,1.51,Lên đến 18 giờ,37990000.0,data/cellphones/detail_htmls\macbook_62_specs.html,APPLE_GPU,APPLE
MACBOOK Air M3 13 Inch 8cpu 10gpu 24gb 512gb Sac 70w,macbook,apple,M3,3,,24.0,,,512.0,13.6,,,apple,,,37990000.0,data/cellphones/detail_htmls\macbook_63_specs.html,APPLE_GPU,APPLE
MACBOOK Air 13 Inch M3 24gb 256gb 2024 Sac 30w,macbook,apple,M3,3,,24.0,,,256.0,13.6,,,apple,,,32990000.0,data/cellphones/detail_htmls\macbook_65_specs.html,APPLE_GPU,APPLE
MACBOOK Pro M4 Pro 16 Inch 14cpu 20gpu 24gb 512gb Nano,macbook,apple,M4 Pro,4,,24.0,,,512.0,16.2,3456 x 2234,120.0,apple,2.14,Pin Li-Po 100 watt-giờ Thời gian xem video trực tuyến lên đến 24 giờ Thời gian duyệt web trên mạng không dây lên đến 17 giờ,70660000.0,data/cellphones/detail_htmls\macbook_66_specs.html,APPLE_GPU,APPLE
MACBOOK Pro 14 Inch M3 Pro 36gb 512gb Sac 70w,macbook,apple,M3 Pro,3,,36.0,,,512.0,14.2,3024 x 1964,120.0,apple,1.55,"Pin Li-Po 72,4 watt-giờ",59990000.0,data/cellphones/detail_htmls\macbook_67_specs.html,APPLE_GPU,APPLE
MACBOOK Pro 14 Inch M3 Pro 2023 18gb 2tb,macbook,apple,M3 Pro,3,,18.0,,,2048.0,14.2,3024 x 1964,120.0,apple,1.61,70Wh,64990000.0,data/cellphones/detail_htmls\macbook_69_specs.html,APPLE_GPU,APPLE
MACBOOK Air M3 15 Inch 24gb 512gb 2024 Sac 70w,macbook,apple,M3,3,,24.0,,,512.0,15.3,,,apple,,,42990000.0,data/cellphones/detail_htmls\macbook_71_specs.html,APPLE_GPU,APPLE
Apple MACBOOK Air 13 M3 8cpu 10gpu 16gb 1tb 2024,macbook,apple,M3,3,,16.0,,,1024.0,13.6,,,apple,,,37990000.0,data/cellphones/detail_htmls\macbook_74_specs.html,APPLE_GPU,APPLE
MACBOOK Pro 14 Inch M2 Max 64gb 2023,macbook,apple,M2 Max,2,,64.0,,,1024.0,14.2,3024 x 1964,120.0,apple,1.6,70Wh Đi kèm củ sạc 96W,92990000.0,data/cellphones/detail_htmls\macbook_75_specs.html,APPLE_GPU,APPLE
GIGABYTE Gaming A16 Ga6h Cthi3vn893sh,gigabyte,intel,Core I7,13620,4.9,16.0,ddr5,5200.0,4096.0,16.0,1920 x 1200,165.0,nvidia,2.23,4 Cell Int (76.1Wh),30990000.0,data/cellphones/detail_htmls\gigabyte_4_specs.html,RTX 5050,DISCRETE_GAMING
GIGABYTE G6 Mf H2ph853kh,gigabyte,intel,Core I7,13620,3.6,16.0,ddr5,4800.0,4096.0,16.0,1920 x 1200,165.0,nvidia,2.279,4 Cell Int (54Wh),25190000.0,data/cellphones/detail_htmls\gigabyte_0_specs.html,RTX 4050,DISCRETE_GAMING
GIGABYTE Gaming A16 Ga6h Cmhi2vn893sh,gigabyte,intel,Core I7,13620,4.9,16.0,ddr5,5200.0,4096.0,16.0,1920 x 1200,165.0,nvidia,2.204,4 Cell Int (76.1Wh),27290000.0,data/cellphones/detail_htmls\gigabyte_3_specs.html,RTX 4050,DISCRETE_GAMING
GIGABYTE Aero X16 Eg61h X161vh93vnc64ah RYZEN Ai 7,gigabyte,amd,Ryzen AI 7,350,2.0,32.0,ddr5,5600.0,1024.0,16.0,2560 x 1600,165.0,nvidia,1.99,Li Polymer 76Wh,39690000.0,data/cellphones/detail_htmls\gigabyte_2_specs.html,RTX 5060,DISCRETE_GAMING
GIGABYTE Gaming A16 Ga6h Cmhh2vn893sh,gigabyte,intel,Core I5,13420,4.6,16.0,ddr5,5200.0,4096.0,16.0,1920 x 1200,165.0,nvidia,2.212,4 Cell Int (76.1Wh),24990000.0,data/cellphones/detail_htmls\gigabyte_1_specs.html,RTX 4050,DISCRETE_GAMING
GIGABYTE Gaming A16 Ga6h Cthh3vn893sh,gigabyte,intel,Core I5,13420,4.6,16.0,ddr5,5200.0,4096.0,16.0,1920 x 1200,165.0,nvidia,2.227,4 Cell Int (76.1Wh),30590000.0,data/cellphones/detail_htmls\gigabyte_7_specs.html,RTX 5050,DISCRETE_GAMING
GIGABYTE Gaming A16 Ga6h Cvhi3vnc94sh,gigabyte,intel,Core I7,13620,4.9,16.0,ddr5,5200.0,1024.0,15.6,2560 x 1600,165.0,nvidia,2.268,4 Cell Int (76.1Wh),36490000.0,data/cellphones/detail_htmls\gigabyte_6_specs.html,RTX 5060,DISCRETE_GAMING
GIGABYTE Aorus Master 16 Am6h Byhc5vne64sh,gigabyte,intel,Core Ultra 9,275,5.4,32.0,ddr5,5600.0,1024.0,16.0,2560 x 1600,240.0,nvidia,2.5,99Wh,96590000.0,data/cellphones/detail_htmls\gigabyte_9_specs.html,RTX 5080,DISCRETE_GAMING
GIGABYTE Aorus 16x 9rx6lasgddjixdvn010,gigabyte,intel,Core I7,14650,20.0,16.0,ddr5,5600.0,1024.0,16.0,2560x1600,165.0,nvidia,2.345,Li Polymer 99Wh,45990000.0,data/cellphones/detail_htmls\gigabyte_8_specs.html,RTX 4070,DISCRETE_GAMING
GIGABYTE Gaming A16 Ga6h Cwhi3vnc94sh,gigabyte,intel,Core I7,13620,4.9,16.0,ddr5,5200.0,1024.0,16.0,2560 x 1600,165.0,nvidia,2.268,4 Cell Int (76.1Wh),42590000.0,data/cellphones/detail_htmls\gigabyte_5_specs.html,RTX 5070,DISCRETE_GAMING
GIGABYTE G6 Kf 9rc56kf0hjjanivn000,gigabyte,intel,Core I7,13620,4.9,16.0,ddr5,4800.0,1024.0,16.0,1920 x 1200,165.0,nvidia,2.275,Lithium-Ion 54Wh,30990000.0,data/cellphones/detail_htmls\gigabyte_11_specs.html,RTX 4060,DISCRETE_GAMING
GIGABYTE Aero X16 Eg61h X161vh93vnc94dh RYZEN Ai 7,gigabyte,amd,Ryzen AI 7,350,2.0,16.0,ddr5,5600.0,1024.0,16.0,2560 x 1600,165.0,nvidia,1.985,Li Polymer 76Wh,38690000.0,data/cellphones/detail_htmls\gigabyte_10_specs.html,RTX 5060,DISCRETE_GAMING
GIGABYTE G6 Kf 73vn854kh,gigabyte,intel,Core I7,13700,5.0,16.0,ddr5,4800.0,1024.0,16.0,1920 x 1200,165.0,nvidia,2.299,Lithium-Ion 54Wh,28290000.0,data/cellphones/detail_htmls\gigabyte_12_specs.html,RTX 4060,DISCRETE_GAMING
GIGABYTE G5 Kf5 53vn383sh,gigabyte,intel,Core I5,13500,4.7,8.0,ddr5,4800.0,512.0,15.6,1920 x 1080,144.0,nvidia,2.08,54WHrs,26290000.0,data/cellphones/detail_htmls\gigabyte_16_specs.html,RTX 4060,DISCRETE_GAMING
GIGABYTE Gaming A16 Ga6h Cvhi3vn893sh,gigabyte,intel,Core I7,13620,4.9,16.0,ddr5,5200.0,4096.0,16.0,1920 x 1200,165.0,nvidia,2.233,4 Cell Int (76.1Wh),34590000.0,data/cellphones/detail_htmls\gigabyte_17_specs.html,RTX 5060,DISCRETE_GAMING
ASUS Vivobook Gaming K3605vc Rp431w I5 13420h,asus,intel,Core I5,13420,4.6,16.0,ddr4,3200.0,512.0,16.0,1920x1200,144.0,nvidia,1.8,50 Whr 120 W,22090000.0,data/fpt/detail_htmls\asus_0_specs.html,RTX 3050,DISCRETE_GAMING
ASUS Vivobook 15 X1502va Bq886w I7 13620h,asus,intel,Core I7,13620,4.9,16.0,ddr4,3200.0,512.0,15.6,1920x1200,60.0,intel,1.7,42 WHrs 65 W,18490000.0,data/fpt/detail_htmls\asus_4_specs.html,INTEL_UHD,INTEGRATED
ASUS Vivobook E1504fa Bq1150w R5 7520u,asus,amd,Ryzen 5,7520,4.3,16.0,lpddr5,4800.0,512.0,15.6,1920x1080,60.0,amd,1.63,42 WHrs 45 W,14990000.0,data/fpt/detail_htmls\asus_3_specs.html,AMD_RADEON_GRAPHICS,INTEGRATED
ASUS Vivobook Go 15 E1504ga Bq1141w I3 N305,asus,intel,Core I3,305,3.8,8.0,ddr4,,256.0,15.6,1920x1080,60.0,intel,1.63,42 WHrs 45 W,9990000.0,data/fpt/detail_htmls\asus_2_specs.html,INTEL_UHD,INTEGRATED
ASUS Vivobook X1502va Bq885w I5 13420h,asus,intel,Core I5,13420,4.6,16.0,ddr4,,512.0,15.6,1920x1080,60.0,intel,1.7,63 Wh 150 W,16190000.0,data/fpt/detail_htmls\asus_1_specs.html,INTEL_GRAPHICS,INTEGRATED
ASUS Tuf Gaming F16 Fx607vj Rl034w Core 5 210h,asus,intel,Core 5,210,4.8,16.0,ddr4,3200.0,512.0,16.0,1920x1200,144.0,intel,2.2,56 WHrs 150 W,24590000.0,data/fpt/detail_htmls\asus_6_specs.html,RTX 3050,DISCRETE_GAMING
ASUS Vivobook X1605va Mb1826w,asus,intel,Core I3,1315,4.5,8.0,ddr4,,512.0,16.0,1920x1200,60.0,intel,1.88,42 WHrs 45 W,13990000.0,data/fpt/detail_htmls\asus_8_specs.html,INTEL_UHD,INTEGRATED
ASUS Tuf Gaming Fa506ncg Hn184w R7 7445hs,asus,amd,Ryzen 7,7445,4.7,16.0,ddr5,5600.0,512.0,15.6,1920x1080,144.0,nvidia,2.3,48 Wh 180 W,22490000.0,data/fpt/detail_htmls\asus_7_specs.html,RTX 3050,DISCRETE_GAMING
ASUS Tuf Gaming F16 Fx607vu Rl045w Core 5 210h,asus,intel,Core 5,210,4.8,16.0,ddr5,5600.0,512.0,16.0,1920x1200,144.0,intel,2.2,56 WHrs 240 W,28990000.0,data/fpt/detail_htmls\asus_5_specs.html,RTX 4050,DISCRETE_GAMING
ASUS Vivobook X1404va Nk394w I3 1315u,asus,intel,Core I3,1315,4.5,8.0,ddr4,3200.0,512.0,14.0,1920x1080,60.0,intel,1.4,42 WHrs 45 W,13490000.0,data/fpt/detail_htmls\asus_9_specs.html,INTEL_UHD,INTEGRATED
ASUS Vivobook S14 S3407va Ly046w I5 13420h,asus,intel,Core I5,13420,4.6,16.0,ddr5,4800.0,512.0,14.0,1920x1200,60.0,intel,1.39,70 Wh 65 W,19490000.0,data/fpt/detail_htmls\asus_12_specs.html,INTEL_UHD,INTEGRATED
ASUS Vivobook 14 A1407ca Ly008ws,asus,intel,Ultra 5,225,4.9,16.0,ddr5,4800.0,512.0,14.0,1920x1200,60.0,intel,1.46,42 Wh 65 W,21990000.0,data/fpt/detail_htmls\asus_10_specs.html,INTEL_GRAPHICS,INTEGRATED
ASUS Vivobook E1404fa Eb482w R5 7520u,asus,amd,Ryzen 5,7520,4.3,16.0,lpddr5,5500.0,512.0,14.0,1920x1080,60.0,amd,1.38,42 Wh 45 W,14990000.0,data/fpt/detail_htmls\asus_13_specs.html,AMD_RADEON_GRAPHICS,INTEGRATED
ASUS Vivobook S3407va Ly146w Core 5 210h,asus,intel,Core 5,210,4.8,16.0,ddr5,4800.0,512.0,14.0,1920x1200,60.0,intel,1.4,70 Whr 65 W,20990000.0,data/fpt/detail_htmls\asus_14_specs.html,INTEL_UHD,INTEGRATED
ASUS Gaming V16 V3607vu Rp343w Core 5 210h,asus,intel,Core 5,210,4.8,16.0,ddr5,,512.0,16.0,1920x1200,144.0,nvidia,1.95,63 WHrs 150 W,26990000.0,data/fpt/detail_htmls\asus_11_specs.html,RTX 4050,DISCRETE_GAMING
ASUS Vivobook S14 S3407va Ly053w I7 13620h,asus,intel,Core I7,13620,4.9,16.0,ddr5,4800.0,512.0,14.0,1920x1200,60.0,intel,1.4,70 Wh 65 W,21990000.0,data/fpt/detail_htmls\asus_16_specs.html,INTEL_UHD,INTEGRATED
ASUS Vivobook 14 X1405va Ly623w I5 13420h,asus,intel,Core I5,13420,4.6,16.0,ddr4,3200.0,512.0,14.0,1920x1200,60.0,intel,1.6,42 Wh 65 W,16190000.0,data/fpt/detail_htmls\asus_15_specs.html,INTEL_UHD,INTEGRATED
ASUS Gaming V16 V3607vh Rp025w Core 7 240h,asus,intel,Core 7,240,5.2,16.0,ddr5,5200.0,512.0,16.0,1920x1200,144.0,intel,1.95,63 WHrs 150 W,30490000.0,data/fpt/detail_htmls\asus_19_specs.html,RTX 5050,DISCRETE_GAMING
ASUS Vivobook S3607va Rp056w I7 13620h,asus,intel,Core I7,13620,4.9,16.0,ddr5,4800.0,512.0,16.0,1920x1200,144.0,intel,1.8,70 Whr 65 W,21990000.0,data/fpt/detail_htmls\asus_17_specs.html,INTEL_UHD,INTEGRATED
ASUS Vivobook S14 S3407ca Ly095ws Ultra 5 225h,asus,intel,Ultra 5,225,4.9,16.0,ddr5,4800.0,512.0,14.0,1920x1200,60.0,intel,1.4,70 Wh 65 W,22490000.0,data/fpt/detail_htmls\asus_18_specs.html,INTEL_UHD,INTEGRATED
ASUS Vivobook E1504fa Nj454w,asus,amd,Ryzen 5,7520,4.3,16.0,lpddr5,,512.0,15.6,1920x1080,60.0,amd,1.8,42 WHrs 45 W,14190000.0,data/fpt/detail_htmls\asus_20_specs.html,AMD_RADEON_GRAPHICS,INTEGRATED
ASUS Vivobook S14 M3407ka Sf034ws AMD RYZEN Ai 5 330,asus,amd,Ryzen AI 5,,4.0,16.0,ddr5,4800.0,512.0,14.0,1920x1200,60.0,amd,1.4,70 Wh 65 W,23490000.0,data/fpt/detail_htmls\asus_21_specs.html,AMD_RADEON_GRAPHICS,INTEGRATED
ASUS Tuf Gaming Fa607nug Rl129w R7 7445hs,asus,amd,Ryzen 7,7445,4.7,16.0,ddr5,5600.0,512.0,16.0,1920x1200,144.0,amd,2.2,4 Cell 240 W,28990000.0,data/fpt/detail_htmls\asus_23_specs.html,RTX 4050,DISCRETE_GAMING
ASUS Vivobook 15 X1504va Bq165w Core 5 120u,asus,intel,Core 5,120,5.0,16.0,ddr4,3200.0,512.0,15.6,1920x1080,60.0,intel,1.7,42 WHrs 45 W,18990000.0,data/fpt/detail_htmls\asus_22_specs.html,INTEL_UHD,INTEGRATED
HP 14 Ep1179tu Core 5 120u C89zspa,hp,intel,Core 5,120,5.0,16.0,ddr4,,512.0,14.0,1920x1080,,intel,1.398,3 Cell 45 W,18690000.0,data/fpt/detail_htmls\hp_2_specs.html,INTEL_GRAPHICS,INTEGRATED
HP Probook 445 G10 R5 7530u B73tsat,hp,amd,Ryzen 5,7530,4.5,16.0,ddr4,3200.0,512.0,14.0,1920x1080,60.0,amd,1.38,3 Cell 65 W,18590000.0,data/fpt/detail_htmls\hp_4_specs.html,AMD_RADEON_GRAPHICS,INTEGRATED
HP 15 Fd0305tu I3 1315u A2nl6pa,hp,intel,Core I3,1315,4.5,8.0,ddr4,3200.0,256.0,15.6,1920x1080,60.0,intel,1.59,3 Cell 45 W,12290000.0,data/fpt/detail_htmls\hp_1_specs.html,INTEL_UHD,INTEGRATED
HP 250 G10 I5 1334u B3wa8at,hp,intel,Core 5,1334,4.6,16.0,ddr4,,512.0,15.6,1920x1080,,intel,1.624,3 Cell 45 W,18390000.0,data/fpt/detail_htmls\hp_3_specs.html,INTEL_GRAPHICS,INTEGRATED
HP 14 Em0086au R5 7520u,hp,amd,Ryzen 5,7520,4.3,16.0,lpddr5,5500.0,512.0,14.0,1920x1080,60.0,amd,1.4,3 Cell 45 W,14890000.0,data/fpt/detail_htmls\hp_0_specs.html,AMD_RADEON_GRAPHICS,INTEGRATED
HP 14 Ep0112tu I5 1335u,hp,intel,Core I5,1335,3.4,16.0,ddr4,,512.0,14.0,1920x1080,,intel,1.4,3 Cell 45 W,19190000.0,data/fpt/detail_htmls\hp_5_specs.html,INTEL_IRIS_XE,INTEGRATED
HP Gaming Victus 15 Fa2732tx I5 13420h B85lppa,hp,intel,Core I5,13420,4.6,16.0,ddr4,3200.0,512.0,15.6,1920x1080,144.0,nvidia,2.262,70.07 Wh 120 W,26090000.0,data/fpt/detail_htmls\hp_6_specs.html,RTX 4050,DISCRETE_GAMING
HP 14 Ep0220tu I3 1315u B73vwpa,hp,intel,Core I3,1315,4.5,8.0,ddr4,3200.0,512.0,14.0,1920x1080,60.0,intel,1.38,3 Cell 45 W,13190000.0,data/fpt/detail_htmls\hp_7_specs.html,INTEL_UHD,INTEGRATED
HP Gaming Victus 15 Fa2731tx I5 13420h B85lnpa,hp,intel,Core I5,13420,4.6,16.0,ddr4,3200.0,512.0,15.6,1920x1080,144.0,nvidia,2.185,52.5 Wh 120 W,24090000.0,data/fpt/detail_htmls\hp_9_specs.html,RTX 3050,DISCRETE_GAMING
HP Omnibook 5 Ai 16 Af1048tu Ultra 5 225u Bz7q9pa,hp,intel,Core Ultra 5,225,4.8,16.0,lpddr5x,7467.0,512.0,16.0,1920x1200,,intel,1.734,3 Cell 65 W,23690000.0,data/fpt/detail_htmls\hp_10_specs.html,INTEL_GRAPHICS,INTEGRATED
HP 15 Fd1289tu Ultra 7 155h C2cv8pa,hp,intel,Core Ultra 7,155,4.8,16.0,ddr5,,512.0,15.6,1920x1080,60.0,intel,1.65,3 Cell 65 W,22890000.0,data/fpt/detail_htmls\hp_11_specs.html,INTEL_GRAPHICS,INTEGRATED
HP Gaming Victus 15 Fb3116ax R7 7445hs Bx9c9pa,hp,amd,Ryzen 7,7445,5.1,16.0,lpddr5,5600.0,512.0,15.6,1920x1080,144.0,amd,2.29,52.5 Wh 120 W,27990000.0,data/fpt/detail_htmls\hp_8_specs.html,RTX 4050,DISCRETE_GAMING
HP Envy X360 14 Fc0158tu Core Ultra 7 155u,hp,intel,Core Ultra 7,155,0.7,16.0,lpddr5,,512.0,14.0,2880x1800,120.0,intel,1.39,59 Wh 65 W,33290000.0,data/fpt/detail_htmls\hp_12_specs.html,INTEL_GRAPHICS,INTEGRATED
HP Omnibook 5 Ai 16 Af1046tu Ultra 5 225u Bz7q8pa,hp,intel,Core Ultra 5,225,4.8,16.0,lpddr5x,7467.0,512.0,16.0,1920x1200,,intel,1.734,3 Cell 65 W,24490000.0,data/fpt/detail_htmls\hp_14_specs.html,INTEL_GRAPHICS,INTEGRATED
HP 250r G10 Core 5 120u C3sh7at,hp,intel,Core 5,120,5.0,16.0,ddr4,,512.0,15.6,1920x1080,,intel,1.53,3 Cell 65 W,18590000.0,data/fpt/detail_htmls\hp_16_specs.html,INTEL_GRAPHICS,INTEGRATED
HP Gaming Victus 15 Fb3116ax R7 7445hs Bx8u4pa,hp,amd,Ryzen 7,7445,5.1,16.0,lpddr5,5600.0,512.0,15.6,1920x1080,144.0,nvidia,2.29,52.5 Wh 120 W,25990000.0,data/fpt/detail_htmls\hp_13_specs.html,RTX 3050,DISCRETE_GAMING
HP 15 Fd0083tu I7 1355u,hp,intel,Core I7,1355,1.7,16.0,,,512.0,15.6,1920x1080,60.0,,1.59,3 Cell,22090000.0,data/fpt/detail_htmls\hp_15_specs.html,UNKNOWN,UNKNOWN
HP Omnibook 5 16 Ag1068au AMD Ai 5 340 Bz7t0pa,hp,amd,Ryzen AI 5,340,4.8,16.0,lpddr5,7500.0,512.0,16.0,1920x1200,,amd,1.79,3 Cell 65 W,24790000.0,data/fpt/detail_htmls\hp_17_specs.html,AMD_RADEON_GRAPHICS,INTEGRATED
HP 15 Fd1060tu Core Ultra 7 155h,hp,intel,Core Ultra 7,155,4.8,16.0,ddr5,,512.0,15.6,1920x1080,60.0,intel,1.65,41 Cell 65 W,23990000.0,data/fpt/detail_htmls\hp_18_specs.html,INTEL_UHD,INTEGRATED
HP Omnibook 5 16 Ag1067au RYZEN Al 7 350 Bz7u5pa,hp,amd,Ryzen AI 7,350,5.0,16.0,lpddr5,7500.0,512.0,16.0,1920x1200,,amd,1.79,3 Cell 65 W,26790000.0,data/fpt/detail_htmls\hp_21_specs.html,AMD_RADEON_GRAPHICS,INTEGRATED
HP Probook 4 G1ah 14 R5 220,hp,amd,Ryzen 5,,4.9,16.0,lpddr5,5600.0,512.0,14.0,1920x1200,60.0,amd,1.4,3 Cell 65 W,19190000.0,data/fpt/detail_htmls\hp_19_specs.html,AMD_RADEON_GRAPHICS,INTEGRATED
HP Omnibook 7 14 Fr0033tu Ultra 5 225u C1mn2pa,hp,intel,Core Ultra 5,225,4.8,16.0,lpddr5,7467.0,512.0,14.0,1920x1200,,intel,1.41,3 Cell 68 W,25190000.0,data/fpt/detail_htmls\hp_20_specs.html,INTEL_GRAPHICS,INTEGRATED
HP 15 Fd1058tu U7 155h 9z2x6pa,hp,intel,Core Ultra 7,155,4.8,16.0,ddr5,,1024.0,15.6,1920x1080,60.0,intel,1.65,41 Cell 65 W,25490000.0,data/fpt/detail_htmls\hp_23_specs.html,INTEL_UHD,INTEGRATED
HP Omnibook 7 Aero 13 Bg1087au RYZEN Ai 5 340 Bz7s1pa,hp,amd,Ryzen AI 5,340,4.8,16.0,lpddr5,7200.0,512.0,13.3,1920x1200,,amd,1.0,3 Cell 65 W,26490000.0,data/fpt/detail_htmls\hp_22_specs.html,AMD_RADEON_GRAPHICS,INTEGRATED
LENOVO Ideapad Slim 3 15irh10 I5 13420h 83k1002pvn,lenovo,intel,Core I5,13420,3.4,16.0,ddr5,4800.0,512.0,15.1,2560x1600,165.0,intel,1.49,60 Wh 65 W,20490000.0,data/fpt/detail_htmls\lenovo_2_specs.html,INTEL_UHD,INTEGRATED
LENOVO Gaming Loq 15irx10 I7 13650hx 83je00pevn,lenovo,intel,Core I7,13650,4.9,32.0,ddr5,4800.0,512.0,15.6,1920x1080,144.0,nvidia,2.4,60 Wh 180 W,34990000.0,data/fpt/detail_htmls\lenovo_4_specs.html,RTX 5050,DISCRETE_GAMING
LENOVO V14 G4 Iru I3 1315u 83a000s4vn,lenovo,intel,Core I3,1315,4.5,8.0,ddr4,3200.0,512.0,14.0,1920x1080,60.0,intel,1.43,38 Wh 65 W,11590000.0,data/fpt/detail_htmls\lenovo_0_specs.html,INTEL_UHD,INTEGRATED
LENOVO Ideapad Slim 5 14akp10 RYZEN Ai 7 350 83hx001jvn,lenovo,amd,Ryzen AI 7,350,5.0,32.0,ddr5,5600.0,1024.0,14.0,1920x1200,60.0,amd,1.39,,27990000.0,data/fpt/detail_htmls\lenovo_6_specs.html,AMD_RADEON_GRAPHICS,INTEGRATED
LENOVO V15 G4 Iru I5 13420h 83a100pmvn,lenovo,intel,Core I5,13420,3.4,16.0,ddr4,3200.0,512.0,15.6,1920x1080,,intel,1.65,38 Wh 65 W,15990000.0,data/fpt/detail_htmls\lenovo_5_specs.html,INTEL_UHD,INTEGRATED
LENOVO Ideapad Slim 3 15arp10 R5 7533hs 83k70019vn,lenovo,amd,Ryzen 5,7533,4.5,24.0,ddr5,4800.0,512.0,15.3,1920x1200,60.0,amd,1.69,60 Wh 65 W,16990000.0,data/fpt/detail_htmls\lenovo_7_specs.html,AMD_RADEON_GRAPHICS,INTEGRATED
LENOVO Ideapad Slim 3 15abr8 82xm00mdvn,lenovo,amd,Ryzen 5,5625,4.3,16.0,ddr4,3200.0,512.0,15.6,1920x1080,60.0,amd,1.62,,14490000.0,data/fpt/detail_htmls\lenovo_9_specs.html,AMD_RADEON_GRAPHICS,INTEGRATED
LENOVO Gaming Loq 15arp9 R5 7235hs 83jc00lvvn,lenovo,amd,Ryzen 5,7235,4.2,16.0,ddr5,4800.0,512.0,15.6,1920x1080,144.0,nvidia,2.38,60 Wh 170 W,23490000.0,data/fpt/detail_htmls\lenovo_11_specs.html,RTX 3050,DISCRETE_GAMING
LENOVO V15 G4 Iru I7 13620h 83a100rhvn,lenovo,intel,Core I7,13620,3.6,16.0,ddr4,3200.0,512.0,15.6,1920x1080,,intel,1.65,38 Wh 65 W,19090000.0,data/fpt/detail_htmls\lenovo_10_specs.html,INTEL_UHD,INTEGRATED
LENOVO Gaming Loq 15arp9 R5 7235hs 83jc00m3vn,lenovo,amd,Ryzen 5,7235,4.2,16.0,ddr5,4800.0,1024.0,15.6,1920x1080,144.0,nvidia,2.38,60 Wh 170 W,24490000.0,data/fpt/detail_htmls\lenovo_12_specs.html,RTX 3050,DISCRETE_GAMING
LENOVO Ideapad Slim 3 14irh10 83k00007vn,lenovo,intel,Core I7,13620,4.9,16.0,ddr5,4800.0,512.0,14.0,1920x1280,60.0,intel,1.43,60 Wh 65 W,19990000.0,data/fpt/detail_htmls\lenovo_13_specs.html,INTEL_UHD,INTEGRATED
LENOVO Ideapad Slim 3 14irh10 I5 13420h 83k0000bvn,lenovo,intel,Core I5,13420,3.4,16.0,ddr5,4800.0,512.0,14.0,1920x1280,60.0,intel,1.33,60 Wh 65 W,19490000.0,data/fpt/detail_htmls\lenovo_15_specs.html,INTEL_UHD,INTEGRATED
LENOVO Gaming Loq E 15iax9e I5 12450hx 83lk0079vn,lenovo,intel,Core I5,12450,3.1,16.0,ddr5,4800.0,512.0,15.6,1920x1080,144.0,nvidia,1.77,,22090000.0,data/fpt/detail_htmls\lenovo_16_specs.html,RTX 3050,DISCRETE_GAMING
LENOVO Yoga Slim 7 14imh9 Core Ultra 7 155h 83cv00dkvn,lenovo,intel,Core Ultra 7,155,4.8,32.0,lpddr5,5600.0,1024.0,14.0,1920x1200,60.0,intel,1.39,65 Wh 65 W,29990000.0,data/fpt/detail_htmls\lenovo_17_specs.html,INTEL_GRAPHICS,INTEGRATED
LENOVO Thinkpad E14 Gen 7 U5 225u 21sx005nvn,lenovo,intel,Core Ultra 5,225,4.8,16.0,ddr5,5600.0,512.0,14.0,1920x1200,60.0,intel,1.34,48 Wh 65 W,24300000.0,data/fpt/detail_htmls\lenovo_18_specs.html,INTEL_GRAPHICS,INTEGRATED
LENOVO Thinkpad E14 Gen 7 Core 5 210h 21t90023vn,lenovo,intel,Core 5,210,4.8,16.0,ddr5,5600.0,512.0,14.0,1920x1200,60.0,intel,1.34,48 Wh 65 W,23400000.0,data/fpt/detail_htmls\lenovo_22_specs.html,INTEL_GRAPHICS,INTEGRATED
LENOVO V14 G5 Irl INTEL Core I5 13420h,lenovo,intel,Core I5,13420,3.4,16.0,ddr5,5200.0,512.0,14.0,1920x1080,,intel,1.37,47 Wh 65 W,16200000.0,data/fpt/detail_htmls\lenovo_21_specs.html,INTEL_UHD,INTEGRATED
LENOVO Legion 5 15irx10 I7 13650hx 83ly00hrvn,lenovo,intel,Core I7,13650,4.9,16.0,ddr5,,512.0,15.3,1920x1200,165.0,nvidia,2.1,80 Wh 245 W,36990000.0,data/fpt/detail_htmls\lenovo_20_specs.html,RTX 5050,DISCRETE_GAMING
LENOVO V15 G5 Irl INTEL Core I5 13420h,lenovo,intel,Core I5,13420,3.4,16.0,ddr5,5200.0,512.0,15.6,1920x1080,,intel,1.61,47 Wh 65 W,16400000.0,data/fpt/detail_htmls\lenovo_23_specs.html,INTEL_UHD,INTEGRATED
ACER Aspire Go 14 Ai Ag14 71m 52lh Ultra5 115u,acer,intel,Core Ultra 5,,4.2,16.0,ddr5,,512.0,14.0,1920x1200,60.0,intel,1.47,,16990000.0,data/fpt/detail_htmls\acer_0_specs.html,INTEL_GRAPHICS,INTEGRATED
ACER Aspire Lite 15 Al15 41p R3u5 R7 5700u,acer,amd,Ryzen 7,5700,4.3,16.0,ddr4,,512.0,15.6,1920x1080,60.0,amd,1.7,,12990000.0,data/fpt/detail_htmls\acer_1_specs.html,AMD_RADEON_GRAPHICS,INTEGRATED
ACER Gaming Nitro V 15 Propanel Anv15 41 R9m1 R5 7535hs,acer,amd,Ryzen 5,7535,4.55,16.0,ddr5,,512.0,15.6,1920x1080,180.0,amd,2.1,,23990000.0,data/fpt/detail_htmls\acer_2_specs.html,RTX 3050,DISCRETE_GAMING
ACER Aspire Lite 16 Ai Al16 71p 71wu Ultra 7 155h,acer,intel,Ultra 7,155,4.8,16.0,ddr5,5600.0,512.0,16.0,1920x1200,60.0,intel,1.6,,20290000.0,data/fpt/detail_htmls\acer_4_specs.html,INTEL_GRAPHICS,INTEGRATED
ACER Aspire Lite 14 Al14 71m 52gq I5 12500h,acer,intel,Core I5,12500,4.5,16.0,ddr5,,512.0,14.0,1920x1200,60.0,intel,1.5,,15790000.0,data/fpt/detail_htmls\acer_3_specs.html,INTEL_IRIS_XE,INTEGRATED
ACER Nitro V Gaming Anv15 41 R2up R5 6600h,acer,amd,Ryzen 5,6600,3.3,16.0,ddr5,,512.0,15.6,1920x1080,165.0,nvidia,2.1,,18990000.0,data/fpt/detail_htmls\acer_7_specs.html,RTX 2050,DISCRETE_GAMING
ACER Swift Lite 14 Ai Sfl14 51m 56hs U5 125u,acer,intel,Core Ultra 5,125,4.3,16.0,ddr5,,512.0,14.0,1920x1200,60.0,intel,1.27,3 Cell,19690000.0,data/fpt/detail_htmls\acer_8_specs.html,INTEL_GRAPHICS,INTEGRATED
ACER Aspire 7 Gaming A715 59g 57tu I5 12450h 16gb,acer,intel,Core I5,12450,4.4,16.0,ddr4,,512.0,15.6,1920x1080,144.0,nvidia,1.99,,20190000.0,data/fpt/detail_htmls\acer_6_specs.html,RTX 3050,DISCRETE_GAMING
ACER Aspire Lite 16 Ai Al16 71p 5674 Ultra 5 125h,acer,intel,Ultra 5,125,4.5,16.0,ddr5,5600.0,512.0,16.0,1920x1200,60.0,intel,1.6,,17290000.0,data/fpt/detail_htmls\acer_5_specs.html,INTEL_GRAPHICS,INTEGRATED
ACER Gaming Nitro V 15 Anv15 41 R732 R5 6600h,acer,amd,Ryzen 5,6600,4.5,16.0,ddr5,,512.0,15.6,1920x1080,165.0,nvidia,2.1,,24990000.0,data/fpt/detail_htmls\acer_9_specs.html,RTX 4050,DISCRETE_GAMING
ACER Aspire Lite 14 Gen 2 Al14 52m 32kv,acer,intel,Core I3,1305,4.5,8.0,ddr5,,256.0,14.0,1920x1200,60.0,,1.5,3 Cell,11290000.0,data/fpt/detail_htmls\acer_11_specs.html,UNKNOWN,UNKNOWN
ACER Aspire Lite 15 Al15 72p 7232 I7 13620h,acer,intel,Core I7,13620,4.9,16.0,ddr5,,512.0,15.6,1920x1080,60.0,intel,1.79,58 Wh 90 W,16990000.0,data/fpt/detail_htmls\acer_10_specs.html,INTEL_UHD,INTEGRATED
ACER Aspire 7 Gaming A715 59g 73lb I7 12650h,acer,intel,Core I7,12650,4.7,16.0,ddr4,,512.0,15.6,1920x1080,144.0,nvidia,2.07,54.8 Wh 150 W,23690000.0,data/fpt/detail_htmls\acer_12_specs.html,RTX 3050,DISCRETE_GAMING
ACER Gaming Nitro V 15 Propanel Anv15 52 72bm I7 13620h,acer,intel,Core I7,13620,4.9,16.0,ddr4,,512.0,15.6,1920x1080,180.0,intel,2.1,,31490000.0,data/fpt/detail_htmls\acer_13_specs.html,RTX 5050,DISCRETE_GAMING
ACER Aspire 5 A515 58m 951t I9 13900h,acer,intel,Core I9,13900,5.4,16.0,ddr5,3200.0,512.0,15.6,1920x1080,60.0,intel,1.7,,23590000.0,data/fpt/detail_htmls\acer_15_specs.html,INTEL_IRIS_XE,INTEGRATED
ACER Aspire Lite 16 Al16 51p 72s2 I7 1255u,acer,intel,Core I7,1255,4.7,16.0,ddr5,,512.0,16.0,1920x1200,60.0,intel,1.8,3 Cell,16690000.0,data/fpt/detail_htmls\acer_16_specs.html,INTEL_IRIS_XE,INTEGRATED
ACER Gaming Nitro V 15 Propanel Anv15 41 R7ap R5 7535hs,acer,amd,Ryzen 5,7535,0.0,16.0,ddr5,,512.0,15.6,1920x1200,180.0,nvidia,2.1,,22990000.0,data/fpt/detail_htmls\acer_18_specs.html,RTX 2050,DISCRETE_GAMING
ACER Aspire Lite 14 Al14 52m 52uu I5 1335u,acer,intel,Core I5,1335,4.6,16.0,ddr5,,512.0,14.0,2240x1400,60.0,intel,1.5,,16490000.0,data/fpt/detail_htmls\acer_14_specs.html,INTEL_UHD,INTEGRATED
ACER Aspire Lite 16 Gen 2 Al16 52p 572a I5 1334u,acer,intel,Core I5,1334,4.6,16.0,ddr5,,512.0,16.0,1920x1200,60.0,intel,1.7,,14990000.0,data/fpt/detail_htmls\acer_17_specs.html,INTEL_IRIS_XE,INTEGRATED
ACER Gaming Nitro V 15 Propanel Anv15 41 R7cr R5 7535hs,acer,amd,Ryzen 5,7735,4.55,16.0,ddr5,,512.0,15.6,1920x1080,180.0,nvidia,2.1,57 Wh 135 W,26990000.0,data/fpt/detail_htmls\acer_19_specs.html,RTX 4050,DISCRETE_GAMING
ACER Swift Go 14 Ai Sfg14 75 5264 Ultra 5 226v,acer,intel,Core Ultra 5,226,4.5,16.0,lpddr5x,,512.0,14.0,1920x1200,60.0,intel,1.24,,23990000.0,data/fpt/detail_htmls\acer_20_specs.html,INTEL_GRAPHICS,INTEGRATED
ACER Gaming Nitro V 15 Propanel Anv15 41 R0y4 R7 7735hs,acer,amd,Ryzen 7,7735,4.75,16.0,ddr5,,512.0,15.6,1920x1080,180.0,amd,2.1,57 Wh 135 W,28990000.0,data/fpt/detail_htmls\acer_21_specs.html,RTX 4050,DISCRETE_GAMING
ACER Aspire 7 A715 76 728x I7 12650h,acer,intel,Core I7,12650,3.5,16.0,ddr4,,512.0,15.6,1920x1080,60.0,,2.1,,20190000.0,data/fpt/detail_htmls\acer_22_specs.html,UNKNOWN,UNKNOWN
ACER Swift Lite 14 Ai Sfl14 51m 78xz U7 155u,acer,intel,Core Ultra 7,155,3.8,16.0,ddr5,,512.0,14.0,1920x1200,60.0,intel,1.27,3 Cell,22590000.0,data/fpt/detail_htmls\acer_23_specs.html,INTEL_GRAPHICS,INTEGRATED
MSI Venture A15 Ai A2hmg 003vn R7 260,msi,amd,Ryzen 7,260,5.1,16.0,ddr5,5600.0,512.0,15.6,1920x1080,144.0,amd,1.9,55.2 WHrs 90 W,22490000.0,data/fpt/detail_htmls\msi_0_specs.html,AMD_RADEON_GRAPHICS,INTEGRATED
MSI Modern 15 H Ai C2hmg 220vn Ultra 7 255h,msi,intel,Ultra 7,255,5.1,16.0,ddr5,5600.0,512.0,15.6,1920x1080,60.0,intel,1.9,39.3 Whr 90 W,22490000.0,data/fpt/detail_htmls\msi_4_specs.html,INTEL_GRAPHICS,INTEGRATED
MSI Modern 14 F13mg 466vn I5 1334u,msi,intel,Core I5,1334,4.6,16.0,ddr4,3200.0,512.0,14.0,1920x1080,60.0,intel,1.5,46.8 Whr 65 W,14990000.0,data/fpt/detail_htmls\msi_3_specs.html,INTEL_IRIS_XE,INTEGRATED
MSI Gaming Thin 15 B13uc 3247vn I5 13420h,msi,intel,Core I5,13420,4.6,16.0,ddr4,3200.0,512.0,15.6,1920x1080,144.0,nvidia,1.86,52 Whr 120 W,20590000.0,data/fpt/detail_htmls\msi_1_specs.html,RTX 3050,DISCRETE_GAMING
MSI Gaming Katana 15 B13vfk 676vn I7 13620h,msi,intel,Core I7,13620,4.9,16.0,ddr5,5200.0,1024.0,15.6,1920x1080,144.0,nvidia,2.25,53.5 Wh 200 W,30390000.0,data/fpt/detail_htmls\msi_2_specs.html,RTX 4060,DISCRETE_GAMING
MSI Gaming Katana 15 B13vek 2415vn,msi,intel,Core I5,13420,4.6,24.0,ddr5,5200.0,512.0,15.6,1920x1080,144.0,intel,2.25,53.5 Wh 200 W,25090000.0,data/fpt/detail_htmls\msi_5_specs.html,RTX 4050,DISCRETE_GAMING
MSI Gaming Katana 15 B13udxk 2213vn I5 13500h,msi,intel,Core I5,13500,4.7,16.0,ddr5,5600.0,1024.0,15.6,1920x1080,144.0,nvidia,2.3,53.5 Whr 180 W,23490000.0,data/fpt/detail_htmls\msi_6_specs.html,RTX 3050,DISCRETE_GAMING
MSI Gaming Katana 15 B13udxk 2410vn I5 13420h,msi,intel,Core I5,13420,4.6,16.0,ddr5,5200.0,512.0,15.6,1920x1080,144.0,intel,2.25,53.5 Wh 180 W,22490000.0,data/fpt/detail_htmls\msi_7_specs.html,RTX 3050,DISCRETE_GAMING
MSI Gaming Katana 15 B13udxk 2412vn I5 13420h,msi,intel,Core I5,13420,4.9,16.0,ddr5,5200.0,1024.0,15.6,1920x1080,144.0,nvidia,2.25,53.5 Wh 200 W,22490000.0,data/fpt/detail_htmls\msi_8_specs.html,RTX 3050,DISCRETE_GAMING
MSI Gaming Thin 15 B13uc 2081vn I5 13420h,msi,intel,Core I5,13420,4.6,16.0,ddr4,3200.0,512.0,15.6,1920x1080,144.0,nvidia,1.86,52.4 Wh 120 W,20590000.0,data/fpt/detail_htmls\msi_9_specs.html,RTX 3050,DISCRETE_GAMING
MSI Gaming Katana 15 B13udxk 2411vn I7 13620h,msi,intel,Core I7,13620,4.9,16.0,ddr5,5200.0,512.0,15.6,1920x1080,144.0,nvidia,2.25,53.5 Wh 180 W,24490000.0,data/fpt/detail_htmls\msi_10_specs.html,RTX 3050,DISCRETE_GAMING
MSI Venture A16 Ai A3hmg 017vn RYZEN Ai 7 350,msi,amd,Ryzen AI 7,350,4.6,16.0,ddr5,5600.0,512.0,16.0,2048x1280,120.0,amd,1.9,75 WHrs 90 W,29390000.0,data/fpt/detail_htmls\msi_11_specs.html,AMD_RADEON_GRAPHICS,INTEGRATED
MSI Modern 15 F13mg 666vn I5 1334u,msi,intel,Core I5,1334,4.6,16.0,ddr4,3200.0,512.0,15.6,1920x1080,60.0,intel,1.7,46.8 Whr 65 W,15190000.0,data/fpt/detail_htmls\msi_13_specs.html,INTEL_IRIS_XE,INTEGRATED
MSI Gaming Thin15 B13uc 2044vn I7 13620h,msi,intel,Core I7,13620,4.9,16.0,ddr4,3200.0,512.0,15.6,1920x1200,144.0,nvidia,1.86,52.4 Wh 120 W,21090000.0,data/fpt/detail_htmls\msi_12_specs.html,RTX 3050,DISCRETE_GAMING
MSI Gaming Katana 15 Hx B14wgk 023vn I7 14650hx,msi,intel,Core I7,14650,5.2,16.0,ddr5,5600.0,1024.0,15.6,2560x1440,165.0,nvidia,2.4,75 Wh 240 W,44990000.0,data/fpt/detail_htmls\msi_14_specs.html,RTX 5070,DISCRETE_GAMING
MSI Gaming Cyborg 15 Ai A1vek 245vn Ultra 5 135h,msi,intel,Core Ultra 5,,1.2,16.0,ddr5,,512.0,16.0,1920x1080,144.0,nvidia,1.98,53.5 Wh,24990000.0,data/fpt/detail_htmls\msi_15_specs.html,RTX 4050,DISCRETE_GAMING
MSI Gaming Katana 15 Hx B14wfk 294vn I9 14900hx,msi,intel,Core I9,14900,5.8,16.0,ddr5,5600.0,512.0,15.6,2560x1440,165.0,intel,2.4,75 Wh 240 W,40990000.0,data/fpt/detail_htmls\msi_16_specs.html,RTX 5060,DISCRETE_GAMING
MSI Gaming Katana 15 Hx B14wfk 267vn I7 14650hx,msi,intel,Core I7,14650,5.2,32.0,ddr5,5600.0,512.0,15.6,2560x1440,165.0,nvidia,2.4,75 Wh 240 W,40190000.0,data/fpt/detail_htmls\msi_17_specs.html,RTX 5060,DISCRETE_GAMING
MSI Gaming Katana 15 Hx B14wek 286vn I5 14450hx,msi,intel,Core I5,14450,4.8,16.0,ddr5,5600.0,512.0,15.6,2560x1440,165.0,nvidia,2.4,75 Wh 240 W,33690000.0,data/fpt/detail_htmls\msi_18_specs.html,RTX 5050,DISCRETE_GAMING
MSI Gaming Katana 15 Hx B14wek 295vn I9 14900hx,msi,intel,Core I9,14900,5.8,16.0,ddr5,5600.0,512.0,15.6,2560x1440,165.0,intel,2.4,75 Wh 240 W,38490000.0,data/fpt/detail_htmls\msi_19_specs.html,RTX 5050,DISCRETE_GAMING
MSI Gaming Crosshair 16 Hx D2xwgkg 034vn U7 255hx,msi,intel,Core Ultra 7,255,5.2,16.0,ddr5,6400.0,1024.0,16.0,2560x1600,240.0,nvidia,2.5,90 WHrs 240 W,49990000.0,data/fpt/detail_htmls\msi_21_specs.html,RTX 5070,DISCRETE_GAMING
MSI Gaming Vector 16 Hx Ai A2xwig 062vn U9 275hx,msi,intel,Ultra 9,275,5.4,16.0,ddr5,5600.0,1024.0,16.0,2560x1600,240.0,nvidia,2.7,90 WHrs 330 W,70590000.0,data/fpt/detail_htmls\msi_22_specs.html,RTX 5080,DISCRETE_GAMING
MSI Gaming Crosshair 16 Hx D2xwfkg 036vn U7 255hx,msi,intel,Core Ultra 7,255,5.2,16.0,ddr5,6400.0,1024.0,16.0,2560x1600,240.0,intel,2.5,90 WHrs 240 W,44090000.0,data/fpt/detail_htmls\msi_20_specs.html,RTX 5060,DISCRETE_GAMING
MSI Gaming Vector 16 Hx Ai A2xwhg 010vn,msi,intel,Ultra 7,255,5.2,16.0,ddr5,6400.0,512.0,16.0,2560x1600,240.0,nvidia,2.7,90 WHrs 330 W,53890000.0,data/fpt/detail_htmls\msi_23_specs.html,RTX 5070,DISCRETE_GAMING
DELL 15 Dc15250 I7 1355u Cph997,dell,intel,Core I7,1355,3.7,16.0,ddr4,2666.0,1024.0,15.6,1920x1080,120.0,intel,1.65,3 Cell,22990000.0,data/fpt/detail_htmls\dell_2_specs.html,INTEL_UHD,INTEGRATED
DELL 15 Dc15250 I5 1334u 71071928,dell,intel,Core I5,1334,3.4,16.0,ddr4,2666.0,512.0,15.6,1920x1080,120.0,intel,1.66,3 Cell,19590000.0,data/fpt/detail_htmls\dell_3_specs.html,INTEL_UHD,INTEGRATED
DELL Inspiron 15 3520 I5 1235u,dell,intel,Core I5,1235,4.4,16.0,ddr4,2666.0,512.0,15.6,1920x1080,120.0,intel,1.9,3 Cell 41 W,16690000.0,data/fpt/detail_htmls\dell_4_specs.html,INTEL_IRIS_XE,INTEGRATED
DELL 15 Dc15255 R5 7530u Dc5r5802w1,dell,amd,Ryzen 5,7530,4.5,16.0,ddr4,,512.0,15.6,1920x1080,120.0,amd,1.63,,16990000.0,data/fpt/detail_htmls\dell_0_specs.html,AMD_RADEON_GRAPHICS,INTEGRATED
DELL Latitude 3450 I5 1335u 16512w Umc,dell,intel,Core I5,1335,4.6,16.0,ddr5,,512.0,14.0,1920x1080,60.0,intel,1.5,3 Cell 65 W,19590000.0,data/fpt/detail_htmls\dell_1_specs.html,INTEL_IRIS_XE,INTEGRATED
DELL 15 Dc15250 I7 1355u 71073959,dell,intel,Core I7,1355,3.7,16.0,ddr4,2666.0,512.0,15.6,1920x1080,120.0,intel,1.9,,21990000.0,data/fpt/detail_htmls\dell_5_specs.html,INTEL_UHD,INTEGRATED
DELL Latitude 3450 I7 1355u 16512w,dell,intel,Core I7,1355,4.6,16.0,ddr5,5200.0,512.0,14.0,1920x1080,60.0,intel,1.5,3 Cell 65 W,25990000.0,data/fpt/detail_htmls\dell_9_specs.html,INTEL_IRIS_XE,INTEGRATED
DELL Inspiron 15 3530 I5 1334un5i5530w1,dell,intel,Core I5,1334,4.6,16.0,ddr4,2666.0,512.0,15.6,1920x1080,120.0,intel,1.66,3 Cell 65 W,19590000.0,data/fpt/detail_htmls\dell_6_specs.html,INTEL_IRIS_XE,INTEGRATED
DELL Inspiron 15 3530 I7 1355u P16wd,dell,intel,Core I7,1355,5.0,16.0,ddr4,,1024.0,15.6,1920x1080,120.0,intel,1.716,4 Cell,22990000.0,data/fpt/detail_htmls\dell_7_specs.html,INTEL_IRIS_XE,INTEGRATED
DELL Inspiron 15 3530 I5 1334u I5u165w11slu,dell,intel,Core I5,1334,4.6,16.0,ddr4,,512.0,15.6,1920x1200,120.0,intel,1.66,,19590000.0,data/fpt/detail_htmls\dell_8_specs.html,INTEL_UHD,INTEGRATED
DELL Inspiron 15 3530 71053721,dell,intel,Core I7,1355,5.0,16.0,ddr4,2666.0,512.0,15.6,1920x1080,60.0,intel,1.66,4 Cell 54,21990000.0,data/fpt/detail_htmls\dell_10_specs.html,INTEL_IRIS_XE,INTEGRATED
DELL Inspiron 14 5441 X1p 64 100 5mnk1,dell,qualcomm,Oryon,1,3.4,16.0,ddr5,,512.0,14.0,1920x1200,60.0,qualcomm,1.53,3 Cell,29390000.0,data/fpt/detail_htmls\dell_13_specs.html,QUALCOMM_ADRENO,INTEGRATED_ARM
DELL 15 Dc15250 I5 1334u Cph99,dell,intel,Core I5,1334,3.4,16.0,ddr4,2666.0,512.0,15.6,1920x1080,120.0,intel,1.66,3 Cell,19590000.0,data/fpt/detail_htmls\dell_11_specs.html,INTEL_UHD,INTEGRATED
DELL 15 Dc15255 R7 7730u X9ym41,dell,amd,Ryzen 7,7730,4.5,16.0,ddr4,3200.0,1024.0,15.6,1920x1080,120.0,amd,1.9,3 Cell,19990000.0,data/fpt/detail_htmls\dell_14_specs.html,AMD_RADEON_GRAPHICS,INTEGRATED
DELL Inspiron 15 3520 I5 1235u 71071952,dell,intel,Core I5,1235,4.4,16.0,ddr4,,512.0,15.6,1920x1080,120.0,intel,1.9,,16690000.0,data/fpt/detail_htmls\dell_12_specs.html,INTEL_IRIS_XE,INTEGRATED
DELL Inspiron 15 N3530 I7 1355u N5i7305w1,dell,intel,Core I7,1355,5.0,16.0,ddr4,,512.0,15.6,1920x1200,120.0,intel,1.67,4 Cell,21990000.0,data/fpt/detail_htmls\dell_15_specs.html,INTEL_IRIS_XE,INTEGRATED
DELL Inspiron 15 3520 I5 1235u U165w11slu,dell,intel,Core I5,1235,,16.0,ddr4,2666.0,512.0,15.6,1920x1200,120.0,intel,1.9,3 Cell,16690000.0,data/fpt/detail_htmls\dell_16_specs.html,INTEL_UHD,INTEGRATED
DELL Inspiron 15 3530 I7 1355un3530 I7u161w11slu Bl,dell,intel,Core I7,1355,5.0,16.0,ddr4,2666.0,512.0,15.6,1920x1080,120.0,intel,1.66,4 Cell 54 W,21990000.0,data/fpt/detail_htmls\dell_17_specs.html,INTEL_IRIS_XE,INTEGRATED
DELL Inspiron 15 3520 I5 1235u 71061229,dell,intel,Core I5,1235,4.4,16.0,ddr4,2666.0,512.0,15.6,1920x1080,120.0,intel,1.9,3 Cell 41 W,16690000.0,data/fpt/detail_htmls\dell_18_specs.html,INTEL_UHD,INTEGRATED
DELL Inspiron N3520 I5 1235u I5 1235ui5u165w11blu Fp,dell,intel,Core I5,1235,5.5,16.0,ddr4,,512.0,15.6,1920x1200,120.0,intel,1.66,3 Cell,16690000.0,data/fpt/detail_htmls\dell_19_specs.html,INTEL_UHD,INTEGRATED
DELL Inspiron 15 3520 I5 1235u I5u165w11blu Fp,dell,intel,Core I5,1235,5.5,16.0,ddr4,,512.0,15.6,1920x1200,120.0,intel,1.66,4 Cell,16690000.0,data/fpt/detail_htmls\dell_20_specs.html,INTEL_UHD,INTEGRATED
DELL Inspiron 15 3520 I5 1235u 8d10nk,dell,intel,Core I5,1235,4.4,16.0,ddr4,,512.0,15.6,1920x1080,120.0,intel,1.643,3 Cell,16690000.0,data/fpt/detail_htmls\dell_23_specs.html,INTEL_IRIS_XE,INTEGRATED
DELL Xps 13 9350 Ultra7 258 Vpp9h1,dell,intel,Core Ultra 7,258,4.8,32.0,ddr5,,1024.0,13.4,2560x1600,120.0,intel,1.21,3 Cell,68990000.0,data/fpt/detail_htmls\dell_21_specs.html,INTEL_GRAPHICS,INTEGRATED
DELL Xps 13 9350 Ultra 5 226v 71058714,dell,intel,Core 5,226,2.1,16.0,ddr5,,1024.0,13.4,2560x1600,120.0,intel,1.19,,60990000.0,data/fpt/detail_htmls\dell_22_specs.html,INTEL_GRAPHICS,INTEGRATED
Lg Grambook 15u50t Gav56a5 I5 1334u,lg,intel,Core I5,1334,3.4,16.0,ddr4,,512.0,15.6,1920x1080,60.0,intel,1.7,,15990000.0,data/fpt/detail_htmls\lg_0_specs.html,INTEL_IRIS_XE,INTEGRATED
MACBOOK Air M2 13 2024 8cpu 8gpu 16gb 256gb,macbook,apple,M2,8,2.3,16.0,lpddr4,,256.0,13.6,2560x1644,60.0,,1.24,22 Giờ,24490000.0,data/fpt/detail_htmls\macbook_2_specs.html,UNKNOWN,UNKNOWN
MACBOOK Pro 14 M5 2025 10cpu 10gpu 16gb 512gb,macbook,apple,M5,10,,16.0,,,512.0,14.2,3024x1964,120.0,apple,1.55,72.4 Wh,41990000.0,data/fpt/detail_htmls\macbook_4_specs.html,APPLE_GPU,APPLE
MACBOOK Air 13 M4 2025 10cpu 10gpu 16gb 512gb,macbook,apple,M4,10,,16.0,,,512.0,13.6,2560x1644,60.0,,1.24,,31390000.0,data/fpt/detail_htmls\macbook_3_specs.html,UNKNOWN,UNKNOWN
MACBOOK Pro M4 Pro 14 2024 12cpu 16gpu 24gb 512gb,macbook,apple,M4 Pro,14,2.3,24.0,,,512.0,14.2,3024x1964,120.0,apple,1.61,,51990000.0,data/fpt/detail_htmls\macbook_1_specs.html,APPLE_GPU,APPLE
MACBOOK Air 13 M4 2025 10cpu 8gpu 16gb 256gb,macbook,apple,M4,10,,16.0,,,256.0,13.6,2560x1644,60.0,,1.24,,26490000.0,data/fpt/detail_htmls\macbook_0_specs.html,UNKNOWN,UNKNOWN
MACBOOK Air 15 M4 2025 10cpu 10gpu 16gb 256gb,macbook,apple,M4,10,,16.0,,,256.0,15.3,2880x1864,60.0,,1.51,,31390000.0,data/fpt/detail_htmls\macbook_5_specs.html,UNKNOWN,UNKNOWN
MACBOOK Air 15 M4 2025 10cpu 10gpu 24gb 512gb,macbook,apple,M4,10,,24.0,,,512.0,15.3,2880x1864,60.0,,1.51,,41190000.0,data/fpt/detail_htmls\macbook_7_specs.html,UNKNOWN,UNKNOWN
MACBOOK Air 15 M4 2025 10cpu 10gpu 16gb 512gb,macbook,apple,M4,10,,16.0,,,512.0,15.3,2880x1864,60.0,,1.51,,36290000.0,data/fpt/detail_htmls\macbook_9_specs.html,UNKNOWN,UNKNOWN
MACBOOK Air 13 M4 2025 10cpu 10gpu 24gb 512gb,macbook,apple,M4,10,,24.0,,,512.0,13.6,2560x1644,60.0,apple,1.24,,36290000.0,data/fpt/detail_htmls\macbook_6_specs.html,APPLE_GPU,APPLE
MACBOOK Pro M4 Pro 16 2024 14cpu 20gpu 24gb 512gb,macbook,apple,M4 Pro,14,,24.0,,,512.0,16.2,3456x2234,120.0,apple,2.14,22 Giờ,66990000.0,data/fpt/detail_htmls\macbook_8_specs.html,APPLE_GPU,APPLE
MACBOOK Pro M4 Pro 14 2024 14cpu 20gpu 24gb 1tb,macbook,apple,M4 Pro,14,2.3,24.0,,,1024.0,14.2,3024x1964,120.0,apple,1.61,,61790000.0,data/fpt/detail_htmls\macbook_10_specs.html,APPLE_GPU,APPLE
MACBOOK Pro 14 2023 M3 Pro 12 Cpu 18 Gpu 18gb 1tb,macbook,apple,M3 Pro,12,2.3,18.0,,,1024.0,14.2,3024x1964,120.0,apple,1.61,22 Giờ,59990000.0,data/fpt/detail_htmls\macbook_12_specs.html,APPLE_GPU,APPLE
MACBOOK Pro M4 Pro 16 2024 14cpu 20gpu 48gb 512gb,macbook,apple,M4 Pro,14,,48.0,,,512.0,16.2,3456x2234,120.0,apple,2.14,22 Giờ,76790000.0,data/fpt/detail_htmls\macbook_14_specs.html,APPLE_GPU,APPLE
MACBOOK Air M2 2023 15 Inch,macbook,apple,M2,8,,8.0,,,512.0,15.3,2960x1848,60.0,apple,1.51,18 Giờ,32890000.0,data/fpt/detail_htmls\macbook_11_specs.html,APPLE_GPU,APPLE
MACBOOK Air 15 M2 2023 8cpu 10gpu 8gb 512gb Sac 70w,macbook,apple,M2,8,,8.0,,,512.0,15.3,2960x1848,60.0,apple,1.51,18 Giờ,37890000.0,data/fpt/detail_htmls\macbook_13_specs.html,APPLE_GPU,APPLE
MACBOOK Pro 14 M5 2025 10cpu 10gpu 16gb 1tb,macbook,apple,M5,10,,16.0,,,1024.0,14.2,3024x1964,120.0,apple,1.55,72.4 Wh,46890000.0,data/fpt/detail_htmls\macbook_16_specs.html,APPLE_GPU,APPLE
MACBOOK Pro 14 M5 2025 10cpu 10gpu 24gb 1tb,macbook,apple,M5,10,,24.0,,,1024.0,14.2,3024x1964,120.0,apple,1.55,72.4 Wh,51790000.0,data/fpt/detail_htmls\macbook_15_specs.html,APPLE_GPU,APPLE
MACBOOK Air M3 13 2024 8cpu 8gpu 16gb 256gb,macbook,apple,M3,8,,16.0,lpddr4,,256.0,13.6,2560x1644,60.0,,1.24,,27990000.0,data/fpt/detail_htmls\macbook_17_specs.html,UNKNOWN,UNKNOWN
MACBOOK Pro M4 Max 16 2024 16cpu 40gpu 48gb 1tb,macbook,apple,M4 Max,16,,48.0,,,1024.0,16.2,3456x2234,120.0,apple,2.14,22 Giờ,103690000.0,data/fpt/detail_htmls\macbook_18_specs.html,APPLE_GPU,APPLE
MACBOOK Pro 14 M5 2025 10cpu 10gpu 24gb 512gb,macbook,apple,M5,10,,24.0,,,512.0,14.2,3024x1964,120.0,apple,1.55,72.4 Wh,46890000.0,data/fpt/detail_htmls\macbook_19_specs.html,APPLE_GPU,APPLE
MACBOOK Pro 14 M5 2025 10cpu 10gpu 24gb 1tb Nano,macbook,apple,M5,10,,24.0,,,1024.0,14.2,3024x1964,120.0,apple,1.55,72.4 Wh,55390000.0,data/fpt/detail_htmls\macbook_20_specs.html,APPLE_GPU,APPLE
MACBOOK Pro 14 M5 2025 10cpu 10gpu 16gb 512gb Nano,macbook,apple,M5,10,,16.0,,,512.0,14.2,3024x1964,120.0,apple,1.55,72.4 Wh,45590000.0,data/fpt/detail_htmls\macbook_21_specs.html,APPLE_GPU,APPLE
MACBOOK Pro 14 M5 2025 10cpu 10gpu 16gb 1tb Nano,macbook,apple,M5,10,,16.0,,,1024.0,14.2,3024x1964,120.0,apple,1.55,72.4 Wh,50490000.0,data/fpt/detail_htmls\macbook_22_specs.html,APPLE_GPU,APPLE
Colorful Rimbook L1 I3 1220p Ca30016512c S E1ad,colorful,intel,Core I3,1220,4.4,16.0,ddr4,3200.0,512.0,15.6,1920x1080,60.0,intel,1.78,3 Cell 50 W,11290000.0,data/fpt/detail_htmls\colorful_1_specs.html,INTEL_UHD,INTEGRATED
Colorful Rimbook L1 I5 12450h Ce50016512c G E1ac,colorful,intel,Core I5,12450,4.4,16.0,ddr4,3200.0,512.0,15.6,1920x1080,60.0,intel,1.78,3 Cell 50 W,14290000.0,data/fpt/detail_htmls\colorful_2_specs.html,INTEL_UHD,INTEGRATED
Colorful Rimbook L1 I3 1220p Ca30016512c G E1ac,colorful,intel,Core I3,1220,4.4,16.0,ddr4,,512.0,15.6,1920x1080,60.0,intel,1.78,3 Cell 50 W,11290000.0,data/fpt/detail_htmls\colorful_0_specs.html,INTEL_UHD,INTEGRATED
GIGABYTE Gaming G6x 9mg I7 13650hx 9rc6l9kghsiix1vn000,gigabyte,intel,Core I7,13650,4.9,16.0,ddr5,4800.0,512.0,16.0,1920x1200,165.0,intel,2.527,73 Wh 180 W,31210000.0,data/fpt/detail_htmls\gigabyte_0_specs.html,RTX 4060,DISCRETE_GAMING
GIGABYTE Gaming A16 Cwhi3vn864sh I7 13620h,gigabyte,intel,Core I7,13620,4.9,32.0,ddr5,5200.0,1024.0,16.0,1920x1200,165.0,nvidia,2.24,4 Cell 150 W,42590000.0,data/fpt/detail_htmls\gigabyte_3_specs.html,RTX 5070,DISCRETE_GAMING
GIGABYTE Gaming G6x 9mg I7 13650hx 9rc6l9mghsiix1vn000,gigabyte,intel,Core I7,13650,4.9,16.0,ddr5,4800.0,512.0,16.0,1920x1200,165.0,intel,2.531,73 Wh 180 W,29790000.0,data/fpt/detail_htmls\gigabyte_1_specs.html,RTX 4050,DISCRETE_GAMING
GIGABYTE Gaming G6x 9mg I7 13650hx 9rc6l9mghsjix1vn000,gigabyte,intel,Core I7,13650,4.9,16.0,ddr5,4800.0,512.0,16.0,1920x1200,165.0,nvidia,2.535,73 Wh 180 W,30720000.0,data/fpt/detail_htmls\gigabyte_2_specs.html,RTX 4050,DISCRETE_GAMING
GIGABYTE Gaming G6x 9kg I7 13650hx 9rc6l9kghsjix1vn000,gigabyte,intel,Core I7,13650,4.9,16.0,ddr5,4800.0,1024.0,16.0,1920x1200,165.0,nvidia,2.533,73 Wh 180 W,32190000.0,data/fpt/detail_htmls\gigabyte_4_specs.html,RTX 4060,DISCRETE_GAMING
GIGABYTE Gaming A16 Cmhh2vn893sh I5 13420h,gigabyte,intel,Core I5,13420,4.6,16.0,ddr5,5200.0,512.0,16.0,1920x1200,165.0,nvidia,2.2,76 Wh 150 W,24490000.0,data/fpt/detail_htmls\gigabyte_7_specs.html,RTX 4050,DISCRETE_GAMING
GIGABYTE Gaming A16 Cmhi2vn893sh I7 13620h,gigabyte,intel,Core I7,13620,4.9,16.0,ddr5,5200.0,512.0,16.0,1920x1200,165.0,nvidia,2.2,76 Wh 150 W,26790000.0,data/fpt/detail_htmls\gigabyte_5_specs.html,RTX 4050,DISCRETE_GAMING
GIGABYTE Gaming A16 Cvhi3vnc93sh I7 13620h,gigabyte,intel,Core I7,13620,4.9,16.0,ddr5,5200.0,512.0,16.0,2560x1600,165.0,nvidia,2.27,4 Cell 150 W,35590000.0,data/fpt/detail_htmls\gigabyte_6_specs.html,RTX 5060,DISCRETE_GAMING
GIGABYTE Gaming A16 Cmhi2vn894sh I7 13620h,gigabyte,intel,Core I7,13620,4.9,16.0,ddr5,5200.0,1024.0,16.0,1920x1200,165.0,intel,2.23,4 Cell 150 W,27780000.0,data/fpt/detail_htmls\gigabyte_8_specs.html,RTX 4050,DISCRETE_GAMING
HP Victus 15 Fb3115ax Bx9c9pa,hp,amd,Ryzen 7,7445,4.7,16.0,ddr5,5600.0,512.0,15.6,1920 x 1080,144.0,nvidia,2.29,"4-cell, 70 Wh Li-ion",26990000.0,data/anphat/detail_htmls\hp_0_specs.html,RTX 4050,DISCRETE_GAMING
HP Elitebook 6 G1i Bq9n4pt,hp,intel,Core Ultra 7,255,5.1,16.0,ddr5,5600.0,512.0,14.0,1920 x 1200,,intel,1.4,3-cell 56Wh,33990000.0,data/anphat/detail_htmls\hp_3_specs.html,INTEL_GRAPHICS,INTEGRATED
HP HP 15 Fd0306tu A2nl7pa,hp,intel,Core i3,1315,4.5,8.0,ddr4,3200.0,256.0,15.6,1920 x 1080,,intel,1.59,"3-cell, 41 Wh Li-ion",13990000.0,data/anphat/detail_htmls\hp_2_specs.html,INTEL_GRAPHICS,INTEGRATED
HP 250r G9 B93h2at,hp,intel,Core i5,1334,4.6,8.0,ddr4,3200.0,512.0,15.6,1920 x 1080,,intel,1.74,3-cell 41Wh,17900000.0,data/anphat/detail_htmls\hp_1_specs.html,INTEL_IRIS_XE,INTEGRATED
HP Elitebook 6 G1i Bq9m9pt,hp,intel,Core Ultra 5,225,4.9,16.0,ddr5,5600.0,512.0,14.0,1920 x 1200,,intel,1.4,3-cell 56Wh,28990000.0,data/anphat/detail_htmls\hp_4_specs.html,INTEL_GRAPHICS,INTEGRATED
HP Elitebook 640 G10 Bh3e3pt,hp,intel,Core i5,1335,4.6,16.0,ddr4,3200.0,512.0,14.0,1920 x 1080,,intel,1.41,"3-cell,51 Wh",23990000.0,data/anphat/detail_htmls\hp_6_specs.html,INTEL_IRIS_XE,INTEGRATED
HP Elitebook 6 G1i 13 Bq9q3pt,hp,intel,Core Ultra 7,255,5.2,16.0,ddr5,5600.0,512.0,13.3,1920 x 1200,,intel,1.3,3-cell 56Wh,33990000.0,data/anphat/detail_htmls\hp_5_specs.html,INTEL_GRAPHICS,INTEGRATED
HP Victus 15 Fa2731tx B85lnpa,hp,intel,Core i5,13420,4.6,16.0,ddr4,3200.0,512.0,15.6,1920 x 1080,144.0,nvidia,2.29,"3-cell, 52.5 Wh",23990000.0,data/anphat/detail_htmls\hp_7_specs.html,RTX 3050,DISCRETE_GAMING
Gaming Omen 14 Fb0135tx Ay8v1pa,hp,intel,Core Ultra 7,900,4.8,16.0,lpddr5x,7467.0,1024.0,14.0,2880 x 1800,120.0,nvidia,1.63,6 Cell 71WHr,68990000.0,data/anphat/detail_htmls\hp_8_specs.html,RTX 4060,DISCRETE_GAMING
HP Victus 15 Fa2732tx B85lppa,hp,intel,Core i5,13420,4.6,16.0,ddr4,3200.0,512.0,15.6,1920 x 1080,144.0,nvidia,2.29,"4-cell, 70 Wh",26990000.0,data/anphat/detail_htmls\hp_9_specs.html,RTX 4050,DISCRETE_GAMING
HP Omnibook 5 Flip 14 Fp0057tu Bz7q6pa,hp,intel,Core 5,120,5.0,16.0,lpddr5x,5200.0,512.0,14.0,1920 x 1200,,intel,1.62,4-cell 68Wh,27990000.0,data/anphat/detail_htmls\hp_10_specs.html,INTEL_GRAPHICS,INTEGRATED
HP 14s Ep0110tu 8c5k9pa,hp,intel,Core i7,1355,5.0,16.0,ddr4,3200.0,512.0,14.0,1920 x 1080,,intel,1.46,"3-cell, 41 Wh Li-ion",21990000.0,data/anphat/detail_htmls\hp_11_specs.html,INTEL_IRIS_XE,INTEGRATED
HP Victus 16 R0228tx 9q979pa,hp,intel,Core i5,13500,4.7,32.0,ddr5,5200.0,512.0,16.1,1920 x 1080,144.0,nvidia,2.31,4Cell 70WHrs,33990000.0,data/anphat/detail_htmls\hp_12_specs.html,RTX 4050,DISCRETE_GAMING
HP Omnibook 5 Ai 16 Af1054tu C1mn8pa,hp,intel,Core Ultra 7,255,5.2,32.0,lpddr5,7467.0,512.0,16.0,1920 x 1200,,intel,,"3-cell Li-ion, 59 Wh",30690000.0,data/anphat/detail_htmls\hp_14_specs.html,INTEL_GRAPHICS,INTEGRATED
HP Omnibook X Flip 14 Fm0088tu Bz7q2pa,hp,intel,Core Ultra 5,226,4.5,16.0,lpddr5x,8533.0,512.0,14.0,1920 x 1200,,intel,,"3-cell, 59 Wh",31990000.0,data/anphat/detail_htmls\hp_15_specs.html,INTEL_GRAPHICS,INTEGRATED
HP Victus 16 R0358tx Ay8x4pa,hp,intel,Core i7,13700,5.0,32.0,ddr5,5200.0,512.0,16.1,1920 x 1080,165.0,nvidia,2.31,4Cell 70WHrs,45990000.0,data/anphat/detail_htmls\hp_18_specs.html,RTX 4070,DISCRETE_GAMING
HP 250r G9 B93h3at,hp,intel,Core i5,1334,4.6,16.0,ddr4,3200.0,512.0,15.6,1920 x 1080,,intel,1.74,3-cell 41Wh,17990000.0,data/anphat/detail_htmls\hp_19_specs.html,INTEL_IRIS_XE,INTEGRATED
HP Victus 16 R0223tx 9q974pa,hp,intel,Core i7,13700,5.0,32.0,ddr5,5200.0,512.0,16.1,1920 x 1080,144.0,nvidia,2.31,4Cell 70WHrs,45990000.0,data/anphat/detail_htmls\hp_17_specs.html,RTX 4070,DISCRETE_GAMING
HP 15 Fd0083tu 8d736pa,hp,intel,Core i7,1355,5.0,16.0,ddr4,3200.0,512.0,15.6,1920 x 1080,,intel,1.59,"3-cell, 41 Wh Li-ion",22590000.0,data/anphat/detail_htmls\hp_20_specs.html,INTEL_IRIS_XE,INTEGRATED
HP Probook 4 G1i 16 Bq5e4pt,hp,intel,Core Ultra 7,255,5.1,16.0,ddr5,5600.0,512.0,16.0,1920 x 1200,,intel,1.74,"3-cell, 56 Wh",33990000.0,data/anphat/detail_htmls\hp_21_specs.html,INTEL_GRAPHICS,INTEGRATED
HP Probook 4 G1i 16 Bq5e6pt,hp,intel,Core Ultra 7,255,5.1,16.0,ddr5,5600.0,512.0,16.0,1920 x 1200,,intel,1.74,"3-cell, 56 Wh",35990000.0,data/anphat/detail_htmls\hp_25_specs.html,INTEL_GRAPHICS,INTEGRATED
HP Omnibook X Flip 14 Fm0076tu Bz7p6pa,hp,intel,Core Ultra 7,258,4.8,32.0,lpddr5x,8533.0,512.0,14.0,1920 x 1200,,intel,1.38,"3-cell, 59 Wh",37990000.0,data/anphat/detail_htmls\hp_26_specs.html,INTEL_GRAPHICS,INTEGRATED
HP Omnibook 7 Ai 16 Az0043tu C2cx3pa,hp,intel,Core 7,240,5.2,32.0,ddr5,5600.0,512.0,16.0,1920 x 1200,,intel,1.91,"4-cell, 70 Wh",31990000.0,data/anphat/detail_htmls\hp_27_specs.html,INTEL_GRAPHICS,INTEGRATED
HP 15 Fd0823tu C81nmpa,hp,intel,Core i7,1355,5.0,16.0,ddr4,3200.0,512.0,15.6,1920 x 1080,,intel,1.59,"3-cell, 41 Wh Li-ion",21990000.0,data/anphat/detail_htmls\hp_28_specs.html,INTEL_IRIS_XE,INTEGRATED
HP Omnibook 5 Flip 14 Fp0055tu Bz7q4pa,hp,intel,Core 7,150,5.4,24.0,lpddr5,5200.0,512.0,14.0,1920 x 1200,,intel,1.62,"4-cell, 68 Wh",30990000.0,data/anphat/detail_htmls\hp_29_specs.html,INTEL_GRAPHICS,INTEGRATED
HP Omnibook 7 Ai 16 Az0038tu C2cx1pa,hp,intel,Core 5,210,4.8,24.0,ddr5,5200.0,512.0,16.0,1920 x 1200,,intel,,"4-cell, 70 Wh",27990000.0,data/anphat/detail_htmls\hp_30_specs.html,INTEL_GRAPHICS,INTEGRATED
HP Zbook Power G11 Mobile Workstation 9a660av,hp,intel,Core Ultra 7,155,4.8,32.0,ddr5,5600.0,1024.0,16.0,2560 x 1600,,nvidia,2.12,6Cell 83WHrs Li-ion,63990000.0,data/anphat/detail_htmls\hp_32_specs.html,RTX 2000,DISCRETE_GAMING
HP Probook 4 G1i 16 Bq5e1pt,hp,intel,Core Ultra 7,255,5.2,16.0,ddr5,5600.0,512.0,16.0,1920 x 1200,,intel,1.74,"3-cell, 56 Wh",33990000.0,data/anphat/detail_htmls\hp_34_specs.html,INTEL_GRAPHICS,INTEGRATED
HP Probook 4 G1i 16 Bq5d9pt,hp,intel,Core Ultra 5,225,4.9,16.0,ddr5,5600.0,512.0,16.0,1920 x 1200,,intel,1.74,"3-cell, 56 Wh",31990000.0,data/anphat/detail_htmls\hp_35_specs.html,INTEL_GRAPHICS,INTEGRATED
HP Probook 4 G1i 16 Bq5d8pt,hp,intel,Core Ultra 5,225,4.9,16.0,ddr5,5600.0,512.0,16.0,1920 x 1200,,intel,1.74,"3-cell, 56 Wh",28990000.0,data/anphat/detail_htmls\hp_36_specs.html,INTEL_GRAPHICS,INTEGRATED
HP Probook 4 G1i 16 Bq5d4pt,hp,intel,Core Ultra 5,225,4.8,16.0,ddr5,5600.0,512.0,16.0,1920 x 1200,,intel,1.74,"3-cell, 56 Wh",26990000.0,data/anphat/detail_htmls\hp_38_specs.html,INTEL_GRAPHICS,INTEGRATED
HP Probook 440 G10 9h8u6pt,hp,intel,Core i5,1335,4.6,16.0,ddr4,3200.0,512.0,14.0,1920 x 1080,,intel,,"3-cell, 51 Wh",22990000.0,data/anphat/detail_htmls\hp_39_specs.html,INTEL_IRIS_XE,INTEGRATED
HP 14 Ep1179tu C89zspa,hp,intel,Core 5,120,5.0,16.0,ddr4,3200.0,512.0,14.0,1920 x 1080,,intel,1.4,"3-cell, 41 Wh Li-ion",18990000.0,data/anphat/detail_htmls\hp_40_specs.html,INTEL_GRAPHICS,INTEGRATED
HP Elitebook 6 G1i 13 Bq9l8pt,hp,intel,Core Ultra 5,225,4.8,16.0,ddr5,5600.0,512.0,13.3,1920 x 1200,,intel,1.3,3-cell 56Wh,27990000.0,data/anphat/detail_htmls\hp_41_specs.html,INTEL_GRAPHICS,INTEGRATED
HP Pavilion 15 Eg3094tu 8c5l5pa,hp,intel,Core i5,1335,4.6,8.0,ddr4,3200.0,512.0,15.6,1920 x 1080,,intel,1.74,"3-cell, 41 Wh Li-ion",19990000.0,data/anphat/detail_htmls\hp_43_specs.html,INTEL_IRIS_XE,INTEGRATED
HP 250 G10 A06f6pt,hp,intel,Core i3,1315,4.5,16.0,ddr4,3200.0,512.0,15.6,1920 x 1080,,intel,1.52,3Cell 41WHrs,15990000.0,data/anphat/detail_htmls\hp_42_specs.html,INTEL_UHD,INTEGRATED
HP Pavilion 15 Eg3095tu 8c5l6pa,hp,intel,Core i5,1335,4.6,8.0,ddr4,3200.0,512.0,15.6,1920 x 1080,,intel,1.74,"3-cell, 41 Wh Li-ion",19990000.0,data/anphat/detail_htmls\hp_45_specs.html,INTEL_IRIS_XE,INTEGRATED
HP Pavilion 15 Eg3099tu 8c5m0pa,hp,intel,Core i3,1315,4.5,8.0,ddr4,3200.0,256.0,15.6,1920 x 1080,,intel,1.74,"3-cell, 41 Wh Li-ion",15290000.0,data/anphat/detail_htmls\hp_44_specs.html,INTEL_UHD,INTEGRATED
HP Omnibook 7 Aero 13 Bg1087au Bz7s1pa,hp,amd,Ryzen AI 5,340,4.8,16.0,lpddr5x,7500.0,512.0,13.3,1920 x 1200,,amd,,3-cell,28990000.0,data/anphat/detail_htmls\hp_48_specs.html,AMD_RADEON_GRAPHICS,INTEGRATED
HP Omnibook 5 16 Ag1067au Bz7u5pa,hp,amd,Ryzen AI 7,350,5.0,16.0,lpddr5x,7500.0,512.0,16.0,1920 x 1200,,amd,1.79,"3-cell, 59 Wh",28990000.0,data/anphat/detail_htmls\hp_50_specs.html,AMD_RADEON_GRAPHICS,INTEGRATED
HP Omnibook 5 16 Ag1066au Bz7s9pa,hp,amd,Ryzen AI 7,350,5.0,16.0,lpddr5x,7500.0,512.0,16.0,1920 x 1200,,amd,1.79,"3-cell, 59 Wh",29990000.0,data/anphat/detail_htmls\hp_49_specs.html,AMD_RADEON_GRAPHICS,INTEGRATED
HP Omnibook 5 16 Ag1068au Bz7t0pa,hp,amd,Ryzen AI 5,340,4.8,16.0,lpddr5x,7500.0,512.0,16.0,1920 x 1200,,amd,1.79,"3-cell, 59 Wh",26999000.0,data/anphat/detail_htmls\hp_51_specs.html,AMD_RADEON_GRAPHICS,INTEGRATED
HP Omnibook 5 16 Ag1069au Bz7t1pa,hp,amd,Ryzen AI 5,340,4.8,16.0,lpddr5x,7500.0,512.0,16.0,1920 x 1200,,amd,1.79,"3-cell, 59 Wh",25990000.0,data/anphat/detail_htmls\hp_52_specs.html,AMD_RADEON_GRAPHICS,INTEGRATED
HP Omnibook X Flip 14 Fm0086tu Bz7q0pa,hp,intel,Core Ultra 5,226,4.5,16.0,lpddr5x,8533.0,1024.0,14.0,1920 x 1200,,intel,,"3-cell, 59 Wh",32990000.0,data/anphat/detail_htmls\hp_53_specs.html,INTEL_GRAPHICS,INTEGRATED
HP Victus 16 R0224tx 9q975pa,hp,intel,Core i7,13700,5.0,32.0,ddr5,5200.0,512.0,16.1,1920 x 1080,144.0,nvidia,2.31,4Cell 70WHrs,38990000.0,data/anphat/detail_htmls\hp_54_specs.html,RTX 4060,DISCRETE_GAMING
HP Elitebook 6 G1i 13 Bq9m6pt,hp,intel,Core Ultra 7,255,5.2,16.0,ddr5,5600.0,512.0,13.3,1920 x 1200,,intel,1.3,3-cell 56Wh,32990000.0,data/anphat/detail_htmls\hp_59_specs.html,INTEL_GRAPHICS,INTEGRATED
HP 15 Fd1045tu 9z2x1pa,hp,intel,Core 5,120,5.0,16.0,ddr4,3200.0,512.0,15.6,1920 x 1080,,intel,1.59,"3-cell, 41 Wh Li-ion",20990000.0,data/anphat/detail_htmls\hp_58_specs.html,INTEL_GRAPHICS,INTEGRATED
HP 15 Fd1039tu 9z2w7pa,hp,intel,Core 7,150,5.4,16.0,ddr4,3200.0,512.0,15.6,1920 x 1080,,intel,1.59,"3-cell, 41 Wh Li-ion",23990000.0,data/anphat/detail_htmls\hp_60_specs.html,INTEL_GRAPHICS,INTEGRATED
HP 14 Ep1011tu 9z2w3pa,hp,intel,Core 5,120,5.0,16.0,ddr4,3200.0,512.0,14.0,1920 x 1080,,intel,,"3-cell, 41 Wh Li-ion",22990000.0,data/anphat/detail_htmls\hp_62_specs.html,INTEL_GRAPHICS,INTEGRATED
HP Omnibook X 14 Fe1010qu B53kbpa,hp,qualcomm,Snapdragon X Plus,100,3.4,16.0,ddr5,,512.0,14.0,2240 x 1400,,qualcomm,,"3-cell, 59 Wh",35990000.0,data/anphat/detail_htmls\hp_63_specs.html,QUALCOMM_ADRENO,INTEGRATED_ARM
HP 14s Ep0112tu 8c5l1pa,hp,intel,Core i5,1335,4.6,16.0,ddr4,3200.0,512.0,14.0,1920 x 1080,,intel,1.46,"3-cell, 41 Wh Li-ion",19590000.0,data/anphat/detail_htmls\hp_64_specs.html,INTEL_IRIS_XE,INTEGRATED
HP Elitebook 6 G1i 13 Bq9m3pt,hp,intel,Core Ultra 5,225,4.8,16.0,ddr5,5600.0,512.0,13.3,1920 x 1200,,intel,1.3,3-cell 56Wh,28990000.0,data/anphat/detail_htmls\hp_72_specs.html,INTEL_GRAPHICS,INTEGRATED
HP Elitebook 640 G10 873g4pa,hp,intel,Core i5,1335,4.6,16.0,ddr4,3200.0,512.0,14.0,1920 x 1080,,intel,1.41,"3-cell,51 Wh",25990000.0,data/anphat/detail_htmls\hp_73_specs.html,INTEL_IRIS_XE,INTEGRATED
HP 14 Ep1009tu 9z2w2pa,hp,intel,Core 5,120,5.0,16.0,ddr4,3200.0,1024.0,14.0,1920 x 1080,,intel,1.4,"3-cell, 41 Wh Li-ion",20990000.0,data/anphat/detail_htmls\hp_75_specs.html,INTEL_GRAPHICS,INTEGRATED
HP Probook 460 G11 A74mqpt,hp,intel,Core Ultra 5,125,4.5,16.0,ddr5,5600.0,512.0,16.0,1920 x 1200,,intel,,"3-cell, 56 Wh Li-ion",26990000.0,data/anphat/detail_htmls\hp_74_specs.html,INTEL_GRAPHICS,INTEGRATED
HP Pavilion X360 14 Ek2017tu 9z2v5pa,hp,intel,Core 5,120,5.0,16.0,ddr4,3200.0,512.0,14.0,1920 x 1080,,intel,1.51,"3-cell, 43 Wh Li-ion",26990000.0,data/anphat/detail_htmls\hp_77_specs.html,INTEL_GRAPHICS,INTEGRATED
HP 15 Fd0235tu 9q970pa,hp,intel,Core i5,1334,4.6,16.0,ddr4,3200.0,512.0,15.6,1920 x 1080,,intel,1.59,"3-cell, 41 Wh Li-ion",19990000.0,data/anphat/detail_htmls\hp_78_specs.html,INTEL_IRIS_XE,INTEGRATED
HP Envy X360 14 Fa0095au Ay8u5pa,hp,amd,Ryzen 7,8840,5.1,16.0,lpddr5,6400.0,512.0,14.0,2880 x 1800,120.0,amd,,"3-cell, 59 Wh",35990000.0,data/anphat/detail_htmls\hp_80_specs.html,AMD_RADEON_GRAPHICS,INTEGRATED
HP 14 Ep1007tu 9z2w1pa,hp,intel,Core 7,150,5.4,16.0,ddr4,3200.0,512.0,14.0,1920 x 1080,,intel,,"3-cell, 41 Wh Li-ion",25990000.0,data/anphat/detail_htmls\hp_81_specs.html,INTEL_GRAPHICS,INTEGRATED
HP Pavilion 16 Af0055tu Ay8c4pa,hp,intel,Core Ultra 5,125,4.3,16.0,lpddr5,6400.0,512.0,16.0,1920 x 1200,,intel,,"3-cell, 59 Wh",24990000.0,data/anphat/detail_htmls\hp_82_specs.html,INTEL_GRAPHICS,INTEGRATED
HP Elitebook 630 G11 A7lm7pt,hp,intel,Core Ultra 5,125,4.3,16.0,ddr5,5600.0,512.0,13.3,1920 x 1200,,intel,1.31,"3-cell, 56 Wh",26990000.0,data/anphat/detail_htmls\hp_83_specs.html,INTEL_GRAPHICS,INTEGRATED
HP Probook 440 G11 A74b4pt,hp,intel,Core Ultra 5,125,4.3,8.0,ddr5,5600.0,512.0,14.0,1920 x 1200,,intel,1.39,"3-cell, 56 Wh",23990000.0,data/anphat/detail_htmls\hp_85_specs.html,INTEL_GRAPHICS,INTEGRATED
HP Pavilion 15 Eg3098tu 8c5l9pa,hp,intel,Core i3,1315,4.5,8.0,ddr4,3200.0,256.0,15.6,1920 x 1080,,intel,1.74,"3-cell, 41 Wh Li-ion",15290000.0,data/anphat/detail_htmls\hp_84_specs.html,INTEL_UHD,INTEGRATED
HP Elitebook 640 G11 A7lb4pt,hp,intel,Core Ultra 7,165,4.9,16.0,ddr5,5600.0,512.0,14.0,1920 x 1200,,intel,,"3-cell, 56 Wh",36990000.0,data/anphat/detail_htmls\hp_88_specs.html,INTEL_GRAPHICS,INTEGRATED
HP Elitebook 630 G10 9j0b4pt,hp,intel,Core i5,1335,4.6,16.0,ddr4,3200.0,512.0,13.3,1920 x 1080,,intel,1.22,"3-cell, 42 Wh",23590000.0,data/anphat/detail_htmls\hp_90_specs.html,INTEL_UHD,INTEGRATED
HP Elitebook 630 G10 9j0b5pt,hp,intel,Core i5,1335,4.6,16.0,ddr4,3200.0,512.0,13.3,1920 x 1080,,intel,1.22,"3-cell, 42 Wh",24390000.0,data/anphat/detail_htmls\hp_89_specs.html,INTEL_UHD,INTEGRATED
HP Pavilion 15 Eg3091tu 8c5l2pa,hp,intel,Core i7,1355,5.0,16.0,ddr4,3200.0,512.0,15.6,1920 x 1080,,intel,1.74,"3-cell, 41 Wh Li-ion",25990000.0,data/anphat/detail_htmls\hp_91_specs.html,INTEL_IRIS_XE,INTEGRATED
HP Omnibook Uf 14 Fh0038tu B2cp4pa,hp,intel,Core Ultra 9,288,5.1,32.0,lpddr5x,8533.0,1024.0,14.0,2880 x 1800,120.0,intel,,"6-cell, 64 Wh",63990000.0,data/anphat/detail_htmls\hp_92_specs.html,INTEL_GRAPHICS,INTEGRATED
HP Omnibook Uf 14 Fh0040tu B13vhpa,hp,intel,Core Ultra 7,258,4.8,32.0,lpddr5x,8533.0,1024.0,14.0,2880 x 1800,120.0,intel,,"6-cell, 64 Wh",59990000.0,data/anphat/detail_htmls\hp_93_specs.html,INTEL_GRAPHICS,INTEGRATED
HP Pavilion 16 Af0053tu Ay8c2pa,hp,intel,Core Ultra 7,155,4.8,16.0,lpddr5,6400.0,512.0,16.0,1920 x 1200,,intel,,"3-cell, 59 Wh",29990000.0,data/anphat/detail_htmls\hp_94_specs.html,INTEL_GRAPHICS,INTEGRATED
HP Elitebook 640 G10 873g2pa,hp,intel,Core i5,1335,4.6,8.0,ddr4,3200.0,512.0,14.0,1920 x 1080,,intel,1.41,"3-cell,51 Wh",23490000.0,data/anphat/detail_htmls\hp_96_specs.html,INTEL_IRIS_XE,INTEGRATED
HP Probook 465 G11 A8xg2pt,hp,amd,Ryzen 5,7535,4.55,16.0,ddr5,4800.0,512.0,16.0,1920 x 1200,,amd,1.74,"3-cell, 56 Wh",23990000.0,data/anphat/detail_htmls\hp_101_specs.html,AMD_RADEON_GRAPHICS,INTEGRATED
HP Probook 465 G11 A8ws4pt,hp,amd,Ryzen 7,7735,4.7,16.0,ddr5,4800.0,512.0,16.0,1920 x 1200,,amd,1.74,"3-cell, 56 Wh",25990000.0,data/anphat/detail_htmls\hp_102_specs.html,AMD_RADEON_GRAPHICS,INTEGRATED
HP Elitebook 640 G10 873g3pa,hp,intel,Core i5,1335,4.6,16.0,ddr4,3200.0,512.0,14.0,1920 x 1080,,intel,1.41,"3-cell,51 Wh",24490000.0,data/anphat/detail_htmls\hp_103_specs.html,INTEL_IRIS_XE,INTEGRATED
HP Probook 450 G10 9h8h2pt,hp,intel,Core i7,1355,5.0,16.0,ddr4,3200.0,512.0,15.6,1920 x 1080,,nvidia,1.79,"3-cell, 51 Wh",30590000.0,data/anphat/detail_htmls\hp_105_specs.html,RTX 2050,DISCRETE_GAMING
HP Elitebook 640 G10 873h2pa,hp,intel,Core i7,1355,5.0,16.0,ddr4,3200.0,512.0,14.0,1920 x 1080,,intel,1.41,"3-cell,51 Wh",28090000.0,data/anphat/detail_htmls\hp_104_specs.html,INTEL_IRIS_XE,INTEGRATED
HP 240 G10 9h2d8pt,hp,intel,Core i3,1315,4.5,8.0,ddr4,3200.0,256.0,14.0,1920 x 1080,,intel,1.36,"3-cell, 41 Wh",12990000.0,data/anphat/detail_htmls\hp_106_specs.html,INTEL_UHD,INTEGRATED
HP 240 G10 9h2e1pt,hp,intel,Core i5,1335,4.6,8.0,ddr4,3200.0,256.0,14.0,1920 x 1080,,intel,1.36,"3-cell, 41 Wh",17990000.0,data/anphat/detail_htmls\hp_107_specs.html,INTEL_UHD,INTEGRATED
HP Probook 450 G10 9h1n5pt,hp,intel,Core i5,1335,4.6,16.0,ddr4,3200.0,512.0,15.6,1920 x 1080,60.0,intel,1.79,"3-cell, 51 Wh",21590000.0,data/anphat/detail_htmls\hp_108_specs.html,INTEL_IRIS_XE,INTEGRATED
HP Probook 450 G10 9h1n8pt,hp,intel,Core i5,1335,4.6,8.0,ddr4,3200.0,512.0,15.6,1920 x 1080,,nvidia,1.79,"3-cell, 51 Wh",26390000.0,data/anphat/detail_htmls\hp_109_specs.html,RTX 2050,DISCRETE_GAMING
HP 240 G10 9h2e4pt,hp,intel,Core i5,1335,4.6,8.0,ddr4,3200.0,512.0,14.0,1920 x 1080,,intel,1.36,"3-cell, 41 Wh",19590000.0,data/anphat/detail_htmls\hp_110_specs.html,INTEL_UHD,INTEGRATED
HP 240 G10 9h2e5pt,hp,intel,Core i7,1355,5.0,8.0,ddr4,3200.0,512.0,14.0,1920 x 1080,,intel,1.47,"3-cell, 41 Wh Li-ion",20990000.0,data/anphat/detail_htmls\hp_113_specs.html,INTEL_IRIS_XE,INTEGRATED
HP 240 G10 9h2e3pt,hp,intel,Core i5,1335,4.6,8.0,ddr4,3200.0,512.0,14.0,1920 x 1080,,intel,1.47,"3-cell, 41 Wh Li-ion",18790000.0,data/anphat/detail_htmls\hp_112_specs.html,INTEL_IRIS_XE,INTEGRATED
HP Elitebook 630 G10 9j0b6pt,hp,intel,Core i7,1355,5.0,8.0,ddr4,3200.0,512.0,13.3,1920 x 1080,,intel,1.22,"3-cell, 42 Wh",26790000.0,data/anphat/detail_htmls\hp_111_specs.html,INTEL_UHD,INTEGRATED
HP 240 G10 9h2e6pt,hp,intel,Core i7,1355,5.0,16.0,ddr4,3200.0,512.0,14.0,1920 x 1080,,intel,1.47,"3-cell, 41 Wh Li-ion",21990000.0,data/anphat/detail_htmls\hp_114_specs.html,INTEL_IRIS_XE,INTEGRATED
HP Zbook Firefly 14 G10 739m5av,hp,intel,Core i7,1365,5.2,16.0,ddr5,5200.0,1024.0,14.0,1920 x 1200,,nvidia,1.45,"3 Cell, 51 WHr",50990000.0,data/anphat/detail_htmls\hp_115_specs.html,RTX 500,DISCRETE_GAMING
HP Pavilion 15 Eg3111tu 8u6l8pa,hp,intel,Core i5,1335,4.6,16.0,ddr4,3200.0,512.0,15.6,1920 x 1080,,intel,1.74,"3-cell, 41 Wh Li-ion",21990000.0,data/anphat/detail_htmls\hp_117_specs.html,INTEL_IRIS_XE,INTEGRATED
HP Probook 440 G10 9h8u7pt,hp,intel,Core i5,1340,4.6,16.0,ddr4,3200.0,512.0,14.0,1920 x 1080,,intel,,"3-cell, 51 Wh",25990000.0,data/anphat/detail_htmls\hp_118_specs.html,INTEL_IRIS_XE,INTEGRATED
HP Probook 440 G11 A74b9pt,hp,intel,Core Ultra 5,125,4.5,16.0,ddr5,5600.0,512.0,14.0,1920 x 1200,,intel,1.39,"3-cell, 56 Wh",27990000.0,data/anphat/detail_htmls\hp_116_specs.html,INTEL_GRAPHICS,INTEGRATED
HP Elitebook 630 G11 A7lb8pt,hp,intel,Core Ultra 7,155,4.8,16.0,ddr5,5600.0,512.0,13.3,1920 x 1200,,intel,,"3-cell, 56 Wh",31990000.0,data/anphat/detail_htmls\hp_119_specs.html,INTEL_GRAPHICS,INTEGRATED
HP Elitebook 630 G11 A7lc5pt,hp,intel,Core Ultra 7,155,4.8,16.0,ddr5,5600.0,512.0,13.3,1920 x 1200,,intel,,"3-cell, 56 Wh",29990000.0,data/anphat/detail_htmls\hp_120_specs.html,INTEL_GRAPHICS,INTEGRATED
HP Probook 440 G11 A74bhpt,hp,intel,Core Ultra 7,155,4.8,16.0,ddr5,5600.0,512.0,14.0,1920 x 1200,,intel,1.39,"3-cell, 56 Wh",29990000.0,data/anphat/detail_htmls\hp_123_specs.html,INTEL_GRAPHICS,INTEGRATED
HP Probook 440 G11 A74blpa,hp,intel,Core Ultra 7,155,4.8,16.0,ddr5,5600.0,512.0,14.0,1920 x 1200,,intel,1.39,"3-cell, 56 Wh",32490000.0,data/anphat/detail_htmls\hp_122_specs.html,INTEL_GRAPHICS,INTEGRATED
HP Elitebook 630 G11 A7ll8pt,hp,intel,Core Ultra 5,125,4.3,16.0,ddr5,5600.0,512.0,13.3,1920 x 1200,,intel,,"3-cell, 56 Wh",26990000.0,data/anphat/detail_htmls\hp_121_specs.html,INTEL_GRAPHICS,INTEGRATED
HP Elitebook 630 G11 A7lb9pt,hp,intel,Core Ultra 7,155,4.8,16.0,ddr5,5600.0,512.0,13.3,1920 x 1200,,intel,1.31,"3-cell, 56 Wh",33990000.0,data/anphat/detail_htmls\hp_124_specs.html,INTEL_GRAPHICS,INTEGRATED
HP Elitebook 630 G11 A7lc0pt,hp,intel,Core Ultra 7,155,4.8,16.0,ddr5,5600.0,512.0,13.3,1920 x 1200,,intel,1.31,"3-cell, 56 Wh",34990000.0,data/anphat/detail_htmls\hp_125_specs.html,INTEL_GRAPHICS,INTEGRATED
HP 15 Fd1063tu 9z2y1pa,hp,intel,Core Ultra 5,125,4.5,16.0,ddr5,5600.0,512.0,15.6,1920 x 1080,,intel,1.59,"3-cell, 41 Wh Li-ion",21990000.0,data/anphat/detail_htmls\hp_128_specs.html,INTEL_GRAPHICS,INTEGRATED
HP Probook 460 G11 A74c0pt,hp,intel,Core Ultra 7,155,4.8,16.0,ddr5,5600.0,512.0,16.0,1920 x 1200,,intel,,"3-cell, 56 Wh Li-ion",28990000.0,data/anphat/detail_htmls\hp_126_specs.html,INTEL_GRAPHICS,INTEGRATED
HP Probook 460 G11 A74bxpt,hp,intel,Core Ultra 5,125,4.5,16.0,ddr5,5600.0,512.0,16.0,1920 x 1200,,intel,,"3-cell, 56 Wh Li-ion",24990000.0,data/anphat/detail_htmls\hp_127_specs.html,INTEL_GRAPHICS,INTEGRATED
HP Elitebook X360 830 G11 A7rc0pt,hp,intel,Core Ultra 7,165,4.9,16.0,lpddr5x,7500.0,512.0,13.3,1920 x 1200,,intel,,"3-cell, 56 Wh",55990000.0,data/anphat/detail_htmls\hp_129_specs.html,INTEL_GRAPHICS,INTEGRATED
HP Elitebook X360 1040 G11 Am9g7pt,hp,intel,Ultra 7,155,4.8,16.0,lpddr5x,7500.0,512.0,14.0,1920 x 1200,,intel,1.38,6 Cell,61990000.0,data/anphat/detail_htmls\hp_130_specs.html,INTEL_GRAPHICS,INTEGRATED
HP Probook 460 G11 A74c3pt,hp,intel,Core Ultra 7,155,4.8,16.0,ddr5,5600.0,512.0,16.0,1920 x 1200,,intel,,"3-cell, 56 Wh Li-ion",31990000.0,data/anphat/detail_htmls\hp_131_specs.html,INTEL_GRAPHICS,INTEGRATED
HP Probook 465 G11 A8ws0pt,hp,amd,Ryzen 3,7335,4.3,8.0,ddr5,4800.0,512.0,16.0,1920 x 1200,,amd,,"3-cell, 56 Wh",19990000.0,data/anphat/detail_htmls\hp_133_specs.html,AMD_RADEON_GRAPHICS,INTEGRATED
HP Probook 465 G11 A8wr9pt,hp,amd,Ryzen 3,7335,4.3,8.0,ddr5,4800.0,256.0,16.0,1920 x 1200,,amd,,"3-cell, 56 Wh",18990000.0,data/anphat/detail_htmls\hp_132_specs.html,AMD_RADEON_GRAPHICS,INTEGRATED
HP Probook 465 G11 A8ws1pt,hp,amd,Ryzen 5,7535,4.55,8.0,ddr5,4800.0,512.0,16.0,1920 x 1200,,amd,1.74,"3-cell, 56 Wh",21990000.0,data/anphat/detail_htmls\hp_134_specs.html,AMD_RADEON_GRAPHICS,INTEGRATED
HP Probook 460 G11 A74c2pt,hp,intel,Core Ultra 7,155,4.8,16.0,ddr5,5600.0,512.0,16.0,1920 x 1200,,intel,,"3-cell, 56 Wh Li-ion",28990000.0,data/anphat/detail_htmls\hp_135_specs.html,INTEL_GRAPHICS,INTEGRATED
LENOVO Thinkpad E14 Gen 7 21sx0032vn,lenovo,intel,Core Ultra 7,255,5.1,32.0,ddr5,5600.0,1024.0,14.0,1920 x 1200,60.0,intel,1.34,3 cell /48Wh,31990000.0,data/anphat/detail_htmls\lenovo_5_specs.html,INTEL_GRAPHICS,INTEGRATED
LENOVO Loq 15ahp10 83jg0047vn,lenovo,amd,Ryzen 7,250,5.1,16.0,ddr5,5600.0,512.0,15.6,1920 x 1080,144.0,nvidia,2.4,4C 60Wh,32990000.0,data/anphat/detail_htmls\lenovo_7_specs.html,RTX 5050,DISCRETE_GAMING
LENOVO Thinkpad E14 Gen 7 21sx002qva,lenovo,intel,Core Ultra 5,225,4.8,16.0,ddr5,5600.0,512.0,14.0,1920 x 1200,60.0,intel,1.34,"3 cell, 48WH",22190000.0,data/anphat/detail_htmls\lenovo_8_specs.html,INTEL_GRAPHICS,INTEGRATED
LENOVO Thinkbook 14 G8 Irl 21sg007tvn,lenovo,intel,Core 7,240,5.2,16.0,ddr5,5600.0,512.0,14.0,1920 x 1200,60.0,intel,1.36,45Wh,25990000.0,data/anphat/detail_htmls\lenovo_10_specs.html,INTEL_GRAPHICS,INTEGRATED
LENOVO Thinkbook 16 G8 Irl 21sh0093va,lenovo,intel,Core 5,210,4.8,16.0,ddr5,5600.0,512.0,16.0,1920 x 1200,60.0,intel,1.7,45Wh,20990000.0,data/anphat/detail_htmls\lenovo_12_specs.html,INTEL_GRAPHICS,INTEGRATED
LENOVO Thinkpad X1 Carbon Gen 13 21nx0038vn,lenovo,intel,Core Ultra 5,225,9.0,32.0,lpddr5x,8400.0,1024.0,14.0,1920 x 1200,60.0,intel,1.006,57Wh,51600000.0,data/anphat/detail_htmls\lenovo_13_specs.html,INTEL_GRAPHICS,INTEGRATED
LENOVO Thinkpad E16 Gen 3 21tf0043vn,lenovo,intel,Core 7,240,4.0,32.0,ddr5,5600.0,1024.0,16.0,1920 x 1200,60.0,intel,1.63,48Wh,29300000.0,data/anphat/detail_htmls\lenovo_14_specs.html,INTEL_GRAPHICS,INTEGRATED
LENOVO Loq Essential 15irx11 83sc003rvn,lenovo,intel,Core i5,13450,4.6,16.0,ddr5,4800.0,512.0,15.6,1920 x 1080,144.0,nvidia,2.3,60Wh,27990000.0,data/anphat/detail_htmls\lenovo_17_specs.html,RTX 5050,DISCRETE_GAMING
LENOVO Loq 15iax9e 83lk0079vn,lenovo,intel,Core i5,12450,4.4,16.0,ddr5,4800.0,512.0,15.6,1920 x 1080,144.0,nvidia,1.77,57Wh,22490000.0,data/anphat/detail_htmls\lenovo_19_specs.html,RTX 3050,DISCRETE_GAMING
LENOVO Thinkpad X9 15 Gen 1 21q60054vn,lenovo,intel,Core Ultra 7,258,4.8,32.0,lpddr5x,8533.0,1024.0,15.3,2880 x 1800,120.0,intel,1.4,80Wh,54990000.0,data/anphat/detail_htmls\lenovo_21_specs.html,INTEL_GRAPHICS,INTEGRATED
LENOVO Loq 15irx10 83je00pevn,lenovo,intel,Core i7,13650,4.9,16.0,ddr5,4800.0,512.0,15.0,1920 x 1080,144.0,nvidia,2.4,3C 60Wh,34990000.0,data/anphat/detail_htmls\lenovo_20_specs.html,RTX 5050,DISCRETE_GAMING
LENOVO Yoga Slim 7 14imh9 83cv00d8vn,lenovo,intel,Core Ultra 5,125,4.5,16.0,lpddr5,6400.0,1024.0,14.0,1920 x 1200,60.0,intel,1.39,65Wh,26990000.0,data/anphat/detail_htmls\lenovo_18_specs.html,INTEL_GRAPHICS,INTEGRATED
LENOVO Thinkpad T14s Gen 6 21n1001uvn,lenovo,qualcomm,Snapdragon X Elite,100,3.4,32.0,lpddr5x,8448.0,1024.0,14.0,1920 x 1200,60.0,qualcomm,1.24,58Wh,54990000.0,data/anphat/detail_htmls\lenovo_22_specs.html,QUALCOMM_ADRENO,INTEGRATED_ARM
LENOVO V14 G5 Irl 83hd0062va,lenovo,intel,Core i5,13420,4.6,16.0,ddr5,5200.0,512.0,14.0,1920 x 1080,,intel,1.37,47Wh,15990000.0,data/anphat/detail_htmls\lenovo_23_specs.html,INTEL_UHD,INTEGRATED
LENOVO Yoga Slim 9 14ill10 83lc002lvn,lenovo,intel,Core Ultra 7,258,4.8,32.0,lpddr5x,8533.0,1024.0,14.0,3840 x 2400,60.0,intel,1.32,75Wh,56490000.0,data/anphat/detail_htmls\lenovo_24_specs.html,INTEL_GRAPHICS,INTEGRATED
LENOVO Legion Gaming 5 15irx10 83ly00hqvn,lenovo,intel,Core i7,13650,4.9,16.0,ddr5,4800.0,512.0,15.3,1920 x 1200,165.0,nvidia,2.1,80WHr,39990000.0,data/anphat/detail_htmls\lenovo_26_specs.html,RTX 5060,DISCRETE_GAMING
LENOVO Yoga Slim 7 14ill10 83jx0081vn,lenovo,intel,Core Ultra 7,258,4.8,32.0,lpddr5x,,1024.0,14.0,2880 x 1800,120.0,intel,1.19,70WH,37999000.0,data/anphat/detail_htmls\lenovo_27_specs.html,INTEL_GRAPHICS,INTEGRATED
LENOVO Legion Gaming 5 15ahp10 83ly004gvn,lenovo,intel,Core i7,14700,5.5,24.0,ddr5,4800.0,1024.0,15.1,2560 x 1600,165.0,nvidia,1.9,80WHr,48990000.0,data/anphat/detail_htmls\lenovo_31_specs.html,RTX 5070,DISCRETE_GAMING
LENOVO Thinkpad X13 Gen 6 21rk00aqva,lenovo,intel,Core Ultra 7,255,5.1,16.0,lpddr5x,8400.0,512.0,13.3,1920 x 1200,,intel,0.927,"3 Cell, 41Wh",36990000.0,data/anphat/detail_htmls\lenovo_33_specs.html,INTEL_GRAPHICS,INTEGRATED
LENOVO Legion 5 15ahp10 83m0002yvn,lenovo,amd,Ryzen 7,260,5.1,16.0,ddr5,5600.0,512.0,15.1,2560 x 1600,165.0,nvidia,1.9,4C 80Wh,38990000.0,data/anphat/detail_htmls\lenovo_34_specs.html,RTX 5050,DISCRETE_GAMING
LENOVO Yoga Slim 7 14ill10 83jx0086vn,lenovo,intel,Core Ultra 5,226,4.5,16.0,lpddr5x,8533.0,512.0,14.0,2880 x 1800,120.0,intel,1.19,70Wh,31990000.0,data/anphat/detail_htmls\lenovo_35_specs.html,INTEL_GRAPHICS,INTEGRATED
LENOVO Thinkpad P14s Gen 5 T 21g2003nva,lenovo,intel,Core Ultra 7,155,4.8,32.0,ddr5,5600.0,512.0,14.5,3072 x 1920,120.0,nvidia,1.61,75Wh,49990000.0,data/anphat/detail_htmls\lenovo_38_specs.html,RTX 500,DISCRETE_GAMING
LENOVO Legion Pro 5 16iax10 83f3002gvn,lenovo,intel,Core Ultra 9,275,5.4,32.0,ddr5,5600.0,1024.0,16.0,2560 x 1600,165.0,nvidia,2.43,80Wh,59390000.0,data/anphat/detail_htmls\lenovo_36_specs.html,RTX 5070,DISCRETE_GAMING
LENOVO Thinkpad E14 Gen 7 21t90021va,lenovo,intel,Core 7,240,5.2,16.0,ddr5,5600.0,512.0,14.0,1920 x 1200,60.0,intel,1.34,"3 cell, 48WH",24999000.0,data/anphat/detail_htmls\lenovo_42_specs.html,INTEL_GRAPHICS,INTEGRATED
LENOVO Legion 7 16iax10 83ky001vvn,lenovo,intel,Core Ultra 9,275,5.4,32.0,ddr5,5600.0,1024.0,16.0,2560 x 1600,,nvidia,2.57,80Wh,69990000.0,data/anphat/detail_htmls\lenovo_44_specs.html,RTX 5070,DISCRETE_GAMING
LENOVO Legion Pro 7 16iax10h 83f5008wvn,lenovo,intel,Core Ultra 9,275,5.4,32.0,ddr5,,1024.0,16.0,2560 x 1600,240.0,nvidia,2.57,80Wh,98990000.0,data/anphat/detail_htmls\lenovo_45_specs.html,RTX 5080,DISCRETE_GAMING
LENOVO Legion Pro 7 16iax10hx 83f5008vvn,lenovo,intel,Core Ultra 9,275,5.4,32.0,ddr5,6400.0,1024.0,16.0,2560 x 1600,240.0,nvidia,2.57,4C 80Wh,81990000.0,data/anphat/detail_htmls\lenovo_46_specs.html,RTX 5070,DISCRETE_GAMING
LENOVO Thinkpad L14 Gen 6 21s60025va,lenovo,intel,Core Ultra 7,255,5.1,16.0,ddr5,5600.0,512.0,14.0,1920 x 1200,60.0,intel,1.38,3 cell /46.5Wh,29990000.0,data/anphat/detail_htmls\lenovo_47_specs.html,INTEL_GRAPHICS,INTEGRATED
LENOVO Ideapad Slim 3 15irh10 83k1000gvn,lenovo,intel,Core i5,13420,4.6,8.0,ddr5,4800.0,512.0,15.3,1920 x 1200,60.0,intel,1.63,60Wh,17490000.0,data/anphat/detail_htmls\lenovo_48_specs.html,INTEL_UHD,INTEGRATED
LENOVO Thinkpad X13 Gen 6 21rk00amva,lenovo,intel,Core Ultra 7,255,5.1,32.0,lpddr5x,8400.0,512.0,13.3,1920 x 1200,,intel,0.927,"3 Cell, 41Wh",38990000.0,data/anphat/detail_htmls\lenovo_49_specs.html,INTEL_GRAPHICS,INTEGRATED
LENOVO Thinkpad T16 Gen 4 21qe0000va,lenovo,intel,Core Ultra 5,225,4.9,8.0,ddr5,5600.0,512.0,16.0,1920 x 1200,,intel,1.76,52.5Wh,31500000.0,data/anphat/detail_htmls\lenovo_51_specs.html,INTEL_GRAPHICS,INTEGRATED
LENOVO Thinkbook 14 G8 Irl 21sg007mva,lenovo,intel,Core 5,210,4.8,16.0,ddr5,5600.0,512.0,14.0,1920 x 1200,60.0,intel,1.36,45Wh,19790000.0,data/anphat/detail_htmls\lenovo_50_specs.html,INTEL_GRAPHICS,INTEGRATED
LENOVO Thinkpad P16v Gen 2 T 21kx0039va,lenovo,intel,Core Ultra 7,155,4.8,32.0,ddr5,5600.0,1024.0,16.0,1920 x 1200,,nvidia,2.22,90Wh,59990000.0,data/anphat/detail_htmls\lenovo_52_specs.html,RTX 1000,DISCRETE_GAMING
LENOVO Thinkpad P14s Gen 5 T 21g20053va,lenovo,intel,Core Ultra 7,155,4.8,32.0,ddr5,5600.0,512.0,14.5,1920 x 1200,60.0,nvidia,1.61,75Wh,45100000.0,data/anphat/detail_htmls\lenovo_53_specs.html,RTX 500,DISCRETE_GAMING
LENOVO Thinkpad E16 Gen 3 21sr002gva,lenovo,intel,Core Ultra 5,225,4.9,16.0,ddr5,5600.0,512.0,16.0,1920 x 1200,60.0,intel,1.63,3 cell /48Wh,26090000.0,data/anphat/detail_htmls\lenovo_58_specs.html,INTEL_GRAPHICS,INTEGRATED
LENOVO Thinkpad E16 Gen 3 21sr002mva,lenovo,intel,Core Ultra 7,255,5.1,16.0,ddr5,5600.0,1024.0,16.0,1920 x 1200,60.0,intel,1.63,3Cell,28990000.0,data/anphat/detail_htmls\lenovo_57_specs.html,INTEL_GRAPHICS,INTEGRATED
LENOVO Thinkpad E16 Gen 3 21sr002lva,lenovo,intel,Core Ultra 7,255,5.1,16.0,ddr5,5600.0,512.0,16.0,1920 x 1200,60.0,intel,1.63,3C 48Wh,32690000.0,data/anphat/detail_htmls\lenovo_59_specs.html,INTEL_GRAPHICS,INTEGRATED
LENOVO Thinkpad E14 Gen 7 21sx0031vn,lenovo,intel,Core Ultra 7,255,5.1,32.0,ddr5,5600.0,512.0,14.0,1920 x 1200,60.0,intel,1.34,3 cell /48Wh,31590000.0,data/anphat/detail_htmls\lenovo_60_specs.html,INTEL_GRAPHICS,INTEGRATED
LENOVO Thinkpad E14 Gen 7 21t90022va,lenovo,intel,Core 7,240,5.2,16.0,ddr5,5600.0,1024.0,14.0,1920 x 1200,60.0,intel,1.34,"3 cell, 48WH",26090000.0,data/anphat/detail_htmls\lenovo_61_specs.html,INTEL_GRAPHICS,INTEGRATED
LENOVO Thinkpad E14 Gen 7 21sx002sva,lenovo,intel,Core Ultra 7,255,5.1,16.0,ddr5,5600.0,512.0,14.0,1920 x 1200,60.0,intel,1.34,3 cell /48Wh,28490000.0,data/anphat/detail_htmls\lenovo_62_specs.html,INTEL_GRAPHICS,INTEGRATED
LENOVO Thinkpad L16 Gen 2 21sa000lva,lenovo,intel,Core Ultra 7,255,5.1,32.0,ddr5,5600.0,1024.0,16.0,1920 x 1200,60.0,intel,1.79,"3 cell, 46.5Wh",32990000.0,data/anphat/detail_htmls\lenovo_63_specs.html,INTEL_GRAPHICS,INTEGRATED
LENOVO Yoga Slim 7 14akp10 83jy006pvn,lenovo,amd,Ryzen AI 7,350,5.0,32.0,lpddr5,6400.0,1024.0,14.0,2880 x 1800,120.0,amd,1.19,4C 70Wh,34990000.0,data/anphat/detail_htmls\lenovo_65_specs.html,AMD_RADEON_GRAPHICS,INTEGRATED
LENOVO Yoga Pro 7 14iah10 83kf002bvn,lenovo,intel,Core Ultra 9,285,5.4,32.0,lpddr5x,8533.0,1024.0,14.5,3000 x 1876,120.0,intel,1.54,84Wh,39590000.0,data/anphat/detail_htmls\lenovo_64_specs.html,INTEL_GRAPHICS,INTEGRATED
LENOVO Thinkpad X13 Gen 6 21rk00alva,lenovo,intel,Core Ultra 5,225,4.9,32.0,lpddr5x,8400.0,512.0,13.3,1920 x 1200,,intel,0.927,"3 Cell, 41Wh",33700000.0,data/anphat/detail_htmls\lenovo_66_specs.html,INTEL_GRAPHICS,INTEGRATED
LENOVO Yoga Slim 7 14imh9 83cv00ahvn,lenovo,intel,Core Ultra 5,125,4.5,16.0,lpddr5x,,1024.0,14.0,1920 x 1200,60.0,intel,1.39,"4 cell, 65WH",25990000.0,data/anphat/detail_htmls\lenovo_68_specs.html,INTEL_GRAPHICS,INTEGRATED
LENOVO Yoga Slim 7 14imh9 83cv00ajvn,lenovo,intel,Core Ultra 7,155,4.8,32.0,lpddr5x,7467.0,1024.0,14.0,1920 x 1200,60.0,intel,1.39,"4 cell, 65WH",29990000.0,data/anphat/detail_htmls\lenovo_69_specs.html,INTEL_GRAPHICS,INTEGRATED
LENOVO Legion Pro 5 16iax10 83f3003vvn,lenovo,intel,Core Ultra 9,275,5.4,32.0,ddr5,5600.0,1024.0,16.0,2560 x 1600,165.0,nvidia,2.43,80Wh,53490000.0,data/anphat/detail_htmls\lenovo_70_specs.html,RTX 5060,DISCRETE_GAMING
LENOVO Ideapad Slim 3 16irh10 83k20002vn,lenovo,intel,Core i5,13420,4.6,8.0,ddr5,4800.0,512.0,16.0,1920 x 1200,60.0,intel,1.73,60Wh,16490000.0,data/anphat/detail_htmls\lenovo_71_specs.html,INTEL_UHD,INTEGRATED
LENOVO Legion Gaming 5 15irx10 83ly00hwvn,lenovo,intel,Core i7,14700,5.5,16.0,ddr5,5600.0,512.0,15.1,2560 x 1600,165.0,nvidia,1.9,80WHr,43990000.0,data/anphat/detail_htmls\lenovo_72_specs.html,RTX 5060,DISCRETE_GAMING
LENOVO Thinkpad X13 Gen 6 21rk00avvn,lenovo,intel,Core Ultra 7,255,5.1,32.0,lpddr5x,8400.0,1024.0,13.3,1920 x 1200,,intel,0.927,3C 41Wh,45990000.0,data/anphat/detail_htmls\lenovo_73_specs.html,INTEL_GRAPHICS,INTEGRATED
LENOVO Ideapad Slim 5 14irh10r 83j0006evn,lenovo,intel,Core 5,210,8.0,16.0,ddr5,5600.0,512.0,14.0,1920 x 1200,,intel,1.39,3C 60Wh,23990000.0,data/anphat/detail_htmls\lenovo_74_specs.html,INTEL_GRAPHICS,INTEGRATED
LENOVO Ideapad Slim 5 14irh10r 83j0006cvn,lenovo,intel,Core 5,210,8.0,32.0,ddr5,5600.0,1024.0,14.0,1920 x 1200,,intel,1.39,3C 60Wh,25990000.0,data/anphat/detail_htmls\lenovo_75_specs.html,INTEL_GRAPHICS,INTEGRATED
LENOVO Ideapad Slim 3 14irh10 83k0000bvn,lenovo,intel,Core i5,13420,4.6,16.0,ddr5,4800.0,512.0,14.0,1920 x 1200,,intel,1.33,60Wh,18990000.0,data/anphat/detail_htmls\lenovo_76_specs.html,INTEL_UHD,INTEGRATED
LENOVO Ideapad Slim 3 15irh10 83k1002pvn,lenovo,intel,Core i5,13420,4.6,8.0,ddr5,4800.0,512.0,15.1,2560 x 1600,165.0,intel,1.49,60Wh,20990000.0,data/anphat/detail_htmls\lenovo_77_specs.html,INTEL_UHD,INTEGRATED
LENOVO Loq 15irx10 83je006pvn,lenovo,intel,Core i7,13650,4.9,24.0,ddr5,4800.0,512.0,15.6,1920 x 1080,144.0,nvidia,2.4,4C 60Wh,31990000.0,data/anphat/detail_htmls\lenovo_78_specs.html,RTX 5050,DISCRETE_GAMING
LENOVO Legion 5 15iax10 83f0003cvn,lenovo,intel,Core Ultra 7,255,5.2,32.0,ddr5,5600.0,1024.0,15.1,2560 x 1600,165.0,nvidia,1.9,80WHr,47999000.0,data/anphat/detail_htmls\lenovo_79_specs.html,RTX 5060,DISCRETE_GAMING
LENOVO Loq 15irx9 83dv01alvn,lenovo,intel,Core i7,13650,4.9,16.0,ddr5,4800.0,512.0,15.6,1920 x 1080,144.0,nvidia,2.38,60Wh,30999000.0,data/anphat/detail_htmls\lenovo_80_specs.html,RTX 4050,DISCRETE_GAMING
LENOVO Legion 5 15iax10 83f0003bvn,lenovo,intel,Core Ultra 7,255,5.2,32.0,ddr5,5600.0,1024.0,15.1,2560 x 1600,165.0,nvidia,1.9,80WHr,54190000.0,data/anphat/detail_htmls\lenovo_82_specs.html,RTX 5070,DISCRETE_GAMING
LENOVO Legion 5 15irx10 83ly00a7vn,lenovo,intel,Core i7,14700,5.5,16.0,ddr5,4800.0,512.0,15.1,2560 x 1600,165.0,nvidia,1.9,80WHr,38990000.0,data/anphat/detail_htmls\lenovo_83_specs.html,RTX 5050,DISCRETE_GAMING
LENOVO Legion 5 15ahp10 Oled 83m00030vn,lenovo,amd,Ryzen 7,260,5.1,24.0,ddr5,4800.0,1024.0,15.1,2560 x 1600,165.0,nvidia,1.9,4-cell 80Wh,42990000.0,data/anphat/detail_htmls\lenovo_85_specs.html,RTX 5060,DISCRETE_GAMING
LENOVO Thinkpad E14 Gen 7 21t9001yva,lenovo,intel,Core 5,210,4.8,16.0,ddr5,5600.0,512.0,14.0,1920 x 1200,60.0,intel,1.34,"3 cell, 48WH",21999000.0,data/anphat/detail_htmls\lenovo_86_specs.html,INTEL_GRAPHICS,INTEGRATED
LENOVO Ideapad Slim 3 16irh10 83k20001vn,lenovo,intel,Core i7,13620,4.9,8.0,ddr5,4800.0,512.0,16.0,1920 x 1200,60.0,intel,1.73,60Wh,19490000.0,data/anphat/detail_htmls\lenovo_88_specs.html,INTEL_UHD,INTEGRATED
LENOVO Thinkpad X9 15 Gen 1 21q60052vn,lenovo,intel,Core Ultra 5,228,4.5,32.0,lpddr5x,8533.0,1024.0,15.3,2880 x 1800,120.0,intel,1.4,80Wh,49490000.0,data/anphat/detail_htmls\lenovo_91_specs.html,INTEL_GRAPHICS,INTEGRATED
LENOVO Legion 5 16irx9 83f0003cvn,lenovo,intel,Core Ultra 7,255,5.2,32.0,ddr5,5600.0,1024.0,16.0,2560 x 1600,165.0,nvidia,,80WHr,49190000.0,data/anphat/detail_htmls\lenovo_93_specs.html,RTX 5060,DISCRETE_GAMING
LENOVO Yoga 7 2 In 1 14iml9 83dj00h8vn,lenovo,intel,Core Ultra 5,125,4.5,16.0,lpddr5x,7467.0,1024.0,14.0,1920 x 1200,60.0,intel,1.49,71Wh,27990000.0,data/anphat/detail_htmls\lenovo_94_specs.html,INTEL_GRAPHICS,INTEGRATED
LENOVO Thinkpad X1 Carbon Gen 13 21nx003avn,lenovo,intel,Core Ultra 7,255,5.1,32.0,lpddr5x,8400.0,1024.0,14.0,1920 x 1200,60.0,intel,1.006,3C57Wh,58990000.0,data/anphat/detail_htmls\lenovo_92_specs.html,INTEL_GRAPHICS,INTEGRATED
LENOVO Yoga 7 2 In 1 14iml9 83dj00h9vn,lenovo,intel,Core Ultra 7,155,4.8,32.0,lpddr5x,7467.0,1024.0,14.0,2880 x 1800,120.0,intel,1.49,71Wh,33990000.0,data/anphat/detail_htmls\lenovo_95_specs.html,INTEL_GRAPHICS,INTEGRATED
LENOVO Thinkpad P16s Gen3 T 21ks0038va,lenovo,intel,Core Ultra 5,125,4.5,32.0,ddr5,5600.0,1024.0,16.0,1920 x 1200,,nvidia,1.82,75Wh,41850000.0,data/anphat/detail_htmls\lenovo_97_specs.html,RTX 500,DISCRETE_GAMING
LENOVO Ideapad Slim 3 14irh10 83k00009vn,lenovo,intel,Core i7,13620,4.9,8.0,ddr5,4800.0,512.0,14.0,1920 x 1200,,intel,1.43,60Wh,19990000.0,data/anphat/detail_htmls\lenovo_98_specs.html,INTEL_UHD,INTEGRATED
LENOVO Ideapad Slim 3 15irh10 83k1000jvn,lenovo,intel,Core i7,13620,4.9,8.0,ddr5,4800.0,512.0,15.3,1920 x 1200,60.0,intel,1.63,60Wh,19290000.0,data/anphat/detail_htmls\lenovo_99_specs.html,INTEL_UHD,INTEGRATED
LENOVO Legion 5 15irx10 83ly004jvn,lenovo,intel,Core i7,14700,5.5,24.0,ddr5,4800.0,1024.0,15.1,2560 x 1600,165.0,nvidia,1.9,80WHr,44990000.0,data/anphat/detail_htmls\lenovo_96_specs.html,RTX 5060,DISCRETE_GAMING
LENOVO Yoga Slim 9 14ill10 83cx001avn,lenovo,intel,Core Ultra 7,258,4.8,32.0,lpddr5x,8533.0,1024.0,14.0,3840 x 2400,120.0,intel,1.23,75Wh,56990000.0,data/anphat/detail_htmls\lenovo_101_specs.html,INTEL_GRAPHICS,INTEGRATED
LENOVO Yoga Slim 7 15ill9 83hm000gvn,lenovo,intel,Core Ultra 7,258,4.8,32.0,lpddr5x,8533.0,1024.0,15.3,2880 x 1800,120.0,intel,1.53,70Wh,42990000.0,data/anphat/detail_htmls\lenovo_100_specs.html,INTEL_GRAPHICS,INTEGRATED
LENOVO Thinkpad E16 Gen 3 21sr002jva,lenovo,intel,Core Ultra 5,225,4.8,16.0,ddr5,5600.0,512.0,16.0,1920 x 1200,60.0,intel,1.63,3 cell /47Wh,23999000.0,data/anphat/detail_htmls\lenovo_103_specs.html,INTEL_GRAPHICS,INTEGRATED
LENOVO Thinkpad X1 Carbon Gen 12 21kc009mvn,lenovo,intel,Core Ultra 5,125,4.5,32.0,lpddr5x,6400.0,512.0,14.0,1920 x 1200,60.0,intel,1.09,57Wh,50890000.0,data/anphat/detail_htmls\lenovo_104_specs.html,INTEL_GRAPHICS,INTEGRATED
LENOVO Thinkpad P16s Gen3 T 21ks0033va,lenovo,intel,Core Ultra 7,155,4.8,32.0,ddr5,5600.0,1024.0,16.0,1920 x 1200,,nvidia,1.82,75Wh,46920000.0,data/anphat/detail_htmls\lenovo_105_specs.html,RTX 500,DISCRETE_GAMING
LENOVO Thinkpad T14s Gen 5 21ls005vva,lenovo,intel,Core Ultra 5,125,4.3,16.0,lpddr5x,7467.0,512.0,14.0,1920 x 1200,,intel,1.24,3 cell /58Wh,31290000.0,data/anphat/detail_htmls\lenovo_106_specs.html,INTEL_GRAPHICS,INTEGRATED
LENOVO Thinkpad E14 Gen 6 21m7004xva,lenovo,intel,Core Ultra 7,155,4.8,16.0,ddr5,5600.0,1024.0,14.0,1920 x 1200,,intel,1.44,3 cell /47Wh,28990000.0,data/anphat/detail_htmls\lenovo_107_specs.html,INTEL_GRAPHICS,INTEGRATED
LENOVO Thinkpad X9 14 Gen 1 21qa006kvn,lenovo,intel,Core Ultra 7,258,4.8,32.0,lpddr5x,8533.0,1024.0,14.0,1920 x 1200,60.0,intel,1.21,55Wh,52999000.0,data/anphat/detail_htmls\lenovo_109_specs.html,INTEL_GRAPHICS,INTEGRATED
LENOVO V14 G4 Iru 83a000bgvn,lenovo,intel,Core i5,13420,4.6,8.0,ddr4,3200.0,512.0,14.0,1920 x 1080,,intel,1.43,38Wh,14990000.0,data/anphat/detail_htmls\lenovo_108_specs.html,INTEL_UHD,INTEGRATED
LENOVO Thinkpad T14s Gen 5 21ls0060va,lenovo,intel,Core Ultra 7,155,4.8,16.0,lpddr5x,5600.0,512.0,14.0,1920 x 1200,,intel,1.24,"3 cell, 58WH",36990000.0,data/anphat/detail_htmls\lenovo_112_specs.html,INTEL_GRAPHICS,INTEGRATED
LENOVO Thinkpad P14s Gen 5 T 21g2003pva,lenovo,intel,Core Ultra 7,155,4.8,32.0,ddr5,5600.0,1024.0,14.5,3072 x 1920,120.0,nvidia,1.61,75Wh,50100000.0,data/anphat/detail_htmls\lenovo_113_specs.html,RTX 500,DISCRETE_GAMING
LENOVO Ideapad Slim 3 14irh10 83k0000avn,lenovo,intel,Core i5,13420,4.6,8.0,ddr5,4800.0,512.0,14.0,1920 x 1200,,intel,1.43,60Wh,17490000.0,data/anphat/detail_htmls\lenovo_117_specs.html,INTEL_UHD,INTEGRATED
LENOVO Ideapad Slim 5 14irh10 83hr0001vn,lenovo,intel,Core i5,13420,4.6,32.0,ddr5,5600.0,1024.0,14.0,1920 x 1200,,intel,1.39,60Wh,22990000.0,data/anphat/detail_htmls\lenovo_119_specs.html,INTEL_UHD,INTEGRATED
LENOVO Yoga Book 9 14iah10 83kj001qvn,lenovo,intel,Core Ultra 9,285,5.4,32.0,lpddr5x,8400.0,1024.0,2.0,2880 x 1800,120.0,intel,1.219,88Wh,69990000.0,data/anphat/detail_htmls\lenovo_118_specs.html,INTEL_GRAPHICS,INTEGRATED
LENOVO Thinkpad P16s Gen3 T 21ks003hva,lenovo,intel,Core Ultra 7,155,4.8,32.0,ddr5,5600.0,512.0,16.0,1920 x 1200,,nvidia,1.82,57Wh,44990000.0,data/anphat/detail_htmls\lenovo_120_specs.html,RTX 500,DISCRETE_GAMING
LENOVO Thinkpad P16s Gen3 T 21ks0034vn,lenovo,intel,Core Ultra 7,155,4.8,32.0,ddr5,5600.0,1024.0,16.0,1920 x 1200,,nvidia,1.82,75Wh,51800000.0,data/anphat/detail_htmls\lenovo_122_specs.html,RTX 500,DISCRETE_GAMING
LENOVO Thinkpad P16s Gen3 T 21ks0032va,lenovo,intel,Core Ultra 7,155,4.8,16.0,ddr5,5600.0,512.0,16.0,1920 x 1200,,nvidia,1.82,75Wh,43820000.0,data/anphat/detail_htmls\lenovo_123_specs.html,RTX 500,DISCRETE_GAMING
LENOVO V14 G4 83a000fnvn,lenovo,intel,Core i5,13420,4.6,8.0,ddr4,3200.0,512.0,14.0,1920 x 1080,,intel,1.43,38Wh,15490000.0,data/anphat/detail_htmls\lenovo_125_specs.html,INTEL_UHD,INTEGRATED
LENOVO V15 G4 Iru 83a100f3vn,lenovo,intel,Core i5,13420,4.6,8.0,ddr4,3200.0,512.0,15.6,1920 x 1080,,intel,1.65,3 cell/38Wh,14190000.0,data/anphat/detail_htmls\lenovo_124_specs.html,INTEL_UHD,INTEGRATED
LENOVO V15 G4 Iru 83a100rfvn,lenovo,intel,Core i7,13620,4.9,8.0,ddr4,3200.0,512.0,15.6,1920 x 1080,,intel,1.65,3 cell/38Wh,19000000.0,data/anphat/detail_htmls\lenovo_127_specs.html,INTEL_UHD,INTEGRATED
LENOVO Thinkbook 14 Gen 8 21sj0072vn,lenovo,intel,Core Ultra 7,255,5.1,16.0,ddr5,5600.0,512.0,14.0,1920 x 1200,60.0,intel,1.36,"3 cell, 45Wh",28490000.0,data/anphat/detail_htmls\lenovo_126_specs.html,INTEL_GRAPHICS,INTEGRATED
LENOVO Yoga Slim 7 14imh9 83cv008evn,lenovo,intel,Core Ultra 5,125,4.5,16.0,lpddr5x,7467.0,1024.0,14.0,1920 x 1200,60.0,intel,1.39,Integrated 65Wh,25990000.0,data/anphat/detail_htmls\lenovo_129_specs.html,INTEL_GRAPHICS,INTEGRATED
LENOVO Ideapad Slim 5 Oled 15arp10 83j3001dvn,lenovo,amd,Ryzen 7,7735,4.75,16.0,lpddr5x,6400.0,512.0,15.1,2560 x 1600,165.0,amd,1.49,70Wh,20990000.0,data/anphat/detail_htmls\lenovo_130_specs.html,AMD_RADEON_GRAPHICS,INTEGRATED
LENOVO Thinkpad T16 Gen 3 21mn007qvn,lenovo,intel,Core Ultra 7,155,4.8,16.0,ddr5,5600.0,1024.0,16.0,1920 x 1200,,intel,1.66,4 cell 52.5Wh,39290000.0,data/anphat/detail_htmls\lenovo_131_specs.html,INTEL_GRAPHICS,INTEGRATED
LENOVO Thinkpad T14s Gen 5 21ls005rvn,lenovo,intel,Core Ultra 5,125,4.3,16.0,lpddr5x,6400.0,512.0,14.0,1920 x 1200,,intel,1.24,3 cell /58Wh,35390000.0,data/anphat/detail_htmls\lenovo_132_specs.html,INTEL_GRAPHICS,INTEGRATED
LENOVO Thinkpad T14s Gen 4 21f600aava,lenovo,intel,Core i7,1355,5.0,16.0,lpddr5,4800.0,512.0,14.0,1920 x 1200,60.0,intel,1.25,3 cell /57Wh,30990000.0,data/anphat/detail_htmls\lenovo_133_specs.html,INTEL_IRIS_XE,INTEGRATED
LENOVO Thinkpad E14 Gen 7 21sx002tva,lenovo,intel,Core Ultra 7,255,5.1,16.0,ddr5,5600.0,1024.0,14.0,1920 x 1200,60.0,intel,1.34,3 cell /48Wh,28890000.0,data/anphat/detail_htmls\lenovo_134_specs.html,INTEL_GRAPHICS,INTEGRATED
LENOVO Legion Pro 5 16irx9 83df0046vn,lenovo,intel,Core i9,14900,5.8,32.0,ddr5,5600.0,1024.0,16.0,2560 x 1600,240.0,nvidia,2.5,80WHr,55990000.0,data/anphat/detail_htmls\lenovo_138_specs.html,RTX 4070,DISCRETE_GAMING
LENOVO Ideapad Slim 5 14imh9 83da0020vn,lenovo,intel,Core Ultra 7,155,4.8,32.0,lpddr5x,7467.0,1024.0,14.0,1920 x 1200,60.0,intel,1.48,57Wh,28690000.0,data/anphat/detail_htmls\lenovo_139_specs.html,INTEL_GRAPHICS,INTEGRATED
LENOVO Thinkpad P14s Gen 5 T 21g2003xva,lenovo,intel,Core Ultra 7,155,4.8,64.0,ddr5,5600.0,1024.0,14.5,3072 x 1920,120.0,nvidia,1.61,75Wh,54990000.0,data/anphat/detail_htmls\lenovo_140_specs.html,RTX 500,DISCRETE_GAMING
LENOVO Thinkpad P14s Gen 5 21g2004xva,lenovo,intel,Core Ultra 5,125,4.5,32.0,ddr5,5600.0,1024.0,14.5,1920 x 1200,60.0,nvidia,1.61,75Wh,40490000.0,data/anphat/detail_htmls\lenovo_141_specs.html,RTX 500,DISCRETE_GAMING
LENOVO Thinkpad E14 Gen 6 21m7004yvn,lenovo,intel,Core Ultra 7,155,4.8,16.0,ddr5,5600.0,512.0,14.0,1920 x 1200,,intel,1.44,3 cell /47Wh,28890000.0,data/anphat/detail_htmls\lenovo_142_specs.html,INTEL_GRAPHICS,INTEGRATED
LENOVO Thinkpad P14s Gen 5 T 21g20056vn,lenovo,intel,Core Ultra 7,155,4.8,32.0,ddr5,5600.0,1024.0,14.5,1920 x 1200,60.0,nvidia,1.61,75Wh,51700000.0,data/anphat/detail_htmls\lenovo_143_specs.html,RTX 500,DISCRETE_GAMING
LENOVO Thinkpad L14 Gen 4 21h10039va,lenovo,intel,Core i5,1340,4.6,16.0,ddr4,3200.0,512.0,14.0,1920 x 1080,,intel,1.4,3 cell /46.5Wh,22990000.0,data/anphat/detail_htmls\lenovo_145_specs.html,INTEL_IRIS_XE,INTEGRATED
LENOVO Ideapad Slim 3 15abr8 82xm00mcvn,lenovo,amd,Ryzen 7,5825,4.5,16.0,ddr4,3200.0,512.0,15.6,1920 x 1080,,amd,1.62,47Wh,16490000.0,data/anphat/detail_htmls\lenovo_144_specs.html,AMD_RADEON_GRAPHICS,INTEGRATED
LENOVO Loq 15irx9 83dv00ufvn,lenovo,intel,Core i7,13650,4.9,24.0,ddr5,4800.0,512.0,15.6,1920 x 1080,144.0,nvidia,2.38,60Wh,35990000.0,data/anphat/detail_htmls\lenovo_146_specs.html,RTX 4060,DISCRETE_GAMING
LENOVO Thinkpad E14 Gen 5 21jk00fmvn,lenovo,intel,Core i7,13700,5.0,16.0,ddr4,3200.0,1024.0,14.0,1920 x 1200,,intel,1.43,3 cell /57Wh,31990000.0,data/anphat/detail_htmls\lenovo_148_specs.html,INTEL_IRIS_XE,INTEGRATED
LENOVO Thinkpad E16 Gen 2 21ma004mvn,lenovo,intel,Core Ultra 7,155,4.8,16.0,ddr5,5600.0,512.0,16.0,1920 x 1200,,intel,1.81,3 cell /47Wh,28990000.0,data/anphat/detail_htmls\lenovo_147_specs.html,INTEL_GRAPHICS,INTEGRATED
LENOVO Legion 7 16irx9 83fd006jvn,lenovo,intel,Core i9,14900,5.8,32.0,ddr5,5600.0,1024.0,16.0,3200 x 2000,165.0,nvidia,2.24,99.99 WHr,66990000.0,data/anphat/detail_htmls\lenovo_150_specs.html,RTX 4070,DISCRETE_GAMING
LENOVO Thinkpad E14 Gen 6 21m7004mva,lenovo,intel,Core Ultra 5,125,4.5,16.0,ddr5,5600.0,512.0,14.0,1920 x 1200,,intel,1.44,3 cell /47Wh,22990000.0,data/anphat/detail_htmls\lenovo_149_specs.html,INTEL_GRAPHICS,INTEGRATED
LENOVO Thinkpad T14s Gen 4 21f60081va,lenovo,intel,Core i5,1335,4.6,16.0,lpddr5,4800.0,512.0,14.0,2240 x 1400,,intel,1.25,3 cell /57Wh,29690000.0,data/anphat/detail_htmls\lenovo_151_specs.html,INTEL_IRIS_XE,INTEGRATED
LENOVO Ideapad Slim 3 15iah8 83er000bvn,lenovo,intel,Core i5,12450,4.4,8.0,lpddr5,4800.0,512.0,15.6,1920 x 1080,,intel,1.62,3 cell /47Wh,14490000.0,data/anphat/detail_htmls\lenovo_153_specs.html,INTEL_UHD,INTEGRATED
LENOVO Thinkpad P16s Gen 1 21bt005tva,lenovo,intel,Core i7,1260,4.7,8.0,ddr4,3200.0,512.0,16.0,1920 x 1200,,nvidia,1.8,3 cell 52.5Wh,37990000.0,data/anphat/detail_htmls\lenovo_154_specs.html,QUADRO T550,DISCRETE_WORKSTATION
LENOVO Ideapad Slim 5 14irl8 82xd007qvn,lenovo,intel,Core i7,13620,4.9,16.0,lpddr5,5200.0,512.0,14.0,1920 x 1200,,intel,1.46,56.6Wh,22990000.0,data/anphat/detail_htmls\lenovo_155_specs.html,INTEL_UHD,INTEGRATED
LENOVO Thinkpad L15 Gen 4 21h30024va,lenovo,intel,Core i7,1360,5.0,16.0,ddr4,3200.0,512.0,15.6,1920 x 1080,,intel,1.77,3 cell /46.5Wh,27290000.0,data/anphat/detail_htmls\lenovo_156_specs.html,INTEL_IRIS_XE,INTEGRATED
LENOVO V15 G4 Iah 83fs0032vn,lenovo,intel,Core i5,12500,4.5,8.0,ddr4,3200.0,512.0,15.6,1920 x 1080,,intel,1.65,38Wh,14490000.0,data/anphat/detail_htmls\lenovo_157_specs.html,INTEL_IRIS_XE,INTEGRATED
LENOVO Thinkpad X1 Carbon Gen 11 21hm009lvn,lenovo,intel,Core i7,1355,5.0,16.0,lpddr5,6400.0,1024.0,14.0,2880 x 1800,,intel,1.12,57Wh,52090000.0,data/anphat/detail_htmls\lenovo_158_specs.html,INTEL_IRIS_XE,INTEGRATED
LENOVO V15 G4 Iru 83a1000rvn,lenovo,intel,Core i5,1335,4.6,8.0,ddr4,3200.0,512.0,15.6,1920 x 1080,,intel,1.65,38Wh,14890000.0,data/anphat/detail_htmls\lenovo_160_specs.html,INTEL_IRIS_XE,INTEGRATED
LENOVO Ideapad Slim 5 14iah8 83bf002nvn,lenovo,intel,Core i5,12450,4.4,16.0,lpddr5,4800.0,512.0,14.0,1920 x 1200,,intel,1.46,3 cell /56.6Wh,16990000.0,data/anphat/detail_htmls\lenovo_161_specs.html,INTEL_UHD,INTEGRATED
LENOVO Thinkpad X1 Carbon Gen 11 21hm009pvn,lenovo,intel,Core i7,1355,5.0,16.0,lpddr5,6400.0,512.0,14.0,1920 x 1200,,intel,1.12,57Wh,48090000.0,data/anphat/detail_htmls\lenovo_159_specs.html,INTEL_IRIS_XE,INTEGRATED
LENOVO Thinkpad P14s Gen 4 21hf0054va,lenovo,intel,Core i7,1360,5.0,32.0,lpddr5x,7500.0,1024.0,14.0,2240 x 1400,,nvidia,1.34,3 cell 52.5Wh,45590000.0,data/anphat/detail_htmls\lenovo_164_specs.html,RTX 500,DISCRETE_GAMING
LENOVO Thinkpad T14s Gen 2 20wns7f400,lenovo,intel,Core i5,,4.2,8.0,,,256.0,14.0,1920 x 1080,,intel,1.36,"4 Cell, 57WH",24990000.0,data/anphat/detail_htmls\lenovo_168_specs.html,INTEL_IRIS_XE,INTEGRATED
LENOVO Thinkpad T14s Gen 3 21bss0bs00,lenovo,intel,Core i5,1235,4.4,8.0,lpddr5,4800.0,256.0,14.0,1920 x 1200,,intel,1.21,4 cell 57Wh,25990000.0,data/anphat/detail_htmls\lenovo_167_specs.html,INTEL_IRIS_XE,INTEGRATED
LENOVO Thinkpad T14 Gen 3 21ahs01g00,lenovo,intel,Core i5,1235,4.4,8.0,,,256.0,14.0,1920 x 1200,,intel,1.21,3 cell 39.3 Wh,24990000.0,data/anphat/detail_htmls\lenovo_169_specs.html,INTEL_IRIS_XE,INTEGRATED
LENOVO Thinkpad T14 Gen 2 20w1s5vd00,lenovo,intel,Core i7,,4.7,16.0,ddr4,,512.0,14.0,1920 x 1080,,intel,1.47,"3 Cell, 50WH",25990000.0,data/anphat/detail_htmls\lenovo_171_specs.html,INTEL_IRIS_XE,INTEGRATED
LENOVO Legion Pro 7 16irx9h 83de001mvn,lenovo,intel,Core i9,14900,5.59,32.0,ddr5,,1024.0,16.0,2560 x 1600,240.0,nvidia,2.62,4 Cell 99.99 WHr,106990000.0,data/anphat/detail_htmls\lenovo_170_specs.html,RTX 4090,DISCRETE_GAMING
LENOVO Loq 15iax9 83fq0005vn,lenovo,intel,Core i5,12450,4.4,16.0,ddr5,4800.0,512.0,15.6,1920 x 1080,144.0,intel,2.38,60Wh,21990000.0,data/anphat/detail_htmls\lenovo_173_specs.html,INTEL_GRAPHICS,INTEGRATED
LENOVO Thinkpad E16 Gen 1 21jn00fqvn,lenovo,intel,Core i7,13700,5.0,16.0,ddr4,3200.0,1024.0,16.0,1920 x 1200,,intel,1.81,3 cell /57Wh,31990000.0,data/anphat/detail_htmls\lenovo_174_specs.html,INTEL_IRIS_XE,INTEGRATED
LENOVO Legion 5 16irx9 83dg0051vn,lenovo,intel,Core i7,14650,5.2,16.0,ddr5,,1024.0,16.0,2560 x 1600,165.0,nvidia,,80Wh,42990000.0,data/anphat/detail_htmls\lenovo_172_specs.html,RTX 4060,DISCRETE_GAMING
LENOVO Thinkpad E16 Gen 1 21jn00fgva,lenovo,intel,Core i7,13700,5.0,16.0,ddr4,3200.0,512.0,16.0,1920 x 1200,,intel,1.81,3 cell /57Wh,23990000.0,data/anphat/detail_htmls\lenovo_176_specs.html,INTEL_IRIS_XE,INTEGRATED
LENOVO Thinkpad E14 Gen 5 21jk00fsva,lenovo,intel,Core i7,13700,5.0,16.0,ddr4,3200.0,512.0,14.0,1920 x 1200,,intel,1.43,3 cell /57Wh,23990000.0,data/anphat/detail_htmls\lenovo_175_specs.html,INTEL_IRIS_XE,INTEGRATED
LENOVO Ideapad Slim 3 15irh8 83em003fvn,lenovo,intel,Core i7,13620,4.9,16.0,lpddr5,4800.0,1024.0,15.6,1920 x 1080,,intel,1.62,3 cell /47Wh,20990000.0,data/anphat/detail_htmls\lenovo_178_specs.html,INTEL_UHD,INTEGRATED
LENOVO Thinkpad E16 Gen 1 21jn0062va,lenovo,intel,Core i5,1335,4.6,8.0,ddr4,3200.0,512.0,16.0,1920 x 1200,,intel,1.81,3 cell /47Wh,19900000.0,data/anphat/detail_htmls\lenovo_177_specs.html,INTEL_IRIS_XE,INTEGRATED
LENOVO Ideapad Slim 3 14irh8 83el0023vn,lenovo,intel,Core i7,13620,4.9,16.0,lpddr5,4800.0,512.0,14.0,1920 x 1080,,intel,1.37,3 cell /47Wh,18990000.0,data/anphat/detail_htmls\lenovo_179_specs.html,INTEL_UHD,INTEGRATED
LENOVO Loq 15irx9 83dv00ervn,lenovo,intel,Core i7,13650,4.9,16.0,ddr5,4800.0,512.0,15.6,1920 x 1080,144.0,nvidia,2.38,60Wh,35990000.0,data/anphat/detail_htmls\lenovo_180_specs.html,RTX 4060,DISCRETE_GAMING
LENOVO Legion 7 16irx9 83fd004mvn,lenovo,intel,Core i9,14900,5.8,32.0,ddr5,5600.0,1024.0,16.0,3200 x 2000,165.0,nvidia,2.24,99.99 WHr,66990000.0,data/anphat/detail_htmls\lenovo_181_specs.html,RTX 4070,DISCRETE_GAMING
LENOVO Thinkpad X1 Carbon Gen 12 21kc008nvn,lenovo,intel,Core Ultra 7,155,4.8,32.0,lpddr5x,6400.0,1024.0,14.0,1920 x 1200,60.0,intel,1.09,57Wh,57200000.0,data/anphat/detail_htmls\lenovo_182_specs.html,INTEL_GRAPHICS,INTEGRATED
LENOVO Thinkpad X1 Carbon Gen 12 21kc008mvn,lenovo,intel,Core Ultra 7,155,4.8,16.0,lpddr5x,6400.0,512.0,14.0,1920 x 1200,60.0,intel,1.09,57Wh,54290000.0,data/anphat/detail_htmls\lenovo_183_specs.html,INTEL_GRAPHICS,INTEGRATED
LENOVO Legion 9 16irx9 83g0001avn,lenovo,intel,Core i9,14900,5.8,64.0,ddr5,5600.0,1024.0,16.0,3200 x 2000,165.0,nvidia,2.6,99.9Wh,142000000.0,data/anphat/detail_htmls\lenovo_185_specs.html,RTX 4090,DISCRETE_GAMING
LENOVO Thinkpad E14 Gen 5 21jk00h4va,lenovo,intel,Core i5,13420,4.6,8.0,ddr4,3200.0,512.0,14.0,1920 x 1200,,intel,1.43,3 cell /47Wh,19790000.0,data/anphat/detail_htmls\lenovo_187_specs.html,INTEL_UHD,INTEGRATED
LENOVO Thinkpad X1 Carbon Gen 12 21kc009nvn,lenovo,intel,Core Ultra 5,125,4.5,32.0,lpddr5x,6400.0,1024.0,14.0,1920 x 1200,60.0,intel,1.09,57Wh,51990000.0,data/anphat/detail_htmls\lenovo_188_specs.html,INTEL_GRAPHICS,INTEGRATED
LENOVO Loq 15aph9 83dx0085vn,lenovo,amd,Ryzen 7,8845,5.1,16.0,ddr5,5600.0,512.0,15.6,1920 x 1080,144.0,nvidia,2.38,60Wh,34490000.0,data/anphat/detail_htmls\lenovo_184_specs.html,RTX 4060,DISCRETE_GAMING
LENOVO Ideapad Slim 3 14iah8 83eq0004vn,lenovo,intel,Core i5,12450,4.4,8.0,lpddr5,4800.0,512.0,14.0,1920 x 1080,,intel,1.37,3 cell /47Wh,14990000.0,data/anphat/detail_htmls\lenovo_186_specs.html,INTEL_UHD,INTEGRATED
LENOVO Thinkpad E16 Gen 1 21jn00gjvn,lenovo,intel,Core i5,13420,4.6,8.0,ddr4,3200.0,512.0,16.0,1920 x 1200,,intel,1.81,3 cell /47Wh,20990000.0,data/anphat/detail_htmls\lenovo_189_specs.html,INTEL_UHD,INTEGRATED
LENOVO Thinkpad E14 Gen 5 21jk00h3va,lenovo,intel,Core i5,13420,4.6,8.0,ddr4,3200.0,512.0,14.0,1920 x 1200,,intel,1.43,3 cell /47Wh,20990000.0,data/anphat/detail_htmls\lenovo_190_specs.html,INTEL_UHD,INTEGRATED
LENOVO Thinkpad T16 Gen 3 21mn007eva,lenovo,intel,Core Ultra 7,155,4.8,16.0,ddr5,5600.0,512.0,16.0,1920 x 1200,,intel,1.66,3 cell 52.5Wh,34990000.0,data/anphat/detail_htmls\lenovo_193_specs.html,INTEL_GRAPHICS,INTEGRATED
LENOVO Legion Slim 5 16irh8 82ya00bsvn,lenovo,intel,Core i5,13500,4.7,16.0,ddr5,5200.0,512.0,16.0,2560 x 1600,165.0,nvidia,2.4,80Wh,35990000.0,data/anphat/detail_htmls\lenovo_192_specs.html,RTX 4050,DISCRETE_GAMING
LENOVO Thinkpad P14s Gen 5 T 21g2003rvn,lenovo,intel,Core Ultra 7,155,4.8,32.0,ddr5,5600.0,1024.0,14.5,3072 x 1920,120.0,nvidia,1.61,75Wh,55990000.0,data/anphat/detail_htmls\lenovo_194_specs.html,RTX 500,DISCRETE_GAMING
LENOVO Thinkpad P14s Gen 4 T 21hf0053va,lenovo,intel,Core i7,1360,5.0,32.0,lpddr5x,7500.0,512.0,14.0,2240 x 1400,,nvidia,1.34,3 cell 52.5Wh,41490000.0,data/anphat/detail_htmls\lenovo_191_specs.html,RTX 500,DISCRETE_GAMING
LENOVO Thinkpad P14s Gen 5 T 21g2003tvn,lenovo,intel,Core Ultra 7,155,4.8,64.0,ddr5,5600.0,1024.0,14.5,3072 x 1920,120.0,nvidia,1.61,75Wh,59990000.0,data/anphat/detail_htmls\lenovo_195_specs.html,RTX 500,DISCRETE_GAMING
LENOVO Thinkpad P14s Gen 5 T 21g2003uvn,lenovo,intel,Core Ultra 7,155,4.8,96.0,ddr5,5600.0,2048.0,14.5,3072 x 1920,120.0,nvidia,1.61,75Wh,66990000.0,data/anphat/detail_htmls\lenovo_196_specs.html,RTX 500,DISCRETE_GAMING
LENOVO Thinkpad P16s Gen3 T 21ks0039va,lenovo,intel,Core Ultra 5,125,4.5,16.0,ddr5,5600.0,512.0,16.0,1920 x 1200,,nvidia,1.82,75Wh,38750000.0,data/anphat/detail_htmls\lenovo_197_specs.html,RTX 500,DISCRETE_GAMING
LENOVO Thinkpad P16s Gen3 T 21ks003ava,lenovo,intel,Core Ultra 5,125,4.5,32.0,ddr5,5600.0,512.0,16.0,1920 x 1200,,nvidia,1.82,75Wh,40390000.0,data/anphat/detail_htmls\lenovo_198_specs.html,RTX 500,DISCRETE_GAMING
LENOVO Thinkpad P16s Gen3 T 21ks003bvn,lenovo,intel,Core Ultra 5,125,4.5,16.0,ddr5,5600.0,512.0,16.0,1920 x 1200,,nvidia,1.82,75Wh,43640000.0,data/anphat/detail_htmls\lenovo_199_specs.html,RTX 500,DISCRETE_GAMING
LENOVO Thinkpad P16s Gen3 T 21ks003cvn,lenovo,intel,Core Ultra 5,125,4.5,32.0,ddr5,5600.0,1024.0,16.0,1920 x 1200,,nvidia,1.82,75Wh,46730000.0,data/anphat/detail_htmls\lenovo_200_specs.html,RTX 500,DISCRETE_GAMING
LENOVO Thinkpad P16s Gen3 T 21ks0037va,lenovo,intel,Core Ultra 7,155,4.8,64.0,ddr5,5600.0,1024.0,16.0,1920 x 1200,,nvidia,1.82,75Wh,50530000.0,data/anphat/detail_htmls\lenovo_201_specs.html,RTX 500,DISCRETE_GAMING
LENOVO Thinkpad P16v Gen 1 T 21fc004bva,lenovo,intel,Core i7,13700,5.0,32.0,ddr5,5600.0,1024.0,16.0,1920 x 1200,,nvidia,2.2,90Wh,55650000.0,data/anphat/detail_htmls\lenovo_202_specs.html,RTX 1000,DISCRETE_GAMING
LENOVO Thinkpad P16v Gen 1 T 21fc004dvn,lenovo,intel,Core i7,13700,5.0,64.0,ddr5,5600.0,1024.0,16.0,3840 x 2400,,nvidia,2.2,90Wh,71560000.0,data/anphat/detail_htmls\lenovo_204_specs.html,RTX 1000,DISCRETE_GAMING
LENOVO Thinkpad P16v Gen 1 T 21fc004cvn,lenovo,intel,Core i7,13700,5.0,32.0,ddr5,5600.0,1024.0,16.0,3840 x 2400,,nvidia,2.2,90Wh,68680000.0,data/anphat/detail_htmls\lenovo_203_specs.html,RTX 1000,DISCRETE_GAMING
LENOVO Thinkpad P16s Gen3 T 21ks0035vn,lenovo,intel,Core Ultra 7,155,4.8,64.0,ddr5,5600.0,1024.0,16.0,1920 x 1200,,nvidia,1.82,75Wh,55420000.0,data/anphat/detail_htmls\lenovo_205_specs.html,RTX 500,DISCRETE_GAMING
LENOVO Thinkpad P16s Gen3 T 21ks0036vn,lenovo,intel,Core Ultra 7,155,4.8,64.0,ddr5,5600.0,2048.0,16.0,1920 x 1200,,nvidia,1.82,75Wh,69170000.0,data/anphat/detail_htmls\lenovo_206_specs.html,RTX 500,DISCRETE_GAMING
LENOVO Thinkpad P16v Gen 2 T 21kx0037va,lenovo,intel,Core Ultra 7,155,4.8,64.0,ddr5,5600.0,1024.0,16.0,1920 x 1200,,nvidia,2.22,90Wh,63240000.0,data/anphat/detail_htmls\lenovo_207_specs.html,RTX 1000,DISCRETE_GAMING
LENOVO Thinkpad P16v Gen 2 T 21kx0038va,lenovo,intel,Core Ultra 7,155,4.8,32.0,ddr5,5600.0,1024.0,16.0,3840 x 2400,,nvidia,2.22,90Wh,67770000.0,data/anphat/detail_htmls\lenovo_208_specs.html,RTX 1000,DISCRETE_GAMING
LENOVO Thinkpad P16v Gen 2 T 21kx0036vn,lenovo,intel,Core Ultra 7,155,4.8,64.0,ddr5,5600.0,1024.0,16.0,3840 x 2400,,nvidia,2.22,90Wh,72680000.0,data/anphat/detail_htmls\lenovo_209_specs.html,RTX 1000,DISCRETE_GAMING
LENOVO Thinkpad L14 Gen 5 T 21l10043va,lenovo,intel,Core Ultra 5,125,4.3,16.0,ddr5,5600.0,512.0,14.0,1920 x 1200,,intel,1.4,3 cell /46.5Wh,23990000.0,data/anphat/detail_htmls\lenovo_210_specs.html,INTEL_GRAPHICS,INTEGRATED
LENOVO Thinkpad E14 Gen 6 21m70051vn,lenovo,intel,Core Ultra 7,155,4.8,32.0,ddr5,5600.0,1024.0,14.0,2240 x 1400,,intel,1.44,3 cell /47Wh,33990000.0,data/anphat/detail_htmls\lenovo_211_specs.html,INTEL_GRAPHICS,INTEGRATED
LENOVO Thinkpad E16 Gen 1 21jn00glvn,lenovo,intel,Core i5,13420,4.6,8.0,ddr4,3200.0,512.0,16.0,1920 x 1200,,intel,1.81,3 cell /47Wh,21990000.0,data/anphat/detail_htmls\lenovo_212_specs.html,INTEL_UHD,INTEGRATED
LENOVO Thinkpad E16 Gen 2 21ma0048vn,lenovo,intel,Core Ultra 5,125,4.3,16.0,ddr5,5600.0,1024.0,16.0,1920 x 1200,,intel,1.81,3 cell /47Wh,24890000.0,data/anphat/detail_htmls\lenovo_213_specs.html,INTEL_GRAPHICS,INTEGRATED
LENOVO Thinkpad L14 Gen 5 T 21l1003wva,lenovo,intel,Core Ultra 7,155,4.8,16.0,ddr5,5600.0,512.0,14.0,1920 x 1200,,intel,1.4,3 cell /46.5Wh,28590000.0,data/anphat/detail_htmls\lenovo_216_specs.html,INTEL_GRAPHICS,INTEGRATED
LENOVO Ideapad Slim 3 15irh8 83em003evn,lenovo,intel,Core i7,13620,4.9,16.0,lpddr5,4800.0,512.0,15.6,1920 x 1080,,intel,1.62,3 cell /47Wh,19990000.0,data/anphat/detail_htmls\lenovo_217_specs.html,INTEL_UHD,INTEGRATED
LENOVO V14 G4 Iru 83a000bhvn,lenovo,intel,Core i5,13420,4.6,8.0,ddr4,3200.0,512.0,14.0,1920 x 1080,,intel,1.43,38Wh,16490000.0,data/anphat/detail_htmls\lenovo_218_specs.html,INTEL_UHD,INTEGRATED
LENOVO Thinkpad X1 Carbon Gen 12 21kc008pvn,lenovo,intel,Core Ultra 7,155,4.8,32.0,lpddr5x,6400.0,1024.0,14.0,2880 x 1800,120.0,intel,1.09,57Wh,62990000.0,data/anphat/detail_htmls\lenovo_219_specs.html,INTEL_GRAPHICS,INTEGRATED
LENOVO Thinkpad E14 Gen 5 21jk00pfva,lenovo,intel,Core i7,1355,5.0,8.0,ddr4,3200.0,512.0,14.0,1920 x 1200,,intel,1.41,3 cell /47Wh,24090000.0,data/anphat/detail_htmls\lenovo_220_specs.html,INTEL_IRIS_XE,INTEGRATED
LENOVO Thinkpad E14 Gen 6 21m7004uvn,lenovo,intel,Core Ultra 7,155,4.8,16.0,ddr5,5600.0,512.0,14.0,1920 x 1200,,intel,1.44,3 cell /47Wh,28390000.0,data/anphat/detail_htmls\lenovo_221_specs.html,INTEL_GRAPHICS,INTEGRATED
LENOVO Thinkpad E16 Gen 2 21ma004ava,lenovo,intel,Core Ultra 5,125,4.5,16.0,ddr5,5600.0,512.0,16.0,1920 x 1200,,intel,1.81,3 cell /47Wh,23090000.0,data/anphat/detail_htmls\lenovo_222_specs.html,INTEL_GRAPHICS,INTEGRATED
LENOVO Thinkpad E16 Gen 2 21ma004cvn,lenovo,intel,Core Ultra 5,125,4.5,16.0,ddr5,5600.0,512.0,16.0,1920 x 1200,,intel,1.81,3 cell /47Wh,24290000.0,data/anphat/detail_htmls\lenovo_223_specs.html,INTEL_GRAPHICS,INTEGRATED
LENOVO Thinkpad E16 Gen 2 21ma004evn,lenovo,intel,Core Ultra 5,125,4.5,32.0,ddr5,5600.0,1024.0,16.0,1920 x 1200,,intel,1.81,3 cell /47Wh,27090000.0,data/anphat/detail_htmls\lenovo_224_specs.html,INTEL_GRAPHICS,INTEGRATED
LENOVO Thinkpad E14 Gen 5 21jk006hva,lenovo,intel,Core i7,1355,5.0,8.0,ddr4,3200.0,512.0,14.0,1920 x 1200,,intel,1.53,3 cell /47Wh,25690000.0,data/anphat/detail_htmls\lenovo_225_specs.html,INTEL_IRIS_XE,INTEGRATED
LENOVO Thinkpad T14s Gen 5 21ls005uva,lenovo,intel,Core Ultra 7,155,4.8,16.0,lpddr5x,6400.0,1024.0,14.0,1920 x 1200,,intel,1.24,3 cell /58Wh,36990000.0,data/anphat/detail_htmls\lenovo_226_specs.html,INTEL_GRAPHICS,INTEGRATED
LENOVO Thinkpad E16 Gen 1 21jn006ava,lenovo,intel,Core i7,1355,5.0,8.0,ddr4,3200.0,512.0,16.0,1920 x 1200,,intel,1.81,3 cell /47Wh,25690000.0,data/anphat/detail_htmls\lenovo_227_specs.html,INTEL_IRIS_XE,INTEGRATED
LENOVO Thinkpad X1 Carbon Gen 10 21cb009wvn,lenovo,intel,Core i5,1240,4.4,16.0,lpddr5,5200.0,512.0,14.0,2240 x 1400,,intel,1.12,"4 Cell, 57Wh",47490000.0,data/anphat/detail_htmls\lenovo_228_specs.html,INTEL_IRIS_XE,INTEGRATED
LENOVO Ideapad 5 Pro 16arh7 82sn00afvn,lenovo,amd,Ryzen 7,6800,4.7,16.0,ddr5,6400.0,512.0,16.0,2560 x 1600,120.0,nvidia,1.95,4 cell /75Wh,28990000.0,data/anphat/detail_htmls\lenovo_229_specs.html,GTX 1650,DISCRETE_GAMING
LENOVO Ideapad 3 15aba7 82rn0070vn,lenovo,amd,Ryzen 5,5625,4.3,8.0,ddr4,3200.0,512.0,15.6,1920 x 1080,,amd,1.63,"3 Cell, 45Wh",15490000.0,data/anphat/detail_htmls\lenovo_230_specs.html,AMD_RADEON_GRAPHICS,INTEGRATED
LENOVO Ideapad 5 Pro 14arh7 82sj0026vn,lenovo,amd,Ryzen 5,6600,4.5,16.0,ddr5,6400.0,512.0,14.0,2880 x 1800,90.0,amd,1.49,3 cell /56.5Wh,23990000.0,data/anphat/detail_htmls\lenovo_231_specs.html,AMD_RADEON_GRAPHICS,INTEGRATED
LENOVO Ideapad 5 Pro 14arh7 82sj0028vn,lenovo,amd,Ryzen 7,6800,4.7,16.0,ddr5,6400.0,512.0,14.0,2880 x 1800,90.0,amd,1.49,3 cell /56.5Wh,24990000.0,data/anphat/detail_htmls\lenovo_232_specs.html,AMD_RADEON_GRAPHICS,INTEGRATED
LENOVO Thinkpad T16 G1 21bv00ekva,lenovo,intel,Core i5,1235,4.4,8.0,ddr4,3200.0,512.0,16.0,1920 x 1200,,intel,1.65,"3 Cell, 52.5Wh",28290000.0,data/anphat/detail_htmls\lenovo_233_specs.html,INTEL_IRIS_XE,INTEGRATED
LENOVO Thinkpad P14s Gen 3 21ak006xva,lenovo,intel,Core i7,1260,4.7,16.0,ddr4,3200.0,512.0,14.0,2240 x 1400,,nvidia,1.38,3 cell 52.5Wh,42990000.0,data/anphat/detail_htmls\lenovo_237_specs.html,QUADRO T550,DISCRETE_WORKSTATION
LENOVO Thinkpad P14s Gen 3 21ak006sva,lenovo,intel,Core i5,1240,4.4,8.0,ddr4,3200.0,512.0,14.0,2240 x 1400,,nvidia,1.38,3 cell 52.5Wh,36990000.0,data/anphat/detail_htmls\lenovo_236_specs.html,QUADRO T550,DISCRETE_WORKSTATION
LENOVO Thinkpad T14s Gen 3 21br00e2va,lenovo,intel,Core i5,1235,4.4,16.0,lpddr5,4800.0,512.0,14.0,1920 x 1200,,intel,1.21,3 cell 57Wh,33390000.0,data/anphat/detail_htmls\lenovo_235_specs.html,INTEL_IRIS_XE,INTEGRATED
LENOVO Thinkpad X1 Carbon Gen 10 21cb00a8vn,lenovo,intel,Core i7,1260,4.7,16.0,lpddr5,5200.0,512.0,14.0,1920 x 1200,60.0,intel,1.12,"4 Cell, 57Wh",48990000.0,data/anphat/detail_htmls\lenovo_238_specs.html,INTEL_IRIS_XE,INTEGRATED
LENOVO Thinkpad T16 Gen 1 21bv00g9fq,lenovo,intel,Core i7,1260,4.7,8.0,ddr4,3200.0,512.0,16.0,1920 x 1200,,intel,1.769,3 cell 52.5Wh,31590000.0,data/anphat/detail_htmls\lenovo_239_specs.html,INTEL_IRIS_XE,INTEGRATED
LENOVO Thinkpad P16s Gen 2 21hk004vva,lenovo,intel,Core i7,1360,5.0,32.0,lpddr5x,7500.0,512.0,16.0,1920 x 1200,,nvidia,1.7,Integrated 52.5Wh,41990000.0,data/anphat/detail_htmls\lenovo_240_specs.html,RTX 500,DISCRETE_GAMING
LENOVO Thinkpad T490s 20nxs00200_id30092,lenovo,intel,Core i7,8565,1.8,8.0,ddr4,,256.0,14.0,1920 x 1080,,intel,1.5,3 Cell 57WH,39990000.0,data/anphat/detail_htmls\lenovo_242_specs.html,INTEL_UHD,INTEGRATED
LENOVO Thinkpad T14s Gen 5 21ls0062vn,lenovo,intel,Core Ultra 7,155,4.8,32.0,lpddr5x,6400.0,1024.0,14.0,2880 x 1800,120.0,intel,1.24,3 cell /58Wh,47190000.0,data/anphat/detail_htmls\lenovo_241_specs.html,INTEL_GRAPHICS,INTEGRATED
DELL 15 Dc15250 I7u161w11slu,dell,intel,Core i7,1355,5.0,16.0,ddr4,,1024.0,15.6,1920 x 1080,,intel,1.65,4C 54Wh,22990000.0,data/anphat/detail_htmls\dell_0_specs.html,INTEL_GRAPHICS,INTEGRATED
DELL Inspiron 15 3530 N5i7305w1,dell,intel,Core i7,1355,5.0,16.0,ddr4,,512.0,15.6,1920 x 1080,120.0,intel,1.62,4 Cell 54Whr,22990000.0,data/anphat/detail_htmls\dell_3_specs.html,INTEL_IRIS_XE,INTEGRATED
DELL Xps13 9350 Pp9h1,dell,intel,Core Ultra 7,258,2.2,32.0,lpddr5x,8533.0,1024.0,13.4,2560 x 1600,,intel,1.21,3Cell 55WHrs,76990000.0,data/anphat/detail_htmls\dell_4_specs.html,INTEL_GRAPHICS,INTEGRATED
DELL 15 Dc15250 Cph99,dell,intel,Core i5,1334,4.6,16.0,ddr4,,512.0,15.6,1920 x 1080,,intel,1.65,"3 Cell, 41 Wh",17990000.0,data/anphat/detail_htmls\dell_1_specs.html,INTEL_GRAPHICS,INTEGRATED
DELL 16 Dc16250 C7u161w11blu,dell,intel,Core 7,150,5.4,16.0,,,1024.0,16.0,1920 x 1200,,intel,2.0,3 cell 41 Wh,28990000.0,data/anphat/detail_htmls\dell_5_specs.html,INTEL_GRAPHICS,INTEGRATED
DELL 16 Dc16251 Dc6c7557w1,dell,intel,Core 7,150,5.4,16.0,ddr5,5200.0,1024.0,16.0,1920 x 1200,,nvidia,1.98,4cell 54Whr,31990000.0,data/anphat/detail_htmls\dell_6_specs.html,MX 570A,DISCRETE_LIGHT
DELL Pro 13 Plus Pb13250 42ltu7pb13250,dell,intel,Core Ultra 7,265,5.3,16.0,,,512.0,13.3,1920 x 1200,60.0,intel,1.23,3cell 55Wh,39990000.0,data/anphat/detail_htmls\dell_7_specs.html,INTEL_GRAPHICS,INTEGRATED
DELL Pro 14 Pc14250 71076111,dell,intel,Core 5,120,5.0,16.0,,,1024.0,14.0,1920 x 1200,60.0,intel,1.35,3Cell 45WHrs,26990000.0,data/anphat/detail_htmls\dell_8_specs.html,INTEL_GRAPHICS,INTEGRATED
DELL 15 Dc15250 Cph997,dell,intel,Core i7,1355,5.0,16.0,ddr4,,1024.0,15.6,1920 x 1080,,intel,1.65,4C 54Wh,24990000.0,data/anphat/detail_htmls\dell_10_specs.html,INTEL_GRAPHICS,INTEGRATED
DELL Inspiron 14 5440 N4i5211w1,dell,intel,Core 5,120,5.0,16.0,ddr5,5200.0,512.0,14.0,1920 x 1200,60.0,intel,1.67,4Cell 54WHrs,23990000.0,data/anphat/detail_htmls\dell_11_specs.html,INTEL_IRIS_XE,INTEGRATED
DELL Latitude 3450 L3450 1335u 08512u Fbl,dell,intel,Core i5,1335,4.6,8.0,ddr5,5200.0,512.0,14.0,1920 x 1080,,intel,,3Cell 42WHrs,18990000.0,data/anphat/detail_htmls\dell_12_specs.html,INTEL_UHD,INTEGRATED
DELL Inspiron 14 5440 Ndy5v1,dell,intel,Core i5,1334,4.6,16.0,ddr5,4400.0,512.0,14.0,1920 x 1080,,,1.69,4-cell,21990000.0,data/anphat/detail_htmls\dell_13_specs.html,UNKNOWN,UNKNOWN
DELL Xps 13 9350 71058714,dell,intel,Core Ultra 5,226,4.5,16.0,lpddr5x,8533.0,1024.0,13.4,2560 x 1600,,intel,1.21,3Cell 55WHrs,58990000.0,data/anphat/detail_htmls\dell_14_specs.html,INTEL_GRAPHICS,INTEGRATED
DELL Latitude 3450 71076115,dell,intel,Core i7,1355,5.0,16.0,ddr5,5200.0,512.0,14.0,1920 x 1080,60.0,intel,1.5,3Cell 42WHrs,28990000.0,data/anphat/detail_htmls\dell_16_specs.html,INTEL_IRIS_XE,INTEGRATED
DELL Inspiron 14 5440 N4i7204w1,dell,intel,Core 7,150,5.4,16.0,ddr5,5200.0,512.0,14.0,1920 x 1200,60.0,intel,1.67,4Cell 54WHrs,26999000.0,data/anphat/detail_htmls\dell_15_specs.html,INTEL_IRIS_XE,INTEGRATED
DELL Inspiron 14 5441 71069158,dell,qualcomm,Snapdragon X X1,100,2.97,16.0,,,512.0,14.0,1920 x 1200,60.0,qualcomm,,3Cell 54Wh,28990000.0,data/anphat/detail_htmls\dell_19_specs.html,QUALCOMM_ADRENO,INTEGRATED_ARM
DELL Inspiron 14 5440 7fn5j,dell,intel,Core 7,150,5.4,16.0,ddr5,5200.0,1024.0,14.0,1920 x 1200,60.0,intel,1.56,4Cell 54WHrs,27990000.0,data/anphat/detail_htmls\dell_18_specs.html,INTEL_GRAPHICS,INTEGRATED
DELL Inspiron 14 5441 5mnk1,dell,qualcomm,Snapdragon X Plus,100,3.4,16.0,lpddr5x,8448.0,512.0,14.0,1920 x 1200,60.0,qualcomm,1.53,3Cell 54Wh,31990000.0,data/anphat/detail_htmls\dell_17_specs.html,QUALCOMM_ADRENO,INTEGRATED_ARM
Nb DELL Mobile Precision 3590,dell,intel,Core Ultra 7,165,5.0,16.0,ddr5,5600.0,512.0,15.6,1920 x 1080,60.0,nvidia,1.62,"3-cell, 42Wh",48990000.0,data/anphat/detail_htmls\dell_20_specs.html,RTX 500,DISCRETE_GAMING
DELL Xps 9350 Xps9350 U5ia165w11gr Fp,dell,intel,Core Ultra 5,226,4.5,16.0,lpddr5x,8533.0,512.0,13.4,2560 x 1600,,intel,1.21,3Cell 55WHrs,59990000.0,data/anphat/detail_htmls\dell_21_specs.html,INTEL_GRAPHICS,INTEGRATED
DELL Latitude 5450 Btx Base 42lt545001,dell,intel,Core Ultra 7,155,4.8,16.0,ddr5,5600.0,512.0,14.0,1920 x 1080,60.0,intel,1.4,"3-cell, 54 Wh",32990000.0,data/anphat/detail_htmls\dell_22_specs.html,INTEL_GRAPHICS,INTEGRATED
DELL 16 Plus Db16250 X65nw7,dell,intel,Ultra 7,256,4.8,16.0,ddr5,,1024.0,16.0,2K,,intel,1.87,4cell 64Whr,36990000.0,data/anphat/detail_htmls\dell_25_specs.html,INTEL_GRAPHICS,INTEGRATED
DELL 16 Plus Db16250 X65nw9,dell,intel,Ultra 9,288,5.1,32.0,ddr5,,2048.0,16.0,2K,,intel,1.87,4cell 64Whr,49990000.0,data/anphat/detail_htmls\dell_24_specs.html,INTEL_GRAPHICS,INTEGRATED
DELL 15 Dc15250 Dc5i5372w1,dell,intel,Core i5,1334,4.6,16.0,ddr4,,512.0,15.6,1920 x 1080,,intel,1.65,"3 Cell, 41 Wh",17990000.0,data/anphat/detail_htmls\dell_27_specs.html,INTEL_GRAPHICS,INTEGRATED
DELL 15 Dc15250 Dc5i7748w1,dell,intel,Core i7,1355,5.0,16.0,ddr4,,512.0,15.6,1920 x 1080,,intel,1.65,4C 54Wh,21990000.0,data/anphat/detail_htmls\dell_28_specs.html,INTEL_GRAPHICS,INTEGRATED
DELL Latitude 3450 L3450 1335u 08512u,dell,intel,Core i5,1335,4.6,8.0,ddr5,,512.0,14.0,1920 x 1080,,intel,1.5,3Cell 42WHrs,19990000.0,data/anphat/detail_htmls\dell_29_specs.html,INTEL_UHD,INTEGRATED
DELL Inspiron 15 3530 N3530 I3u085w11slu,dell,intel,Core i3,1305,4.5,8.0,ddr4,3200.0,512.0,15.6,1920 x 1080,120.0,intel,1.65,"3 Cell, 41 Wh",13890000.0,data/anphat/detail_htmls\dell_30_specs.html,INTEL_UHD,INTEGRATED
DELL 15 Dc15250 71071928,dell,intel,Core i5,1334,4.6,16.0,ddr4,,512.0,15.6,1920 x 1080,,intel,1.65,"3 Cell, 41 Wh",18990000.0,data/anphat/detail_htmls\dell_31_specs.html,INTEL_GRAPHICS,INTEGRATED
DELL Inspiron 15 3530 71053721,dell,intel,Core i7,1355,5.0,16.0,ddr4,,512.0,15.6,1920 x 1080,120.0,intel,1.62,4 Cell 54Whr,22990000.0,data/anphat/detail_htmls\dell_33_specs.html,INTEL_IRIS_XE,INTEGRATED
DELL Latitude 3450 L3450 1335u 16512w,dell,intel,Core i5,1335,4.6,16.0,ddr5,5600.0,512.0,14.0,1920 x 1080,,intel,1.5,3Cell 42WHrs,22990000.0,data/anphat/detail_htmls\dell_36_specs.html,INTEL_IRIS_XE,INTEGRATED
DELL Inspiron 15 3520 25p2312,dell,intel,Core i5,1235,4.4,16.0,ddr4,3200.0,512.0,15.6,1920 x 1080,,intel,1.83,3 Cell,16900000.0,data/anphat/detail_htmls\dell_37_specs.html,INTEL_IRIS_XE,INTEGRATED
DELL Latitude 3540 Adl Xcto 42lt354001,dell,intel,Core i5,1235,4.4,8.0,ddr4,3200.0,512.0,15.6,1920 x 1080,,intel,1.81,"3 Cell, 42 Wh",18990000.0,data/anphat/detail_htmls\dell_38_specs.html,INTEL_UHD,INTEGRATED
DELL Inspiron 16 5640 N6i7512w1,dell,intel,Core 7,150,5.4,16.0,ddr5,5200.0,1024.0,16.0,2560 x 1600,,nvidia,1.87,4Cell 54WHrs,33690000.0,data/anphat/detail_htmls\dell_41_specs.html,MX 570A,DISCRETE_LIGHT
DELL Gaming G15 5530 1053700,dell,intel,Core i7,13650,4.9,16.0,ddr5,4800.0,512.0,15.6,1920 x 1080,120.0,nvidia,2.81,3Cell 56Wh,35900000.0,data/anphat/detail_htmls\dell_39_specs.html,RTX 3050,DISCRETE_GAMING
DELL Inspiron 14 14 7440 2 In 1 N4i5006w1,dell,intel,Core 5,120,5.0,16.0,ddr5,5200.0,1024.0,14.0,1920 x 1200,,intel,1.74,4Cell 54WHrs,31990000.0,data/anphat/detail_htmls\dell_40_specs.html,INTEL_GRAPHICS,INTEGRATED
DELL Inspiron 15 N3530 I7u161w11slu Bl,dell,intel,Core i7,1355,5.0,16.0,ddr4,3200.0,1024.0,15.6,1920 x 1080,120.0,intel,1.62,4 Cell 54Whr,23990000.0,data/anphat/detail_htmls\dell_42_specs.html,INTEL_IRIS_XE,INTEGRATED
DELL Inspiron 14 5440 71059084,dell,intel,Core 7,150,5.4,16.0,ddr5,5200.0,1024.0,14.0,2240 x 1400,,nvidia,1.56,4Cell 54WHrs,33990000.0,data/anphat/detail_htmls\dell_43_specs.html,MX 570A,DISCRETE_LIGHT
DELL Latitude 3550 42lt355001,dell,intel,Core i5,1335,4.6,8.0,ddr5,5600.0,512.0,15.6,1920 x 1080,,intel,1.81,"3 Cell, 42 Wh",21990000.0,data/anphat/detail_htmls\dell_46_specs.html,INTEL_UHD,INTEGRATED
DELL Latitude 3450 L3450 1335u 08512w,dell,intel,Core i5,1335,4.6,8.0,ddr5,,512.0,14.0,1920 x 1080,,intel,1.5,3Cell 42WHrs,20990000.0,data/anphat/detail_htmls\dell_44_specs.html,INTEL_UHD,INTEGRATED
DELL Latitude 7350 L7350 135u 16512w,dell,intel,Core Ultra 5,135,4.4,16.0,lpddr5,6400.0,512.0,13.3,1920 x 1080,,intel,1.15,3Cell 54WHrs,38990000.0,data/anphat/detail_htmls\dell_45_specs.html,INTEL_GRAPHICS,INTEGRATED
DELL Latitude 3550 71047018,dell,intel,Core i5,1335,4.6,16.0,ddr5,,512.0,15.6,1920 x 1080,,intel,1.81,"3 Cell, 42 Wh",23990000.0,data/anphat/detail_htmls\dell_50_specs.html,INTEL_UHD,INTEGRATED
DELL Mobile Precision Workstation 3590,dell,intel,Core Ultra 7,165,5.0,16.0,ddr5,5600.0,512.0,15.6,1920 x 1080,60.0,intel,,"3 Cell, 42WHr",46990000.0,data/anphat/detail_htmls\dell_49_specs.html,INTEL_GRAPHICS,INTEGRATED
DELL Mobile Precision Workstation 5680 71023332,dell,intel,Core i7,13800,5.2,16.0,ddr5,4800.0,512.0,16.0,1920 x 1200,60.0,nvidia,,6-cell 100Wh,85990000.0,data/anphat/detail_htmls\dell_48_specs.html,RTX 2000,DISCRETE_GAMING
ASUS Vivobook 15 X1502va Bq885w,asus,intel,Core i5,13420,4.6,8.0,ddr4,,512.0,15.6,1920 x 1080,60.0,intel,1.7,"42WHrs, 3S1P, 3-cell",15700000.0,data/anphat/detail_htmls\asus_4_specs.html,INTEL_UHD,INTEGRATED
ASUS Expertbook P1 P1403cva S61261w,asus,intel,Core i7,13620,4.9,16.0,ddr5,,1024.0,14.0,1920 x 1080,,intel,1.44,3-cell 50WHrs,19900000.0,data/anphat/detail_htmls\asus_2_specs.html,INTEL_UHD,INTEGRATED
ASUS Rog Zephyrus G14 Ga403 RYZEN Ai 9 Ga403wm Qs058ws,asus,amd,Ryzen AI 9,370,5.1,32.0,lpddr5x,7500.0,1024.0,14.0,2880 x 1800,120.0,nvidia,1.5,"73WHrs, 4S1P, 4-cell Li-ion (sạc nhanh 0-50% trong 30 phút)",59990000.0,data/anphat/detail_htmls\asus_0_specs.html,RTX 5060,DISCRETE_GAMING
ASUS Vivobook 15 X1502va Bq886w,asus,intel,Core i7,13620,4.9,16.0,ddr4,,512.0,15.6,1920 x 1080,,intel,1.7,"42WHrs, 3S1P, 3-cell",17660000.0,data/anphat/detail_htmls\asus_5_specs.html,INTEL_IRIS_XE,INTEGRATED
ASUS Zenbook A14 Ux3407qa Qd299ws,asus,qualcomm,Snapdragon X  X1,100,2.97,16.0,lpddr5x,,512.0,14.0,1920 x 1200,60.0,qualcomm,0.99,3 Cell 70Whr,29990000.0,data/anphat/detail_htmls\asus_7_specs.html,QUALCOMM_ADRENO,INTEGRATED_ARM
ASUS Rog Zephyrus G14 Ga403wp Qs045ws,asus,amd,Ryzen AI 9,370,5.1,32.0,lpddr5x,,1024.0,14.0,2880 x 1800,,nvidia,1.5,"73WHrs, 4S1P, 4-cell Li-ion",61990000.0,data/anphat/detail_htmls\asus_8_specs.html,RTX 5070,DISCRETE_GAMING
ASUS Vivobook Go 15 E1504fa Bq1150w,asus,amd,Ryzen 5,7520,4.3,16.0,lpddr5,,512.0,15.6,FHD,60.0,amd,1.63,3 cell 42WHrs,12990000.0,data/anphat/detail_htmls\asus_9_specs.html,AMD_RADEON_GRAPHICS,INTEGRATED
ASUS Vivobook Go E1404fa Eb482w,asus,amd,Ryzen 5,7520,4.3,16.0,lpddr5,,512.0,14.0,FHD,60.0,amd,1.38,3 cell 42WHrs,14490000.0,data/anphat/detail_htmls\asus_10_specs.html,AMD_RADEON_GRAPHICS,INTEGRATED
ASUS Vivobook X1404va Eb509w,asus,intel,Core i3,1315,4.5,8.0,ddr4,3200.0,512.0,14.0,1920 x 1080,,intel,1.4,"3 cell 42 Wh , Pin liền",12190000.0,data/anphat/detail_htmls\asus_11_specs.html,INTEL_UHD,INTEGRATED
ASUS Vivobook 15 X1504va Bq165w,asus,intel,Core 5,120,5.0,8.0,ddr4,,512.0,15.6,1920 x 1080,60.0,intel,1.7,"3-cell, 42WHrs",16690000.0,data/anphat/detail_htmls\asus_12_specs.html,INTEL_GRAPHICS,INTEGRATED
ASUS Zenbook 14 Um3406ka Pp590ws,asus,amd,Ryzen AI 7,350,5.0,32.0,lpddr5x,,1024.0,14.0,2880 x 1800,120.0,amd,1.2,"75WHrs, 4S1P, 4-cell Li-ion",31990000.0,data/anphat/detail_htmls\asus_15_specs.html,AMD_RADEON_GRAPHICS,INTEGRATED
ASUS Vivobook S 14 Oled S5406sa Pp059ws,asus,intel,Core Ultra 5,258,4.8,32.0,lpddr5x,,1024.0,14.0,2880 x 1800,120.0,intel,1.3,"75 WHrs, 4-cell",35990000.0,data/anphat/detail_htmls\asus_14_specs.html,INTEL_GRAPHICS,INTEGRATED
ASUS Expertbook P1503cva I308256 50w,asus,intel,Core i3,1315,4.5,8.0,ddr5,,256.0,15.6,1920 x 1080,,intel,1.62,3-cell 50WHrs,11990000.0,data/anphat/detail_htmls\asus_17_specs.html,INTEL_UHD,INTEGRATED
ASUS Zenbook 14 Um3406ka Pp113ws,asus,amd,RYZEN AI 7,350,2.0,16.0,lpddr5x,,512.0,14.0,2880 x 1800,120.0,amd,1.2,"75 WHrs, 4-cell",28990000.0,data/anphat/detail_htmls\asus_22_specs.html,AMD_RADEON_GRAPHICS,INTEGRATED
ASUS Vivobook S 16 S5606ca Ri171ws,asus,intel,Core Ultra 7,255,5.1,16.0,lpddr5x,,512.0,16.0,2880 x 1800,120.0,intel,1.5,4-cell 75WHrs,30999000.0,data/anphat/detail_htmls\asus_25_specs.html,INTEL_GRAPHICS,INTEGRATED
ASUS Vivobook S14 M3407ka Sf032ws,asus,amd,Ryzen  AI 7,350,,16.0,ddr5,,512.0,14.0,1920 x 1200,60.0,amd,1.4,"70WHrs, 4S1P, 4-cell Li-ion",25999000.0,data/anphat/detail_htmls\asus_27_specs.html,AMD_RADEON_GRAPHICS,INTEGRATED
ASUS Vivobook S14 M3407ka Sf034ws,asus,amd,Ryzen AI 5,330,,16.0,ddr5,,512.0,14.0,1920 x 1200,60.0,amd,1.4,"70WHrs, 4S1P, 4-cell Li-ion",22999000.0,data/anphat/detail_htmls\asus_26_specs.html,AMD_RADEON_GRAPHICS,INTEGRATED
ASUS Vivobook S 14 S3407ca Ly096ws,asus,intel,Core Ultra 7,255,5.1,16.0,ddr5,,512.0,14.0,1920 x 1200,60.0,intel,1.4,"70WHrs, 4S1P, 4-cell Li-ion",25990000.0,data/anphat/detail_htmls\asus_28_specs.html,INTEL_UHD,INTEGRATED
ASUS Vivobook S16 S3607ca Sh082ws,asus,intel,Core Ultra 5,225,1.7,16.0,ddr5,,512.0,16.0,1920 x 1200,60.0,intel,1.7,"70WHrs, 4S1P, 4-cell Li-ion",24990000.0,data/anphat/detail_htmls\asus_31_specs.html,INTEL_GRAPHICS,INTEGRATED
ASUS Vivobook S 14 S3407ca Ly095ws,asus,intel,Core Ultra 5,225,4.9,16.0,ddr5,,512.0,14.0,1920 x 1200,60.0,intel,1.4,"70WHrs, 4S1P, 4-cell Li-ion",22990000.0,data/anphat/detail_htmls\asus_30_specs.html,INTEL_UHD,INTEGRATED
ASUS Vivobook 14 X1405va Ly623w,asus,intel,Core i5,13420,4.6,16.0,ddr4,3200.0,512.0,14.0,1920 x 1200,60.0,intel,1.6,"42WHrs, 3S1P, 3-cell Li-ion",16190000.0,data/anphat/detail_htmls\asus_35_specs.html,INTEL_UHD,INTEGRATED
ASUS Vivobook S14 S3407qa Sf043ws,asus,qualcomm,Snapdragon X  X1,100,2.97,80.0,lpddr5x,,512.0,14.0,1920 x 1200,60.0,qualcomm,1.35,"70WHrs, 3S1P, 3-cell Li-ion",24990000.0,data/anphat/detail_htmls\asus_33_specs.html,QUALCOMM_ADRENO,INTEGRATED_ARM
ASUS Vivobook S 14 Flip Tp3402va Lz632w,asus,intel,Core i5,13420,4.6,16.0,ddr4,,512.0,14.0,1920 x 1200,60.0,intel,1.5,"3 cell, 50WHrs",20999000.0,data/anphat/detail_htmls\asus_34_specs.html,INTEL_UHD,INTEGRATED
ASUS Vivobook S16 S3607qa Sh040ws,asus,qualcomm,Snapdragon X  X1,100,2.97,80.0,lpddr5x,,512.0,16.0,1920 x 1200,60.0,qualcomm,1.74,"70WHrs, 3S1P, 3-cell Li-ion",22999000.0,data/anphat/detail_htmls\asus_32_specs.html,QUALCOMM_ADRENO,INTEGRATED_ARM
ASUS Expertbook P3405cva Nz0077w,asus,intel,Core i7,13620,4.9,16.0,ddr5,,512.0,14.0,2560 x 1600,,intel,1.36,"63 WHrs, 3-cell",24999000.0,data/anphat/detail_htmls\asus_36_specs.html,INTEL_UHD,INTEGRATED
ASUS Rog Strix G18 G815lr S9211w,asus,intel,Ultra 9,275,5.4,32.0,ddr5,5600.0,1024.0,18.0,2560 x 1600,240.0,nvidia,3.2,"90WHrs, 4S1P, 4-cell Li-ion",63990000.0,data/anphat/detail_htmls\asus_38_specs.html,RTX 5070,DISCRETE_GAMING
ASUS Rog Strix G18 G815lm S9088w,asus,intel,Ultra 9,275,5.4,32.0,ddr5,5600.0,1024.0,18.0,2560 x 1600,240.0,nvidia,3.2,"90WHrs, 4S1P, 4-cell Li-ion",52990000.0,data/anphat/detail_htmls\asus_41_specs.html,RTX 5060,DISCRETE_GAMING
ASUS Expertbook P3405cva Nz0027w,asus,intel,Core i5,13420,4.6,16.0,ddr5,,512.0,14.0,2560 x 1600,,intel,1.36,"63 WHrs, 3-cell",19990000.0,data/anphat/detail_htmls\asus_37_specs.html,INTEL_UHD,INTEGRATED
ASUS Expertbook P3605cva Pl0042w,asus,intel,Core i5,13420,4.6,16.0,ddr5,,512.0,16.0,2560 x 1600,,intel,1.75,"63 WHrs, 3-cell",19990000.0,data/anphat/detail_htmls\asus_40_specs.html,INTEL_UHD,INTEGRATED
ASUS Expertbook B3 B3405cca Ly0080w,asus,intel,Core Ultra 7,255,2.0,16.0,ddr5,,512.0,14.0,1920 x 1200,60.0,intel,1.4,"3 cell 63 Wh , Pin liền",26990000.0,data/anphat/detail_htmls\asus_42_specs.html,INTEL_GRAPHICS,INTEGRATED
ASUS Expertbook P3605cva Pl0047w,asus,intel,Core i7,13620,4.9,16.0,ddr5,,512.0,16.0,2560 x 1600,,intel,1.75,"63 WHrs, 3-cell",25999000.0,data/anphat/detail_htmls\asus_43_specs.html,INTEL_UHD,INTEGRATED
ASUS Rog Zephyrus G16 Gu605cx Qr147w,asus,intel,Core Ultra 9,285,5.4,64.0,lpddr5x,7467.0,2048.0,16.0,2560 x 1600,240.0,nvidia,1.95,"4-cell, 90WHrs",124990000.0,data/anphat/detail_htmls\asus_46_specs.html,RTX 5090,DISCRETE_GAMING
ASUS Gaming Rog Zephyrus G14 Ga403wm Qs051ws,asus,amd,Ryzen AI 9,370,5.1,32.0,lpddr5x,8000.0,1024.0,14.0,2880 x 1800,,nvidia,1.5,"73WHrs, 4S1P, 4-cell Li-ion",56940000.0,data/anphat/detail_htmls\asus_47_specs.html,RTX 5060,DISCRETE_GAMING
ASUS Rog Zephyrus G14 Ga403ww Qs136ws,asus,amd,Ryzen AI 9,370,5.1,64.0,lpddr5x,8000.0,2048.0,14.0,2880 x 1800,,nvidia,1.57,"73WHrs, 4S1P, 4-cell Li-ion",89490000.0,data/anphat/detail_htmls\asus_48_specs.html,RTX 5080,DISCRETE_GAMING
ASUS Rog Strix G16 G615lw S5219w,asus,intel,Core Ultra 9,275,5.4,16.0,ddr5,5600.0,1024.0,16.0,2560 x 1600,240.0,nvidia,2.65,"4-cell, 90WHrs",73690000.0,data/anphat/detail_htmls\asus_50_specs.html,RTX 5080,DISCRETE_GAMING
ASUS Rog Strix G16 G615lr S5289w,asus,intel,Core Ultra 7,255,5.2,16.0,ddr5,5600.0,1024.0,16.0,2560 x 1600,240.0,nvidia,2.65,"4-cell, 90WHrs",57920000.0,data/anphat/detail_htmls\asus_49_specs.html,RTX 5070,DISCRETE_GAMING
ASUS Tuf Gaming A14 Fa401km Rg010ws 90nr0kg1 M000t0,asus,amd,Ryzen AI 7,350,5.0,16.0,lpddr5x,7500.0,1024.0,14.0,2560 x 1600,165.0,nvidia,1.46,"73WHrs, 4S1P, 4-cell Li-ion",45150000.0,data/anphat/detail_htmls\asus_51_specs.html,RTX 5060,DISCRETE_GAMING
ASUS Tuf Gaming F16 Fx608jh Rv039w,asus,intel,Core i5,13450,4.6,16.0,ddr5,5600.0,1024.0,16.0,1920 x 1200,165.0,nvidia,2.2,"90WHrs, 4S1P, 4-cell Li-ion",33390000.0,data/anphat/detail_htmls\asus_52_specs.html,RTX 5050,DISCRETE_GAMING
ASUS Tuf Gaming F16 Fx608jhr Rv037w,asus,intel,Core i7,14650,5.2,16.0,ddr5,5600.0,1024.0,16.0,1920 x 1200,165.0,nvidia,2.2,"90WHrs, 4S1P, 4-cell Li-ion",38290000.0,data/anphat/detail_htmls\asus_54_specs.html,INTEL_UHD,INTEGRATED
ASUS Tuf Gaming F16 Fx608jpr Rv044w,asus,intel,Core i7,14650,5.2,16.0,ddr5,5600.0,1024.0,16.0,1920 x 1200,165.0,nvidia,2.2,"90WHrs, 4S1P, 4-cell Li-ion",45990000.0,data/anphat/detail_htmls\asus_56_specs.html,RTX 5070,DISCRETE_GAMING
ASUS Tuf Gaming F16 Fx607vj Rl034w,asus,intel,Core 5,210,4.8,16.0,ddr4,,512.0,16.0,1920 x 1080,144.0,nvidia,2.2,"56WHrs, 4S1P, 4-cell Li-ion",24540000.0,data/anphat/detail_htmls\asus_55_specs.html,RTX 3050,DISCRETE_GAMING
ASUS Tuf Gaming A15 Fa506ncg Hn184w,asus,amd,Ryzen 7,7445,4.7,16.0,ddr5,5600.0,512.0,15.6,1920 x 1080,144.0,nvidia,2.3,3-cell 48WHrs,22990000.0,data/anphat/detail_htmls\asus_57_specs.html,RTX 3050,DISCRETE_GAMING
ASUS Gaming V16 V3607vu Rp343w,asus,intel,Core 5,210,4.8,16.0,ddr5,,512.0,16.0,1920 x 1200,144.0,nvidia,1.95,"63WHrs, 3S1P, 3-cell Li-ion",26990000.0,data/anphat/detail_htmls\asus_58_specs.html,RTX 4050,DISCRETE_GAMING
ASUS Gaming V16 V3607vh Rp025w,asus,intel,Core 7,240,5.2,16.0,ddr5,,512.0,16.0,1920 x 1200,144.0,nvidia,1.95,"63WHrs, 3S1P, 3-cell Li-ion",30999000.0,data/anphat/detail_htmls\asus_59_specs.html,RTX 5050,DISCRETE_GAMING
ASUS Expertbook P1403cva I716 50w,asus,intel,Core i7,13620,4.9,16.0,ddr5,,1024.0,14.0,1920 x 1080,,intel,1.45,3-cell 50WHrs,19290000.0,data/anphat/detail_htmls\asus_63_specs.html,INTEL_UHD,INTEGRATED
ASUS Expertbook P1403cva I516 50w,asus,intel,Core i5,13420,4.6,16.0,,,512.0,14.0,1920 x 1080,,intel,1.4,"63WHrs, 3S1P, 3-cell",15590000.0,data/anphat/detail_htmls\asus_62_specs.html,INTEL_UHD,INTEGRATED
ASUS Expertbook P5 P5405csa Nz0442ws,asus,intel,Core Ultra 7,258,1.8,32.0,lpddr5x,,1024.0,14.0,2560 x 1600,144.0,intel,1.27,"63WHrs, 3S1P, 3-cell Li-ion",35999000.0,data/anphat/detail_htmls\asus_64_specs.html,INTEL_GRAPHICS,INTEGRATED
ASUS Expertbook P1503cva I516 50w,asus,intel,Core i5,13420,4.6,16.0,ddr5,,512.0,15.6,1920 x 1080,60.0,intel,1.65,3-cell Li-ion,15990000.0,data/anphat/detail_htmls\asus_61_specs.html,INTEL_UHD,INTEGRATED
ASUS Gaming Vivobook 16x K3605vc Rp431w,asus,intel,Core i5,13420,4.6,16.0,ddr4,,512.0,16.0,1920 x 1200,144.0,nvidia,1.8,3 cell 50 Wh,22080000.0,data/anphat/detail_htmls\asus_65_specs.html,RTX 3050,DISCRETE_GAMING
ASUS Vivobook 16 K3607vj Rp092w,asus,intel,Core 5,210,4.8,16.0,ddr5,,512.0,16.0,1920 x 1200,144.0,nvidia,1.95,"63WHrs, 3S1P, 3-cell Li-ion",22999000.0,data/anphat/detail_htmls\asus_66_specs.html,RTX 3050,DISCRETE_GAMING
ASUS Vivobook 15 X1504va Bq2076w,asus,intel,Core i5,1334,4.6,8.0,ddr4,,512.0,15.6,1920 x 1080,60.0,intel,1.7,"3-cell, 42WHrs",16490000.0,data/anphat/detail_htmls\asus_68_specs.html,INTEL_IRIS_XE,INTEGRATED
ASUS Vivobook 16 A1607qa Mb067ws,asus,qualcomm,Snapdragon X  X1,100,2.97,16.0,lpddr5x,,512.0,16.0,1920 x 1200,60.0,qualcomm,1.88,"50WHrs, 3S1P, 3-cell Li-ion",20990000.0,data/anphat/detail_htmls\asus_70_specs.html,QUALCOMM_ADRENO,INTEGRATED_ARM
ASUS Gaming V16 V3607vh Rp024w,asus,intel,Core 5,210,4.8,16.0,ddr5,,512.0,16.0,1920 x 1200,144.0,nvidia,1.95,"63WHrs, 3S1P, 3-cell Li-ion",27990000.0,data/anphat/detail_htmls\asus_69_specs.html,RTX 5050,DISCRETE_GAMING
ASUS Gaming V16 V3607vm Rp044w,asus,intel,Core 7,240,5.2,16.0,ddr5,,1024.0,16.0,1920 x 1200,144.0,nvidia,1.95,"63WHrs, 3S1P, 3-cell Li-ion",37300000.0,data/anphat/detail_htmls\asus_67_specs.html,RTX 5060,DISCRETE_GAMING
ASUS Gaming Rog Zephyrus G16 Gu605cr Qr107w,asus,intel,Core Ultra 9,285,5.4,32.0,lpddr5x,,1024.0,16.0,2560 x 1600,,nvidia,1.95,"4-cell, 90WHrs",76590000.0,data/anphat/detail_htmls\asus_72_specs.html,RTX 5070,DISCRETE_GAMING
ASUS Vivobook X1404va Nk394w,asus,intel,Core i3,1315,4.5,8.0,ddr4,3200.0,512.0,14.0,1920 x 1080,,intel,1.4,"42WHrs, 3S1P, 3-cell Li-ion",12460000.0,data/anphat/detail_htmls\asus_74_specs.html,INTEL_UHD,INTEGRATED
ASUS Vivobook S 14 S3407va Ly046w,asus,intel,Core i5,13420,4.6,8.0,ddr5,,512.0,14.0,1920 x 1200,60.0,intel,1.39,"70WHrs, 4S1P, 4-cell Li-ion",18999000.0,data/anphat/detail_htmls\asus_76_specs.html,INTEL_UHD,INTEGRATED
ASUS Rog Strix Scar 18 G835lw Sa193w,asus,intel,Core Ultra 9,275,5.4,32.0,ddr5,5600.0,1024.0,18.0,2560 x 1600,,nvidia,3.3,"90WHrs, 4S1P, 4-cell Li-ion",88390000.0,data/anphat/detail_htmls\asus_79_specs.html,RTX 5080,DISCRETE_GAMING
ASUS Rog Zephyrus G14 Ga403wr Qs156ws,asus,amd,Ryzen AI 9,370,5.1,32.0,lpddr5x,8000.0,1024.0,14.0,2880 x 1800,120.0,nvidia,1.57,"73WHrs, 4S1P, 4-cell Li-ion",71660000.0,data/anphat/detail_htmls\asus_81_specs.html,RTX 5070,DISCRETE_GAMING
ASUS Zenbook S 16 Um5606ka Rk113ws,asus,amd,Ryzen AI 7,350,5.0,24.0,lpddr5,,1024.0,16.0,2880 x 1800,120.0,amd,1.5,"78WHrs, 2S2P, 4-cell Li-ion",42990000.0,data/anphat/detail_htmls\asus_82_specs.html,AMD_RADEON_GRAPHICS,INTEGRATED
ASUS Zenbook S 16 Um5606ka Rk127ws,asus,amd,Ryzen AI 7,350,5.0,24.0,lpddr5,,1024.0,16.0,2880 x 1800,120.0,amd,1.5,"78WHrs, 2S2P, 4-cell Li-ion",38990000.0,data/anphat/detail_htmls\asus_84_specs.html,AMD_RADEON_GRAPHICS,INTEGRATED
ASUS Vivobook 15 A1505v L1688w,asus,intel,Core i7,13620,4.9,16.0,ddr4,,512.0,15.6,1920 x 1080,60.0,intel,1.7,"3-cell, 50WHrs",20990000.0,data/anphat/detail_htmls\asus_86_specs.html,INTEL_UHD,INTEGRATED
ASUS Vivobook S 16 Oled M5606ka Ri016ws,asus,amd,Ryzen AI 7,350,5.0,24.0,lpddr5x,,512.0,16.0,2880 x 1800,120.0,amd,1.5,"75 WHrs, 4-cell",30990000.0,data/anphat/detail_htmls\asus_85_specs.html,AMD_RADEON_GRAPHICS,INTEGRATED
ASUS Rog Strix G18 G815jpr S9057w,asus,intel,Core i9,14900,,32.0,ddr5,5600.0,1024.0,18.0,2560 x 1600,240.0,nvidia,3.2,"90WHrs, 4S1P, 4-cell Li-ion",55999000.0,data/anphat/detail_htmls\asus_87_specs.html,RTX 5070,DISCRETE_GAMING
ASUS Rog Strix Scar 18 G835lw Sa172w,asus,intel,Core Ultra 9,275,5.4,64.0,ddr5,5600.0,2048.0,18.0,2560 x 1600,,nvidia,3.3,"90WHrs, 4S1P, 4-cell Li-ion",121990000.0,data/anphat/detail_htmls\asus_88_specs.html,RTX 5080,DISCRETE_GAMING
ASUS Rog Strix Scar 16 G635lx Rw179w,asus,intel,Core Ultra 9,275,5.4,64.0,ddr5,5600.0,2048.0,16.0,2560 x 1600,,nvidia,2.8,"90WHrs, 4S1P, 4-cell Li-ion",141990000.0,data/anphat/detail_htmls\asus_89_specs.html,RTX 5090,DISCRETE_GAMING
ASUS Rog Strix Scar 16 G635lx Rw192w,asus,intel,Core Ultra 9,275,5.4,32.0,ddr5,5600.0,2048.0,16.0,2560 x 1600,240.0,nvidia,2.8,"90WHrs, 4S1P, 4-cell Li-ion",123790000.0,data/anphat/detail_htmls\asus_91_specs.html,RTX 5090,DISCRETE_GAMING
ASUS Rog Strix G615jhr S5069w,asus,intel,Core i7,14650,5.2,32.0,ddr5,5600.0,1024.0,16.0,2560 x 1600,240.0,nvidia,2.73,"4-cell, 90WHrs",44990000.0,data/anphat/detail_htmls\asus_93_specs.html,RTX 5050,DISCRETE_GAMING
ASUS Vivobook 16 K3607vu Rp280w,asus,intel,Core 5,210,4.8,16.0,ddr5,,512.0,16.0,1920 x 1200,144.0,nvidia,1.95,"63WHrs, 3S1P, 3-cell Li-ion",25490000.0,data/anphat/detail_htmls\asus_94_specs.html,RTX 4050,DISCRETE_GAMING
ASUS Expertbook P1403cva I308 50w,asus,intel,Core i3,1315,4.5,8.0,ddr5,,512.0,14.0,1920 x 1080,,intel,1.4,3-cell 50WHrs,11990000.0,data/anphat/detail_htmls\asus_95_specs.html,INTEL_UHD,INTEGRATED
ASUS Expertbook P1503cva I308 50w,asus,intel,Core i3,1315,4.5,8.0,ddr5,,512.0,15.6,1920 x 1080,,intel,1.62,3-cell 50WHrs,13999000.0,data/anphat/detail_htmls\asus_96_specs.html,INTEL_UHD,INTEGRATED
ASUS Expertbook P1403cva I516 63ws,asus,intel,Core i5,13420,4.6,16.0,ddr5,,1024.0,14.0,1920 x 1080,,intel,1.45,3-cell 63WHrs,16590000.0,data/anphat/detail_htmls\asus_97_specs.html,INTEL_UHD,INTEGRATED
ASUS Vivobook 16 K3607vj Rp106w,asus,intel,Core 7,240,5.2,16.0,ddr5,,512.0,16.0,1920 x 1200,144.0,nvidia,1.95,"63WHrs, 3S1P, 3-cell Li-ion",24490000.0,data/anphat/detail_htmls\asus_100_specs.html,RTX 3050,DISCRETE_GAMING
ASUS Vivobook Go 15 E1504ga Bq1141w,asus,intel,Core i3,,3.8,8.0,ddr4,,,15.6,1920 x 1080,60.0,intel,1.63,"42WHrs, 3S1P, 3-cell Li-ion",9990000.0,data/anphat/detail_htmls\asus_101_specs.html,INTEL_UHD,INTEGRATED
ASUS Rog Strix Scar 18 G835lr Sa130w,asus,intel,Core Ultra 9,275,5.4,32.0,ddr5,5600.0,1024.0,18.0,2560 x 1600,,nvidia,3.3,"90WHrs, 4S1P, 4-cell Li-ion",69990000.0,data/anphat/detail_htmls\asus_103_specs.html,RTX 5070,DISCRETE_GAMING
ASUS Gaming Rog Zephyrus G16 Gu605cx Qr083w,asus,intel,Core Ultra 9,285,5.4,64.0,lpddr5x,7467.0,2048.0,16.0,2560 x 1600,240.0,nvidia,1.95,"4-cell, 90WHrs",131990000.0,data/anphat/detail_htmls\asus_108_specs.html,RTX 5090,DISCRETE_GAMING
ASUS Rog Strix G18 G815lw S9164w,asus,intel,Core Ultra 9,275,2.7,32.0,ddr5,5600.0,1024.0,18.0,2560 x 1600,240.0,nvidia,3.2,"90WHrs, 4S1P, 4-cell Li-ion",78490000.0,data/anphat/detail_htmls\asus_109_specs.html,RTX 5080,DISCRETE_GAMING
ASUS Rog Strix G16 G615lw S5135w,asus,intel,Core Ultra 9,275,5.4,32.0,ddr5,5600.0,1024.0,16.0,2560 x 1600,240.0,nvidia,2.65,"4-cell, 90WHrs",73630000.0,data/anphat/detail_htmls\asus_110_specs.html,RTX 5080,DISCRETE_GAMING
ASUS Zenbook 14 Um3406ka Pp555ws,asus,amd,RYZEN AI 7,350,2.0,32.0,lpddr5x,,512.0,14.0,2880 x 1800,120.0,amd,1.2,"75 WHrs, 4-cell",31990000.0,data/anphat/detail_htmls\asus_111_specs.html,AMD_RADEON_GRAPHICS,INTEGRATED
ASUS Expertbook P5 P5405csa Nz0017w,asus,intel,Core Ultra 7,258,1.8,32.0,lpddr5x,,1024.0,14.0,2560 x 1600,144.0,intel,1.27,"63WHrs, 3S1P, 3-cell Li-ion",30990000.0,data/anphat/detail_htmls\asus_114_specs.html,INTEL_GRAPHICS,INTEGRATED
ASUS Vivobook 15 X1504za Nj1039w,asus,intel,,1255,4.4,16.0,ddr4,,512.0,15.6,1920 x 1080,60.0,intel,1.7,"3-cell, 42WHrs",17690000.0,data/anphat/detail_htmls\asus_113_specs.html,INTEL_IRIS_XE,INTEGRATED
ASUS Rog Strix G16 G615lr S5238w,asus,intel,Core Ultra 7,255,5.2,32.0,ddr5,5600.0,1024.0,16.0,2560 x 1600,240.0,nvidia,2.65,"4-cell, 90WHrs",57920000.0,data/anphat/detail_htmls\asus_118_specs.html,RTX 5070,DISCRETE_GAMING
ASUS Gaming Rog Zephyrus G14 Ga403wr Qs103ws,asus,amd,Ryzen AI 9,370,5.1,32.0,lpddr5x,8000.0,1024.0,14.0,2880 x 1800,,nvidia,1.5,"73WHrs, 4S1P, 4-cell Li-ion",77990000.0,data/anphat/detail_htmls\asus_119_specs.html,RTX 5070,DISCRETE_GAMING
ASUS Vivobook 15 Oled A1505va Ma492w,asus,intel,Core  i7,13700,5.0,16.0,ddr4,3200.0,512.0,15.6,2880 x 1620,120.0,intel,1.7,"3-cell, 50WHrs",22990000.0,data/anphat/detail_htmls\asus_120_specs.html,INTEL_IRIS_XE,INTEGRATED
ASUS Gaming Rog Zephyrus G16 Gu605mv Qr196ws,asus,intel,Core Ultra 9,185,,16.0,lpddr5x,7467.0,1024.0,16.0,2560 x 1600,240.0,nvidia,1.85,"4-cell, 90WHrs",69900000.0,data/anphat/detail_htmls\asus_124_specs.html,RTX 4060,DISCRETE_GAMING
ASUS Gaming Rog Zephyrus G16 Gu603vu N4019w,asus,intel,Core i7,13620,4.9,16.0,ddr4,,512.0,16.0,2560 x 1600,240.0,nvidia,2.0,"4-cell, 90WHrs",44990000.0,data/anphat/detail_htmls\asus_123_specs.html,RTX 4050,DISCRETE_GAMING
ASUS Gaming Rog Zephyrus G16 Gu603vv N4022w,asus,intel,Core i7,13620,4.9,16.0,ddr4,,512.0,16.0,2560 x 1600,240.0,nvidia,2.0,"4-cell, 90WHrs",47990000.0,data/anphat/detail_htmls\asus_125_specs.html,RTX 4060,DISCRETE_GAMING
ASUS Gaming Rog Zephyrus G16 Gu605mi Qr116w INTEL Ultra 9,asus,intel,Ultra 9,185,,16.0,lpddr5x,7467.0,1024.0,16.0,2560 x 1600,,nvidia,1.85,"4-cell, 90WHrs",79900000.0,data/anphat/detail_htmls\asus_126_specs.html,RTX 4070,DISCRETE_GAMING
ASUS Zenbook S 13 Oled Ux5304ma Nq117w,asus,intel,Core Ultra 7,155,4.8,32.0,lpddr5x,,1024.0,13.3,2880 x 1800,60.0,intel,1.0,"63WHrs, 2S2P, 4-cell Li-ion",44590000.0,data/anphat/detail_htmls\asus_127_specs.html,INTEL_GRAPHICS,INTEGRATED
ASUS Gaming Vivobook K3605zu Rp296w,asus,intel,Core i5,12500,4.5,16.0,ddr4,,512.0,16.0,1920 x 1200,144.0,nvidia,1.8,"70WHrs, 3S1P, 3-cell Li-ion",25030000.0,data/anphat/detail_htmls\asus_128_specs.html,RTX 4050,DISCRETE_GAMING
ASUS Vivobook 14 Oled A1405va Km095w,asus,intel,Core  i5,13500,4.7,16.0,ddr4,,512.0,14.0,2880 x 1800,90.0,nvidia,1.6,3 cell /50WHrs,21990000.0,data/anphat/detail_htmls\asus_130_specs.html,INTEL_IRIS_XE,INTEGRATED
ASUS Vivobook S 15 S5507qa Ma090ws,asus,qualcomm,Snapdragon X Elite,100,3.4,32.0,lpddr5x,,1024.0,15.6,2880 x 1620,120.0,qualcomm,1.42,"70WHrs, 3S1P, 3-cell Li-ion",35990000.0,data/anphat/detail_htmls\asus_132_specs.html,QUALCOMM_ADRENO,INTEGRATED_ARM
ASUS Tuf Gaming A15 Fa506nfr Hn006w,asus,amd,Ryzen 7,7435,4.5,16.0,ddr5,4800.0,512.0,15.6,1920 x 1080,144.0,nvidia,2.3,3-cell 48WHrs,21990000.0,data/anphat/detail_htmls\asus_133_specs.html,RTX 2050,DISCRETE_GAMING
ASUS Tuf Gaming A15 Fa506ncr Hn047w,asus,amd,Ryzen 7,7435,4.5,16.0,ddr5,4800.0,512.0,15.6,1920 x 1080,144.0,nvidia,2.3,3-cell 48WHrs,23490000.0,data/anphat/detail_htmls\asus_136_specs.html,RTX 3050,DISCRETE_GAMING
ASUS Rog Strix G16 G614jv N4369w,asus,intel,Core i7,13650,4.9,16.0,ddr5,4800.0,1024.0,16.0,1920 x 1200,240.0,nvidia,2.5,"90WHrs, 4S1P, 4-cell Li-ion",42990000.0,data/anphat/detail_htmls\asus_137_specs.html,RTX 4060,DISCRETE_GAMING
ASUS Expertbook B5 B5404cma Q70250wl,asus,intel,Core Ultra 7,155,1.4,16.0,ddr5,,512.0,14.0,1920 x 1200,60.0,intel,1.4,"63WHrs, 3S1P, 3-cell Li-ion",31990000.0,data/anphat/detail_htmls\asus_138_specs.html,INTEL_GRAPHICS,INTEGRATED
ASUS Rog Strix G16 G614ju N4132w,asus,intel,Core i7,13650,4.9,16.0,ddr5,4800.0,512.0,16.0,2560 x 1600,240.0,nvidia,2.5,"4-cell, 90WHrs",41990000.0,data/anphat/detail_htmls\asus_139_specs.html,RTX 4050,DISCRETE_GAMING
ASUS Expertbook P1503cva I5se16 63ws,asus,intel,Core i5,13500,2.6,16.0,ddr5,,512.0,15.6,1920 x 1080,60.0,intel,1.65,"63WHrs, 3S1P, 3-cell Li-ion",16790000.0,data/anphat/detail_htmls\asus_140_specs.html,INTEL_UHD,INTEGRATED
ASUS Zenbook 14 Oled Ux3405ma Pp151w,asus,intel,Core Ultra 5,125,4.5,16.0,lpddr5x,,512.0,14.0,2880 x 1800,120.0,intel,1.2,4-cell 75WHrs,29990000.0,data/anphat/detail_htmls\asus_145_specs.html,INTEL_GRAPHICS,INTEGRATED
ASUS Vivobook S 14 Flip Tp3402va Lz025w,asus,intel,Core i3,1315,4.5,8.0,ddr4,,256.0,14.0,1920 x 1200,60.0,intel,1.5,"3 cell, 50WHrs",16990000.0,data/anphat/detail_htmls\asus_144_specs.html,INTEL_UHD,INTEGRATED
ASUS Vivobook 15x Oled S3504va L1227ws,asus,intel,Core i7,1360,5.0,8.0,ddr4,,512.0,15.6,FHD,60.0,intel,1.7,3 cell 50WHrs,25990000.0,data/anphat/detail_htmls\asus_143_specs.html,INTEL_IRIS_XE,INTEGRATED
ASUS Vivobook 15 Oled A1505va L1491w,asus,intel,Core  i7,13700,5.0,16.0,ddr4,,512.0,15.6,1920 x 1080,60.0,intel,1.7,"3-cell, 50WHrs",22990000.0,data/anphat/detail_htmls\asus_146_specs.html,INTEL_IRIS_XE,INTEGRATED
ASUS Expertbook B1 B1502cva Nj0148w,asus,intel,Core i7,1355,5.0,8.0,ddr4,3200.0,512.0,15.6,1920 x 1080,,intel,1.69,3 Cell 42WHr,19990000.0,data/anphat/detail_htmls\asus_147_specs.html,INTEL_UHD,INTEGRATED
ASUS Expertbook B1 B1402cva Nk0176w,asus,intel,Core  i5,1335,4.6,16.0,ddr4,,512.0,14.0,1920 x 1080,60.0,intel,1.46,3Cell 42WHrs,14990000.0,data/anphat/detail_htmls\asus_148_specs.html,INTEL_UHD,INTEGRATED
ASUS Vivobook S 14 Oled S5406ma Pp161w,asus,intel,Core Ultra 5,125,4.5,16.0,lpddr5,,1024.0,14.0,3K,120.0,intel,1.3,"75 WHrs, 4-cell",26990000.0,data/anphat/detail_htmls\asus_150_specs.html,INTEL_GRAPHICS,INTEGRATED
ASUS Tuf Gaming A15 Fa506nf Hn005w,asus,amd,Ryzen 5,7535,4.5,8.0,ddr5,4800.0,512.0,15.6,1920 x 1080,144.0,nvidia,2.3,48WHrs,18990000.0,data/anphat/detail_htmls\asus_149_specs.html,RTX 2050,DISCRETE_GAMING
ASUS Vivobook S 14 Oled S5406ma Pp136w,asus,intel,Core Ultra 5,125,4.5,16.0,lpddr5,,1024.0,14.0,3K,120.0,intel,1.3,"75 WHrs, 4-cell",26790000.0,data/anphat/detail_htmls\asus_151_specs.html,INTEL_GRAPHICS,INTEGRATED
ASUS Rog Flow X16 Gv601vv Nf044w,asus,intel,Core i9,13900,5.4,16.0,ddr5,4800.0,1024.0,16.0,2560 x 1600,240.0,nvidia,2.2,"90WHrs, 4S1P, 4-cell Li-ion",54990000.0,data/anphat/detail_htmls\asus_152_specs.html,RTX 4060,DISCRETE_GAMING
ASUS Tuf Gaming A15 Fa506nfr Hn075w,asus,amd,Ryzen 7,7435,4.5,16.0,ddr5,4800.0,512.0,15.6,1920 x 1080,144.0,nvidia,2.3,3-cell 48WHrs,22990000.0,data/anphat/detail_htmls\asus_153_specs.html,RTX 2050,DISCRETE_GAMING
ASUS Zenbook S 13 Oled Ux5304va Nq126w,asus,intel,Core i7,1355,5.0,32.0,lpddr5,,1024.0,13.3,2880 x 1800,60.0,intel,1.0,4Cell 63WHrs,49990000.0,data/anphat/detail_htmls\asus_157_specs.html,INTEL_IRIS_XE,INTEGRATED
ASUS Rog Strix G16 G614jv N3514w,asus,intel,Core i7,13650,4.9,16.0,ddr5,4800.0,1024.0,16.0,1920 x 1200,165.0,nvidia,2.5,"90WHrs, 4S1P, 4-cell Li-ion",40990000.0,data/anphat/detail_htmls\asus_159_specs.html,RTX 4060,DISCRETE_GAMING
ASUS Expertbook B5 B5402cva Ki0229w,asus,intel,Core i7,1360,5.0,16.0,ddr5,,512.0,14.0,1920 x 1080,,intel,1.27,3Cell 63WHrs,27990000.0,data/anphat/detail_htmls\asus_158_specs.html,INTEL_IRIS_XE,INTEGRATED
ASUS Zenbook 14 Flip Oled Up3404va Kn038w,asus,intel,Core I5,1340,4.6,16.0,lpddr5,,512.0,14.0,2880 x 1800,90.0,intel,1.5,"4 cell, 75WHrs",29990000.0,data/anphat/detail_htmls\asus_156_specs.html,INTEL_IRIS_XE,INTEGRATED
ASUS Proart H7600zm L2079w,asus,intel,Core i9,12900,5.0,32.0,ddr5,,1024.0,16.0,3840 x 2400,,nvidia,2.05,"4-cell, 90Wh",69900000.0,data/anphat/detail_htmls\asus_160_specs.html,RTX 3060,DISCRETE_GAMING
ASUS Rog Strix Scar 15 G533zs Ln036w,asus,intel,Core i9,12900,5.0,32.0,ddr5,4800.0,2048.0,15.6,2560 x 1440,240.0,nvidia,2.3,4 Cell 90WHrs,89990000.0,data/anphat/detail_htmls\asus_161_specs.html,RTX 3080,DISCRETE_GAMING
ASUS Zenbook Pro 14 Duo Oled Ux8402vu P1028w,asus,intel,Core i9,13900,5.4,32.0,lpddr5,,1024.0,14.5,2880 x 1800,120.0,nvidia,1.75,4 cell 76WHrs,69990000.0,data/anphat/detail_htmls\asus_162_specs.html,RTX 4050,DISCRETE_GAMING
ASUS Zenbook Ux333fa A4016t_id28175,asus,intel,Core i5,8265,3.9,8.0,lpddr3,2133.0,256.0,13.3,1920 x 1080,,intel,1.19,3 cell /50Wh,22490000.0,data/anphat/detail_htmls\asus_164_specs.html,INTEL_UHD,INTEGRATED
ASUS Zenbook S 13 Oled Ux5304va Nq125w,asus,intel,Core i7,1355,5.0,16.0,lpddr5,,512.0,13.3,2880 x 1800,60.0,intel,1.0,4Cell 63WHrs,39590000.0,data/anphat/detail_htmls\asus_163_specs.html,INTEL_IRIS_XE,INTEGRATED
ASUS Zenbook Ux333fa A4011t_id28176,asus,intel,Core i5,8265,3.9,8.0,lpddr3,2133.0,256.0,13.3,1920 x 1080,,intel,1.19,3 cell /50Wh,22990000.0,data/anphat/detail_htmls\asus_165_specs.html,INTEL_UHD,INTEGRATED
ACER Aspire A515 58p 9841 Nx.kvgsv.003,acer,intel,Core i9,13900,5.4,16.0,ddr5,5200.0,512.0,15.6,1920 x 1080,60.0,,1.7,50Wh,22990000.0,data/anphat/detail_htmls\acer_3_specs.html,UNKNOWN,UNKNOWN
ACER Gaming Nitro 16 Ai Propanel An16s 61 R5f4 Nh.qxfsv.001,acer,amd,Ryzen AI 7,350,4.8,16.0,ddr5,5600.0,512.0,16.0,1920 x 1200,180.0,nvidia,2.18,76Wh 4-cell Li-ion battery 230W AC Adapter,44990000.0,data/anphat/detail_htmls\acer_7_specs.html,RTX 5060,DISCRETE_GAMING
ACER Gaming Nitro V 16 Ai Propanel Anv16s 61 R9zv,acer,amd,Ryzen AI 7,350,4.8,32.0,ddr5,5600.0,1024.0,16.0,2560 x 1600,180.0,nvidia,2.18,76Wh 4-cell Li-ion battery 135W AC adapter,46990000.0,data/anphat/detail_htmls\acer_8_specs.html,RTX 5060,DISCRETE_GAMING
ACER Aspire Lite 15 Al15 71p 517d Nx.j7ksv.001,acer,intel,Core i5,12450,4.4,16.0,ddr5,4800.0,512.0,15.6,1920 x 1080,60.0,intel,1.79,58Wh 3-cell Li-ion battery Adapter 90W_5.5PHY,15490000.0,data/anphat/detail_htmls\acer_5_specs.html,INTEL_UHD,INTEGRATED
ACER Gaming Nitro V 15 Propanel Anv15 41 R0y4 Nh.qpesv.004,acer,amd,Ryzen 7,7735,4.75,16.0,ddr5,4800.0,512.0,15.6,1920 x 1080,180.0,nvidia,2.1,57Whr 4-cell Li-ion Battery 135W AC Adapter,28990000.0,data/anphat/detail_htmls\acer_11_specs.html,RTX 4050,DISCRETE_GAMING
ACER Gaming Nitro V 15 Propanel Anv15 41 R0fe Nh.qpfsv.005,acer,amd,Ryzen 7,7735,4.75,16.0,ddr5,4800.0,512.0,15.6,1920 x 1080,180.0,nvidia,2.1,57Whr 4-cell Li-ion Battery 135W AC Adapter,25990000.0,data/anphat/detail_htmls\acer_13_specs.html,RTX 3050,DISCRETE_GAMING
ACER Aspire 7 A715 59g 73lb Nh.qx6sv.002,acer,intel,Core i7,12650,4.7,16.0,ddr4,3200.0,512.0,15.6,1920 x 1080,144.0,nvidia,1.99,54.8Wh 3-cell,23999000.0,data/anphat/detail_htmls\acer_14_specs.html,RTX 3050,DISCRETE_GAMING
ACER Gaming Nitro V 15 Propanel Anv15 41 R9m1 Nh.qpfsv.004,acer,amd,Ryzen 5,7535,4.55,16.0,ddr5,4800.0,512.0,15.6,1920 x 1080,180.0,nvidia,2.1,57Whr 4-cell Li-ion Battery 135W AC Adapter,23990000.0,data/anphat/detail_htmls\acer_16_specs.html,RTX 3050,DISCRETE_GAMING
ACER Gaming Nitro V 15 Propanel Anv15 52 59aa Nh.qz9sv.002,acer,intel,Core i5,13420,4.6,16.0,ddr4,3200.0,512.0,15.6,1920 x 1080,180.0,nvidia,2.1,76Wh 4-cell Li-ion battery 135W 5.5PHY Adapter,30990000.0,data/anphat/detail_htmls\acer_18_specs.html,RTX 5050,DISCRETE_GAMING
ACER Gaming Nitro V Anv15 51 500a Nh.qnasv.008,acer,intel,Core i5,13420,4.6,16.0,ddr5,5200.0,512.0,15.6,1920 x 1080,180.0,nvidia,2.1,57Whr 4-cell,23990000.0,data/anphat/detail_htmls\acer_19_specs.html,RTX 2050,DISCRETE_GAMING
ACER Gaming Nitro V 15 Propanel Anv15 52 72bm,acer,intel,Core i7,13620,4.9,16.0,ddr4,3200.0,512.0,15.6,1920 x 1080,180.0,nvidia,2.1,76Wh 4-cell Li-ion battery 135W 5.5PHY Adapter,32990000.0,data/anphat/detail_htmls\acer_17_specs.html,RTX 5050,DISCRETE_GAMING
ACER Swift Go 14 Sfg14 41 R251_nx.kg3sv.005,acer,amd,Ryzen 5,7430,4.3,16.0,lpddr4x,4800.0,1024.0,14.0,1920 x 1080,60.0,amd,1.25,4 cell,18990000.0,data/anphat/detail_htmls\acer_20_specs.html,AMD_RADEON_GRAPHICS,INTEGRATED
ACER Gaming Nitro V 15 Propanel Anv15 41 R7cr Nh.qpesv.003,acer,amd,Ryzen 5,7535,4.55,16.0,ddr5,4800.0,512.0,15.6,1920 x 1080,180.0,nvidia,2.1,57Whr 4-cell Li-ion Battery 135W AC Adapter,26990000.0,data/anphat/detail_htmls\acer_21_specs.html,RTX 4050,DISCRETE_GAMING
ACER Nitro Lite 16 Nl16 71g 56wq_nh.d59sv.001,acer,intel,Core i5,13420,4.6,8.0,ddr5,4800.0,512.0,16.0,1920 x 1200,165.0,nvidia,1.95,53 Wh 3-cell,22990000.0,data/anphat/detail_htmls\acer_22_specs.html,RTX 3050,DISCRETE_GAMING
ACER Aspire 5 A514 56p 55k5 Nx.khrsv.003,acer,intel,Core i5,1335,4.6,16.0,lpddr5,6400.0,1024.0,14.0,1920 x 1200,60.0,intel,1.5,3 Cell 50 Wh,16990000.0,data/anphat/detail_htmls\acer_15_specs.html,INTEL_IRIS_XE,INTEGRATED
ACER Aspire 7 A715 59g 57tu Nh.qx6sv.001,acer,intel,Core i5,12450,4.4,16.0,ddr4,3200.0,512.0,15.6,1920 x 1080,144.0,nvidia,1.99,54.8Wh 3-cell,22490000.0,data/anphat/detail_htmls\acer_23_specs.html,RTX 3050,DISCRETE_GAMING
ACER Gaming Nitro Lite 16 Nl16 71g 71uj,acer,intel,Core i7,13620,4.9,8.0,ddr5,4800.0,512.0,16.0,1920 x 1200,165.0,nvidia,1.95,53Wh 3-cell Li-ion battery 100W TypeC adapter,23999000.0,data/anphat/detail_htmls\acer_24_specs.html,RTX 3050,DISCRETE_GAMING
ACER Predator Helios Neo 16s Ai Phn16s 71 95ms,acer,intel,Core Ultra 9,275,5.4,64.0,ddr5,,2048.0,16.0,2560 x 1600,240.0,nvidia,2.3,76Wh 4-cell Li-ion battery,69990000.0,data/anphat/detail_htmls\acer_25_specs.html,RTX 5070,DISCRETE_GAMING
ACER Gaming Nitro V 16 Ai Propanel Anv16s 61 R0b8,acer,amd,Ryzen AI 5,340,4.8,16.0,ddr5,5600.0,512.0,16.0,1920 x 1080,180.0,nvidia,2.1,76Wh 4-cell Li-ion battery 135W AC adapter,36990000.0,data/anphat/detail_htmls\acer_27_specs.html,RTX 5050,DISCRETE_GAMING
ACER Gaming Nitro V Anv15 51 73bt Nh.qnasv.009,acer,intel,Core i7,13620,4.9,16.0,ddr5,5200.0,512.0,15.6,1920 x 1080,180.0,nvidia,2.1,57Whr 4-cell,25990000.0,data/anphat/detail_htmls\acer_29_specs.html,RTX 2050,DISCRETE_GAMING
ACER Gaming Aspire 5 A515 58gm 53cm Nx.kw1sv.003,acer,intel,Core i5,13420,4.6,32.0,ddr4,3200.0,512.0,15.6,1920 x 1080,144.0,nvidia,1.78,50 Wh,22990000.0,data/anphat/detail_htmls\acer_30_specs.html,RTX 2050,DISCRETE_GAMING
ACER Aspire Lite 14 Al14 71m 52gq Nx.j4asv.001,acer,intel,Core i5,12500,4.5,16.0,ddr5,4800.0,512.0,14.0,1920 x 1200,60.0,intel,1.55,58Wh 3-cell Li-ion battery,14990000.0,data/anphat/detail_htmls\acer_31_specs.html,INTEL_IRIS_XE,INTEGRATED
ACER Aspire Lite 15al15 72p 581v Nx.d4csv.001,acer,intel,Core i5,13500,4.7,16.0,ddr5,4800.0,512.0,15.6,1920 x 1080,60.0,intel,1.79,58Wh 3-cell Li-ion battery 90W AC adapter,15690000.0,data/anphat/detail_htmls\acer_32_specs.html,INTEL_UHD,INTEGRATED
ACER Gaming Nitro V 16 Propanel Anv16 41 R36y Nh.qp1sv.004,acer,amd,Ryzen 7,8845,5.1,16.0,ddr5,5600.0,512.0,16.0,1920 x 1200,165.0,nvidia,2.5,4 cell - 57 Wh,31990000.0,data/anphat/detail_htmls\acer_33_specs.html,RTX 4050,DISCRETE_GAMING
Gaming ACER Aspire 7 A715 76g 5806 Nh.qmfsv.002,acer,intel,Core i5,12450,4.4,16.0,ddr4,3200.0,512.0,15.6,1920 x 1080,144.0,nvidia,2.1,"3-cell, 50Wh",22990000.0,data/anphat/detail_htmls\acer_35_specs.html,RTX 3050,DISCRETE_GAMING
ACER Aspire Lite 16 Gen 2 Al16 52p 572a Nx.j2ssv.004,acer,intel,Core i5,1334,4.6,16.0,ddr5,4800.0,2048.0,16.0,1920 x 1200,60.0,intel,1.7,58Whr 3-cell 65W PD Type-C Adapter,16990000.0,data/anphat/detail_htmls\acer_37_specs.html,INTEL_IRIS_XE,INTEGRATED
ACER Nitro V 15 Propanel Anv15 51 73uu Nh.qn9sv.00c,acer,intel,Core i7,13620,4.9,16.0,ddr5,5200.0,512.0,15.6,1920 x 1080,180.0,nvidia,2.1,4 cell - 57 Wh,27990000.0,data/anphat/detail_htmls\acer_38_specs.html,RTX 3050,DISCRETE_GAMING
ACER Aspire Go 14 Ai Ag14 71m 57wr Nx.jfwsv.001,acer,intel,Core Ultra 5,125,4.5,16.0,ddr5,5600.0,512.0,14.0,1920 x 1200,60.0,intel,1.5,55 Wh 3-cell Li-ion battery USB Type-C 65 W PD AC adapter,18790000.0,data/anphat/detail_htmls\acer_39_specs.html,INTEL_GRAPHICS,INTEGRATED
ACER Aspire Lite 16 Ai Al16 71p 71wu Nx.d4xsv.002,acer,intel,Core Ultra 7,155,4.8,16.0,ddr5,5600.0,512.0,16.0,1920 x 1200,60.0,intel,1.6,58Wh 3-cell Li-ion battery 90W AC adapter,20999000.0,data/anphat/detail_htmls\acer_40_specs.html,INTEL_GRAPHICS,INTEGRATED
ACER Aspire Go 15 Ag15 71p 58x1 Nx.j4gsv.001,acer,intel,Core i5,13420,4.6,16.0,ddr5,5200.0,512.0,15.6,1920 x 1080,60.0,intel,1.8,58Wh 3-cell Li-ion battery,16990000.0,data/anphat/detail_htmls\acer_41_specs.html,INTEL_UHD,INTEGRATED
ACER Aspire Lite 16 Ai Al16 71p 5674 Nx.d4xsv.001,acer,intel,Core Ultra 5,125,4.5,16.0,ddr5,5600.0,512.0,16.0,1920 x 1200,60.0,intel,1.6,58Wh 3-cell Li-ion battery 90W AC adapter,18990000.0,data/anphat/detail_htmls\acer_42_specs.html,INTEL_GRAPHICS,INTEGRATED
ACER Aspire 5 A514 56p 35x7 Nx.khrsv.001,acer,intel,Core  i3,1315,4.5,8.0,ddr5,6400.0,512.0,14.0,1920 x 1200,60.0,intel,1.5,3 cell 50 Wh,12990000.0,data/anphat/detail_htmls\acer_43_specs.html,INTEL_UHD,INTEGRATED
ACER Swift Ai Sf14 51 75vp Nx.j2ksv.001,acer,intel,Core Ultra 7,258,,32.0,lpddr5x,8533.0,1024.0,14.0,2880 x 1800,90.0,intel,1.26,65 Wh 3-cell Li-ion battery,39990000.0,data/anphat/detail_htmls\acer_44_specs.html,INTEL_GRAPHICS,INTEGRATED
Gaming ACER Nitro V Anv15 51 55ca Nh.qn8sv.004,acer,intel,Core i5,13420,4.6,16.0,ddr5,5200.0,512.0,15.6,1920 x 1080,144.0,nvidia,2.1,57 Wh 4-cel,27990000.0,data/anphat/detail_htmls\acer_45_specs.html,RTX 4050,DISCRETE_GAMING
ACER Gaming Predator Helios Neo 16 Ai Phn16 73 98s4,acer,intel,Core Ultra 9,275,5.4,32.0,ddr5,6400.0,1024.0,16.0,2560 x 1600,240.0,nvidia,2.7,90Wh 4-cell Li-ion battery 230W AC Adapter,61990000.0,data/anphat/detail_htmls\acer_48_specs.html,RTX 5060,DISCRETE_GAMING
ACER Gaming Predator Helios Neo 16 Ai Phn16 73 757w,acer,intel,Core Ultra 7,255,5.2,32.0,ddr5,6400.0,1024.0,16.0,2560 x 1600,240.0,nvidia,2.7,90Wh 4-cell Li-ion battery 230W AC Adapter,56990000.0,data/anphat/detail_htmls\acer_49_specs.html,RTX 5060,DISCRETE_GAMING
ACER Swift Go 14 Sfg14 73 57fz_nx.ksgsv.001,acer,intel,Core Ultra 5,125,4.5,16.0,lpddr5x,,512.0,14.0,2880 x 1800,90.0,intel,1.32,65 Whr 4-cell Adapter: 100W Type-C adapter,24490000.0,data/anphat/detail_htmls\acer_51_specs.html,INTEL_GRAPHICS,INTEGRATED
ACER Swift X 14 Ai Sfx14 72g 708x,acer,intel,Core Ultra 7,155,4.8,32.0,lpddr5,,1024.0,14.0,2880 x 1800,120.0,nvidia,1.5,76Wh Li-ion,47990000.0,data/anphat/detail_htmls\acer_54_specs.html,RTX 4060,DISCRETE_GAMING
ACER Predator Helios 18 Ai Ph18 73 98aq,acer,intel,Core Ultra 9,275,5.4,192.0,ddr5,192.0,6144.0,18.0,3840 x 2400,120.0,nvidia,3.5,99.98Wh 4-cell Li-ion battery,149990000.0,data/anphat/detail_htmls\acer_53_specs.html,RTX 5090,DISCRETE_GAMING
ACER Swift Go 14 Sfg14 41 R19z Nx.kg3sv.001,acer,amd,Ryzen 5,7530,4.5,16.0,lpddr4x,,512.0,14.0,1920 x 1080,60.0,amd,1.2,50 Wh 3-cell,18490000.0,data/anphat/detail_htmls\acer_50_specs.html,AMD_RADEON_GRAPHICS,INTEGRATED
ACER Swift X 14 Ai Sfx14 72g 77f9,acer,intel,Core Ultra 7,155,4.8,32.0,lpddr5,,1024.0,14.0,2880 x 1800,120.0,nvidia,1.5,76Wh Li-ion,44990000.0,data/anphat/detail_htmls\acer_55_specs.html,RTX 4050,DISCRETE_GAMING
ACER Swift Go Sfg14 71 513f Nx.kpzsv.003 Hang Gia Soc,acer,intel,Core i5,13500,4.7,16.0,lpddr5,,512.0,14.0,2880 x 1800,90.0,intel,1.2,65Wh Li-ion,24590000.0,data/anphat/detail_htmls\acer_59_specs.html,INTEL_IRIS_XE,INTEGRATED
ACER Swift Lite 14 Ai Sfl14 51m 78xz Nx.j1hsv.001,acer,intel,Core Ultra 7,155,4.8,16.0,ddr5,4800.0,512.0,14.0,1920 x 1200,60.0,intel,1.27,58Whr 3-cell,23990000.0,data/anphat/detail_htmls\acer_58_specs.html,INTEL_GRAPHICS,INTEGRATED
ACER Swift X 14 Sfx14 71g 78sy Nx.kevsv.006,acer,intel,Core i7,13700,5.0,32.0,lpddr5,4800.0,1024.0,14.5,2880 x 1800,120.0,nvidia,1.5,76 Wh,42990000.0,data/anphat/detail_htmls\acer_57_specs.html,RTX 4050,DISCRETE_GAMING
ACER Swift X 14 Ai Sfx14 72g 79uw,acer,intel,Core Ultra 7,155,4.8,32.0,lpddr5,,1024.0,14.0,2880 x 1800,120.0,nvidia,1.5,76Wh Li-ion,53990000.0,data/anphat/detail_htmls\acer_56_specs.html,RTX 4070,DISCRETE_GAMING
ACER Swift Go Sfg14 72 73yv Nx.krksv.005,acer,intel,Core Ultra 7,155,4.8,16.0,lpddr5,,512.0,14.0,2240 x 1400,60.0,intel,1.3,65Wh Li-ion,26990000.0,data/anphat/detail_htmls\acer_60_specs.html,INTEL_GRAPHICS,INTEGRATED
ACER Swift Go Sfg14 72 55hz Nx.krksv.002,acer,intel,Core Ultra 5,125,4.5,16.0,lpddr5,,512.0,14.0,2240 x 1400,60.0,intel,1.3,65Wh Li-ion,23990000.0,data/anphat/detail_htmls\acer_61_specs.html,INTEL_GRAPHICS,INTEGRATED
ACER Swift Go 14 Sfg14 41 R5jk Nx.kg3sv.002,acer,amd,Ryzen 5,7530,4.5,16.0,lpddr4x,,1024.0,14.0,1920 x 1080,60.0,amd,1.2,50 Wh 3-cell,19490000.0,data/anphat/detail_htmls\acer_62_specs.html,AMD_RADEON_GRAPHICS,INTEGRATED
ACER Swift Go Sfg14 73 53x7 Nx.kslsv.001,acer,intel,Core Ultra 5,125,4.5,16.0,lpddr5,,512.0,14.0,8K,120.0,intel,1.32,65Wh Li-ion,23990000.0,data/anphat/detail_htmls\acer_65_specs.html,INTEL_GRAPHICS,INTEGRATED
ACER Swift Go Sfg14 71 74cp Nx.kpzsv.004 Hang Gia Soc,acer,intel,Core i7,13700,5.0,16.0,lpddr5,,512.0,14.0,2880 x 1800,90.0,intel,1.2,65Wh Li-ion,28690000.0,data/anphat/detail_htmls\acer_64_specs.html,INTEL_IRIS_XE,INTEGRATED
ACER Swift Go Sfg14 73 71zx Nx.kslsv.002,acer,intel,Core Ultra 7,155,4.8,16.0,lpddr5,,512.0,14.0,8K,120.0,intel,1.32,65Wh Li-ion,26990000.0,data/anphat/detail_htmls\acer_66_specs.html,INTEL_GRAPHICS,INTEGRATED
ACER Swift Go Sfg14 71 74cp Nx.kpzsv.004,acer,intel,Core i7,13700,5.0,16.0,lpddr5,,512.0,14.0,2880 x 1800,90.0,intel,1.2,65Wh Li-ion,28690000.0,data/anphat/detail_htmls\acer_63_specs.html,INTEL_IRIS_XE,INTEGRATED
ACER Swift Go Ai Oled Sfg14 73 75ym Nx.ksgsv.002,acer,intel,Core Ultra 7,155,4.8,16.0,lpddr5x,,512.0,14.0,2880 x 1800,90.0,intel,1.32,65 Whr 4-cell Adapter: 100W Type-C adapter,27490000.0,data/anphat/detail_htmls\acer_68_specs.html,INTEL_GRAPHICS,INTEGRATED
ACER Swift 3 Sf314 512 56qn Nx.k0fsv.002,acer,intel,Core i5,1240,4.4,16.0,lpddr4x,4267.0,512.0,14.0,2560 x 1440,60.0,intel,1.2,56Wh Li-ion,23990000.0,data/anphat/detail_htmls\acer_69_specs.html,INTEL_IRIS_XE,INTEGRATED
ACER Swift Go Sfg14 71 513f Nx.kpzsv.003,acer,intel,Core i5,13500,4.7,16.0,lpddr5,,512.0,14.0,2880 x 1800,90.0,intel,1.2,65Wh Li-ion,24590000.0,data/anphat/detail_htmls\acer_67_specs.html,INTEL_IRIS_XE,INTEGRATED
ACER Aspire 5 A515 58m 951t Nx.kq8sv.001,acer,intel,Core i9,13900,5.4,16.0,lpddr5,4800.0,512.0,15.6,1920 x 1080,60.0,intel,1.7,"3cell, 50Wh",23990000.0,data/anphat/detail_htmls\acer_70_specs.html,INTEL_IRIS_XE,INTEGRATED
ACER Gaming Aspire 5 A515 58gm 53pz Nx.kq4sv.008,acer,intel,Core i5,13420,4.6,8.0,ddr4,3200.0,512.0,15.6,1920 x 1080,60.0,nvidia,1.7,50 Wh,20490000.0,data/anphat/detail_htmls\acer_71_specs.html,RTX 2050,DISCRETE_GAMING
ACER Aspire 7 A715 76 728x Nh.qgesv.008,acer,intel,Core i7,12650,4.7,16.0,ddr4,3200.0,512.0,15.6,1920 x 1080,60.0,intel,2.1,"3-cell, 50Wh",19990000.0,data/anphat/detail_htmls\acer_72_specs.html,INTEL_UHD,INTEGRATED
ACER Aspire 5 A514 55 5954 Nx.k5bsv.001,acer,intel,Core i5,1235,4.4,8.0,ddr4,2666.0,512.0,14.0,1920 x 1080,60.0,intel,1.4,"3cell, 50Wh",18990000.0,data/anphat/detail_htmls\acer_74_specs.html,INTEL_IRIS_XE,INTEGRATED
ACER Gaming Nitro V Anv15 51 53dm Nh.qn9sv.007,acer,intel,Core i5,13420,4.6,16.0,ddr5,5200.0,512.0,15.6,1920 x 1080,144.0,nvidia,2.1,4 cell - 57 Wh,23990000.0,data/anphat/detail_htmls\acer_76_specs.html,RTX 3050,DISCRETE_GAMING
ACER Aspire Lite Al16 51p 72s2_nx.kx0sv.002,acer,intel,Core i7,1255,4.7,16.0,ddr5,4800.0,512.0,16.0,1920 x 1200,60.0,intel,1.8,58Whr 3-cell 65W PD Type-C Adapter,16990000.0,data/anphat/detail_htmls\acer_75_specs.html,INTEL_IRIS_XE,INTEGRATED
Gaming ACER Nitro V 15 Propanel Anv15 41 R7ap Nh.qpgsv.002,acer,amd,Ryzen 5,7535,4.55,16.0,ddr5,4800.0,512.0,15.6,1920 x 1080,180.0,nvidia,2.11,"4 Cell, 57 Whr",22990000.0,data/anphat/detail_htmls\acer_77_specs.html,RTX 2050,DISCRETE_GAMING
Aspire Go 15 Ag15 31p 32u6 Nx.krpsv.002 Cor I3 N305 8gb 512gb INTEL Uhd Graphics 15.6inch Fhd Win 11 Bac,acer,intel,Core i3,,3.8,8.0,ddr5,4800.0,512.0,15.6,1920 x 1080,60.0,intel,1.75,3 cell 51WHrs,9990000.0,data/anphat/detail_htmls\acer_78_specs.html,INTEL_UHD,INTEGRATED
ACER Gaming Nitro V 16 Propanel Anv16 41 R6na Nh.qp0sv.001,acer,amd,Ryzen 7,8845,5.1,16.0,ddr5,5600.0,512.0,16.0,1920 x 1200,165.0,nvidia,2.5,4 cell - 57 Wh,34990000.0,data/anphat/detail_htmls\acer_79_specs.html,RTX 4060,DISCRETE_GAMING
ACER Gaming Nitro V 16 Propanel Anv16 41 R7en Nh.qp2sv.004,acer,amd,Ryzen 7,8845,5.1,16.0,ddr5,5600.0,512.0,16.0,1920 x 1200,165.0,nvidia,2.5,4 cell - 57 Wh,28790000.0,data/anphat/detail_htmls\acer_80_specs.html,RTX 3050,DISCRETE_GAMING
ACER Predator Helios Neo 16s Ai Phn16s 71 94t0,acer,intel,Core Ultra 9,275,5.4,32.0,ddr5,,2048.0,16.0,2560 x 1600,240.0,nvidia,2.3,76Wh 4-cell Li-ion battery,64490000.0,data/anphat/detail_htmls\acer_81_specs.html,RTX 5070,DISCRETE_GAMING
ACER Predator Helios Neo 16 Phn16 72 950p Nh.qnmsv.001,acer,intel,Core i9,14900,5.8,32.0,ddr5,5600.0,1024.0,16.0,2560 x 1600,240.0,nvidia,2.8,"4-cell, 90 Wh",59999000.0,data/anphat/detail_htmls\acer_83_specs.html,RTX 4070,DISCRETE_GAMING
ACER Predator Helios 18 Ai Ph18 73 93p0,acer,intel,Core Ultra 9,275,5.4,64.0,ddr5,192.0,3072.0,18.0,2560 x 1600,250.0,nvidia,3.5,99.98Wh 4-cell,99990000.0,data/anphat/detail_htmls\acer_82_specs.html,RTX 5080,DISCRETE_GAMING
ACER Aspire Lite Al14 51m 59bn_nx.ktxsv.001,acer,intel,Core i5,1235,4.4,16.0,ddr5,4800.0,512.0,14.0,1920 x 1200,60.0,intel,1.5,58Wh 3-cell Li-ion battery Adapter 65W,14990000.0,data/anphat/detail_htmls\acer_84_specs.html,INTEL_UHD,INTEGRATED
ACER Aspire Lite Al16 51p 55n7 Nx.kx0sv.001,acer,intel,Core i5,1235,4.4,16.0,ddr5,4800.0,2048.0,16.0,1920 x 1200,60.0,intel,1.7,58Whr 3-cell 65W PD Type-C Adapter,13999000.0,data/anphat/detail_htmls\acer_85_specs.html,INTEL_GRAPHICS,INTEGRATED
ACER Nitro V Anv15 41 R1jy Nh.qpfsv.001,acer,amd,Ryzen 5,6600,4.5,16.0,ddr5,4800.0,512.0,15.6,1920 x 1080,,nvidia,2.1,"57WHrs, 4-cell Li-ion",22990000.0,data/anphat/detail_htmls\acer_86_specs.html,RTX 3050,DISCRETE_GAMING
ACER Gaming Nitro V 16 Propanel Anv16 41 R6zy Nh.qp2sv.002,acer,amd,Ryzen 5,8645,5.0,16.0,ddr5,5600.0,512.0,16.0,1920 x 1200,165.0,nvidia,2.5,4 cell - 57 Wh,27490000.0,data/anphat/detail_htmls\acer_87_specs.html,RTX 3050,DISCRETE_GAMING
ACER Aspire 5 A515 58p 56rp Nx.khjsv.008,acer,intel,Core i5,1335,4.6,16.0,lpddr5,4800.0,1024.0,15.6,1920 x 1080,60.0,intel,1.7,3 Cell 50 Wh,16990000.0,data/anphat/detail_htmls\acer_90_specs.html,INTEL_UHD,INTEGRATED
ACER Gaming Nitro V Anv15 51 91t5 Nh.qqesv.009,acer,intel,Core i9,13900,5.4,16.0,ddr5,5200.0,512.0,15.6,1920 x 1080,144.0,nvidia,2.1,4 cell - 57 Wh,32990000.0,data/anphat/detail_htmls\acer_88_specs.html,RTX 4060,DISCRETE_GAMING
ACER Predator Helios Neo Phn16 71 53m7 Nh.qlusv.005,acer,intel,Core i5,13500,4.7,16.0,ddr5,4800.0,512.0,16.0,1920 x 1200,165.0,nvidia,2.6,"4-cell, 90 Wh",37999000.0,data/anphat/detail_htmls\acer_91_specs.html,RTX 4060,DISCRETE_GAMING
ACER Predator Helios Neo Phn16 71 779x_nh.qlusv.00b,acer,intel,Core i7,13700,5.0,16.0,ddr5,4800.0,512.0,16.0,2560 x 1600,165.0,nvidia,2.6,"4-cell, 90 Wh",43990000.0,data/anphat/detail_htmls\acer_93_specs.html,RTX 4060,DISCRETE_GAMING
ACER Aspire 3 A314 42p R3b3 Nx.ksfsv.001,acer,amd,Ryzen 7,5700,4.3,16.0,lpddr4x,,512.0,14.0,1920 x 1200,60.0,amd,1.4,3 cell 50 Wh,13990000.0,data/anphat/detail_htmls\acer_94_specs.html,AMD_RADEON_GRAPHICS,INTEGRATED
ACER Predator Helios Neo 16 Phn16 71 74qr Nh.qlvsv.002,acer,intel,Core i7,13700,5.0,16.0,ddr5,4800.0,512.0,16.0,2560 x 1600,165.0,nvidia,2.6,4 cell - 90 Wh,49990000.0,data/anphat/detail_htmls\acer_95_specs.html,RTX 4070,DISCRETE_GAMING
ACER Predator Helios 16 Ph16 72 95zm Nh.qnzsv.008,acer,intel,Core i9,14900,5.8,32.0,ddr5,5600.0,1024.0,16.0,2560 x 1600,250.0,nvidia,2.7,"4-cell, 90 Wh",78990000.0,data/anphat/detail_htmls\acer_96_specs.html,RTX 4080,DISCRETE_GAMING
ACER Predator Helios Neo Phn16 71 547e Nh.qlusv.00a,acer,intel,Core i5,13500,4.7,16.0,ddr5,4800.0,512.0,16.0,2560 x 1600,165.0,nvidia,2.6,"4-cell, 90 Wh",40890000.0,data/anphat/detail_htmls\acer_92_specs.html,RTX 4060,DISCRETE_GAMING
ACER Predator Helios Neo 16 Phn16 72 94kc Nh.qnmsv.005,acer,intel,Core i9,14900,5.8,16.0,ddr5,5600.0,1024.0,16.0,2560 x 1600,240.0,nvidia,2.8,"4-cell, 90 Wh",56990000.0,data/anphat/detail_htmls\acer_98_specs.html,RTX 4070,DISCRETE_GAMING
ACER Aspire 5 A514 56p 742f Nx.khrsv.005 Hang Gia Soc,acer,intel,Core i7,1355,5.0,16.0,lpddr5,6400.0,1024.0,14.0,1920 x 1200,60.0,intel,1.5,3 Cell 50 Wh,19990000.0,data/anphat/detail_htmls\acer_99_specs.html,INTEL_IRIS_XE,INTEGRATED
ACER Aspire Lite Al15 51m 55nb Nx.krssv.001,acer,intel,Core i5,,4.5,8.0,ddr4,3200.0,1024.0,15.6,1920 x 1080,60.0,intel,1.7,36 Wh,12990000.0,data/anphat/detail_htmls\acer_101_specs.html,INTEL_IRIS_XE,INTEGRATED
ACER Aspire 3 A314 42p R3b3 Nx.ksfsv.001 Hang Gia Soc,acer,amd,Ryzen 7,5700,4.3,16.0,lpddr4x,,512.0,14.0,1920 x 1200,60.0,amd,1.4,3 cell 50 Wh,13990000.0,data/anphat/detail_htmls\acer_100_specs.html,AMD_RADEON_GRAPHICS,INTEGRATED
ACER Predator Helios Neo Phn16 71 54cd Nh.qltsv.001,acer,intel,Core i5,13500,4.7,8.0,ddr5,4800.0,512.0,16.0,2560 x 1600,165.0,nvidia,2.6,"4-cell, 90 Wh",35990000.0,data/anphat/detail_htmls\acer_104_specs.html,RTX 4050,DISCRETE_GAMING
ACER Aspire Lite Al16 51p 596h Nx.kwzsv.002,acer,intel,Core i5,1235,4.4,8.0,ddr5,4800.0,2048.0,16.0,1920 x 1200,60.0,intel,1.7,58Whr 3-cell 65W PD Type-C Adapter,12990000.0,data/anphat/detail_htmls\acer_102_specs.html,INTEL_GRAPHICS,INTEGRATED
ACER Predator Helios Phn16 72 78l4 Nh.qnpsv.012,acer,intel,Core i7,14700,5.5,16.0,ddr5,5600.0,1024.0,16.0,2560 x 1600,,nvidia,2.8,"90WHrs, 4-cell Li-ion",43990000.0,data/anphat/detail_htmls\acer_106_specs.html,RTX 4050,DISCRETE_GAMING
ACER Predator Helios Neo 14 Phn14 51 96hg Nh.qrnsv.001,acer,intel,,185,5.1,32.0,ddr5,6400.0,1024.0,14.5,2560 x 1600,165.0,nvidia,1.9,76Whr 4-cell,59990000.0,data/anphat/detail_htmls\acer_107_specs.html,RTX 4070,DISCRETE_GAMING
MSI Katana 15 Hx B14wfk 267vn,msi,intel,Core i7,14650,5.2,32.0,ddr5,,512.0,15.6,2560 x 1440,165.0,nvidia,2.4,4 cell / 75 Whr,40990000.0,data/anphat/detail_htmls\msi_3_specs.html,RTX 5060,DISCRETE_GAMING
MSI Prestige 14 Ai Evo C2vmg 020vn,msi,intel,Core Ultra 7,258,4.8,32.0,lpddr5x,,1024.0,14.0,2880 x 1800,120.0,intel,1.7,"4 Cell, 90Whr",39990000.0,data/anphat/detail_htmls\msi_1_specs.html,INTEL_GRAPHICS,INTEGRATED
MSI Katana 15 Hx B14wfk 025vn,msi,intel,Core i7,14650,5.2,16.0,ddr5,,512.0,15.6,2560 x 1440,165.0,nvidia,2.4,4 cell / 75 Whr,39490000.0,data/anphat/detail_htmls\msi_0_specs.html,RTX 5060,DISCRETE_GAMING
MSI Venture 14 Ai A1mg 005vn,msi,intel,Core Ultra 5,125,4.5,16.0,ddr5,5600.0,512.0,14.0,2880 x 1800,120.0,intel,1.7,"4 cell, 75Whr",25990000.0,data/anphat/detail_htmls\msi_2_specs.html,INTEL_GRAPHICS,INTEGRATED
MSI Cyborg 15 B2rwekg 402vn,msi,intel,Core 5,210,4.8,16.0,ddr5,,512.0,15.6,1920 x 1080,144.0,nvidia,2.1,"4 cell, 55.2Whr",31990000.0,data/anphat/detail_htmls\msi_4_specs.html,RTX 5050,DISCRETE_GAMING
MSI Modern 14 F13mg 466vn,msi,intel,Core i5,1334,4.6,8.0,ddr4,3200.0,512.0,14.0,1920 x 1080,60.0,intel,1.5,3 Cell,14990000.0,data/anphat/detail_htmls\msi_5_specs.html,INTEL_UHD,INTEGRATED
MSI Vector A16 Hx A8whg 010vn,msi,amd,Ryzen 9,8940,5.3,16.0,ddr5,,512.0,16.0,2560 x 1600,240.0,nvidia,2.7,"4 cell, 90Whr",56990000.0,data/anphat/detail_htmls\msi_6_specs.html,RTX 5070,DISCRETE_GAMING
MSI Sword 16 Hx B14vfkg 045vn,msi,intel,Core i7,14700,5.5,16.0,ddr5,5600.0,1024.0,16.0,2560 x 1600,240.0,nvidia,2.3,"4 cell, 65Whr",39990000.0,data/anphat/detail_htmls\msi_8_specs.html,RTX 4060,UNKNOWN
MSI Venture A16 Ai A3hmg 017vn,msi,amd,Ryzen AI 7,350,5.0,16.0,ddr5,,512.0,16.0,2048 x 1280,120.0,amd,1.9,"4 cell, 75Whr",33990000.0,data/anphat/detail_htmls\msi_9_specs.html,AMD_RADEON_GRAPHICS,INTEGRATED
Gaming MSI Cyborg 15 Ai A1vek 245vn,msi,intel,Core Ultra 5,135,4.6,16.0,ddr5,5600.0,512.0,15.6,1920 x 1080,144.0,nvidia,1.98,3cell 53.5Whr,26990000.0,data/anphat/detail_htmls\msi_10_specs.html,RTX 4050,DISCRETE_GAMING
MSI Prestige 16 Ai Evo B2vmg 016vn,msi,intel,Core Ultra 9,288,5.1,32.0,lpddr5x,8533.0,1024.0,16.0,3840 x 2400,60.0,intel,1.5,99WHrs,46990000.0,data/anphat/detail_htmls\msi_12_specs.html,INTEL_GRAPHICS,INTEGRATED
MSI Prestige 13 Ai Evo A1mg 062vn,msi,intel,Core Ultra 7,155,4.8,32.0,lpddr5,6400.0,1024.0,13.3,2880 x 1800,,intel,0.99,4Cell 75WHrs,33990000.0,data/anphat/detail_htmls\msi_11_specs.html,INTEL_GRAPHICS,INTEGRATED
MSI Prestige 16 Ai Mercedesamg B2vmg 088vn,msi,intel,Core Ultra 9,288,5.1,32.0,lpddr5x,8533.0,2048.0,16.0,3840 x 2400,60.0,intel,1.5,99WHrs,56990000.0,data/anphat/detail_htmls\msi_13_specs.html,INTEL_GRAPHICS,INTEGRATED
MSI Thin 15 B13uc 3247vn,msi,intel,Core i5,13420,4.6,8.0,ddr4,3200.0,512.0,15.6,1920 x 1080,144.0,nvidia,1.86,"3-Cell, 52.4 Whrs",19990000.0,data/anphat/detail_htmls\msi_14_specs.html,RTX 3050,DISCRETE_GAMING
MSI Katana 15 Hx B14wek 286vn,msi,intel,Core i5,14450,4.8,16.0,ddr5,,512.0,15.6,2560 x 1440,165.0,nvidia,2.4,4 cell / 75 Whr,34990000.0,data/anphat/detail_htmls\msi_17_specs.html,RTX 5050,DISCRETE_GAMING
MSI Stealth A16 Ai A3xwhg085vn,msi,amd,Ryzen AI 9,370,5.1,32.0,lpddr5x,7500.0,1024.0,16.0,2560 x 1600,240.0,nvidia,2.1,4Cell 99.9WHr,75990000.0,data/anphat/detail_htmls\msi_16_specs.html,RTX 5070,DISCRETE_GAMING
MSI Cyborg 15 A13uc 2082vn,msi,intel,Core i7,13620,4.6,16.0,ddr5,5200.0,512.0,15.6,1920 x 1080,144.0,nvidia,1.98,3cell 53.5Whr,21990000.0,data/anphat/detail_htmls\msi_19_specs.html,RTX 3050,DISCRETE_GAMING
MSI Prestige 14 Ai Evo C1mg 081vn,msi,intel,Core Ultra 5,125,4.5,16.0,ddr5,5600.0,512.0,14.0,2880 x 1800,60.0,intel,1.7,"4 Cell, 90Whr",29990000.0,data/anphat/detail_htmls\msi_18_specs.html,INTEL_GRAPHICS,INTEGRATED
MSI Katana 15 Hx B14wek 027vn,msi,intel,Core i7,14650,5.2,32.0,ddr5,5600.0,512.0,15.6,2560 x 1440,165.0,nvidia,2.4,4 cell / 75 Whr,38990000.0,data/anphat/detail_htmls\msi_20_specs.html,RTX 5050,DISCRETE_GAMING
MSI Crosshair 16 Hx Ai D2xwfkg 036vn,msi,intel,Core Ultra 7,255,5.2,16.0,ddr5,5600.0,1024.0,16.0,2560 x 1600,240.0,nvidia,2.5,"4 cell, 90Whr",46990000.0,data/anphat/detail_htmls\msi_23_specs.html,RTX 5060,DISCRETE_GAMING
MSI Thin 15 B13ve 2824vn,msi,intel,Core i5,13420,4.6,16.0,ddr4,3200.0,512.0,15.6,1920 x 1080,144.0,nvidia,1.86,3 Cell 52.4 WHr,23990000.0,data/anphat/detail_htmls\msi_21_specs.html,RTX 4050,DISCRETE_GAMING
MSI Cyborg 15 A13vek 2089vn,msi,intel,Core i7,13620,4.9,16.0,ddr5,,512.0,15.6,1920 x 1080,144.0,nvidia,1.98,3 cell / 53.5 Whr,28990000.0,data/anphat/detail_htmls\msi_24_specs.html,RTX 4050,DISCRETE_GAMING
MSI Katana 15 B13udxk 2412vn,msi,intel,Core i5,13420,4.6,8.0,ddr5,5200.0,1024.0,15.6,1920 x 1080,144.0,nvidia,2.25,3cell 53.5Whr,23990000.0,data/anphat/detail_htmls\msi_22_specs.html,RTX 3050,DISCRETE_GAMING
MSI Cyborg 15 A13uc 2088vn,msi,intel,Core i5,13420,4.6,16.0,,,512.0,15.6,1920 x 1080,144.0,nvidia,1.98,3 cell / 53.5 Whr,21990000.0,data/anphat/detail_htmls\msi_25_specs.html,RTX 3050,DISCRETE_GAMING
MSI Vector 16 Hx Ai A2xwjg 470vn,msi,intel,Core Ultra 9,275,5.4,32.0,ddr5,6400.0,1024.0,16.0,2560 x 1600,240.0,nvidia,2.7,4Cell 90WHr,115990000.0,data/anphat/detail_htmls\msi_26_specs.html,RTX 5090,DISCRETE_GAMING
MSI Katana 15 Hx B14wfk 294vn,msi,intel,Core i9,14900,5.8,16.0,ddr5,,512.0,15.6,2560 x 1440,165.0,nvidia,2.4,4 cell / 75 Whr,40990000.0,data/anphat/detail_htmls\msi_27_specs.html,RTX 5060,DISCRETE_GAMING
MSI Cyborg 15 B2rwfkg 048vn,msi,intel,Core 7,240,5.2,16.0,ddr5,,512.0,15.6,1920 x 1080,144.0,nvidia,1.95,"4 cell, 55.2Whr",33990000.0,data/anphat/detail_htmls\msi_30_specs.html,RTX 5060,DISCRETE_GAMING
MSI Katana 15 Hx B14wek 295vn,msi,intel,Core i9,14900,5.8,16.0,ddr5,5600.0,512.0,15.6,2560 x 1440,165.0,nvidia,2.4,4 cell / 75 Whr,38990000.0,data/anphat/detail_htmls\msi_31_specs.html,RTX 5050,DISCRETE_GAMING
MSI Crosshair 16 Hx Ai D2xwgkg 071vn,msi,intel,Core Ultra 9,275,5.4,32.0,ddr5,6400.0,1024.0,16.0,2560 x 1600,240.0,nvidia,2.5,"4 cell, 90Whr",58990000.0,data/anphat/detail_htmls\msi_29_specs.html,RTX 5070,DISCRETE_GAMING
MSI Thin 15 B13ucx 2080vn,msi,intel,Core i5,13420,4.6,16.0,ddr4,3200.0,512.0,15.6,1920 x 1080,144.0,nvidia,1.86,3Cell 52.4WHrs,18990000.0,data/anphat/detail_htmls\msi_32_specs.html,RTX 2050,DISCRETE_GAMING
MSI Crosshair 16 Hx Ai D2xwgkg 072vn,msi,intel,Core Ultra 7,255,5.2,32.0,ddr5,6400.0,1024.0,16.0,2560 x 1600,240.0,nvidia,2.5,"4 cell, 90Whr",56990000.0,data/anphat/detail_htmls\msi_33_specs.html,RTX 5070,DISCRETE_GAMING
MSI Modern 15 F13mg 666vn,msi,intel,Core i5,1334,4.6,16.0,ddr4,3200.0,512.0,15.6,1920 x 1080,60.0,intel,1.7,3cell 46.8Whr,14990000.0,data/anphat/detail_htmls\msi_34_specs.html,INTEL_IRIS_XE,INTEGRATED
MSI Prestige 13 Ai Evo A1mg 241vn,msi,intel,Core Ultra 5,125,4.5,16.0,lpddr5,6400.0,512.0,13.3,2880 x 1800,,intel,0.99,4Cell 75WHrs,29990000.0,data/anphat/detail_htmls\msi_35_specs.html,INTEL_GRAPHICS,INTEGRATED
MSI Cyborg 14 A13ve 090vn,msi,intel,Core i7,13620,4.9,8.0,ddr5,4800.0,512.0,14.0,1920 x 1200,144.0,nvidia,1.6,"3-Cell, 53.5 Whr",27990000.0,data/anphat/detail_htmls\msi_36_specs.html,RTX 4050,DISCRETE_GAMING
MSI Katana 15 B13udxk 2411vn,msi,intel,Core i7,13620,4.9,16.0,ddr5,5200.0,512.0,15.6,1920 x 1080,144.0,nvidia,2.25,"3 cell, 53.5Whr",25990000.0,data/anphat/detail_htmls\msi_38_specs.html,RTX 3050,DISCRETE_GAMING
MSI Katana 15 B13vfk 676vn,msi,intel,Core i7,13620,4.9,16.0,ddr5,,1024.0,15.6,1920 x 1080,144.0,nvidia,2.2,"3 Cell, 53.5Whr",37990000.0,data/anphat/detail_htmls\msi_39_specs.html,RTX 4060,DISCRETE_GAMING
MSI Katana 15 B13vek 2256vn,msi,intel,Core i7,13620,4.9,16.0,ddr5,5200.0,512.0,15.6,1920 x 1080,144.0,nvidia,2.25,"3 Cell, 53.5Whr",28990000.0,data/anphat/detail_htmls\msi_40_specs.html,RTX 4050,DISCRETE_GAMING
MSI Thin 15 B13uc 1411vn,msi,intel,Core i7,13620,4.9,8.0,ddr4,3200.0,512.0,15.6,1920 x 1080,144.0,nvidia,1.86,3 Cell 52.4 WHr,23990000.0,data/anphat/detail_htmls\msi_42_specs.html,RTX 3050,DISCRETE_GAMING
MSI Stealth 14 Ai Studio A1vfg 085vn,msi,intel,Core Ultra 7,155,4.8,32.0,ddr5,5600.0,1024.0,14.0,2880 x 1800,120.0,nvidia,1.7,72WHrs,55990000.0,data/anphat/detail_htmls\msi_44_specs.html,RTX 4060,DISCRETE_GAMING
MSI Katana 15 Hx B14wgk 023vn,msi,intel,Core i7,14650,5.2,16.0,ddr5,,1024.0,15.6,2560 x 1440,165.0,nvidia,2.4,4 cell / 75 Whr,44990000.0,data/anphat/detail_htmls\msi_47_specs.html,RTX 5070,DISCRETE_GAMING
MSI Katana 15 Hx B14wgk 022vn,msi,intel,Core i9,14900,5.8,32.0,ddr5,,1024.0,15.6,2560 x 1440,165.0,nvidia,2.4,4 cell / 75 Whr,48990000.0,data/anphat/detail_htmls\msi_48_specs.html,RTX 5070,DISCRETE_GAMING
MSI Cyborg 15 Ai A1vek 053vn,msi,intel,Core Ultra 7,155,4.8,16.0,ddr5,5600.0,512.0,15.6,1920 x 1080,144.0,nvidia,1.98,"3 Cell, 53.5Whr",30990000.0,data/anphat/detail_htmls\msi_50_specs.html,RTX 4050,UNKNOWN
MSI Katana 15 B13vek 252vn,msi,intel,Core i7,13620,4.9,8.0,ddr5,5200.0,512.0,15.6,1920 x 1080,144.0,nvidia,2.25,"3 Cell, 53.5Whr",26990000.0,data/anphat/detail_htmls\msi_41_specs.html,RTX 4050,DISCRETE_GAMING
MSI Stealth 18 Hx Ai A2xwig 017vn,msi,intel,Core Ultra 9,275,4.6,32.0,ddr5,6400.0,2048.0,18.0,3840 x 2400,120.0,nvidia,2.89,"4-Cell, 99.99 Whr",109999000.0,data/anphat/detail_htmls\msi_49_specs.html,RTX 5080,DISCRETE_GAMING
MSI Prestige 13 Ai Evo A1mg 240vn,msi,intel,Core Ultra 5,125,4.5,32.0,lpddr5,6400.0,512.0,13.3,2880 x 1800,,intel,0.99,4Cell 75WHrs,32990000.0,data/anphat/detail_htmls\msi_51_specs.html,INTEL_GRAPHICS,INTEGRATED
MSI Prestige 13 Ai Evo A2vmg 062vn,msi,intel,Core Ultra 9,288,5.1,32.0,lpddr5x,8533.0,1024.0,13.3,2880 x 1800,,intel,0.99,4Cell 75WHrs,44990000.0,data/anphat/detail_htmls\msi_53_specs.html,INTEL_GRAPHICS,INTEGRATED
MSI Prestige 14 Ai Evo C1mg 080vn,msi,intel,Core Ultra 5,125,4.5,32.0,ddr5,5600.0,512.0,14.0,2880 x 1800,60.0,intel,1.7,"4 Cell, 90Whr",32990000.0,data/anphat/detail_htmls\msi_59_specs.html,INTEL_GRAPHICS,INTEGRATED
MSI Pulse 17 Ai C1vgkg 017vn,msi,intel,Core Ultra 7,155,4.8,32.0,ddr5,5600.0,1024.0,17.0,2560 x 1600,240.0,nvidia,2.8,"4 cell, 90Whr Li-Po",55990000.0,data/anphat/detail_htmls\msi_60_specs.html,RTX 4070,DISCRETE_GAMING
MSI Vector Gp68hx 12vh 070vn,msi,intel,Core i9,12900,5.0,16.0,ddr5,4800.0,1024.0,16.0,1920 x 1200,144.0,nvidia,2.67,"4 cell, 90Whr",61990000.0,data/anphat/detail_htmls\msi_65_specs.html,RTX 4080,DISCRETE_GAMING
Lg Gram 2024 14z90s G.ah55a5,lg,intel,Core Ultra 5,125,4.5,16.0,lpddr5,6400.0,512.0,14.0,1920 x 1200,,intel,1.12,72 Wh,36290000.0,data/anphat/detail_htmls\lg_2_specs.html,INTEL_GRAPHICS,INTEGRATED
Lg Gram 2024 16z90s G.ah76a5,lg,intel,Core Ultra 7,155,4.8,16.0,lpddr5,,512.0,16.0,2560 x 1600,,intel,1.199,77WHr,43390000.0,data/anphat/detail_htmls\lg_4_specs.html,INTEL_GRAPHICS,INTEGRATED
Lg Grambook 15u50t G.av56a5,lg,intel,Core i5,1334,4.6,16.0,ddr4,3200.0,512.0,15.6,1920 x 1080,60.0,intel,1.7,51 Wh Li-Ion,15990000.0,data/anphat/detail_htmls\lg_1_specs.html,INTEL_IRIS_XE,INTEGRATED
Lg Gram Pro 16z90sp K.ah75a5,lg,intel,Core Ultra 7,155,4.8,16.0,lpddr5x,7467.0,512.0,16.0,2880 x 1800,,intel,1.279,77WHr,48990000.0,data/anphat/detail_htmls\lg_0_specs.html,INTEL_GRAPHICS,INTEGRATED
Lg Gram 2024 15z90st G.ah75a5,lg,intel,Core Ultra 7,155,4.8,16.0,lpddr5,,512.0,15.6,1920 x 1080,,intel,0.99,60WHr,44290000.0,data/anphat/detail_htmls\lg_3_specs.html,INTEL_GRAPHICS,INTEGRATED
Lg Gram 2024 14z90s G.ah75a5,lg,intel,Core Ultra 7,155,4.8,16.0,lpddr5,6400.0,512.0,14.0,1920 x 1200,,intel,1.12,72 Wh,41390000.0,data/anphat/detail_htmls\lg_5_specs.html,INTEL_GRAPHICS,INTEGRATED
Lg Gram 2024 2 In 1 14t90s G.ah55a5,lg,intel,Core Ultra 5,125,4.5,16.0,lpddr5,,512.0,14.0,1920 x 1200,,intel,1.25,72WHr,41990000.0,data/anphat/detail_htmls\lg_6_specs.html,INTEL_GRAPHICS,INTEGRATED
Lg Gram 2024 17z90s G.ah78a5,lg,intel,Core Ultra 7,155,4.8,16.0,lpddr5,,1024.0,17.0,2560 x 1600,,intel,1.35,77WHr,46990000.0,data/anphat/detail_htmls\lg_7_specs.html,INTEL_GRAPHICS,INTEGRATED
