Product Name,Manufacturer,CPU manufacturer,CPU brand modifier,CPU generation,CPU Speed (GHz),RAM (GB),RAM Type,Bus (MHz),Storage (GB),Screen Size (inch),Screen Resolution,Refresh Rate (Hz),GPU manufacturer,Weight (kg),Battery,Price (VND)
HP 245 G10 B8pf8at,hp,AMD,Ryzen 5,7.0,4.5,16.0,DDR4,3200.0,256.0,14.0,1920 x 1080,,AMD,1.36,"HP Long Life 3-cell, 41 Wh Li-ion",15590000.0
HP Victus 15 Fa2731tx B85lnpa,hp,Intel,I5,51.0,4.6,16.0,DDR4,3200.0,512.0,15.6,1920 x 1080,144.0,NVIDIA,2.185,3 Cell Int (52.5Wh),24045000.0
HP 14 Ep0112tu 8c5l1pa,hp,Intel,I5,13.0,4.6,16.0,DDR4,3200.0,512.0,14.0,1920 x 1080,,Intel,1.46,"3-cell, 41 Wh Li-ion",19590000.0
HP 15 Fc0086au A6vv9pa,hp,AMD,Ryzen 5,7.0,4.3,16.0,DDR4,3200.0,512.0,15.6,1920 x 1080,,AMD,1.59,"3-cell, 41 Wh Li-ion polymer",15190000.0
HP Victus 15 Fb3116ax Bx8u4pa,hp,AMD,Ryzen 7,7.0,4.7,16.0,DDR5,5600.0,512.0,15.6,1920 x 1080,144.0,NVIDIA,2.29,"3-cell, 52.5 Wh Li-ion polymer",25990000.0
HP Pavilion 15 Eg3095tu 8c5l6pa 16gb,hp,Intel,I5,13.0,1.3,16.0,DDR4,3200.0,512.0,15.6,1920 x 1080,60.0,Intel,1.74,"3-cell Li-ion, 41 Wh",19990000.0
HP 245 G10 Bg5u8pt,hp,AMD,Ryzen 7,7.0,5.0,16.0,DDR4,3200.0,512.0,14.0,1920 x 1080,,AMD,1.36,"HP Long Life 3-cell, 41 Wh Li-ion",19990000.0
HP Pavilion 15 Eg3094tu 8c5l5pa 16gb,hp,Intel,I5,13.0,1.3,16.0,DDR4,3200.0,512.0,15.6,1920 x 1080,60.0,Intel,1.74,"3-cell Li-ion, 41 Wh",19990000.0
HP 14 Ep0220tu B73vwpa 16gb,hp,Intel,I3,31.0,4.5,16.0,DDR4,3200.0,512.0,14.0,1920 x 1080,,Intel,1.4,"3-cell, 41 Wh Li-ion polymer Bộ đổi nguồn AC thông minh 45 W",13490000.0
HP 15 Fd0305tu A2nl6pa,hp,Intel,I3,31.0,5.0,16.0,DDR4,3200.0,256.0,15.6,1920 x 1080,,Intel,1.59,"Pin Li-ion polymer 3 cell, công suất 41 Wh",12490000.0
HP 15 Fd0306tu A2nl7pa,hp,Intel,I3,31.0,1.2,8.0,DDR4,3200.0,256.0,15.6,1920 x 1080,60.0,Intel,1.59,"3-cell, 41 Wh Li-ion",12490000.0
HP Envy X360 14 Fa0045au A19bmpa,hp,AMD,Ryzen 7,8.0,5.1,32.0,DDR5,6400.0,1024.0,14.0,2880 x 1800,60.0,AMD,1.39,"3-cell, 59 Wh Li-ion polymer",35090000.0
HP 14 Ep0220tu B73vwpa,hp,Intel,I3,31.0,4.5,8.0,DDR4,3200.0,512.0,14.0,1920 x 1080,,Intel,1.4,"3-cell, 41 Wh Li-ion polymer Bộ đổi nguồn AC thông minh 45 W",13490000.0
HP Pavilion 15 Eg3112tu 8u6l9pa,hp,Intel,I7,13.0,5.0,16.0,DDR4,3200.0,512.0,15.6,1920 x 1080,,Intel,1.69,3-cell,25290000.0
HP 14 Dq2055wm 39k15ua,hp,Intel,I3,31.0,,4.0,DDR4,2666.0,256.0,14.0,1920 x 1080,,Intel,1.46,"3-cell, 41 Wh Li-ion",13990000.0
HP 15 Fd0237tu,hp,Intel,I5,51.0,4.6,16.0,DDR4,3200.0,512.0,15.6,1920 x 1080,,Intel,1.59,"3-cell, 41 Wh Li-ion polymer",18390000.0
HP 250 G9 Ag2k7at,hp,Intel,I5,51.0,4.4,16.0,DDR4,3200.0,512.0,15.6,1920 x 1080,,Intel,1.696,3 Cell Int (41.04Wh),19190000.0
HP Envy X360 2in1 14 Fc0086tu A19bwpa,hp,Intel,,,80.0,32.0,DDR5,6400.0,512.0,14.0,2880 x 1800,120.0,Intel,1.384,3 Cell Int (59.16Wh),35290000.0
HP Victus 16 S0143ax 9q990pa,hp,AMD,Ryzen 5,7.0,5.0,32.0,DDR5,5600.0,512.0,16.1,1920 x 1080,144.0,NVIDIA,2.33,"4-cell, 70 Wh Li-ion polymer",31490000.0
HP Envy X360 14 Fa0096au Ay8u6pa,hp,AMD,Ryzen 5,8.0,9.0,16.0,DDR5,6400.0,1024.0,14.0,2880 x 1800,120.0,AMD,1.39,"Li-ion polymer 3 lõi, 59 Wh Bộ chuyển đổi nguồn điện 65 W USB Type-C Hỗ trợ sạc pin nhanh: khoảng 50% trong 30 phút",30390000.0
HP 15 Fd0083tu 8d736pa,hp,Intel,I7,71.0,0.0,16.0,DDR4,3200.0,512.0,15.6,1920 x 1080,,Intel,1.59,"3-cell, 41 Wh Li-ion polymer Bộ đổi nguồn AC thông minh 45 W",22490000.0
HP Pavilion 15 Eg3093tu 8c5l4pa,hp,Intel,I5,13.0,1.3,16.0,DDR4,3200.0,512.0,15.6,1920 x 1080,60.0,Intel,1.69,"3-cell Li-ion, 41 Wh",21290000.0
HP 240 G9 Ag2j7at,hp,Intel,I5,51.0,4.4,16.0,DDR4,3200.0,512.0,14.0,1920 x 1080,,Intel,1.42,3 Cell Int (41.04Wh),19790000.0
HP 15 Fd1063tu 9z2y1pa,hp,Intel,,,5.0,16.0,DDR5,5600.0,512.0,15.6,1920 x 1080,,Intel,1.65,"3-cell, 41 Wh Li-ion polymer Hỗ trợ sạc pin nhanh: khoảng 50% trong 45 phút",20990000.0
HP Pavilion 15 Eg3111tu 8u6l8pa,hp,Intel,I5,51.0,4.6,16.0,DDR4,3200.0,512.0,15.6,1920 x 1080,,Intel,1.6,"3-cell, 41 Wh Li-ion",21290000.0
HP Gaming Omen 16 Am0129tx Bx9d1pa,hp,Intel,,,5.1,32.0,DDR5,5600.0,512.0,16.0,1920 x 1200,165.0,NVIDIA,2.43,"6-cell, 83 Wh Li-ion polymer",48890000.0
HP Gaming Omen 16 Am0176tx Bx9d3pa,hp,Intel,,,5.1,16.0,DDR5,5600.0,512.0,16.0,1920 x 1200,165.0,NVIDIA,2.43,"6-cell, 83 Wh Li-ion polymer",43890000.0
HP Victus 16 R0376tx Ay8z2pa,hp,Intel,I7,71.0,5.0,16.0,DDR5,4800.0,512.0,16.1,1920 x 1080,165.0,NVIDIA,2.31,"4-cell, 70 Wh Li-ion polymer Bộ đổi nguồn AC thông minh 200 W Hỗ trợ sạc pin nhanh: khoảng 50% trong 30 phút",32690000.0
HP Victus 16 R0374tx Ay8y7pa,hp,Intel,I5,51.0,4.7,16.0,DDR5,4800.0,512.0,16.1,1920 x 1080,165.0,NVIDIA,2.334,4 Cell Int (70.07Wh),30990000.0
HP Pavilion X360 14 Ek2017tu 9z2v5pa,hp,Intel,,,5.0,16.0,DDR4,3200.0,512.0,14.0,1920 x 1080,,,1.4,3 Cell Int (43.3Wh),24990000.0
HP Gaming Victus 16 S0173ax A9lg9pa,hp,AMD,Ryzen 5,7.0,5.0,16.0,DDR5,5600.0,512.0,16.1,1920 x 1080,144.0,NVIDIA,2.31,"4-cell, 70 Wh Li-ion polymer",27390000.0
HP 15 Fd0235tu 9q970pa,hp,Intel,I5,51.0,4.6,16.0,DDR4,3200.0,512.0,15.6,1920 x 1080,,Intel,1.59,"Pin Li-ion polymer 3 cell, công suất 41 Wh Bộ chuyển đổi nguồn điện AC thông minh 45 W Hỗ trợ sạc pin nhanh: khoảng 50% trong 45 phút",19190000.0
HP Victus 15 Fa1139tx 8y6w3pa,hp,Intel,I5,51.0,4.4,16.0,DDR4,3200.0,512.0,15.6,1920 x 1080,144.0,NVIDIA,2.22,3 Cell Int (52.5Wh),24590000.0
HP 15s Fq5231tu 8u241pa,hp,,I3,,1.2,8.0,DDR4,3200.0,256.0,15.6,1080 x 1920,,Intel,2.0,3 cell,11990000.0
HP Victus 16 S0136ax 9q984pa,hp,AMD,Ryzen 5,7.0,0.0,32.0,DDR5,5600.0,512.0,16.1,1920 x 1080,144.0,NVIDIA,2.31,"4 cell, 70 Wh Li-ion polime Bộ chuyển đổi nguồn điện AC thông minh 200 W Hỗ trợ sạc pin nhanh: khoảng 50% trong 30 phút Thời lượng pin Lên đến 7 tiếng 45 phút",28990000.0
HP Elitebook 840 G3,hp,Intel,I5,63.0,2.4,8.0,DDR4,2133.0,256.0,14.0,1920 x 1080,,Intel,1.6,6-cell Lithium ion,
HP Victus 16 D0293tx 5z9r4pa,hp,Intel,I5,51.0,2.7,8.0,DDR4,3200.0,512.0,16.1,1920 x 1080,,NVIDIA,2.25,"4-cell, 70 Whrs",27890000.0
HP Elitebook 840 G8,hp,Intel,I7,11.0,,16.0,DDR4,,512.0,14.0,1920 x 1080,,Intel,1.33,53 Wh Lithium-Polymer,
HP Probook 450 G9,hp,Intel,I5,12.0,,8.0,DDR4,3200.0,512.0,15.6,1920 x 1080,60.0,Intel,1.74,"3-cell Li-ion, 51 Wh",
HP Pavilion 15 Eg2037tx 6k783pa,hp,Intel,I5,51.0,,8.0,DDR4,3200.0,256.0,15.6,1920 x 1080,,NVIDIA,1.74,"3-cell, 41 Wh Li-ion",16300000.0
HP Probook 440 G9,hp,Intel,I5,12.0,,8.0,DDR4,3200.0,512.0,14.0,1920 x 1080,,Intel,1.38,"51 Wh, 65 W",
HP Envy X360 2in1 14 Fc0088tu A19bypa,hp,Intel,,,4.8,16.0,DDR5,6400.0,1024.0,14.0,2880 x 1800,120.0,Intel,1.39,"Li-ion polymer 3 lõi, 59 Wh",
HP Probook 450 G3,hp,Intel,I5,62.0,2.3,4.0,DDR3,1600.0,500.0,15.6,1366 x 768,,Intel,2.11,44 WHr Li-ion 4-cell,
HP Probook 6570b,hp,Intel,I3,33.0,2.4,4.0,DDR3,1600.0,320.0,15.6,1366 x 768,,Intel,2.51,6-cells 55 Wh,
HP Elitebook 820 G3,hp,Intel,I5,62.0,2.4,8.0,DDR3,2133.0,256.0,12.5,1366 x 768,,Intel,1.28,,
HP Gaming Victus 16 E1104ax 7c0s9pa,hp,AMD,Ryzen 7,6.0,3.2,8.0,DDR5,4800.0,512.0,16.1,1920 x 1080,,NVIDIA,2.4,70Wh,
HP Elitebook 845 G9,hp,AMD,Ryzen 5,6.0,,16.0,DDR5,4800.0,256.0,14.0,1920 x 1200,,AMD,1.4,51Whr 3 cell,
HP Elitebook 840 G9,hp,Intel,I7,12.0,2.1,16.0,DDR5,,512.0,14.0,1920 x 1200,60.0,Intel,1.36,51 Wh 3-cell Li-ion,
HP Envy X360 13 Bf0092tu 76v59pa,hp,Intel,I7,71.0,4.7,8.0,DDR4,4266.0,512.0,13.3,2880 x 1800,,Intel,1.34,"66 Wh Li-ion, 4-cell",
HP Elitebook 8460p,hp,Intel,I5,52.0,2.5,8.0,,,250.0,14.0,1366 x 768,,Intel,,,
HP Elitebook 840 G6,hp,Intel,I5,83.0,1.6,8.0,DDR4,2660.0,256.0,14.0,1920 x 1080,,Intel,1.4,,
HP Probook 6560b,hp,Intel,I5,52.0,2.5,,DDR3,1333.0,120.0,15.6,1366 x 768,,Intel,2.5,6-cell Li-ion,
HP Gaming Victus 15 Fa018tx 7c0x0pa,hp,Intel,I7,71.0,4.7,16.0,DDR4,3200.0,512.0,15.6,1920 x 1080,,NVIDIA,2.29,"4-cell, 70 Wh",
HP Elitebook 640 G9,hp,Intel,I7,12.0,2.1,16.0,DDR4,,512.0,14.0,1920 x 1080,,Intel,1.38,,
HP Pavilion 15 Eg2062tx 7c0w7pa,hp,Intel,I5,51.0,,8.0,DDR4,3200.0,512.0,15.6,1920 x 1080,,NVIDIA,1.75,3 Cell 41WHrs,
HP Envy X360 2in2 2022,hp,AMD,,5.0,4.0,8.0,DDR4,3200.0,256.0,15.6,,,AMD,1.77,,
HP 15 Ay071tu X3b53pa,hp,Intel,,37.0,,4.0,DDR3,,500.0,15.6,1366 x 768,,Intel,2.19,4-cell Li-ion,
HP Pavilion 15 Eg2087tu 7c0q9pa,hp,Intel,I3,31.0,,8.0,DDR4,3200.0,256.0,15.6,1920 x 1080,,Intel,1.75,3Cell 41WHrs,
HP Pavilion 15 Eg2085tu 7c0q7pa,hp,Intel,I5,51.0,,8.0,DDR4,3200.0,256.0,15.6,1920 x 1080,,Intel,1.75,3Cell 41WHrs,
HP 15s Du1040tx 8re77pa,hp,Intel,I7,10.0,,8.0,DDR4,2666.0,512.0,15.6,1366 x 768,,NVIDIA,1.74,"3-cell, 41 Wh Li-ion",
HP Gaming Victus 16 D1191tx 7c0s5pa,hp,Intel,I5,12.0,3.3,16.0,DDR5,4800.0,512.0,16.1,1920 x 1080,,NVIDIA,2.4,70Wh,
HP 240 G8 518v8pa,hp,Intel,I5,11.0,,8.0,DDR4,3200.0,512.0,14.0,1920 x 1080,,Intel,1.426,3 Cell Int (41.04Wh),
HP Pavilion 15 Eg1040tu 5z9v3pa,hp,Intel,I5,51.0,,8.0,DDR4,,256.0,15.6,1920 x 1080,,Intel,1.74,3 Cell (41Wh),
HP 340s G7 36a43pa,hp,Intel,I5,51.0,,8.0,DDR4,3200.0,256.0,14.0,1920 x 1080,,Intel,1.351,3 Cell (41.04Wh),
HP Dragonfly G4 A9vd6pt,hp,Intel,I7,71.0,,32.0,DDR5,4800.0,1024.0,13.5,1920 x 1280,,Intel,1.229,6 Cell Int (68.4Wh),
HP Gaming Victus 16 E1102ax 7c139pa,hp,AMD,Ryzen 7,6.0,3.2,16.0,DDR5,4800.0,512.0,16.1,1920 x 1080,,NVIDIA,2.4,70Wh,
HP Envy 16 H0205tx 7c0t2pa,hp,Intel,I9,91.0,2.5,32.0,DDR5,4800.0,512.0,16.0,3840 x 2400,,NVIDIA,2.3,"6 cell 83 Wh , Pin liền",
HP Pavilion X360 14 Ek2024tu 9z2v6pa,hp,Intel,,,1.4,16.0,DDR4,3200.0,512.0,14.0,1920 x 1080,60.0,Intel,1.51,"3-cell, 43Wh, công suất bộ sạc 65 W",24990000.0
HP 14 Ep1011tu 9z2w3pa,hp,Intel,,,5.0,16.0,DDR4,3200.0,512.0,14.0,1920 x 1080,,Intel,1.398,3 Cell Int (41.04Wh),
HP Spectre X360 14 Eu0050tu A19blpa,hp,Intel,,,80.0,32.0,DDR5,7467.0,1024.0,14.0,2880 x 1800,120.0,Intel,1.465,4 Cell Int (68Wh) 65W (USB-C),
HP Gaming Victus 15 Fa0110tx 7c0r3pa,hp,Intel,I7,12.0,4.7,8.0,DDR4,3200.0,512.0,15.6,1920 x 1080,,NVIDIA,2.29,"4-cell, 70Wh Li-ion polymer",
HP Gaming Victus 16 E1105ax 7c0t0pa,hp,AMD,Ryzen 5,6.0,4.5,16.0,DDR5,4800.0,512.0,16.1,1920 x 1080,,NVIDIA,2.4,"4-cell, 70Wh Li-ion polymer",
HP Pavilion 15 Eg2065tx 7c0q3pa I5 1235u 8gb 256gb,hp,Intel,I5,51.0,1.3,8.0,DDR4,3200.0,256.0,15.6,1080 x 1920,60.0,NVIDIA,1.7,3 cell 41 Wh,
HP 240 G8 46j53pa,hp,Intel,I3,10.0,,8.0,DDR4,,512.0,14.0,1366 x 768,,Intel,1.47,3 Cell 65 W,
HP 15s Fq1107tu,hp,Intel,I3,10.0,,4.0,DDR4,,256.0,15.6,1366 x 768,,Intel,1.7,3 cell,
HP Probook 450 G2,hp,Intel,I5,52.0,2.2,4.0,DDR3,1600.0,500.0,15.6,1366 x 768,,Intel,,4-cell Li-Ion,
HP Probook 4540s,hp,Intel,I5,52.0,2.5,4.0,DDR3,1333.0,500.0,15.6,1366 x 768,,Intel,2.47,"6-cells, 47 Wh (Li-Ion)",
HP Pavilion X360 14 Dy0076tu 46l93pa,hp,Intel,I7,71.0,,8.0,DDR4,3200.0,512.0,14.0,1920 x 1080,,Intel,1.52,3 Cell Int (43.3Wh),
HP Pavilion 15 Eg0509tu 46m08pa,hp,Intel,I3,11.0,,4.0,DDR4,,512.0,15.6,1920 x 1080,,Intel,1.662,3 Cell 45 W,
HP 15s Du3591tu,hp,Intel,I5,11.0,,8.0,DDR4,,512.0,15.6,1366 x 768,,Intel,1.75,"3-cell Li-ion, 41 Wh",
HP 15s Fq1111tu 193r0pa,hp,Intel,I3,10.0,,4.0,DDR4,,256.0,15.6,1920 x 1080,,Intel,1.69,3-cell Li-ion,
HP 340s G7 224l0pa,hp,Intel,I3,31.0,,4.0,DDR4,,512.0,14.0,1366 x 768,,Intel,1.337,3 Cell (41.04Wh),
HP Gaming Victus 16 D1187tx 7c0s4pa,hp,Intel,I7,12.0,4.7,8.0,DDR5,4800.0,512.0,16.1,1920 x 1080,,NVIDIA,2.46,"4-cell, 70Wh Li-ion polymer",
HP 240 G9 6l1x3pa,hp,Intel,I3,31.0,1.2,8.0,DDR4,3200.0,,14.0,1080 x 1920,,Intel,1.5,3 cell 80 Wh,
HP Omen 16 Wf1139tx A2ns1pa,hp,Intel,I7,71.0,5.0,32.0,DDR5,5600.0,1024.0,16.1,2560 x 1440,240.0,NVIDIA,2.39,"6-cell, 83 Wh Li-ion polymer Bộ đổi nguồn AC thông minh 280 W Hỗ trợ sạc pin nhanh: khoảng 50% trong 30 phút",
HP Gaming Victus 16 D1193tx 7c138pa,hp,Intel,I5,51.0,3.3,8.0,DDR5,4800.0,512.0,16.1,1920 x 1080,,NVIDIA,2.4,70Wh,
HP Gaming Victus 16 E0170ax 4r0u7pa,hp,AMD,Ryzen 7,5.0,,8.0,DDR4,3200.0,512.0,16.1,1920 x 1080,,NVIDIA,2.46,"4-cell Li-ion, 70 Wh",24990000.0
HP Gaming Victus 15 Fb1022ax 94f19pa,hp,AMD,Ryzen 5,7.0,4.5,16.0,DDR5,4800.0,512.0,15.6,1920 x 1080,,NVIDIA,2.29,"52.5 Wh, 3 Cell",
LENOVO Loq 15irx10 83je00pevn,lenovo,Intel,I7,71.0,4.9,16.0,DDR5,4800.0,1024.0,15.6,1920 x 1080,144.0,NVIDIA,2.4,"60Wh, 170W Slim Tip (3-pin)",33990000.0
LENOVO Loq 15iax9e 83lk0079vn,lenovo,Intel,I5,51.0,4.4,16.0,DDR5,4800.0,1024.0,15.6,1920 x 1080,144.0,NVIDIA,1.77,57Wh 135W Slim Tip (3-pin),22090000.0
LENOVO Loq 15arp9 83jc00m3vn,lenovo,AMD,Ryzen 5,7.0,4.2,16.0,DDR5,4800.0,1024.0,15.6,1920 x 1080,144.0,NVIDIA,2.38,"60Wh, 170W Slim Tip (3-pin)",24490000.0
LENOVO Ideapad Slim 3 15abr8 82xm00mdvn,lenovo,AMD,Ryzen 5,5.0,4.3,16.0,DDR4,3200.0,1024.0,15.6,1920 x 1080,,AMD,1.62,47Wh (Đầu tròn 65W (3 chân)),14290000.0
LENOVO Ideapad Slim 3 14irh10 83k00008vn,lenovo,Intel,I5,51.0,4.6,16.0,DDR5,4800.0,1024.0,14.0,1920 x 1200,,Intel,1.43,60Wh (Đầu tròn 65W (3 chân),16990000.0
LENOVO Thinkpad E14 Gen 7 21t90021va,lenovo,Intel,,,5.2,16.0,DDR5,5600.0,1024.0,14.0,1920 x 1200,60.0,Intel,1.34,"48Wh, 65W USB-C (3-pin)",24890000.0
LENOVO Ideapad Slim 5 14q8x9 83hl005avn,lenovo,,,,3.0,16.0,DDR5,8448.0,1024.0,14.0,1920 x 1200,,,1.48,"57Wh, 65W USB-C Slim (Wall-mount)",20990000.0
LENOVO Loq 15ahp10 83jg0047vn,lenovo,AMD,Ryzen 7,2.0,5.1,16.0,DDR5,5600.0,1024.0,15.6,1920 x 1080,144.0,NVIDIA,2.4,"60Wh, 170W Slim Tip (3-pin)",32490000.0
LENOVO Legion 7 16iax10 83ky001vvn,lenovo,Intel,,,5.4,32.0,DDR5,5600.0,1024.0,16.0,2560 x 1600,240.0,NVIDIA,2.0,"84Wh, 245W Slim Tip (3-pin)",70990000.0
LENOVO Ideapad Slim 3 16irh10 83k20002vn,lenovo,Intel,I5,51.0,4.6,16.0,DDR5,4800.0,1024.0,16.0,1920 x 1200,60.0,Intel,1.73,60Wh (Đầu tròn 65W (3 chân)),16990000.0
LENOVO Legion 5 15irx10 83ly00hrvn,lenovo,Intel,I7,71.0,4.9,16.0,DDR5,4800.0,1024.0,15.3,1920 x 1200,165.0,NVIDIA,2.1,"80Wh, 245W Slim Tip (3-pin)",36990000.0
LENOVO Loq 15arp9 83jc00lvvn,lenovo,AMD,Ryzen 5,7.0,4.2,16.0,DDR5,4800.0,1024.0,15.6,1920 x 1080,144.0,NVIDIA,2.38,"60Wh, 170W Slim Tip (3-pin)",23490000.0
LENOVO Thinkpad L16 Gen 2 21sa000fva,lenovo,Intel,,,4.8,16.0,DDR5,5600.0,2048.0,16.0,1920 x 1200,60.0,Intel,1.79,"46.5Wh, 65W USB-C (3-pin)",24090000.0
LENOVO Ideapad Slim 5 14akp10 83hx001jvn RYZEN Ai 7,lenovo,AMD,,3.0,5.0,32.0,DDR5,5600.0,1024.0,14.0,1920 x 1200,,AMD,1.39,60Wh (65W USB-C Slim (Wall-mount)),27990000.0
LENOVO Ideapad Slim 5 15arp10 83j3002svn,lenovo,AMD,Ryzen 7,7.0,4.75,32.0,DDR5,6400.0,1024.0,15.1,2560 x 1600,165.0,AMD,1.49,70Wh (65W USB-C Slim (Gắn tường)),23490000.0
LENOVO Thinkpad E14 Gen 7 21t90022va,lenovo,Intel,,,5.2,16.0,DDR5,5600.0,1024.0,14.0,1920 x 1200,60.0,Intel,1.34,"48Wh, 65W USB-C (3-pin)",25990000.0
LENOVO V15 G4 Iru 83cc0041vn,lenovo,Intel,I5,51.0,4.6,16.0,DDR4,3200.0,1024.0,15.6,1920 x 1080,,Intel,1.65,"38Wh, 65W USB-C (3-pin)",14790000.0
LENOVO Ideapad Slim 3 15irh10 83k1000gvn,lenovo,Intel,I5,51.0,4.6,24.0,DDR5,4800.0,1024.0,15.3,1920 x 1200,60.0,Intel,1.63,60Wh (Đầu tròn 65W (3 chân)),17990000.0
LENOVO Ideapad Slim 5 15arp10 83j3001dvn,lenovo,AMD,Ryzen 7,7.0,4.75,16.0,DDR5,6400.0,1024.0,15.1,2560 x 1600,165.0,AMD,1.49,"70Wh, 65W USB-C Slim (Wall-mount)",21090000.0
LENOVO Thinkpad X1 Carbon Gen 13 Aura Edition 21nx0039vn,lenovo,Intel,,,5.1,32.0,DDR5,8400.0,2048.0,14.0,1920 x 1200,60.0,Intel,1.006,"57Wh, 65W USB-C Slim GaN (3-pin)",55890000.0
LENOVO Thinkpad L16 Gen 2 21sa000gva,lenovo,Intel,,,4.8,16.0,DDR5,5600.0,1024.0,16.0,1920 x 1200,60.0,Intel,1.79,"46.5Wh, 65W USB-C (3-pin)",25190000.0
LENOVO Thinkpad E16 Gen 3 21sr002nvn,lenovo,Intel,,,4.9,16.0,DDR5,5600.0,512.0,16.0,1920 x 1200,60.0,Intel,1.63,"48Wh, 65W USB-C (3-pin)",25390000.0
LENOVO V14 G4 Iru 83a000fnvn,lenovo,Intel,I5,51.0,4.6,16.0,DDR4,3200.0,1024.0,14.0,1920 x 1080,,Intel,1.43,"38Wh, 65W USB-C (3-pin)",14590000.0
LENOVO Legion Pro 5 16iax10 83f3002gvn,lenovo,Intel,,,5.4,32.0,DDR5,5600.0,1024.0,16.0,2560 x 1600,165.0,NVIDIA,2.43,"80Wh, 245W Slim Tip (3-pin)",59990000.0
LENOVO Yoga Pro 7 14iah10 83kf002bvn,lenovo,Intel,,,5.4,32.0,DDR5,8533.0,1024.0,14.5,3000 x 1876,120.0,Intel,1.54,"84Wh, 100W USB-C Slim (3-pin)",39990000.0
LENOVO Yoga Slim 7 14ill10 83jx0086vn,lenovo,Intel,,,4.5,16.0,DDR5,8533.0,1024.0,14.0,2880 x 1800,120.0,Intel,1.19,"70Wh, 65W USB-C Slim (2-pin, Wall-mount)",29490000.0
LENOVO Ideapad Slim 3 14arp10 83k6000avn,lenovo,AMD,Ryzen 5,7.0,4.45,16.0,DDR5,4800.0,1024.0,14.0,1920 x 1200,,AMD,1.43,"60Wh, 65W Round Tip (3-pin)",15990000.0
LENOVO V14 G3 Iap 82ts00ayvn,lenovo,Intel,I5,51.0,4.4,16.0,DDR4,3200.0,256.0,14.0,1920 x 1080,,Intel,1.43,"38Wh, 65W Round Tip (3-pin)",13990000.0
LENOVO Thinkbook 14 G8 Irl 21sg007rvn,lenovo,Intel,,,4.8,16.0,DDR5,5600.0,1024.0,14.0,1920 x 1200,60.0,Intel,1.36,"45Wh, 65W USB-C (3-pin)",22990000.0
LENOVO Ideapad Slim 3 14irh10 83k00009vn,lenovo,Intel,I7,71.0,4.9,24.0,DDR5,4800.0,1024.0,14.0,1920 x 1200,,Intel,1.43,60Wh (Đầu tròn 65W (3 chân),20990000.0
LENOVO Ideapad Slim 3 15irh10 83k1000jvn,lenovo,Intel,I7,71.0,4.9,16.0,DDR5,4800.0,1024.0,15.3,1920 x 1200,60.0,Intel,1.63,60Wh (Đầu tròn 65W (3 chân)),19990000.0
LENOVO Legion 5 15irx10 83ly00hwvn,lenovo,Intel,I7,71.0,5.5,16.0,DDR5,5600.0,1024.0,15.1,2560 x 1600,165.0,NVIDIA,1.9,"80Wh, 245W Slim Tip (3-pin)",43990000.0
LENOVO Thinkbook 16 G8 Irl 21sh0093va,lenovo,Intel,,,4.8,16.0,DDR5,5600.0,2048.0,16.0,1920 x 1200,60.0,Intel,1.7,"45Wh, 65W USB-C (3-pin)",20690000.0
LENOVO Thinkpad X9 14 Gen 1 21qa006lvn,lenovo,Intel,,,4.8,32.0,DDR5,8533.0,1024.0,14.0,2880 x 1800,120.0,Intel,1.27,55Wh (65W USB-C Slim GaN (3 chân)),55990000.0
LENOVO Thinkpad E16 Gen 3 21sr002gva,lenovo,Intel,,,4.9,16.0,DDR5,5600.0,512.0,16.0,1920 x 1200,60.0,Intel,1.63,"48Wh, 65W USB-C (3-pin)",24190000.0
LENOVO Yoga Slim 7 14imh9 83cv00ajvn,lenovo,Intel,,,4.8,32.0,DDR5,7467.0,1024.0,14.0,1920 x 1200,60.0,Intel,1.39,65Wh (65W USB-C Slim (Wall-mount)),29490000.0
LENOVO Thinkbook 16 G8 Irl 21sh0094va,lenovo,Intel,,,4.8,16.0,DDR5,5600.0,1024.0,16.0,1920 x 1200,60.0,Intel,1.7,"45Wh, 65W USB-C (3-pin)",21190000.0
LENOVO Ideapad Slim 3 14irh10 83k0000avn,lenovo,Intel,I5,51.0,4.6,24.0,DDR5,4800.0,1024.0,14.0,1920 x 1200,,Intel,1.43,60Wh (Đầu tròn 65W (3 chân)),17990000.0
LENOVO Thinkbook 14 G8 Irl 21sg007tvn,lenovo,Intel,,,5.2,16.0,DDR5,5600.0,2048.0,14.0,1920 x 1200,60.0,Intel,1.36,"45Wh, 65W USB-C (3-pin)",24290000.0
LENOVO Thinkpad X1 Carbon Gen 13 Aura Edition 21nx003bvn,lenovo,Intel,,,5.1,32.0,DDR5,8400.0,1024.0,14.0,2880 x 1800,120.0,Intel,1.006,"57Wh, 65W USB-C Slim GaN (3-pin)",61990000.0
LENOVO Ideapad Slim 3 15abr8 82xm00mcvn,lenovo,AMD,Ryzen 7,5.0,4.5,16.0,DDR4,3200.0,1024.0,15.6,1920 x 1080,,AMD,1.62,47Wh (Đầu tròn 65W (3 chân)),16190000.0
LENOVO Ideapad Flex 5 14abr8 82xx00fvvn,lenovo,AMD,Ryzen 5,5.0,4.3,16.0,DDR4,4266.0,1024.0,14.0,1920 x 1200,60.0,AMD,1.55,52.5Wh (65W Round Tip (3-pin)),16990000.0
LENOVO Legion 5 15ahp10 83m00030vn,lenovo,AMD,Ryzen 7,2.0,5.1,24.0,DDR5,5600.0,1024.0,15.1,2560 x 1600,165.0,NVIDIA,1.9,"80Wh, 245W Slim Tip (3-pin)",43990000.0
LENOVO Ideadpad Slim 3 14irh10 83k00007vn,lenovo,Intel,I7,71.0,4.9,16.0,DDR5,4800.0,1024.0,14.0,1920 x 1200,,Intel,1.43,60Wh (Đầu tròn 65W (3 chân)),19990000.0
LENOVO Ideapad Slim 5 14q8x9 83hl000kvn,lenovo,,,,3.4,16.0,DDR5,8448.0,1024.0,14.0,1920 x 1200,,,1.48,57Wh,24990000.0
LENOVO Ideapad Slim 3 15irh10 83k1002nvn,lenovo,Intel,I5,51.0,4.6,24.0,DDR5,4800.0,1024.0,15.1,2560 x 1600,165.0,Intel,1.49,60Wh Đầu tròn 65W (3 chân),21490000.0
LENOVO Ideapad Slim 3 15q8x10 83n3002pvn,lenovo,,,,3.0,16.0,DDR5,8448.0,1024.0,15.3,1920 x 1200,,,1.55,"60Wh, 65W Round Tip (3-pin)",17990000.0
LENOVO Thinkbook 16 G8 Irl 21sh0099vn,lenovo,Intel,,,5.2,16.0,DDR5,5600.0,2048.0,16.0,1920 x 1200,60.0,Intel,1.7,"45Wh, 65W USB-C (3-pin)",24890000.0
LENOVO Ideapad Slim 3 14irh10 83k0000bvn,lenovo,Intel,I5,51.0,4.6,16.0,DDR5,4800.0,512.0,14.0,1920 x 1200,60.0,Intel,1.33,Đầu tròn 65W (3 chân),19490000.0
LENOVO Thinkpad E14 Gen 7 21sx002yvn,lenovo,Intel,,,5.1,16.0,DDR5,5600.0,512.0,14.0,1920 x 1200,60.0,Intel,1.34,"48Wh, 65W USB-C (3-pin)",29690000.0
LENOVO Legion 5 15irx10 83ly00hqvn,lenovo,Intel,I7,71.0,4.9,16.0,DDR5,4800.0,1024.0,15.3,1920 x 1200,165.0,NVIDIA,2.1,"80Wh, 245W Slim Tip (3-pin)",39990000.0
LENOVO Legion 5 15irx10 83ly004gvn,lenovo,Intel,I7,71.0,5.5,24.0,DDR5,4800.0,1024.0,15.1,2560 x 1600,165.0,NVIDIA,1.9,"80Wh, 245W Slim Tip (3-pin)",51490000.0
LENOVO Thinkbook 14 G8 Irl 21sg007svn,lenovo,Intel,,,4.8,16.0,DDR5,5600.0,2048.0,14.0,1920 x 1200,60.0,Intel,1.36,"45Wh, 65W USB-C (3-pin)",21990000.0
LENOVO V15 G4 Iru 83a100pmvn,lenovo,Intel,I5,51.0,4.6,16.0,DDR4,3200.0,1024.0,15.6,1920 x 1080,,Intel,1.65,"38Wh, 65W Round Tip (3-pin)",15990000.0
LENOVO Thinkpad X9 15 Gen 1 Aura Edition 21q60052vn,lenovo,Intel,,,4.5,32.0,DDR5,8533.0,1024.0,15.3,2880 x 1800,120.0,Intel,1.4,"80Wh, 65W USB-C Slim GaN (3-pin)",50490000.0
LENOVO Ideapad Flex 5 14abr8 82xx00fwvn,lenovo,AMD,Ryzen 7,5.0,4.5,16.0,DDR4,4266.0,1024.0,14.0,1920 x 1200,60.0,AMD,1.55,52.5Wh (65W Round Tip (3-pin)),18990000.0
LENOVO Ideapad Slim 3 16irh10 83k20001vn,lenovo,Intel,I7,71.0,4.9,16.0,DDR5,4800.0,1024.0,16.0,1920 x 1200,60.0,Intel,1.73,60Wh Đầu tròn 65W (3 chân),19990000.0
LENOVO Ideapad Slim 3 15irh10 83k1002pvn,lenovo,Intel,I5,51.0,4.6,16.0,DDR5,4800.0,1024.0,15.1,2560 x 1600,165.0,Intel,1.49,"60Wh, 65W Round Tip (3-pin)",20490000.0
LENOVO Yoga Slim 7 14imh9 83cv00dkvn,lenovo,Intel,,,4.8,32.0,DDR5,6400.0,1024.0,14.0,1920 x 1200,60.0,Intel,1.39,"65Wh, 65W USB-C Slim (Wall-mount)",29990000.0
LENOVO Legion 5 15iax10 83f0003cvn,lenovo,Intel,,,5.2,32.0,DDR5,5600.0,1024.0,15.1,2560 x 1600,165.0,NVIDIA,1.9,"80Wh, 245W Slim Tip (3-pin)",49190000.0
LENOVO Yoga 7 2 In 1 14ill10 83jq0093vn,lenovo,Intel,,,4.8,32.0,DDR5,8533.0,1024.0,14.0,2880 x 1800,120.0,Intel,1.38,70Wh (65W USB-C (3-pin)),39990000.0
LENOVO Yoga Slim 7 14imh9 83cv00d8vn,lenovo,Intel,,,4.5,16.0,DDR5,6400.0,1024.0,14.0,1920 x 1200,60.0,Intel,1.39,"65Wh, 65W USB-C Slim (Wall-mount)",25990000.0
LENOVO Thinkpad X1 Carbon Gen 13 Aura Edition 21ns008hvn,lenovo,Intel,,,4.8,32.0,DDR5,8533.0,1024.0,14.0,1920 x 1200,60.0,Intel,0.986,"57Wh, 65W USB-C Slim GaN (3-pin)",62990000.0
LENOVO Ideapad Slim 3 14iah8 83eq0005vn,lenovo,Intel,I5,51.0,4.4,16.0,DDR5,4800.0,1024.0,14.0,1920 x 1080,,Intel,1.37,47Wh,15490000.0
LENOVO Legion 5 15iax10 83f0003bvn,lenovo,Intel,,,5.2,32.0,DDR5,5600.0,1024.0,15.1,2560 x 1600,165.0,NVIDIA,1.9,"80Wh, 245W Slim Tip (3-pin)",54990000.0
LENOVO Legion Pro 5 16iax10 83f3003vvn,lenovo,Intel,,,5.4,32.0,DDR5,5600.0,1024.0,16.0,2560 x 1600,165.0,NVIDIA,2.43,"80Wh, 245W Slim Tip (3-pin)",53990000.0
LENOVO Loq 15irx9 83dv012lvn,lenovo,Intel,I5,51.0,4.6,12.0,DDR5,4800.0,1024.0,15.6,1920 x 1080,144.0,NVIDIA,2.38,60Wh (Đầu mỏng 170W (3 chân)),25490000.0
LENOVO V15 G5 Irl 83hf00byvn,lenovo,Intel,I5,51.0,4.6,16.0,DDR5,5200.0,1024.0,15.6,1920 x 1080,,Intel,1.61,"47Wh, 65W USB-C (3-pin)",16390000.0
LENOVO Loq Essential 15irx11 83sc003rvn,lenovo,Intel,I5,51.0,4.6,16.0,DDR5,4800.0,1024.0,15.6,1920 x 1080,144.0,NVIDIA,2.3,"60Wh, 135W Slim Tip (3-pin)",28490000.0
LENOVO Loq 15arp9 83jc00hxvn,lenovo,AMD,Ryzen 5,7.0,4.2,12.0,DDR5,4800.0,1024.0,15.6,1920 x 1080,144.0,NVIDIA,2.38,60Wh (Đầu mỏng 170W (3 chân)),22990000.0
LENOVO Ideapad Flex 5 14abr8 82xx00dlvn,lenovo,AMD,Ryzen 7,7.0,4.5,16.0,DDR5,8448.0,1024.0,14.0,1920 x 1200,60.0,AMD,1.55,52.5Wh,18990000.0
LENOVO Thinkpad E14 Gen 7 21t90025vn,lenovo,Intel,,,5.2,16.0,DDR5,5600.0,512.0,14.0,1920 x 1200,60.0,Intel,1.34,"48Wh, 65W USB-C (3-pin)",26190000.0
LENOVO Thinkpad E14 Gen 7 21sx0031vn,lenovo,Intel,,,5.1,32.0,DDR5,5600.0,1024.0,14.0,1920 x 1200,60.0,Intel,1.34,"48Wh, 65W USB-C (3-pin)",
LENOVO Loq 15arp9 83jc00hyvn,lenovo,AMD,Ryzen 5,7.0,4.2,24.0,DDR5,4800.0,1024.0,15.6,1920 x 1080,144.0,NVIDIA,2.38,60Wh (Đầu mỏng 170W (3 chân)),24490000.0
LENOVO Thinkpad E16 Gen 3 21sr002kva,lenovo,Intel,,,4.8,16.0,DDR5,5600.0,1024.0,16.0,1920 x 1200,60.0,Intel,1.63,"48Wh, 65W USB-C (3-pin)",25190000.0
LENOVO Loq 15iax9 83gs001rvn,lenovo,Intel,I5,51.0,4.4,12.0,DDR5,4800.0,1024.0,15.6,1920 x 1080,144.0,NVIDIA,2.38,60Wh,23990000.0
LENOVO Ideapad Slim 5 14irh10r 83j0006cvn,lenovo,Intel,,,4.8,32.0,DDR5,5600.0,1024.0,14.0,1920 x 1200,,Intel,1.39,"60Wh, 65W USB-C Slim (Wall-mount)",24590000.0
LENOVO Thinkpad X1 Carbon Gen 13 Aura Edition 21ns008fvn,lenovo,Intel,,,4.8,32.0,DDR5,8533.0,1024.0,14.0,2880 x 1800,120.0,Intel,0.986,"57Wh, 65W USB-C Slim GaN (3-pin)",65190000.0
LENOVO Ideapad Slim 5 14imh9 83da001nvn,lenovo,Intel,,,4.5,16.0,DDR5,7467.0,1024.0,14.0,1920 x 1200,60.0,Intel,1.46,57Wh,21990000.0
LENOVO Loq 15irx9 83dv01alvn,lenovo,Intel,I7,71.0,4.9,16.0,DDR5,4800.0,1024.0,15.6,1920 x 1080,144.0,NVIDIA,2.38,"60Wh, 170W Slim Tip (3-pin)",29990000.0
LENOVO Ideapad Slim 5 14imh9 83da006tvn,lenovo,Intel,,,4.5,16.0,DDR5,7467.0,1024.0,14.0,1920 x 1200,,Intel,1.48,57Wh,23690000.0
LENOVO Yoga Slim 7 14akp10 83jy006pvn RYZEN Ai,lenovo,AMD,,3.0,5.0,32.0,DDR5,6400.0,1024.0,14.0,2880 x 1800,120.0,AMD,1.19,"70Wh, 65W USB-C Slim (2-pin, Wall-mount)",33990000.0
LENOVO Thinkbook 16 G8 Irl,lenovo,Intel,,,4.8,16.0,DDR5,5600.0,2048.0,16.0,1920 x 1200,60.0,Intel,1.7,"45Wh, 65W USB-C (3-pin)",21490000.0
LENOVO V14 G4 Iru 83a00012vn,lenovo,Intel,I7,71.0,5.0,16.0,DDR4,3200.0,1024.0,14.0,1920 x 1080,,Intel,1.43,38Wh (Đầu tròn 65W (3 chân)),19990000.0
LENOVO Ideapad Slim 5 14irh10r 83j0006evn,lenovo,Intel,,,4.8,16.0,DDR5,5600.0,512.0,14.0,1920 x 1200,,Intel,1.39,"60Wh, 65W USB-C Slim (Wall-mount)",21490000.0
LENOVO Ideapad Slim 5 14akp10 83hx001kvn RYZEN Ai 5,lenovo,AMD,,3.0,4.8,24.0,DDR5,4800.0,1024.0,14.0,1920 x 1200,,AMD,1.39,60Wh (65W USB-C Slim (Wall-mount)),23090000.0
LENOVO Thinkpad X1 Carbon Gen 13 Aura Edition 21nx003avn,lenovo,Intel,,,5.1,32.0,DDR5,8400.0,1024.0,14.0,1920 x 1200,60.0,Intel,1.006,"57Wh, 65W USB-C Slim GaN (3-pin)",57190000.0
LENOVO Ideapad Slim 3 15 Abr8 82xm00ejvn,lenovo,AMD,Ryzen 5,7.0,4.3,16.0,DDR4,3200.0,1024.0,15.6,1920 x 1080,,AMD,1.62,47Wh,14390000.0
LENOVO Ideapad Slim 5 14irh10 83hr0001vn,lenovo,Intel,I5,51.0,4.6,32.0,DDR5,5600.0,1024.0,14.0,1920 x 1200,,Intel,1.39,60Wh (65W USB-C Slim (Gắn tường)),23490000.0
LENOVO Legion 5 15irx10 83ly00a7vn,lenovo,Intel,I7,71.0,5.5,16.0,DDR5,5600.0,1024.0,15.1,2560 x 1600,165.0,NVIDIA,1.9,"80Wh, 245W Slim Tip (3-pin)",40990000.0
LENOVO Yoga Slim 7 14ill10 83jx0081vn,lenovo,Intel,,,4.8,32.0,DDR5,8533.0,1024.0,14.0,2880 x 1800,120.0,Intel,1.19,"70Wh, 65W USB-C Slim (2-pin, Wall-mount)",37990000.0
LENOVO Ideapad Flex 5 14abr8 82xx00dmvn,lenovo,AMD,Ryzen 5,7.0,4.3,16.0,DDR5,8448.0,1024.0,14.0,1920 x 1200,60.0,AMD,1.55,52.5Wh,16990000.0
LENOVO Ideapad Slim 3 16irh10 83k20004vn,lenovo,Intel,I7,71.0,4.9,24.0,DDR5,4800.0,1024.0,16.0,1920 x 1200,60.0,Intel,1.73,60Wh Đầu tròn 65W (3 chân),20990000.0
LENOVO Yoga 7 2 In 1 14ill10 83jq0094vn,lenovo,Intel,,,4.8,32.0,DDR5,8533.0,1024.0,14.0,2880 x 1800,120.0,Intel,1.38,70Wh 65W USB-C (3-pin),39990000.0
LENOVO Legion 5 15ahp10 83m0002xvn,lenovo,AMD,Ryzen 7,2.0,5.1,24.0,DDR5,5600.0,1024.0,15.1,2560 x 1600,165.0,NVIDIA,1.9,"80Wh, 245W Slim Tip (3-pin)",39490000.0
LENOVO Thinkpad X1 Carbon Gen 9,lenovo,Intel,I7,71.0,4.7,32.0,DDR4,4266.0,2048.0,14.0,1920 x 1200,,Intel,1.13,57Whr (MM18),
LENOVO Thinkpad X1 Carbon Gen 10,lenovo,Intel,I7,12.0,2.1,16.0,DDR5,5200.0,2048.0,14.0,1920 x 1200,60.0,Intel,1.12,57 Wh,
LENOVO Loq 15arp9 83jc007hvn,lenovo,AMD,Ryzen 5,7.0,4.2,12.0,DDR5,4800.0,1024.0,15.6,1920 x 1080,144.0,NVIDIA,2.38,60Wh,23490000.0
LENOVO Loq 15arp9 83jc007jvn,lenovo,AMD,Ryzen 5,7.0,4.2,24.0,DDR5,4800.0,1024.0,15.6,1920 x 1080,144.0,NVIDIA,2.38,60Wh,24490000.0
LENOVO Loq 15iax9 83gs000jvn,lenovo,Intel,I5,51.0,4.4,16.0,DDR5,4800.0,1024.0,15.6,1920 x 1080,144.0,NVIDIA,2.38,60Wh,
LENOVO Thinkpad X1 Carbon Gen 8,lenovo,Intel,I7,10.0,1.8,16.0,DDR3,2133.0,512.0,14.0,1920 x 1080,60.0,Intel,1.09,51WHr Li-ion,
LENOVO Thinkpad E14 21eb0063vn,lenovo,AMD,Ryzen 7,5.0,4.5,8.0,DDR4,3200.0,1024.0,14.0,1920 x 1080,,AMD,1.64,45Wh,21700000.0
LENOVO Thinkpad X1 Carbon Gen 6,lenovo,Intel,I7,85.0,1.8,16.0,DDR3,2133.0,256.0,14.0,1920 x 1080,60.0,Intel,1.13,57WHr Li-ion,
LENOVO Thinkpad T14 Gen 2,lenovo,Intel,I7,11.0,2.8,32.0,DDR4,3200.0,2048.0,14.0,1920 x 1080,,Intel,1.47,,
LENOVO Thinkpad X1 Carbon Gen 7,lenovo,Intel,I7,85.0,1.8,16.0,DDR3,2133.0,256.0,14.0,1920 x 1080,60.0,Intel,1.09,51WHr Li-Polymer,
LENOVO Thinkpad X1 Carbon Gen 5,lenovo,Intel,I5,63.0,2.4,8.0,DDR3,1866.0,256.0,14.0,1920 x 1080,60.0,Intel,1.13,57WHr Li-Polymer,
LENOVO Ideapad Slim 3 14iah8 83eq0009vn,lenovo,Intel,I5,51.0,4.4,16.0,DDR5,4800.0,1024.0,14.0,1920 x 1080,,Intel,1.37,47Wh,16490000.0
LENOVO Legion Slim 5 16irh8 82ya00buvn,lenovo,Intel,I7,71.0,2.4,16.0,DDR5,5200.0,1024.0,16.0,2560 x 1600,165.0,NVIDIA,2.4,80Wh,43990000.0
LENOVO Ideapad Yoga 6 13alc6 82nd00bdvn,lenovo,AMD,Ryzen 7,7.0,1.8,8.0,DDR4,3200.0,512.0,13.3,1920 x 1080,,AMD,1.31,"4Cell, 60Wh",16800000.0
LENOVO Thinkpad T14 Gen 3,lenovo,,I7,,3.4,16.0,DDR4,3200.0,2048.0,14.0,1920 x 1200,,Intel,1.35,57Wh,
LENOVO Thinkpad E16 Gen 1 21jn006gvn,lenovo,Intel,I7,71.0,5.0,16.0,DDR4,3200.0,1024.0,16.0,1920 x 1200,,Intel,1.81,47Wh,
LENOVO Thinkpad T480,lenovo,Intel,I7,78.0,,32.0,DDR4,2400.0,1024.0,14.0,1920 x 1080,,Intel,1.58,Lên đến 30.3 giờ,
LENOVO Ideapad Slim 3 15irh8 83em003evn,lenovo,Intel,I7,71.0,4.9,16.0,DDR5,4800.0,1024.0,15.6,1920 x 1080,60.0,Intel,1.62,47Wh,
LENOVO Yoga Pro 7 14irh8 82y70050vn,lenovo,Intel,I7,71.0,2.4,16.0,DDR5,5200.0,1024.0,14.5,3072 x 1920,120.0,NVIDIA,1.49,73Wh,
LENOVO Ideapad 1 15amn7 82vg0022vn,lenovo,AMD,Ryzen 5,7.0,4.3,8.0,DDR5,5500.0,1024.0,15.6,1920 x 1080,,AMD,1.58,42Wh,
LENOVO Thinkbook 14 G2 Are,lenovo,AMD,Ryzen 7,4.0,2.0,8.0,DDR4,3200.0,512.0,14.0,1920 x 1080,60.0,AMD,,45W Lithium polyme,
LENOVO Ideapad Slim 5 16imh9 83dc001svn,lenovo,Intel,,,4.8,32.0,DDR5,7467.0,1024.0,16.0,2048 x 1280,120.0,Intel,1.82,57Wh,26990000.0
LENOVO Ideapad Slim 5 16imh9 83dc001rvn,lenovo,Intel,,,4.5,16.0,DDR5,7467.0,1024.0,16.0,2048 x 1280,120.0,Intel,1.82,57Wh,
LENOVO Yoga Slim 7 Carbon 13iap7 82u90044vn,lenovo,Intel,I5,51.0,4.4,16.0,DDR5,4800.0,1024.0,13.3,2560 x 1600,,Intel,0.968,50Wh,
LENOVO Legion Slim 5 16irh8 82ya008hvn,lenovo,Intel,I7,71.0,5.0,16.0,DDR5,5200.0,1024.0,16.0,2560 x 1600,165.0,NVIDIA,2.4,80Wh,
LENOVO Ideapad Slim 5 14imh9 83da001yvn,lenovo,Intel,,,4.8,32.0,DDR5,7467.0,1024.0,14.0,1920 x 1200,60.0,Intel,1.48,57Wh,
LENOVO Thinkpad P51,lenovo,Intel,I7,77.0,2.9,64.0,DDR4,2400.0,1024.0,15.6,3840 x 2160,,NVIDIA,2.5,6Cell - 90Wh,
LENOVO 100e Gen 2 Celeron,lenovo,Intel,,40.0,1.1,4.0,DDR4,2400.0,64.0,11.6,1366 x 768,60.0,Intel,1.21,3 Cell,
LENOVO Thinkpad P50,lenovo,Intel,I7,67.0,2.8,64.0,DDR4,2133.0,256.0,15.6,3840 x 2160,,NVIDIA,2.5,Li - Polymer 6 cell,
LENOVO Thinkpad T470s,lenovo,Intel,I7,77.0,2.8,24.0,DDR4,2400.0,1024.0,14.0,1920 x 1080,,Intel,1.3,57Wh,
LENOVO Thinkpad T460s,lenovo,Intel,I7,76.0,2.6,24.0,DDR4,2133.0,256.0,14.0,1920 x 1080,,Intel,1.3,,
LENOVO Thinkpad T14,lenovo,Intel,I5,10.0,1.7,8.0,DDR4,2666.0,256.0,14.0,1920 x 1080,60.0,Intel,1.46,50WHr Li-ion,
LENOVO Ideapad Slim 5 Light 14abr8 82xs0007vn,lenovo,AMD,Ryzen 7,7.0,4.5,8.0,DDR4,3200.0,512.0,14.0,1920 x 1080,,AMD,1.17,47Wh,
LENOVO Ideapad 5 15iil05 81yk004wvn,lenovo,Intel,I5,10.0,,8.0,DDR4,3200.0,256.0,15.6,1920 x 1080,,Intel,1.7,3-cell 45 Wh Li-ion,
LENOVO Ideapad 5 14itl05 82fg0129vn,lenovo,Intel,I5,11.0,,8.0,DDR4,3200.0,512.0,15.6,1920 x 1080,,Intel,1.66,3 Cell Lithium polymer 45 W,
LENOVO Ideapad Slim 3 15iah8 83er000bvn,lenovo,Intel,I5,51.0,4.4,8.0,DDR5,4800.0,512.0,15.6,1920 x 1080,,Intel,1.62,3 cell 47Wh,
LENOVO Loq 15irx9 83dv0092vn,lenovo,Intel,I7,71.0,4.9,16.0,DDR5,4800.0,1024.0,15.6,1920 x 1080,144.0,NVIDIA,2.38,60Wh,
LENOVO Gaming Legion 5 15imh05 82au00g9vn,lenovo,Intel,I7,71.0,2.6,16.0,DDR4,3200.0,512.0,15.6,1920 x 1080,,NVIDIA,2.3,4 cell 60 Wh,
LENOVO Legion Pro 7 16irx9h 83de001nvn,lenovo,Intel,I9,91.0,5.8,32.0,DDR5,5600.0,1024.0,16.0,2560 x 1600,240.0,NVIDIA,2.62,99.9Wh,
LENOVO Gaming Legion Pro 7 16irx9h 83de001mvn,lenovo,Intel,I9,91.0,5.8,32.0,DDR5,5600.0,1024.0,16.0,2560 x 1600,240.0,NVIDIA,2.62,99.9Wh,
LENOVO Thinkpad X1 Carbon7 20r1s01n00,lenovo,Intel,I7,71.0,1.8,8.0,DDR3,2133.0,256.0,14.0,2560 x 1440,,Intel,1.08,4 cell 51Wh,
LENOVO Thinkpad E15 20rds0du00,lenovo,Intel,I7,71.0,1.8,8.0,DDR4,2666.0,512.0,15.6,1920 x 1080,,AMD,1.8,"3Cell, 45Wh",
LENOVO Legion Slim 5 16irh8 82ya00btvn,lenovo,Intel,I5,51.0,4.7,8.0,DDR5,5200.0,1024.0,16.0,2560 x 1600,165.0,NVIDIA,2.4,80Wh,
LENOVO Ideapad 3 15iau7 82rk015avn,lenovo,Intel,I3,31.0,4.4,16.0,DDR4,3200.0,1024.0,15.6,1920 x 1080,,Intel,1.63,45Wh,
LENOVO Legion Slim 5 16aph8 82y9002yvn,lenovo,AMD,Ryzen 7,7.0,5.1,16.0,DDR5,5600.0,1024.0,16.0,2560 x 1600,165.0,NVIDIA,2.4,80Wh,
LENOVO Loq 15iax9,lenovo,,,,,,,,,,,,,,,
LENOVO Ideapad Slim 5 Light 14abr8 82xs0006vn,lenovo,AMD,Ryzen 5,7.0,4.5,8.0,DDR4,3200.0,512.0,14.0,1920 x 1080,,AMD,1.17,47Wh,
LENOVO Ideapad Slim 5 16iah8 83bg001xvn,lenovo,Intel,I5,51.0,4.4,16.0,DDR5,4800.0,1024.0,16.0,1920 x 1200,,Intel,1.89,56.6Wh,
DELL Inspiron 15 3530 J9xfd,dell,Intel,I5,51.0,,16.0,DDR4,3200.0,1024.0,15.6,1920 x 1080,60.0,Intel,1.62,"3 cell, 41Wh",16990000.0
DELL 15 Dc15255 Dc5r5802w1,dell,,Ryzen 5,,2.0,16.0,DDR4,3200.0,1024.0,15.6,1920 x 1080,120.0,AMD,1.63,"3-Cell Battery, 41WHr",16990000.0
DELL Inspiron 14 5440 D0f3w,dell,Intel,I5,51.0,4.6,24.0,DDR5,4400.0,1024.0,14.0,1920 x 1080,60.0,Intel,1.69,3 cell 41 Wh,18990000.0
DELL 15 Dc15250 79n4m,dell,Intel,,31.0,,16.0,DDR4,,512.0,15.6,1920 x 1080,120.0,Intel,1.9,"3 cell, 41Wh",14490000.0
DELL Vostro 3530 2h1tpi5 16gb,dell,Intel,I5,51.0,0.9,16.0,DDR4,2666.0,1024.0,15.6,1920 x 1080,120.0,Intel,1.66,"41Wh , 3Cell",18990000.0
DELL 15 Dc15250 71073959,dell,Intel,I7,71.0,,16.0,DDR4,2666.0,512.0,15.6,1920 x 1080,120.0,Intel,1.66,,21990000.0
DELL Vostro 3520 F0v0vi3,dell,Intel,I3,31.0,1.2,8.0,DDR4,,512.0,15.6,1920 x 1080,120.0,Intel,1.9,"3-cell, 41 Wh lithium-polymer",11990000.0
DELL Latitude 3450 L3450 1335u 16512w Umc,dell,Intel,I5,51.0,4.6,16.0,DDR5,5200.0,1024.0,14.0,1920 x 1080,60.0,Intel,1.5,"3- cell, 42Wh Battery",19590000.0
DELL Vostro 3530 2h1tpi7,dell,Intel,I7,71.0,1.2,16.0,DDR4,2666.0,1024.0,15.6,1920 x 1080,120.0,Intel,1.66,"41Wh , 3Cell",20990000.0
DELL 15 Dc15250 H02df,dell,Intel,I5,13.0,4.6,24.0,DDR4,,1024.0,15.6,1920 x 1080,120.0,Intel,1.9,"3 cell, 41Wh",16990000.0
DELL Vostro 3530 2h1tpi3,dell,Intel,I3,31.0,,8.0,DDR4,,1024.0,15.6,1920 x 1080,120.0,Intel,1.66,"41Wh , 3Cell",12990000.0
DELL Inspiron 14 5440 N4i5211w1,dell,Intel,,51.0,,16.0,DDR5,,512.0,14.0,1920 x 1200,60.0,Intel,1.67,"Li-ion 4-Cell Battery, 54WHr",23690000.0
DELL Inspiron 14 5440 Ndy5v1,dell,Intel,I5,51.0,4.6,16.0,DDR5,4400.0,512.0,14.0,1920 x 1200,,Intel,1.54,3 Cell Int (41Wh),20990000.0
DELL 15 Dc15250 I5u165w11slu,dell,Intel,I5,51.0,4.6,16.0,DDR4,2666.0,512.0,15.6,1920 x 1080,120.0,Intel,1.9,"Pin liền, 3-Cell Battery, 41WHr",19190000.0
DELL 15 Dc15255 X9ym41,dell,AMD,Ryzen 7,7.0,4.5,16.0,DDR4,,1024.0,15.6,1920 x 1080,120.0,AMD,1.6,3 Cell Int (41Wh),19490000.0
DELL Inspiron 15 3520 Jym17,dell,Intel,I3,31.0,1.2,8.0,DDR4,,1024.0,15.6,1920 x 1080,120.0,Intel,1.66,"41Wh , 3Cell",12290000.0
DELL Inspiron 14 5440 N5440 C7u165w11ibd2,dell,Intel,,,5.4,16.0,DDR5,5200.0,512.0,14.0,1920 x 1080,60.0,NVIDIA,1.54,"4-Cell Battery, 54WHr",29990000.0
DELL Inspiron 14 5441 N4o10441w1,dell,,,,3.4,16.0,DDR5,8448.0,1024.0,14.0,1920 x 1200,60.0,,1.53,"3-cell, 54 Wh, lithium-ion",30390000.0
DELL Xps 13 9350 71058714,dell,Intel,,,2.1,16.0,DDR5,8533.0,1024.0,13.4,2560 x 1600,120.0,Intel,1.18,"Pin liền, 3-cell, 55 Wh ""smart"" lithium-ion",60990000.0
DELL Inspiron 15 3520 5124blk Gj8w7,dell,Intel,I5,51.0,1.3,8.0,DDR4,,1024.0,15.6,1920 x 1080,60.0,Intel,1.66,"3-cell, 41 Wh lithium-polymer",15490000.0
DELL Inspiron 15 3520 I3520 7896blk Pus,dell,Intel,I7,71.0,70.0,16.0,DDR4,,1024.0,15.6,1920 x 1080,60.0,Intel,1.66,"3 Cell, 41 Wh",20490000.0
DELL Inspiron 15 3520 6r6nk,dell,Intel,I5,51.0,1.3,8.0,DDR4,,1024.0,15.6,1920 x 1080,120.0,Intel,1.66,"3-cell, 41 Wh lithium-polymer",14490000.0
DELL Latitude 3540 71038100,dell,Intel,I5,51.0,4.4,16.0,DDR4,3200.0,1024.0,15.6,1920 x 1080,60.0,Intel,1.81,"3 cell, 42 Wh, có khả năng sạc nhanh",18990000.0
DELL Inspiron 15 3520 N3520 I5u165w11slu,dell,Intel,I5,51.0,4.4,16.0,DDR4,3200.0,512.0,15.6,1920 x 1080,120.0,Intel,1.9,"Pin liền, 3-Cell Battery, 41WHrC32",16990000.0
DELL Latitude 7400,dell,Intel,I5,58.0,1.6,8.0,DDR4,,256.0,14.0,1920 x 1080,,Intel,1.36,4-Cell: 60 Wh,
DELL Vostro 3520 F0v0v256,dell,Intel,I5,51.0,1.3,8.0,DDR4,,256.0,15.6,1920 x 1080,60.0,Intel,1.9,,13990000.0
DELL Inspiron 5310,dell,Intel,I3,11.0,2.0,8.0,DDR4,4267.0,256.0,13.3,1920 x 1200,60.0,Intel,1.28,54 Wh 4 celll,
DELL 15 Dc15250 3g7t0,dell,Intel,I7,13.0,5.0,16.0,DDR4,,1024.0,15.6,1920 x 1080,120.0,Intel,1.9,"3 cell, 41Wh",20990000.0
DELL Inspiron 15 3530 P16wd2,dell,Intel,I5,51.0,4.6,16.0,DDR4,2666.0,0.0,15.6,1920 x 1080,120.0,Intel,1.67,3 Cell Int (41Wh),19190000.0
DELL Xps 9320,dell,Intel,I7,12.0,4.7,16.0,DDR5,5200.0,512.0,13.4,,,Intel,1.26,"3-cell, 55 Wh",
DELL Xps 9315,dell,Intel,I7,12.0,,16.0,DDR5,5200.0,512.0,13.4,1920 x 1200,,Intel,1.17,,
DELL Latitude 3420,dell,Intel,I5,51.0,2.4,8.0,DDR4,3200.0,256.0,14.0,1366 x 768,,Intel,1.5,3 cell 41 Wh,
DELL Inspiron 16 5620 N6i7110w1,dell,Intel,I7,71.0,,8.0,DDR4,3200.0,512.0,16.0,1920 x 1200,,Intel,1.91,"4-cell Li-ion, 54 WHr",25290000.0
DELL Inspiron 14 5440 N4i7204w1,dell,Intel,,,,16.0,DDR5,,512.0,14.0,1920 x 1200,60.0,Intel,1.67,"Li-ion 4-Cell Battery, 54WHr",26490000.0
DELL Latitude E7470,dell,Intel,I5,56.0,2.4,8.0,DDR4,2133.0,256.0,14.0,1920 x 1080,,Intel,1.42,4 cell 52Whr,
DELL Latitude E5440,dell,Intel,I5,43.0,,4.0,,,500.0,14.0,1366 x 768,,Intel,1.95,,
DELL Latitude 5400,dell,Intel,I5,83.0,1.6,8.0,,,256.0,14.0,1920 x 1080,,Intel,1.6,3 cell,
DELL Inspiron 5425,dell,AMD,,5.0,,16.0,DDR4,3200.0,512.0,14.0,1920 x 1200,60.0,AMD,1.54,,
DELL Latitude 7480,dell,Intel,I5,57.0,2.6,8.0,DDR4,2133.0,256.0,14.1,1920 x 1080,,Intel,1.5,"4-cell, 60 Wh Li-ion",
DELL Latitude E5430,dell,Intel,I5,53.0,2.6,4.0,,,120.0,14.0,1366 x 768,,Intel,1.18,6 cell,
DELL Xps 15 9520,dell,Intel,I9,12.0,3.8,16.0,DDR5,4800.0,512.0,15.6,3456 x 2160,,NVIDIA,1.96,6 Cell,
DELL Xps 13 9350,dell,Intel,I7,65.0,3.1,8.0,DDR3,1600.0,256.0,13.3,3200 x 1800,,Intel,1.27,4-cell Li-Ion,
DELL Xps 14 9440 71054773,dell,Intel,,,4.8,64.0,DDR5,7467.0,1024.0,14.5,3200 x 2000,48.0,NVIDIA,1.8,"6-Cell, 69.5Whr",
DELL Latitude 5480,dell,Intel,I5,56.0,2.3,8.0,DDR4,,256.0,14.0,1366 x 768,,Intel,0.01,,
DELL Latitude 7280,dell,Intel,I5,62.0,,8.0,,,240.0,12.5,1920 x 1080,,Intel,1.18,,
DELL Latitude E7450,dell,Intel,I3,35.0,,4.0,DDR3,1600.0,120.0,14.0,1366 x 768,,Intel,1.55,3 cell,
DELL Xps 13 9305,dell,Intel,I5,11.0,,8.0,DDR4,4266.0,256.0,13.3,1920 x 1080,,Intel,1.29,7 giờ sử dụng liên tục với Microsoft Word,
DELL Xps 15 9570,dell,Intel,I7,78.0,2.2,16.0,DDR4,2666.0,256.0,15.6,1920 x 1080,,NVIDIA,1.8,97Whr,
DELL Xps 9510,dell,Intel,I7,11.0,,16.0,DDR4,3200.0,1024.0,15.6,3456 x 2160,,NVIDIA,2.04,86 WHr,
DELL Latitude E7250,dell,Intel,I5,53.0,2.3,8.0,DDR3,,256.0,12.5,,,Intel,1.27,,
DELL Inspiron 7425,dell,AMD,Ryzen 5,5.0,2.3,8.0,DDR4,3200.0,512.0,14.0,1920 x 1200,60.0,AMD,1.6,54WHr 4-Cell,
DELL Xps 9500,dell,Intel,I5,10.0,4.0,8.0,DDR4,2933.0,256.0,15.0,1920 x 1200,,Intel,1.83,56 WHr Li-ion,
Alienware X14 R1,dell,Intel,I7,71.0,4.7,16.0,DDR5,4800.0,512.0,14.0,1920 x 1080,144.0,NVIDIA,1.84,"6-cell, 80.5Wh",
DELL Alienware M16,dell,Intel,I7,71.0,90.0,16.0,DDR5,4800.0,512.0,16.0,2560 x 1600,165.0,NVIDIA,3.25,"6 Cell, 86 Wh",
DELL Vostro 5568,dell,Intel,I5,72.0,,4.0,DDR4,2400.0,1024.0,15.6,1366 x 768,,NVIDIA,1.98,3-cell Li-ion,
DELL Xps 13 9300,dell,Intel,I5,10.0,,8.0,DDR4,3733.0,256.0,13.0,1920 x 1200,,Intel,1.3,51WHr,
DELL Latitude 5520,dell,Intel,I5,11.0,4.4,8.0,DDR4,3200.0,256.0,15.6,1920 x 1080,,Intel,1.59,63Whr 4 cell,
DELL Latitude 5420,dell,Intel,I5,51.0,4.2,8.0,DDR4,3200.0,256.0,14.0,1920 x 1080,,Intel,1.37,"4 Cell, 63.3 Whr",
DELL Inspiron 7559,dell,,I7,,,8.0,DDR3,1600.0,1024.0,15.6,1920 x 1080,,NVIDIA,2.5,,
DELL Alienware M15 R7,dell,Intel,I7,12.0,2.1,16.0,DDR5,4800.0,512.0,15.6,1920 x 1080,165.0,NVIDIA,2.69,,
DELL Latitude E5570,dell,Intel,I7,76.0,,16.0,,,512.0,15.6,1920 x 1080,,AMD,,,
DELL Inspiron 5515 R1505s,dell,AMD,Ryzen 5,5.0,,8.0,DDR4,3200.0,512.0,15.6,1920 x 1080,,AMD,1.75,4 Cell Lithium polymer 65 W,
DELL Xps 15 7590,dell,Intel,I5,93.0,4.0,8.0,DDR4,2666.0,256.0,15.0,1920 x 1080,,Intel,1.8,57 WHr Li-ion,
DELL Latitude E5520,dell,Intel,I7,26.0,,8.0,DDR3,,320.0,14.1,,,Intel,,,
DELL Inspiron N7490 N4i5106w,dell,Intel,I5,10.0,,8.0,DDR3,,512.0,14.0,1920 x 1200,,Intel,1.32,65 W,
DELL Latitude E7270,dell,Intel,I5,56.0,,8.0,DDR4,,256.0,12.5,1366 x 768,,Intel,1.26,,
DELL G7 15 7500,dell,Intel,I7,10.0,,8.0,DDR4,,512.0,15.6,1920 x 1080,,NVIDIA,2.56,Lithium-ion 6 Cell,
DELL Vostro 5468,dell,Intel,I5,72.0,,4.0,DDR4,2400.0,1024.0,14.0,1366 x 768,,NVIDIA,1.66,3-cell Li-ion,
DELL Latitude 3520 71012298,dell,Intel,I7,71.0,,8.0,DDR4,3200.0,512.0,15.6,1920 x 1080,60.0,Intel,1.79,3 cell,
DELL Inspiron 14 7420 1yt85,dell,Intel,I7,71.0,1.7,16.0,DDR4,,512.0,14.0,1920 x 1200,,NVIDIA,1.6,"4 cell 54 Wh , Pin liền",
DELL Vostro 5470,dell,,I5,,,4.0,DDR3,1600.0,500.0,14.0,1366 x 768,,NVIDIA,1.53,3-cell Li-ion,
DELL Vostro 15 3530 80gg9,dell,Intel,I5,51.0,1.3,8.0,DDR4,3200.0,512.0,15.6,1920 x 1080,120.0,Intel,1.6,3 cell 41 Wh,
DELL Inspiron 15 3520 N3520 I5u085w11slu,dell,Intel,I5,51.0,4.4,16.0,DDR4,2666.0,512.0,15.6,1920 x 1080,120.0,Intel,1.9,"Pin liền, 3-Cell Battery, 41WHr",
DELL Vostro 3530 2h1tpi5,dell,Intel,I5,51.0,0.9,8.0,DDR4,2666.0,1024.0,15.6,1920 x 1080,120.0,Intel,1.66,"41Wh , 3Cell",16990000.0
DELL Insprion 3501,dell,Intel,I3,31.0,4.1,4.0,DDR4,2666.0,256.0,15.6,,,Intel,1.91,3Cell 42Whrs,
DELL Inspiron 14 5430 20dy31,dell,Intel,I7,71.0,2.2,16.0,DDR5,4800.0,1024.0,14.0,1920 x 1200,,Intel,1.6,4 cell 54 Wh,
DELL Inspiron 15 3520 N3520 I5u165w11blu,dell,Intel,I5,51.0,4.4,16.0,DDR4,2666.0,512.0,15.6,1920 x 1080,120.0,Intel,1.9,"3-Cell Battery, 41WHr",
DELL Xps 13 9370,dell,Intel,I7,85.0,4.0,8.0,DDR3,1866.0,256.0,13.3,1920 x 1080,,Intel,1.21,4-cell Li-ion,
DELL Latitude E6420,dell,Intel,I5,25.0,2.5,4.0,DDR3,,512.0,14.0,,,Intel,2.09,,
DELL Vostro 3578,dell,Intel,I5,82.0,,4.0,DDR4,2400.0,1024.0,15.6,1920 x 1080,,AMD,2.2,4-cell Li-ion,
DELL Inspiron 15 3530 71043885,dell,Intel,I5,51.0,,16.0,DDR4,2660.0,512.0,15.6,1920 x 1080,120.0,Intel,1.66,Pin liền,19290000.0
ASUS Vivobook Go 14 E1404fa Nk177w,asus,AMD,Ryzen 5,7.0,4.3,16.0,DDR5,,512.0,14.0,1920 x 1080,60.0,AMD,1.3,"42WHrs, 3S1P, Li-ion 3 cell",14490000.0
ASUS Tuf Gaming F16 Fx607vj Rl034w,asus,Intel,,,2.2,16.0,DDR4,3200.0,2048.0,16.0,1920 x 1200,144.0,NVIDIA,2.2,"56WHrs, 4S1P, 4-cell Li-ion",24490000.0
ASUS Vivobook 16x K3605vc Rp431w,asus,Intel,I5,51.0,2.1,16.0,DDR4,,512.0,16.0,1920 x 1200,144.0,NVIDIA,1.8,"50WHrs, 3S1P, 3-cell Li-ion",22090000.0
ASUS Gaming V16 V3607vm Rp044w,asus,Intel,,,2.5,16.0,DDR5,,1024.0,16.0,1920 x 1200,144.0,NVIDIA,1.95,"63WHrs, 3S1P, 3-cell Li-ion",37990000.0
ASUS Vivobook 16 A1607qa Mb067ws Snapdragon,asus,,,,2.97,16.0,DDR5,,512.0,16.0,1920 x 1200,60.0,,1.88,"50WHrs, 3S1P, 3-cell Li-ion",20990000.0
ASUS Vivobook Go 14 E1404fa Eb482w,asus,AMD,Ryzen 5,7.0,2.8,16.0,DDR5,,512.0,14.0,1920 x 1080,60.0,AMD,1.38,"42WHrs, 3S1P, 3-cell Li-ion",14190000.0
ASUS Gaming V16 V3607vu Rp343w,asus,Intel,,,2.2,16.0,DDR5,,512.0,16.0,1920 x 1200,144.0,NVIDIA,1.95,"63WHrs, 3S1P, 3-cell Li-ion",25490000.0
ASUS Vivobook Go 15 E1504ga Bq1141w,asus,Intel,I3,,1.8,8.0,DDR4,,,15.6,1920 x 1080,60.0,Intel,1.63,"42WHrs, 3S1P, 3-cell Li-ion",10190000.0
ASUS Vivobook S14 S3407qa Sf043ws,asus,,,,2.97,16.0,DDR5,,512.0,14.0,1920 x 1200,60.0,,1.35,"70WHrs, 3S1P, 3-cell Li-ion",22990000.0
ASUS Tuf Gaming A15 Fa506ncg Hn184w,asus,AMD,Ryzen 7,7.0,3.2,16.0,DDR5,5600.0,1024.0,15.6,1920 x 1080,144.0,NVIDIA,2.3,"48WHrs, 3S1P, 3-cell Li-ion",22490000.0
ASUS Vivobook 15 Oled A1505va Ma505w,asus,Intel,I5,51.0,2.1,16.0,DDR4,,512.0,15.6,2880 x 1620,120.0,Intel,1.7,"50WHrs, 3S1P, 3-cell Li-ion",19690000.0
ASUS Tuf Gaming F16 Fx608jhr Rv037w,asus,Intel,I7,14.0,2.2,16.0,DDR5,5600.0,1024.0,16.0,1920 x 1200,165.0,NVIDIA,2.2,"90WHrs, 4S1P, 4-cell Li-ion",38990000.0
ASUS Vivobook S14 S3407va Ly046w,asus,Intel,I5,51.0,2.1,16.0,DDR5,,512.0,14.0,1920 x 1200,60.0,Intel,1.39,"70WHrs, 4S1P, 4-cell Li-ion",18990000.0
ASUS Tuf Gaming F16 Fx607vu Rl045w,asus,Intel,,,2.2,16.0,DDR5,5600.0,2048.0,16.0,1920 x 1200,144.0,NVIDIA,2.2,"56WHrs, 4S1P, 4-cell Li-ion Sạc lại từ 0-50% trong 30 phút",28490000.0
ASUS Vivobook Go 15 E1504fa Nj454w,asus,AMD,Ryzen 5,7.0,4.3,16.0,DDR5,,512.0,15.6,1920 x 1080,60.0,AMD,1.8,"42WHrs, 3S1P, 3-cell Li-ion",14490000.0
ASUS Vivobook 14 X1405va Ly623w,asus,Intel,I5,51.0,2.1,16.0,DDR4,,512.0,14.0,1920 x 1200,60.0,Intel,1.6,"42WHrs, 3S1P, 3-cell Li-ion",16490000.0
ASUS Vivobook 16x K3605vc Rp491w,asus,Intel,I7,71.0,2.4,16.0,DDR4,,512.0,16.0,1920 x 1200,144.0,NVIDIA,1.8,"50WHrs, 3S1P, 3-cell Li-ion",22990000.0
ASUS Vivobook S 14 Flip Tp3402va Lz632w,asus,Intel,I5,51.0,2.1,16.0,DDR4,,512.0,14.0,1920 x 1200,60.0,Intel,1.5,"50WHrs, 3S1P, 3-cell Li-ion",20990000.0
ASUS Vivobook 15 X1502va Bq885w,asus,Intel,I5,51.0,2.1,16.0,DDR4,,512.0,15.6,1920 x 1080,60.0,Intel,1.7,"42WHrs, 3S1P, 3-cell Li-ion",15990000.0
ASUS Rog Strix G16 G615jmr S5155w,asus,Intel,I7,14.0,2.2,32.0,DDR5,5600.0,1024.0,16.0,2560 x 1600,240.0,NVIDIA,2.65,"90WHrs, 4S1P, 4-cell Li-ion",46990000.0
ASUS Vivobook 14 X1404va Nk394w,asus,Intel,I3,31.0,1.2,8.0,DDR4,,512.0,14.0,1920 x 1080,60.0,Intel,1.4,"42WHrs, 3S1P, 3-cell Li-ion",12690000.0
ASUS Zenbook A14 Ux3407qa Qd299ws Copilot X Plus,asus,,,,2.97,16.0,DDR5,,512.0,14.0,1920 x 1200,60.0,,0.98,"70WHrs, 3S1P, 3-cell Li-ion",29990000.0
ASUS Vivobook 15 X1502va Bq886w,asus,Intel,I7,71.0,2.4,16.0,DDR4,,512.0,15.6,1920 x 1080,60.0,Intel,1.7,"42WHrs, 3S1P, 3-cell Li-ion",17990000.0
ASUS Zenbook S 16 Um5606ka Rk127ws RYZEN Ai 7,asus,AMD,,3.0,2.0,24.0,DDR5,,1024.0,16.0,2880 x 1800,120.0,AMD,1.5,"78WHrs, 2S2P, 4-cell Li-ion",42990000.0
ASUS Vivobook 15 Oled A1505va L1688w,asus,Intel,I7,71.0,2.4,16.0,DDR4,,512.0,15.6,1920 x 1080,60.0,Intel,1.7,"50WHrs, 3S1P, 3-cell Li-ion",20990000.0
ASUS Zenbook 14 Um3406ka Pp113ws RYZEN Ai 7,asus,AMD,,3.0,2.0,16.0,DDR5,,512.0,14.0,2880 x 1800,120.0,AMD,1.2,"75WHrs, 4S1P, 4-cell Li-ion",28990000.0
ASUS Vivobook Go 15 E1504fa Bq1150w,asus,AMD,Ryzen 5,7.0,2.8,16.0,DDR5,,512.0,15.6,1920 x 1080,60.0,AMD,1.63,"42WHrs, 3S1P, 3-cell Li-ion",14190000.0
ASUS Vivobook 15 X1504va Bq2076w,asus,Intel,I5,51.0,1.3,16.0,DDR4,,512.0,15.6,1920 x 1080,60.0,Intel,1.7,"42WHrs, 3S1P, 3-cell Li-ion",15990000.0
ASUS Vivobook S 14 Oled M5406wa Pp071ws,asus,AMD,,3.0,2.0,32.0,DDR5,,1024.0,14.0,2880 x 1800,120.0,AMD,1.3,"75WHrs, 4S1P, 4-cell Li-ion",33990000.0
ASUS Vivobook 15 X1504va Bq165w,asus,Intel,,,1.4,16.0,DDR4,,512.0,15.6,1920 x 1080,60.0,Intel,1.7,"42WHrs, 3S1P, 3-cell Li-ion",16990000.0
ASUS Vivobook S16 S3607qa Sh040ws,asus,,,,2.97,16.0,DDR5,,512.0,16.0,1920 x 1200,60.0,,1.74,"70WHrs, 3S1P, 3-cell Li-ion",23490000.0
ASUS Zenbook 14 Ux3405ca Pz188ws,asus,Intel,,,2.0,32.0,DDR5,,1024.0,14.0,2880 x 1800,120.0,Intel,1.28,"75WHrs, 2S2P, 4-cell Li-ion",35990000.0
ASUS Rog Zephyrus G14 Ga403wm Qs051ws RYZEN Ai 9,asus,AMD,,3.0,2.0,32.0,DDR5,7500.0,1024.0,14.0,2880 x 1800,120.0,NVIDIA,1.5,"73WHrs, 4S1P, 4-cell Li-ion Sạc lại từ 0-50% trong 30 phút",56940000.0
ASUS Rog Strix G18 G815lm S9088w,asus,Intel,,,2.7,32.0,DDR5,5600.0,1024.0,18.0,2560 x 1600,240.0,NVIDIA,3.2,"90WHrs, 4S1P, 4-cell Li-ion, Sạc từ 0-50% trong 30 phút",52090000.0
ASUS Vivobook S 16 Oled S5606ma Mx051w,asus,Intel,,,1.4,16.0,DDR5,,512.0,16.0,3200 x 2000,120.0,Intel,1.5,"75WHrs, 4S1P, 4-cell Li-ion",29990000.0
ASUS Rog Strix G18 G815lp S9102w,asus,Intel,,,2.7,32.0,DDR5,5600.0,1024.0,18.0,2560 x 1600,240.0,NVIDIA,3.2,"90WHrs, 4S1P, 4-cell Li-ion, Sạc từ 0-50% trong 30 phút",56990000.0
ASUS Vivobook S14 S3407va Ly053w,asus,Intel,I7,71.0,2.4,16.0,DDR5,,512.0,14.0,1920 x 1200,60.0,Intel,1.4,"70WHrs, 4S1P, 4-cell Li-ion",20990000.0
ASUS Gaming V16 V3607vu Rp216w,asus,Intel,,,2.5,16.0,DDR5,,512.0,16.0,1920 x 1200,144.0,NVIDIA,1.95,"63WHrs, 3S1P, 3-cell Li-ion",27490000.0
ASUS Zenbook S 14 Oled Ux5406sa Pv140ws,asus,Intel,,72.0,1.8,32.0,DDR5,,1024.0,14.0,2880 x 1800,120.0,Intel,1.2,"72WHrs, 2S2P, 4-cell Li-ion",44990000.0
ASUS Vivobook 15 X1504va Nj1969w,asus,Intel,I5,51.0,1.3,16.0,DDR4,,512.0,15.6,1920 x 1080,60.0,Intel,1.7,"42WHrs, 3S1P, 3-cell Li-ion",15990000.0
ASUS Tuf Gaming F15 Fx507zc4 Hn095w,asus,Intel,I5,51.0,2.5,16.0,DDR4,3200.0,1024.0,15.6,1920 x 1080,144.0,NVIDIA,2.2,"56WHrs, 4S1P, 4-cell Li-ion",24990000.0
ASUS Vivobook S 16 Oled M5606ka Ri016ws RYZEN Ai 7,asus,AMD,,3.0,2.0,24.0,DDR5,,512.0,16.0,2880 x 1800,120.0,AMD,1.5,"75WHrs, 4S1P, 4-cell Li-ion",30990000.0
ASUS Vivobook S16 S3607va Rp056w,asus,Intel,I7,71.0,2.4,16.0,DDR5,,512.0,16.0,1920 x 1200,144.0,Intel,1.7,"70WHrs, 4S1P, 4-cell Li-ion",20490000.0
ASUS Zenbook 14 Ux3405ca Pz187ws,asus,Intel,,,1.7,16.0,DDR5,,512.0,14.0,2880 x 1800,120.0,Intel,1.28,"75WHrs, 2S2P, 4-cell Li-ion",31990000.0
ASUS Gaming V16 V3607vh Rp024w,asus,Intel,,,2.2,16.0,DDR5,,512.0,16.0,1920 x 1200,144.0,NVIDIA,1.95,"63WHrs, 3S1P, 3-cell Li-ion",28990000.0
ASUS Tuf Gaming F16 Fx608jmr Rv048w,asus,Intel,I7,14.0,2.2,16.0,DDR5,5600.0,1024.0,16.0,1920 x 1200,165.0,NVIDIA,2.2,"90WHrs, 4S1P, 4-cell Li-ion",40990000.0
ASUS Gaming V16 V3607vh Rp025w,asus,Intel,,,2.5,16.0,DDR5,,512.0,16.0,1920 x 1200,144.0,NVIDIA,1.95,"63WHrs, 3S1P, 3-cell Li-ion",30430000.0
ASUS Rog Flow Z13 Gz302ea Ru145ws,asus,AMD,,3.0,3.0,128.0,DDR5,8000.0,1024.0,13.4,2560 x 1600,180.0,AMD,1.2,"70WHrs, 4S1P, 4-cell Li-ion Sạc lại từ 0-50% trong 30 phút",83490000.0
ASUS Vivobook S16 S5606ca Ri171ws,asus,Intel,,,2.0,16.0,DDR5,,512.0,16.0,2880 x 1800,120.0,Intel,1.5,"75WHrs, 4S1P, 4-cell Li-ion",31410000.0
ASUS Vivobook S14 S3407ca Ly095ws,asus,Intel,,,1.7,16.0,DDR5,,512.0,14.0,1920 x 1200,60.0,Intel,1.4,"70WHrs, 4S1P, 4-cell Li-ion",22990000.0
ASUS Rog Strix G16 G615jhr S5069w,asus,Intel,I7,14.0,2.2,32.0,DDR5,,1024.0,16.0,2560 x 1600,240.0,NVIDIA,2.65,"90WHrs, 4S1P, 4-cell Li-ion",44170000.0
ASUS Rog Zephyrus G16 Gu605cm Qr078w,asus,Intel,,,2.9,32.0,DDR5,7467.0,1024.0,16.0,2560 x 1600,240.0,NVIDIA,1.85,"90WHrs, 4S1P, 4-cell Li-ion Sạc lại từ 0-50% trong 30 phút",62990000.0
ASUS Tuf Gaming F16 Fx608jh Rv039w,asus,Intel,I5,51.0,2.4,16.0,DDR5,,1024.0,16.0,1920 x 1200,165.0,NVIDIA,2.2,"90WHrs, 4S1P, 4-cell Li-ion",33370000.0
ASUS Vivobook S14 S3407va Ly146w,asus,Intel,,,2.2,16.0,DDR5,,512.0,14.0,1920 x 1200,60.0,Intel,1.4,"70WHrs, 4S1P, 4-cell Li-ion",19490000.0
ASUS Zenbook Duo Ux8406ca Pz109ws,asus,Intel,,,2.9,32.0,DDR5,,1024.0,14.0,2880 x 1800,120.0,Intel,1.65,"75WHrs, 4S1P, 4-cell Li-ion",61990000.0
ASUS Zenbook 14 Um3406ka Pp590ws RYZEN Ai 7,asus,AMD,,3.0,2.0,32.0,DDR5,,1024.0,14.0,2880 x 1800,120.0,AMD,1.2,"75WHrs, 4S1P, 4-cell Li-ion",31990000.0
ASUS Vivobook S14 M3407ka Sf032ws RYZEN Ai 7,asus,AMD,,3.0,2.0,32.0,DDR5,,512.0,14.0,1920 x 1200,60.0,AMD,1.4,"70WHrs, 4S1P, 4-cell Li-ion",25990000.0
ASUS Zenbook 14 Ux3405ca Pz204ws,asus,Intel,,,2.9,32.0,DDR5,,1024.0,14.0,2880 x 1800,120.0,Intel,1.28,"75WHrs, 2S2P, 4-cell Li-ion",38990000.0
ASUS Vivobook S14 M3407ka Sf034ws RYZEN Ai 5,asus,AMD,,3.0,,16.0,DDR5,,512.0,14.0,1920 x 1200,60.0,AMD,1.4,"70WHrs, 4S1P, 4-cell Li-ion",22990000.0
ASUS Vivobook S 16 S5606ca Ri114ws,asus,Intel,,,1.7,16.0,DDR5,,512.0,16.0,2880 x 1800,120.0,Intel,1.5,"75WHrs, 4S1P, 4-cell Li-ion",28990000.0
ASUS Tuf Gaming A14 Fa401km Rg010ws RYZEN Ai 7,asus,AMD,,3.0,2.0,32.0,DDR5,,1024.0,14.0,2560 x 1600,165.0,NVIDIA,1.46,"73WHrs, 4S1P, 4-cell Li-ion Sạc lại từ 0-50% trong 30 phút",45150000.0
ASUS Vivobook S14 S3407ca Ly096ws,asus,Intel,,,2.0,16.0,DDR5,,512.0,14.0,1920 x 1200,60.0,Intel,1.4,"70WHrs, 4S1P, 4-cell Li-ion",25990000.0
ASUS Rog Strix G16 G615jpr S5107w,asus,Intel,I7,14.0,2.2,32.0,DDR5,5600.0,1024.0,16.0,2560 x 1600,240.0,NVIDIA,2.65,"90WHrs, 4S1P, 4-cell Li-ion",51090000.0
ASUS Rog Strix G16 G615lr S5289w,asus,Intel,,,2.4,16.0,DDR5,5600.0,1024.0,16.0,2560 x 1600,240.0,NVIDIA,2.65,"90WHrs, 4S1P, 4-cell Li-ion, Sạc từ 0-50% trong 30 phút",57990000.0
ASUS Rog Zephyrus G14 Ga403wr Qs156ws,asus,AMD,,3.0,2.0,32.0,DDR5,8000.0,1024.0,14.0,2880 x 1800,120.0,NVIDIA,1.57,"73WHrs, 4S1P, 4-cell Li-ion Sạc lại từ 0-50% trong 30 phút",71690000.0
ASUS Zenbook S 13 Oled Ux5304va Nq125w,asus,Intel,I7,71.0,1.7,16.0,DDR5,,512.0,13.3,2880 x 1800,60.0,Intel,1.0,"63WHrs, 2S2P, 4-cell Li-ion",39990000.0
ASUS Vivobook 14 A1407ca Ly008ws,asus,Intel,,,1.7,16.0,DDR5,,512.0,14.0,1920 x 1200,60.0,Intel,1.46,"42WHrs, 3S1P, 3-cell Li-ion",22490000.0
ASUS Rog Zephyrus G16 Gu605cr Qr107w,asus,Intel,,,2.9,32.0,DDR5,7467.0,1024.0,16.0,2560 x 1600,240.0,NVIDIA,1.95,"90WHrs, 4S1P, 4-cell Li-ion Sạc lại từ 0-50% trong 30 phút",76590000.0
ASUS Tuf Gaming F16 Fx608jpr Rv044w,asus,Intel,I7,14.0,2.2,16.0,DDR5,,1024.0,16.0,1920 x 1200,165.0,NVIDIA,2.2,"90WHrs, 4S1P, 4-cell Li-ion",45190000.0
ASUS Zenbook 14 Ux3405ca Pz368ws,asus,Intel,,,2.0,16.0,DDR5,,512.0,14.0,2880 x 1800,120.0,Intel,1.28,"75WHrs, 2S2P, 4-cell Li-ion",34990000.0
ASUS Vivobook S14 S5406sa Pp168ws,asus,Intel,,,2.1,16.0,DDR5,,512.0,14.0,2880 x 1800,120.0,Intel,1.3,"75WHrs, 4S1P, 4-cell Li-ion",28490000.0
ASUS Vivobook S16 S3607ca Sh082ws,asus,Intel,,,1.7,16.0,DDR5,,512.0,16.0,1920 x 1200,60.0,Intel,1.7,"70WHrs, 4S1P, 4-cell Li-ion",23990000.0
ASUS Vivobook S16 S3607ca Sh083ws,asus,Intel,,,2.0,16.0,DDR5,,512.0,16.0,1920 x 1200,60.0,Intel,1.7,"70WHrs, 4S1P, 4-cell Li-ion",26990000.0
ASUS Tuf Gaming F15 Fx507zc4 Hn074w,asus,Intel,I5,51.0,2.5,8.0,DDR4,3200.0,1024.0,15.6,1920 x 1080,144.0,NVIDIA,2.2,"56WHrs, 4S1P, 4-cell Li-ion",25990000.0
ASUS Vivobook 15 Oled A1505va Ma468w,asus,Intel,I5,51.0,2.6,16.0,DDR4,,512.0,15.6,2880 x 1620,120.0,Intel,1.7,"50WHrs, 3S1P, 3-cell Li-ion",20990000.0
ASUS Vivoboook S 14 Oled S5406ma Pp046ws,asus,Intel,,,1.2,16.0,DDR5,,512.0,14.0,2880 x 1800,120.0,Intel,1.3,"75WHrs, 4S1P, 4-cell Li-ion",26990000.0
ASUS Rog Strix G16 G614ju N3135w,asus,Intel,I5,51.0,2.4,16.0,DDR5,4800.0,1024.0,16.0,1920 x 1200,165.0,NVIDIA,2.5,"90WHrs, 4S1P, 4-cell Li-ion",33990000.0
ASUS Vivobook S 15 S5507qa Ma092ws Copilot X Plus,asus,,,,3.4,16.0,DDR5,,512.0,15.6,2880 x 1620,120.0,,1.42,"70WHrs, 3S1P, 3-cell Li-ion",26990000.0
ASUS Vivobook 15 Oled A1505va Ma469w,asus,Intel,I9,91.0,2.6,16.0,DDR4,,512.0,15.6,2880 x 1620,120.0,Intel,1.7,"50WHrs, 3S1P, 3-cell Li-ion",24990000.0
ASUS Vivobook 15 Oled S5507qa Ma090ws,asus,,,,3.4,32.0,DDR5,,1024.0,15.6,2880 x 1620,120.0,,1.42,"70WHrs, 3S1P, 3-cell Li-ion",34990000.0
ASUS Rog Strix G16 G614ju N3480w,asus,Intel,I5,51.0,2.4,32.0,DDR5,4800.0,2048.0,16.0,1920 x 1200,165.0,NVIDIA,2.5,"90WHrs, 4S1P, 4-cell Li-ion Sạc lại từ 0-50% trong 30 phút",37990000.0
ASUS Vivobook 16 M1607ka Mb091ws RYZEN Ai 7,asus,AMD,,3.0,2.0,16.0,DDR5,,512.0,16.0,1920 x 1200,60.0,AMD,1.88,"42WHrs, 3S1P, 3-cell Li-ion",22990000.0
ASUS Gaming Vivobook K3605zf Rp634w,asus,Intel,I5,51.0,2.5,16.0,DDR4,,512.0,16.0,1920 x 1200,144.0,NVIDIA,1.8,"50WHrs, 3S1P, 3-cell Li-ion",20990000.0
ASUS Vivoboook S 14 Oled S5406ma Pp198ws,asus,Intel,,,1.4,16.0,DDR5,,512.0,14.0,2880 x 1800,120.0,Intel,1.3,"75WHrs, 4S1P, 4-cell Li-ion",29990000.0
ASUS Tuf Gaming F15 Fx506hf Hn078w,asus,Intel,I5,51.0,2.9,16.0,DDR4,3200.0,1024.0,15.6,1920 x 1080,144.0,NVIDIA,2.3,"48WHrs, 3S1P, 3-cell Li-ion",20990000.0
ASUS Gaming Vivobook K3605zu Rp296w,asus,Intel,I5,51.0,2.5,16.0,DDR4,,512.0,16.0,1920 x 1200,144.0,NVIDIA,1.8,"70WHrs, 3S1P, 3-cell Li-ion",28490000.0
ASUS Vivobook S 14 Oled S5406ma Pp136w,asus,Intel,,,1.2,16.0,DDR5,,1024.0,14.0,2880 x 1800,120.0,Intel,1.3,"75WHrs, 4S1P, 4-cell Li-ion",26990000.0
ASUS Vivobook 14 Oled A1405va Km257w,asus,Intel,I5,51.0,2.6,16.0,DDR4,,512.0,14.0,2880 x 1800,90.0,Intel,1.6,"50WHrs, 3S1P, 3-cell Li-ion",20990000.0
ASUS Expertbook B1402cba Nk2669w,asus,Intel,I5,51.0,1.7,16.0,DDR4,,512.0,14.0,1920 x 1080,60.0,Intel,1.49,"42WHrs, 3S1P, 3-cell Li-ion",19990000.0
ASUS Vivobook 15 X1504za Nj517w,asus,Intel,I5,51.0,1.3,16.0,DDR4,,512.0,15.6,1920 x 1080,60.0,Intel,1.7,"42WHrs, 3S1P, 3-cell Li-ion",16490000.0
ASUS Vivobook 15 Oled A1505va L1201w,asus,Intel,I9,91.0,2.6,16.0,DDR4,,512.0,15.6,1920 x 1080,60.0,Intel,1.7,"50WHrs, 3S1P, 3-cell Li-ion",24990000.0
ASUS Tuf Gaming F15 Fx507vv Lp304w,asus,Intel,I7,71.0,2.4,32.0,DDR5,4800.0,1024.0,15.6,1920 x 1080,144.0,NVIDIA,2.2,"90WHrs, 4S1P, 4-cell Li-ion",
ASUS Vivobook 14 Oled A1405za Km264w,asus,Intel,I5,51.0,2.5,16.0,DDR4,,512.0,14.0,2880 x 1800,90.0,Intel,1.6,"50WHrs, 3S1P, 3-cell Li-ion",17990000.0
ASUS Tuf Gaming A15 Fa507nu Lp140w,asus,AMD,Ryzen 5,7.0,4.5,16.0,DDR5,4800.0,2048.0,15.6,1920 x 1080,144.0,NVIDIA,2.2,"90WHrs, 4S1P, 4-cell Li-ion",25990000.0
ASUS Vivobook 15 X1504za Nj1039w,asus,Intel,I7,71.0,1.7,16.0,DDR4,,512.0,15.6,1920 x 1080,60.0,Intel,1.7,"42WHrs, 3S1P, 3-cell Li-ion",17990000.0
ASUS Rog Strix G16 G614jv N4156w,asus,Intel,I7,71.0,2.6,16.0,DDR5,4800.0,2048.0,16.0,2560x1600,240.0,NVIDIA,2.5,"90WHrs, 4S1P, 4-cell Li-ion",40990000.0
ASUS Vivobook Flip 14 Tp470ea Ec346w,asus,Intel,I3,31.0,,4.0,DDR4,3200.0,512.0,14.0,1920 x 1080,,Intel,1.5,3 Cells 42WHrs,16590000.0
ASUS Tuf Gaming A15 Fa506nf Hn005w,asus,AMD,,7.0,3.3,8.0,DDR5,4800.0,512.0,15.6,1920 x 1080,144.0,NVIDIA,2.3,"48WHrs, 3S1P, 3-cell Li-ion",19990000.0
ASUS Vivobook Pro M3401qa Km025w,asus,AMD,Ryzen 7,5.0,,8.0,DDR4,3200.0,512.0,14.0,2880 x 1800,,AMD,1.45,3 Cells 63WHrs,18600000.0
ASUS Zenbook Duo Ux8406ma Pz307w,asus,Intel,,,1.4,16.0,DDR5,,512.0,14.0,2880 x 1800,120.0,Intel,1.65,"75WHrs, 4S1P, 4-cell Li-ion",49990000.0
ASUS Vivobook Pro M3401qa Km006w,asus,AMD,Ryzen 5,5.0,,8.0,DDR4,3200.0,512.0,14.0,2880 x 1800,,AMD,1.4,"3-cell Li-ion, 63 Wh",17800000.0
ASUS Expertbook P1 P1503cva I5se16 63ws,asus,Intel,I5,51.0,2.6,16.0,DDR5,,512.0,15.6,1920 x 1080,60.0,Intel,1.65,"63WHrs, 3S1P, 3-cell Li-ion",
ASUS Expertbook P1 P1403cva I5se16 63ws,asus,Intel,I5,51.0,2.6,16.0,DDR5,,512.0,14.0,1920 x 1080,60.0,Intel,1.45,"63WHrs, 3S1P, 3-cell Li-ion",
ASUS Rog Strix G18 G814jvr N6089w,asus,Intel,I9,14.0,2.2,32.0,DDR5,5600.0,1024.0,18.0,2560 x 1600,240.0,NVIDIA,3.0,"90WHrs, 4S1P, 4-cell Li-ion",
ASUS Gaming Rog Strix G531gt Al030t,asus,Intel,I7,79.0,2.6,8.0,DDR4,,1024.0,15.6,1920 x 1080,144.0,NVIDIA,2.4,3 Cell 48WHr,
ASUS Expertbook P1 P1503cva I7se16 63ws,asus,Intel,I7,71.0,2.4,16.0,DDR5,,512.0,15.6,1920 x 1080,60.0,Intel,1.65,"63WHrs, 3S1P, 3-cell Li-ion",
ASUS Vivobook 14 X1404va Nk125w,asus,Intel,I5,51.0,1.3,8.0,DDR4,3200.0,256.0,14.0,1920 x 1080,120.0,Intel,1.4,"42WHrs, 3-cell Li-ion",
ASUS Gaming Rog Strix G512 Ihn281t,asus,Intel,I5,10.0,,,,,512.0,15.6,1920 x 1080,144.0,NVIDIA,2.4,3 cell /48WHrs - 3S1P,
ASUS Tuf Gaming A15 Fa507uv Lp090w,asus,AMD,Ryzen 9,8.0,4.0,16.0,DDR5,5600.0,2048.0,15.6,1920 x 1080,144.0,NVIDIA,2.2,"90WHrs, 4S1P, 4-cell Li-ion",
ASUS Expertbook B1 B1502cva Nj0175w,asus,Intel,I5,51.0,1.3,16.0,DDR4,,512.0,15.6,1920 x 1080,60.0,Intel,1.69,"42WHrs, 3S1P, 3-cell Li-ion",
ASUS Expertbook B1402cva Nk0177w,asus,Intel,I7,71.0,1.7,16.0,DDR4,,512.0,14.0,1920 x 1080,60.0,Intel,1.46,"42WHrs, 3S1P, 3-cell Li-ion",
ASUS Expertbook B1 B1502cva Nj0149w,asus,Intel,I3,31.0,1.2,8.0,DDR4,,512.0,15.6,1920 x 1080,60.0,Intel,1.69,"42WHrs, 3S1P, 3-cell Li-ion",12490000.0
ASUS Expertbook B1 B1402cva Nk0176w,asus,Intel,I5,51.0,1.3,16.0,DDR4,,512.0,14.0,1920 x 1080,60.0,Intel,1.46,"42WHrs, 3S1P, 3-cell Li-ion",
ASUS Rog Strix Scar 18 G834jyr R6199,asus,Intel,I9,14.0,2.2,64.0,DDR5,5600.0,2048.0,18.0,2560 x 1600,240.0,NVIDIA,3.1,"90WHrs, 4S1P, 4-cell Li-ion",
ASUS Vivobook S 14 Oled S5406ma Pp161w,asus,Intel,,,1.2,16.0,DDR5,,1024.0,14.0,2880 x 1800,120.0,Intel,1.3,"75WHrs, 4S1P, 4-cell Li-ion",
ASUS Tuf Gaming Fx516pm Hn023t,asus,Intel,I7,11.0,,16.0,DDR4,,512.0,15.6,1920 x 1080,144.0,NVIDIA,2.0,"4-cell Li-ion, 76 Wh",
ASUS Expertbook B1 B1502cva Nj0148w,asus,Intel,I7,71.0,1.7,8.0,DDR4,,512.0,15.6,1920 x 1080,60.0,Intel,1.69,"42WHrs, 3S1P, 3-cell Li-ion",
ASUS Gaming Fx505dy Al175t,asus,AMD,Ryzen 5,3.0,2.1,8.0,DDR4,2666.0,1024.0,15.6,1920 x 1080,120.0,AMD,2.2,3 Cell 48WHr,
ASUS Expertbook B5 B5602cva L20164w,asus,Intel,I5,51.0,1.9,16.0,DDR5,,512.0,16.0,3840 x 2400,60.0,Intel,1.53,"84WHrs, 4S1P, 4-cell Li-ion",
ASUS Rog Strix G16 G614ji N4125w,asus,Intel,I7,71.0,2.6,16.0,DDR5,4800.0,2048.0,16.0,2560 x 1600,240.0,NVIDIA,2.5,"90WHrs, 4S1P, 4-cell Li-ion",46990000.0
ASUS Expertbook P5 P5405csa Nz0451w,asus,Intel,,,1.6,16.0,DDR5,,1024.0,14.0,2560 x 1600,144.0,Intel,1.27,"63WHrs, 3S1P, 3-cell Li-ion",
ASUS Expertbook P1 P1403cva I7se16 63ws,asus,Intel,I7,71.0,2.4,16.0,DDR5,,512.0,14.0,1920 x 1080,60.0,Intel,1.45,"63WHrs, 3S1P, 3-cell Li-ion",
ASUS Rog Strix G18 G814jv N6077w,asus,Intel,I7,71.0,2.6,32.0,DDR5,4800.0,1024.0,18.0,2560 x 1600,240.0,NVIDIA,3.0,"90WHrs, 4S1P, 4-cell Li-ion Sạc lại từ 0-50% trong 30 phút",
ASUS Vivobook S 14 Oled S5406ma Pp219ws,asus,Intel,,,1.2,16.0,DDR5,,512.0,14.0,2880 x 1800,60.0,Intel,1.3,"75WHrs, 4S1P, 4-cell Li-ion",
ASUS Expertbook B5 B5402cva Ki0123w,asus,Intel,I5,51.0,1.9,16.0,DDR5,,512.0,14.0,1920 x 1080,60.0,Intel,1.29,"63WHrs, 3S1P, 3-cell Li-ion",
ASUS Expertbook B5 B5402cva Ki0229w,asus,Intel,I7,71.0,2.2,16.0,DDR5,,512.0,14.0,1920 x 1080,60.0,Intel,1.29,"63WHrs, 3S1P, 3-cell Li-ion",
ASUS Vivobook 15x Oled M3504ya L1268w,asus,AMD,Ryzen 5,7.0,4.3,16.0,DDR4,,512.0,15.6,1920 x 1080,60.0,AMD,1.7,"50WHrs, 3S1P, 3-cell Li-ion",
ASUS Rog Strix G16 G614jv N3514w,asus,Intel,I7,71.0,2.6,16.0,DDR5,4800.0,1024.0,16.0,1920 x 1200,165.0,NVIDIA,2.5,"90WHrs, 4S1P, 4-cell Li-ion (Sạc lại từ 0-50% trong 30 phút)",
ASUS X509ja Ej020t,asus,,I5,,,4.0,DDR4,,1024.0,15.6,1920 x 1080,60.0,Intel,1.9,2 Cell,
ASUS Zenbook Ux425ea Bm069t,asus,Intel,I5,11.0,,8.0,DDR4,,512.0,14.0,1920 x 1080,60.0,Intel,1.17,4-cell Li-ion,
ASUS Gaming Rog Zephyrus G14 Ga401qm 211 Zg14,asus,,Ryzen 9,,,16.0,DDR4,3200.0,1024.0,14.0,,120.0,NVIDIA,6.0,"4-cell, 76 WHrs",
ASUS Tuf Gaming F15 Fx507vu Lp197w 16gb,asus,Intel,I7,71.0,2.4,16.0,DDR5,4800.0,2048.0,15.6,1920 x 1080,144.0,NVIDIA,2.2,"90WHrs, 4S1P, 4-cell Li-ion",
ASUS X409ja Ek015t,asus,Intel,I3,10.0,,4.0,DDR4,2666.0,512.0,14.0,1920 x 1080,,Intel,1.5,2-cell Li-ion,
ASUS Expertbook B1 B1402cva Nk0062w,asus,Intel,I5,51.0,1.3,8.0,DDR4,,512.0,14.0,1920 x 1080,60.0,Intel,1.46,"42WHrs, 3S1P, 3-cell Li-ion",
ASUS Rog Strix G18 G814jir N6108w,asus,Intel,I9,14.0,2.2,32.0,DDR5,5600.0,1024.0,18.0,2560 x 1600,240.0,NVIDIA,3.0,"90WHrs, 4S1P, 4-cell Li-ion",
ASUS Zenbook S 13 Oled Ux5304va Nq126w,asus,Intel,I7,71.0,5.0,32.0,DDR5,,1024.0,13.3,2880 x 1800,60.0,Intel,1.0,63WHrs 4Cell,
ASUS Gaming Rog Strix Scar 18 G834jyr R6011w,asus,Intel,I9,91.0,,64.0,DDR5,5600.0,2048.0,18.0,2560 x 1600,240.0,NVIDIA,3.1,"90WHrs, 4S1P, 4-cell Li-ion",
ASUS Gaming Rog Zephyrus G16 Gu605mv Qr196ws,asus,Intel,,,2.3,32.0,DDR5,,1024.0,16.0,2560 x 1600,240.0,NVIDIA,1.85,"90WHrs, 4S1P, 4-cell Li-ion",
ASUS Expertbook B1 B1502cva Nj0050w,asus,Intel,I5,53.0,1.3,8.0,DDR4,,512.0,15.6,1920 x 1080,60.0,Intel,1.69,"42WHrs, 3S1P, 3-cell Li-ion",
ASUS Rog Strix Scar 16 G634jyr Ra132w,asus,Intel,I9,14.0,2.2,64.0,DDR5,5600.0,2048.0,16.0,2560 x 1600,240.0,NVIDIA,2.65,"90WHrs, 4S1P, 4-cell Li-ion Sạc lại từ 0-50% trong 30 phút",
ASUS Rog Strix Scar 18 G834jzr R6160,asus,Intel,I9,14.0,2.2,32.0,DDR5,5600.0,1024.0,18.0,2560 x 1600,240.0,NVIDIA,3.1,"90WHrs, 4S1P, 4-cell Li-ion",
ASUS Rog Zephyrus G16 Ga605wi Qr152ws,asus,AMD,,3.0,2.0,32.0,DDR5,,1024.0,16.0,2560 x 1600,240.0,NVIDIA,1.85,"90WHrs, 4S1P, 4-cell Li-ion Sạc lại từ 0-50% trong 30 phút",
ASUS Expertbook B9403cva Km0351x,asus,Intel,I7,71.0,1.7,32.0,DDR5,,1024.0,14.0,2880 x 1800,90.0,Intel,0.99,"63WHrs, 3S1P, 3-cell Li-ion",
ASUS Rog Strix G16 G614ju N3506w,asus,Intel,I5,51.0,2.4,16.0,DDR5,4800.0,1024.0,16.0,1920 x 1200,165.0,NVIDIA,2.5,"90WHrs, 4S1P, 4-cell Li-ion Sạc lại từ 0-50% trong 30 phút",
ACER Aspire Lite 16 Gen 2 Al16 52p 572a,acer,Intel,I5,51.0,3.4,16.0,DDR5,4800.0,2048.0,16.0,1920 x 1200,60.0,Intel,1.7,58Whr 3-cell 65W PD Type-C Adapter,14790000.0
ACER Gaming Nitro Lite 16 Nl16 71g 71uj,acer,Intel,I7,71.0,3.6,16.0,DDR5,4800.0,2048.0,16.0,1920 x 1200,165.0,NVIDIA,1.95,53Wh 3-cell Li-ion battery 100W Type C adapter,23990000.0
Gaming ACER Nitro V Anv15 51 57b2,acer,Intel,I5,51.0,4.6,16.0,DDR5,5200.0,2048.0,15.6,1920 x 1080,144.0,NVIDIA,2.1,"4 Cell, 57 Whr",26990000.0
Gaming ACER Nitro V Anv15 41 R7ap,acer,AMD,Ryzen 5,7.0,3.3,16.0,DDR5,4800.0,4096.0,15.6,1920 x 1080,180.0,NVIDIA,2.1,57Whr 4-cell Adapter: 135W AC adapter,22990000.0
ACER Gaming Aspire 7 A715 59g 57tu,acer,Intel,I5,51.0,3.3,16.0,DDR4,3200.0,4096.0,15.6,1920 x 1080,144.0,NVIDIA,1.99,"Pin Li-ion 3 cell 54,8Wh Bộ đổi nguồn AC 150W",20490000.0
ACER Aspire Go 15 Ag15 51p 3151,acer,Intel,I3,31.0,1.2,8.0,DDR5,5600.0,2048.0,15.3,1920 x 1200,60.0,Intel,1.7,"53 Wh 3-cell, 65W PD PCR 50%, TCO 9.0 AC adapter",10990000.0
Gaming ACER Nitro V Anv15 51 72vs,acer,Intel,I7,71.0,4.9,16.0,DDR5,5200.0,2048.0,15.6,1920 x 1080,144.0,NVIDIA,2.1,"4 cell, 57Wh",25990000.0
ACER Gaming Nitro Lite 16 Nl16 71g 56wq,acer,Intel,I5,51.0,3.4,16.0,DDR5,4800.0,2048.0,16.0,1920 x 1200,165.0,NVIDIA,1.95,Pin Li-ion 3 cell 53Wh Bộ chuyển đổi TypeC 100W,21990000.0
ACER Nitro V Anv15 41 R2up,acer,AMD,Ryzen 5,6.0,3.3,16.0,DDR5,4800.0,4096.0,15.6,1920 x 1080,165.0,NVIDIA,2.1,"57Whr 4-cell, 135W AC Adapter",18690000.0
ACER Gaming Nitro V 15 Propanel Anv15 41 R7cr,acer,AMD,Ryzen 5,7.0,3.3,16.0,DDR5,4800.0,4096.0,15.6,1920 x 1080,180.0,NVIDIA,2.1,"57Whr 4-cell Li-ion Battery, 135W AC Adapter",26990000.0
ACER Aspire Lite 14 Al14 71m 52gq,acer,Intel,I5,51.0,4.5,16.0,DDR5,4800.0,2048.0,14.0,1920 x 1200,60.0,Intel,1.55,3 cell 58WHrs,15990000.0
Gaming ACER Nitro V 15 Propanel Anv15 51 73bt,acer,Intel,I7,71.0,3.6,16.0,DDR5,5200.0,4096.0,15.6,1920 x 1080,180.0,NVIDIA,2.1,57Whr 4-cell 135W 5.5 PHY Adapter,27990000.0
ACER Gaming Nitro V 15 Propanel Anv15 41 R9m1,acer,AMD,Ryzen 5,7.0,3.3,16.0,DDR5,4800.0,4096.0,15.6,1920 x 1080,180.0,NVIDIA,2.1,Pin Li-ion 4 cell 57Whr Bộ đổi nguồn AC 135W,21990000.0
ACER Aspire 3 A315 58 53s6,acer,Intel,I5,51.0,2.4,8.0,DDR4,2400.0,2048.0,15.6,1920 x 1080,60.0,Intel,1.7,36.7 Wh 2-cell Li-ion battery,15990000.0
ACER Aspire Lite Gen 2 Al14 52m 32kv,acer,Intel,I3,31.0,3.3,8.0,DDR5,4800.0,2048.0,14.0,1920 x 1200,60.0,Intel,1.5,Pin Li-ion 3 cell 58Wh Bộ chuyển đổi 65W PD Type C,9990000.0
ACER Aspire Lite 15 Al15 41p R3u5,acer,AMD,Ryzen 7,5.0,1.8,16.0,DDR4,3200.0,2048.0,15.6,1920 x 1080,60.0,AMD,1.7,"Pin Li-ion 3 cell 58Wh, Bộ chuyển đổi 65W PD Type C",12990000.0
ACER Aspire Lite 16 Al16 51p 72s2,acer,Intel,I7,71.0,3.5,24.0,DDR5,4800.0,2048.0,16.0,1920 x 1200,60.0,Intel,1.8,Li-ion Battery 58Whr 3-cell 65W PD Type-C Adapter,16990000.0
ACER Aspire Lite 15 Al15 42p R08m,acer,AMD,Ryzen 7,7.0,2.0,16.0,DDR4,3200.0,2048.0,15.6,1920 x 1080,60.0,AMD,1.7,58Wh 3-cell Li-ion battery 65W Type-C Adapter,15490000.0
ACER Aspire Lite 15 Al15 71p 517d,acer,Intel,I5,51.0,4.4,16.0,DDR4,4800.0,512.0,15.6,1920 x 1080,60.0,Intel,1.79,58Wh 3-cell Li-ion battery,15490000.0
ACER Gaming Aspire 7 A715 59g 73lb,acer,Intel,I7,71.0,3.5,16.0,DDR4,3200.0,4096.0,15.6,1920 x 1080,144.0,NVIDIA,1.99,"Pin Li-ion 3 cell 54,8Wh Bộ đổi nguồn AC 150W",23990000.0
ACER Gaming Nitro V 15 Propanel Anv15 41 R0fe,acer,AMD,Ryzen 7,7.0,3.2,16.0,DDR5,4800.0,4096.0,15.6,1920 x 1080,180.0,NVIDIA,2.1,"57Whr 4-cell Li-ion Battery, 135W AC Adapter",25990000.0
ACER Aspire Lite Al16 51p 55n7,acer,Intel,I5,51.0,3.3,16.0,DDR5,4800.0,2048.0,16.0,1920 x 1200,60.0,Intel,1.8,58Whr 3-cell 65W PD Type-C Adapter,14990000.0
ACER Nitro V 15 Propanel Anv15 51 73uu,acer,Intel,I7,71.0,3.6,16.0,DDR5,5200.0,4096.0,15.6,1920 x 1080,180.0,NVIDIA,2.1,"57Whr 4-cell, 135W 5.5 PHY Adapter",27990000.0
ACER Gaming Predator Helios Neo 16 Ai Phn16 73 757w,acer,Intel,,,4.5,32.0,DDR5,6400.0,1024.0,16.0,2560 x 1600,240.0,NVIDIA,2.7,Pin Li-ion 4 cell 90Wh Bộ đổi nguồn AC 230W,54990000.0
ACER Gaming Nitro V 15 Propanel Anv15 52 59aa,acer,Intel,I5,51.0,3.4,16.0,DDR4,3200.0,2048.0,15.6,1920 x 1080,180.0,NVIDIA,2.1,Pin Li-ion 4 cell 76Wh Bộ chuyển đổi 135W 5.5PHY,28990000.0
ACER Aspire Lite 15 Al15 72p 581v,acer,Intel,I5,51.0,3.5,16.0,DDR5,4800.0,2048.0,15.6,1920 x 1080,60.0,Intel,1.79,Pin Li-ion 3 cell 58Wh Bộ đổi nguồn AC 90W,15990000.0
ACER Aspire Lite 15 Al15 72p 7232,acer,Intel,I7,71.0,3.6,16.0,DDR5,4800.0,2048.0,15.6,1920 x 1080,60.0,Intel,1.79,58Wh 3-cell Li-ion battery 90W AC adapter,16990000.0
ACER Gaming Nitro V 15 Propanel Anv15 41 R0y4,acer,AMD,Ryzen 7,7.0,3.2,16.0,DDR5,4800.0,4096.0,15.6,1920 x 1080,180.0,NVIDIA,2.1,Pin Li-ion 4 cell 57Whr Bộ đổi nguồn AC 135W,26990000.0
ACER Gaming Nitro V 15 Propanel Anv15 52 72bm,acer,Intel,I7,71.0,3.6,16.0,DDR4,3200.0,2048.0,15.6,1920 x 1080,180.0,NVIDIA,2.1,Pin Li-ion 4 cell 76Wh Bộ chuyển đổi 135W 5.5PHY,30990000.0
ACER Swift Lite 14 Ai Sfl14 51m 56hs,acer,Intel,,,3.6,16.0,DDR5,4800.0,2048.0,14.0,1920 x 1200,60.0,Intel,1.27,58Whr 3-cell 65W PD Type-C Adapter,19990000.0
ACER Swift Lite 14 Ai Sfl14 51m 78xz,acer,Intel,,,3.8,16.0,DDR5,5600.0,2048.0,14.0,1920 x 1200,60.0,Intel,1.27,58Whr 3-cell 65W PD Type-C Adapter,22990000.0
ACER Aspire Go 14 Ai Ag14 71m 57wr,acer,Intel,,,3.6,16.0,DDR5,5600.0,2048.0,14.0,1920 x 1200,60.0,Intel,1.5,Pin Li-ion 3 cell 55 Wh Bộ chuyển đổi AC USB Type-C 65 W PD,18990000.0
ACER Swift 14 Ai Sf14 51 53p9,acer,Intel,,,3.5,16.0,DDR5,8533.0,1024.0,14.0,2880 x 1800,90.0,Intel,1.26,"Pin Li-ion 3 cell 65 Wh 3 pin USB Type-C 65 W PD PCR 50%, Bộ đổi nguồn AC TCO 9.0",34990000.0
ACER Gaming Nitro V 16 Ai Propanel Anv16s 61 R9zv,acer,AMD,,3.0,5.0,32.0,DDR5,5600.0,4096.0,16.0,2560 x 1600,180.0,NVIDIA,2.1,Pin Li-ion 4 cell 76Wh Bộ đổi nguồn AC 135W,44990000.0
ACER Swift 14 Ai Sf14 51 75vp,acer,Intel,,,3.7,32.0,DDR5,8533.0,1024.0,14.0,2880 x 1800,90.0,Intel,1.26,"Pin Li-ion 3 cell 65 Wh 3 pin USB Type-C 65 W PD PCR 50%, Bộ đổi nguồn AC TCO 9.0",39990000.0
ACER Aspire Ai A14 61m R9ra,acer,AMD,,3.0,3.4,16.0,DDR5,8533.0,2048.0,14.0,1920 x 1200,120.0,AMD,1.25,"65Wh 4-cell Li-ion battery, 65W TypeC adapter",
ACER Gaming Predator Helios 16 Ai Ph16 73 950c,acer,Intel,,,4.6,32.0,DDR5,6400.0,2048.0,16.0,2560 x 1600,240.0,NVIDIA,2.65,"90Wh 4-cell Li-ion battery, 330W AC Adapter",
ACER Swift Edge 14 Ai Sfe14 51t 52kd,acer,Intel,,,3.5,32.0,DDR5,8533.0,2048.0,14.0,2880 x 1800,120.0,Intel,0.99,65Wh 3-cell Li-ion battery - Công nghệ sạc nhanh 100W TypeC adapter,
ACER Predator Triton Neo 16 Ptn16 51 78jq,acer,Intel,,,3.8,32.0,DDR5,7467.0,2048.0,16.0,2560 x 1600,240.0,NVIDIA,2.4,"76Whr, 230W 5.5Phy Adapter",
ACER Swift X Ai Oled Sfx14 72g 79uw,acer,Intel,,,1.4,32.0,DDR5,6400.0,1024.0,14.5,2880 x 1800,120.0,NVIDIA,1.5,"76 Whr 4-cell, Adapter: 100W Type-C adapter",
ACER Gaming Nitro 16 Ai Propanel An16s 61 R5f4,acer,AMD,,3.0,3.5,16.0,DDR5,5600.0,4096.0,16.0,1920 x 1200,180.0,NVIDIA,2.18,Pin Li-ion 4 cell 76Wh Bộ đổi nguồn AC 230W,42990000.0
ACER Gaming Predator Helios 16 Ai Ph16 73 93hd,acer,Intel,,,4.6,32.0,DDR5,6400.0,2048.0,16.0,2560 x 1600,240.0,NVIDIA,2.65,"90Wh 4-cell Li-ion battery, 330W AC Adapter",
ACER Aspire 5 A515 58p 71ej,acer,Intel,I7,71.0,3.7,16.0,DDR5,4800.0,1024.0,15.6,1920 x 1080,60.0,Intel,1.7,50 Wh 3-cell Li-ion battery,
ACER Swift X Sfx14 71g 78sy,acer,Intel,I7,71.0,3.7,32.0,DDR5,4800.0,1024.0,14.5,2880 x 1800,120.0,NVIDIA,1.5,76Wh Li-ion battery,
ACER Aspire Go 15 Ag15 72p 776j,acer,Intel,,,1.2,16.0,DDR4,3200.0,2048.0,15.6,1920 x 1080,60.0,Intel,1.53,"55Wh 3-cell Li-ion battery, 65W Type-C Adapter",
ACER Swift X Ai Oled Sfx14 72g 708x,acer,Intel,,,1.4,32.0,DDR5,6400.0,1024.0,14.5,2880 x 1800,120.0,NVIDIA,1.5,"76 Whr 4-cell, Adapter: 100W Type-C adapter",
ACER Gaming Nitro V 16 Ai Propanel Anv16s 61 R0b8,acer,AMD,,3.0,4.8,16.0,DDR5,5600.0,4096.0,16.0,1920 x 1200,180.0,NVIDIA,2.1,Pin Li-ion 4 cell 76Wh Bộ đổi nguồn AC 135W,34990000.0
ACER Swift X Ai Oled Sfx14 72g 77f9,acer,Intel,,,1.4,32.0,DDR5,6400.0,1024.0,14.5,2880 x 1800,120.0,NVIDIA,1.5,"76 Whr 4-cell, Adapter: 100W Type-C adapter",
ACER Aspire Go 14 Ag14 72p 563l,acer,Intel,,,3.8,16.0,DDR4,3200.0,2048.0,14.0,1920 x 1200,60.0,Intel,1.4,"55Wh 3-cell Li-ion battery, 65W Type-C Adapter",
ACER Aspire Lite 15 Al15 42p R8e6,acer,AMD,Ryzen 5,7.0,2.3,16.0,DDR4,3200.0,2048.0,15.6,1920 x 1080,60.0,AMD,1.7,"58Wh 3-cell Li-ion battery, 65W Type-C Adapter",
Gaming ACER Nitro 5 Tiger An515 58 52sp,acer,Intel,I5,51.0,4.5,16.0,DDR4,3200.0,2048.0,15.6,1920 x 1080,144.0,NVIDIA,2.5,"4-cell, 57.5 Wh",27990000.0
ACER Gaming Aspire 7 A715 76 53pj,acer,Intel,I5,51.0,4.4,16.0,DDR4,3200.0,1024.0,15.6,1920 x 1080,60.0,Intel,2.1,"3-cell, 50Wh",16990000.0
ACER Swift Go 14 Ai Sfg14 73 71zx,acer,Intel,,71.0,3.8,16.0,DDR5,6400.0,512.0,14.0,2880 x 1800,120.0,Intel,1.3,"4 cell 65 Wh , Pin liền",26990000.0
ACER Gaming Aspire 5 A515 58gm 53pz,acer,Intel,I5,51.0,3.4,16.0,DDR4,3200.0,2048.0,15.6,1920 x 1080,60.0,NVIDIA,1.7,50Wh Li-ion,20490000.0
ACER Aspire 7 A715 76g 5806,acer,Intel,I5,12.0,2.0,16.0,DDR4,3200.0,1024.0,15.6,1920 x 1080,144.0,NVIDIA,2.1,"3-cell Li-ion, 50 Wh",22990000.0
Gaming ACER Nitro V Anv15 51 55ca,acer,Intel,I5,51.0,4.6,16.0,DDR5,5200.0,2048.0,15.6,1920 x 1080,144.0,NVIDIA,2.1,"4 cell, 57Wh",27990000.0
Gaming ACER Nitro V Anv15 51 58an,acer,Intel,I5,51.0,4.6,16.0,DDR5,5200.0,2048.0,15.6,1920 x 1080,144.0,NVIDIA,2.1,4 cell - 57 Wh,21490000.0
Gaming ACER Nitro 5 Eagle An515 57 54mv,acer,Intel,I5,51.0,2.6,8.0,DDR4,3200.0,2048.0,15.6,1920 x 1080,144.0,NVIDIA,2.2,"4-cell, 57.5 Wh",26490000.0
ACER Aspire 3 A314 42p R3b3,acer,AMD,Ryzen 7,5.0,4.3,16.0,DDR4,,1024.0,14.0,1920 x 1200,60.0,AMD,1.4,3 cell 50 Wh,13990000.0
ACER Aspire 3 Spin 14 A3sp14 31pt 387z,acer,Intel,I3,,,8.0,DDR5,,512.0,14.0,1920 x 1200,60.0,Intel,1.5,40Wh Li-ion battery,14990000.0
ACER Gaming Aspire 7 A715 76g 73fm,acer,Intel,I7,71.0,,16.0,DDR4,3200.0,1024.0,15.6,1920 x 1080,144.0,NVIDIA,2.1,50 Wh 3-cell Li-ion battery,23990000.0
Gaming ACER Nitro 5 An515 58 52sp 43910,acer,Intel,I5,51.0,3.3,8.0,DDR4,3200.0,2048.0,15.6,1920 x 1080,,NVIDIA,2.5,"4-cell, 57.5 Wh",27990000.0
ACER Aspire 3 A315 58 529v Nx Addsv 00n,acer,Intel,I5,51.0,2.4,8.0,DDR4,2400.0,2048.0,15.6,1920 x 1080,60.0,Intel,1.7,36.7Wh,
Gaming ACER Nitro V Anv16 41 R6na,acer,AMD,Ryzen 7,8.0,3.8,16.0,DDR5,5600.0,2048.0,16.0,1920 x 1200,165.0,NVIDIA,2.5,57Whr 4-cell Adapter: 135W AC adapter,34990000.0
ACER Aspire 7 A715 76g 55t6,acer,Intel,I5,12.0,3.3,16.0,DDR4,3200.0,1024.0,15.6,1920 x 1080,144.0,NVIDIA,2.1,50 Wh Lithium-ion,
Gaming ACER Nitro V Anv16 41 R7en,acer,AMD,Ryzen 7,8.0,3.8,16.0,DDR5,5600.0,4096.0,16.0,1920 x 1200,165.0,NVIDIA,2.5,57Whr 4-cell Adapter: 135W AC adapter,28790000.0
Gaming ACER Nitro V Anv16 41 R36y,acer,AMD,Ryzen 7,8.0,3.8,16.0,DDR5,5600.0,2048.0,16.0,1920 x 1200,165.0,NVIDIA,2.5,57Whr 4-cell Adapter: 135W AC adapter,31990000.0
ACER Gaming Nitro 16 Ai Propanel An16s 61 R193,acer,AMD,,3.0,2.0,16.0,DDR5,5600.0,4096.0,16.0,2560 x 1600,180.0,NVIDIA,2.18,"76Wh 4-cell Li-ion battery, 230W 5.5PHY Adapter",
ACER Gaming Nitro V 16 Ai Propanel Anv16s 61 R7kq,acer,AMD,,3.0,2.0,16.0,DDR5,,4096.0,16.0,1920 x 1200,180.0,NVIDIA,2.1,"76Wh 4-cell Li-ion battery, 135W 5.5PHY Adapter",
ACER Gaming Aspire 7 A715 59g 78wg,acer,Intel,I7,71.0,3.6,16.0,DDR4,3200.0,4096.0,15.6,1920 x 1080,144.0,NVIDIA,2.07,"54.8Wh 4-cell Li-ion, 150W adapter",
ACER Aspire 3 A315 42 R4xd,acer,,Ryzen 5,,2.1,8.0,,,512.0,15.6,,,Intel,1.7,2 cell,
ACER Aspire Go 15 Ag15 72p 54gy,acer,Intel,,,3.8,16.0,DDR4,3200.0,2048.0,15.6,1920 x 1080,60.0,Intel,1.53,"55Wh 3-cell Li-ion, 65W Type-C Adapter",
Gaming ACER Nitro 5 An515 55 5923,acer,Intel,I5,10.0,,8.0,DDR4,2933.0,512.0,15.6,1920 x 1080,,NVIDIA,2.3,Lithium-ion,
ACER Aspire Lite 16 Gen 2 Al16 52p 76du,acer,Intel,I7,13.0,1.7,16.0,DDR5,4800.0,2048.0,16.0,1920 x 1200,60.0,Intel,1.7,"3-cell Li-ion, 58 Wh",
ACER Gaming Predator Helios Neo Phn16 72 78l4,acer,Intel,I7,71.0,3.9,16.0,DDR5,5600.0,1024.0,16.0,2560 x 1600,240.0,NVIDIA,2.8,90Whr 4-cell 230W 5.5Phy Adapter,
ACER Aspire 3 A315 44p R9w8,acer,AMD,Ryzen 7,5.0,1.8,8.0,DDR4,3200.0,2048.0,15.6,1920 x 1080,60.0,AMD,1.7,50 Wh 3-cell Li-ion battery,
Gaming ACER Nitro 5 An515 45 R6ev Nhqbmsv 006,acer,AMD,Ryzen 5,5.0,,16.0,DDR4,3200.0,512.0,15.6,1920 x 1080,,NVIDIA,2.2,"4-cell Li-ion, 57 Wh",
ACER Gaming Nitro V 16 Ai Propanel Anv16s 71 75lr,acer,Intel,,,1.8,32.0,DDR5,5600.0,4096.0,16.0,2560 x 1600,180.0,NVIDIA,2.1,"76Wh 4-cell Li-ion battery, 135W_5.5PHY adapter",
ACER Aspire Go 15 Ag15 72p 35x9,acer,Intel,I3,31.0,3.3,8.0,DDR4,3200.0,2048.0,15.6,1920 x 1080,60.0,Intel,1.53,"55Wh 3-cell Li-ion, 65W Type-C Adapter",
Gaming ACER Nitro V Anv16 41 R6zy,acer,AMD,Ryzen 5,8.0,4.3,16.0,DDR5,5600.0,4096.0,16.0,1920 x 1200,165.0,NVIDIA,2.5,57Whr 4-cell Adapter: 135W AC adapter,27490000.0
ACER Gaming Nitro V 15 Propanel Anv15 52 59rr,acer,Intel,,,3.6,16.0,DDR4,3200.0,2048.0,15.6,1920 x 1080,180.0,NVIDIA,2.1,"76Wh 4-cell Li-ion battery, 135W 5.5PHY Adapter",
ACER Nitro V 16 Propanel Anv16 41 R36y,acer,AMD,Ryzen 7,8.0,3.8,16.0,DDR5,5600.0,2048.0,16.0,1920 x 1200,165.0,NVIDIA,2.5,57Whr 4-cell Adapter: 135W AC adapter,
ACER Gaming Aspire 5 A515 58gm 598j,acer,Intel,I5,51.0,4.6,16.0,DDR4,3200.0,2048.0,15.6,1920 x 1080,144.0,NVIDIA,1.78,50 Wh,
ACER Gaming Aspire 7 A715 76 728x,acer,Intel,I7,12.0,3.5,16.0,DDR4,,512.0,15.6,1920 x 1080,60.0,Intel,2.1,,19990000.0
ACER Aspire 5 A515 58p 56rp,acer,Intel,I5,51.0,3.4,16.0,DDR5,,2048.0,15.6,1920 x 1080,,Intel,1.7,50Wh Li-ion battery,16990000.0
ACER Gaming Nitro V 15 Anv15 41 R732,acer,AMD,Ryzen 5,6.0,3.3,16.0,DDR5,4800.0,4096.0,15.6,1920 x 1080,165.0,NVIDIA,2.1,"57Whr 4-cell, 135W 5.5PHY Adapter",
ACER Gaming Nitro V 16s Propanel Anv16s 41 R337,acer,AMD,Ryzen 7,2.0,3.8,16.0,DDR5,5600.0,4096.0,16.0,1920 x 1200,180.0,NVIDIA,2.1,"76Wh 4-cell Li-ion battery, 135W 5.5PHY Adapter",
ACER Aspire 5 A514 56p 55k5,acer,Intel,I5,51.0,1.3,16.0,DDR5,6400.0,512.0,14.0,1200 x 1920,,Intel,1.5,"3 cell 50 Wh , Pin liền",16990000.0
ACER Gaming Aspire 7 A715 59g 55md,acer,Intel,I5,51.0,3.4,16.0,DDR4,3200.0,4096.0,15.6,1920 x 1080,144.0,NVIDIA,2.07,"54.8Wh 4-cell Li-ion, 150W adapter",
ACER Swift Go 14 Ai Sfg14 75 5264,acer,Intel,,,3.5,16.0,DDR5,8533.0,2048.0,14.0,1920 x 1200,60.0,Intel,1.24,"65Wh 4-cell Li-ion battery, 100W TypeC adapter",
ACER Swift Go 14 Sfg14 41 R251,acer,AMD,Ryzen 5,7.0,4.3,16.0,DDR4,4800.0,1024.0,14.0,1920 x 1080,60.0,AMD,1.25,"50Wh Li-ion, 65W Type-C adapter",
MSI Katana 15 B13vfk 676vn,msi,Intel,I7,71.0,3.6,16.0,DDR5,5200.0,1024.0,15.6,1920 x 1080,144.0,NVIDIA,2.25,"3 cell, 53.5Whr",30990000.0
MSI Katana 15 B13udxk 2270vn 16gb,msi,Intel,I5,51.0,2.6,16.0,DDR5,5200.0,1024.0,15.6,1920 x 1080,144.0,NVIDIA,2.25,3-Cell,22990000.0
MSI Modern 14 C12mo 660vn,msi,Intel,I5,51.0,4.4,16.0,DDR4,3200.0,512.0,14.0,1920 x 1080,,Intel,1.4,39Wh,15990000.0
MSI Gaming Katana A15 Ai B8ve 402vn,msi,AMD,,7.0,,16.0,DDR5,5600.0,512.0,15.6,1920 x 1080,144.0,NVIDIA,2.25,3-Cell 53.5 Battery (Whr),28990000.0
MSI Katana 15 Hx B14wek 286vn,msi,Intel,I5,14.0,,16.0,DDR5,5600.0,4096.0,15.6,2560 x 1440,165.0,NVIDIA,2.4,4 cell 75 Whrs,33690000.0
MSI Modern 14 F13mg 240vncp,msi,Intel,I5,51.0,4.6,16.0,DDR4,3200.0,512.0,14.0,1920 x 1080,60.0,Intel,1.5,3 Cell Int (46.8Wh),14590000.0
MSI Gaming Thin 15 B13uc 3247vn,msi,Intel,I5,51.0,,16.0,DDR4,3200.0,4096.0,15.6,1920 x 1080,144.0,NVIDIA,1.86,3CELLS/3S1P,19590000.0
MSI Katana 15 B13vek 2256vn,msi,Intel,I7,71.0,,16.0,DDR5,5200.0,512.0,15.6,1920 x 1080,144.0,NVIDIA,2.25,"3-cell, 53.5WHr",26990000.0
MSI Stealth A16 Ai A3xwfg 018vn RYZEN Ai 9,msi,AMD,,3.0,2.0,32.0,DDR5,5600.0,1024.0,16.0,2560 x 1600,240.0,NVIDIA,2.1,4 cell / 99.9 Whr,63690000.0
MSI Gaming Thin 15 B13uc 2081vn,msi,Intel,I5,51.0,,16.0,DDR4,3200.0,512.0,15.6,1920 x 1080,144.0,NVIDIA,1.86,3-Cell 52.4 Battery (Whr),20990000.0
MSI Stealth A16 Ai A3xwhg 085vn RYZEN Ai 9,msi,AMD,,3.0,,32.0,DDR5,,1024.0,16.0,2560 x 1600,240.0,NVIDIA,2.1,"4-cell, 99.9 Whr",73990000.0
MSI Cyborg 15 A13uc 2082vn,msi,Intel,I7,71.0,,16.0,DDR5,5600.0,4096.0,15.6,1920 x 1080,144.0,NVIDIA,1.98,3 Cells 53.5 Whrs,20990000.0
MSI Modern 14 F13mg 466vn,msi,Intel,I5,13.0,1.3,24.0,DDR4,3200.0,512.0,14.0,1920 x 1080,60.0,Intel,1.5,"3-cell, 46.8 Wh",15990000.0
MSI Gaming Thin 15 B13ve 2824vn,msi,Intel,I5,51.0,,16.0,DDR4,3200.0,512.0,15.6,1920 x 1080,144.0,NVIDIA,1.86,"3-cell, 52.4WHr",22990000.0
MSI Katana 15 B13udxk 2411vn,msi,Intel,I7,71.0,4.9,16.0,DDR5,5200.0,512.0,15.6,1920 x 1080,144.0,NVIDIA,2.304,3 Cell Int (53.5Wh),24490000.0
MSI Katana 15 B13udxk 2269vn 16gb,msi,Intel,I7,71.0,2.4,16.0,DDR5,5200.0,1024.0,15.6,1920 x 1080,144.0,NVIDIA,2.25,3-Cell,24990000.0
MSI Cyborg 15 B2rwekg 402vn,msi,Intel,,,4.8,16.0,DDR5,5200.0,512.0,15.6,1920 x 1080,144.0,NVIDIA,2.207,4 Cell Int (55.2Wh),27690000.0
MSI Katana 15 B13udxk 2213vn,msi,Intel,I5,51.0,3.5,16.0,DDR5,5200.0,1024.0,15.6,1920 x 1080,144.0,NVIDIA,2.25,"3 cell, 53.5Whr",23490000.0
MSI Katana 15 Hx B14wek 027vn,msi,Intel,I7,71.0,2.2,32.0,DDR5,5600.0,512.0,15.6,2560 x 1440,165.0,NVIDIA,2.4,"4 cell 75 Wh , Pin liền",37690000.0
MSI Gaming Thin 15 B13uc 1411vn 24gb,msi,Intel,I7,71.0,,24.0,DDR4,3200.0,512.0,15.6,1920 x 1080,144.0,NVIDIA,1.86,"3-cell, 52.4WHr",20990000.0
MSI Cyborg 14 A13udx 099vn,msi,Intel,I7,71.0,4.9,16.0,DDR5,5200.0,512.0,14.0,1920 x 1200,144.0,NVIDIA,1.6,"3 cell, 53.5Whr",25390000.0
MSI Modern 14 C12m 241vn,msi,Intel,I7,71.0,4.7,8.0,DDR4,3200.0,512.0,14.0,1920 x 1080,60.0,Intel,1.4,39 Wh,19990000.0
MSI Venture 14 Ai A1mg 005vn,msi,Intel,,,,16.0,DDR5,5600.0,512.0,14.0,2880 x 1800,120.0,Intel,1.7,"4-cell, 55.2WHr",24490000.0
MSI Katana 15 Hx B14wek 295vn,msi,Intel,I9,91.0,1.6,16.0,DDR5,5600.0,512.0,15.6,2560 x 1440,165.0,NVIDIA,2.4,4 cell / 75 Whr,37690000.0
MSI Katana 15 Hx B14wfk 294vn,msi,Intel,I9,91.0,1.6,16.0,DDR5,5600.0,512.0,15.6,2560 x 1440,165.0,NVIDIA,2.4,4 cell / 75 Whr,40190000.0
MSI Prestige 14 Ai Studio C1udxg 058vn,msi,Intel,,,4.8,16.0,DDR5,5600.0,1024.0,14.0,1920 x 1200,144.0,NVIDIA,1.7,4-Cell 90 Whrs,30990000.0
MSI Katana 15 Hx B14wgk 022vn,msi,Intel,I9,91.0,1.6,32.0,DDR5,5600.0,1024.0,15.6,2560 x 1440,165.0,NVIDIA,2.4,4 cell / 75 Whr,48090000.0
MSI Vector 16 Hx Ai A2xwhg 010vn,msi,Intel,,,5.2,16.0,DDR5,5600.0,512.0,16.0,2560 x 1600,240.0,NVIDIA,2.7,4-Cell 90 Whrs (Whr),54990000.0
MSI Prestige 16 Ai Evo B2vmg 016vn,msi,Intel,,,,32.0,DDR5,8533.0,1024.0,16.0,3840 x 2400,60.0,Intel,1.5,"4-cell, 99.9WHr",45990000.0
MSI Sword 16 Hx B14vfkg 045vn,msi,Intel,I7,71.0,2.1,16.0,DDR5,5600.0,1024.0,16.0,2560 x 1600,240.0,NVIDIA,2.3,"4 cell 65 Wh, pin liền",38990000.0
MSI Prestige 13 Ai Ukiyoe Edition A2vmg 075vn,msi,Intel,,,5.1,32.0,DDR5,8533.0,2048.0,13.3,2880 x 1800,60.0,Intel,0.976,4 Cell Int (75Wh),47990000.0
MSI Venture A16 Ai A3hmg 017vn RYZEN Ai 7,msi,AMD,,3.0,,16.0,DDR5,5600.0,512.0,16.0,2048 x 1280,120.0,AMD,1.9,"4-cell, 75WHr",29990000.0
MSI Venture Pro 16 Ai A1veg 003vn,msi,Intel,,,0.9,16.0,DDR5,5600.0,512.0,16.0,2048 x 1280,120.0,NVIDIA,1.9,"4 cell, 55.2Whr",35990000.0
MSI Katana 15 Hx B14wfk 025vn,msi,Intel,I7,14.0,,16.0,DDR5,5600.0,4096.0,15.6,2560 x 1440,165.0,NVIDIA,2.4,4 cell 75 Whrs,38190000.0
MSI Modern 14 C13m 458vn,msi,Intel,I5,51.0,1.3,8.0,DDR4,3200.0,512.0,14.0,1920 x 1080,60.0,Intel,1.4,"3 cell, 39.3Whr",17990000.0
MSI Crosshair 16 Hx D2xwfkg 070vn,msi,Intel,,,5.4,16.0,DDR5,5600.0,1024.0,16.0,2560 x 1600,240.0,NVIDIA,2.5,4 Cell int (240W),46990000.0
MSI Sword 16 Hx B14vekg 459vn,msi,Intel,I7,14.0,,16.0,DDR5,5600.0,1024.0,16.0,1920 x 1200,144.0,NVIDIA,2.3,"4-cell, 65WHr",35990000.0
MSI Sword 16 Hx B14vekg 856vn,msi,Intel,I7,71.0,5.5,16.0,DDR5,5600.0,1024.0,16.0,1920 x 1200,165.0,NVIDIA,2.3,"4-cell, 65WHr",35990000.0
MSI Prestige 13 Ai Evo A2vmg 040vn,msi,Intel,,,,32.0,DDR5,8533.0,1024.0,13.3,2880 x 1800,60.0,Intel,0.99,"4-cell, 75WHr",38990000.0
MSI Crosshair 16 Hx D2xwfkg 036vn,msi,Intel,,,5.2,16.0,DDR5,5600.0,1024.0,16.0,2560 x 1600,240.0,NVIDIA,2.5,4 Cell int (240W),44990000.0
MSI Prestige 13 Ai Evo A2vmg 062vn,msi,Intel,,,1.0,32.0,DDR5,8533.0,1024.0,13.3,2880 x 1800,60.0,Intel,0.97,4 Cell Int (75Wh),36990000.0
MSI Raider 18 Hx Ai A2xwig 033vn,msi,Intel,,,2.8,64.0,DDR5,6400.0,4096.0,18.0,3840 x 2400,120.0,NVIDIA,3.6,4-Cell  99.9 Whrs (Whr),129990000.0
MSI Gaming Thin 15 B12uc 1416vn 16gb,msi,Intel,I5,51.0,,16.0,DDR4,3200.0,512.0,15.6,1920 x 1080,144.0,NVIDIA,1.86,"3-cell, 52.4WHr",19490000.0
MSI Katana 15 B13vfk 2099vn,msi,Intel,I7,71.0,1.8,32.0,DDR5,5200.0,1024.0,15.6,1920 x 1080,144.0,NVIDIA,2.25,3 cell / 53.5 Whr,32990000.0
MSI Katana 15 Hx B14wfk 267vn,msi,Intel,I7,14.0,,32.0,DDR5,5600.0,4096.0,15.6,2560 x 1440,165.0,NVIDIA,2.4,4 cell 75 Whrs,40190000.0
MSI Prestige 14 Evo B13m 401vn,msi,Intel,I5,13.0,2.6,16.0,DDR5,4800.0,512.0,14.0,1920 x 1200,60.0,Intel,1.49,4-Cell 72 Battery (Whr),19990000.0
MSI Gaming Gf63 Thin 11uc 1228vn,msi,Intel,I7,71.0,2.3,8.0,DDR4,3200.0,512.0,15.6,1920 x 1080,144.0,NVIDIA,1.85,3-Cell 52.4 (Whr),20990000.0
MSI Prestige 13 Ai Evo A1mg 240vn,msi,Intel,,,50.0,32.0,DDR5,8533.0,512.0,13.3,2880 x 1800,60.0,Intel,0.96,4 Cell Int (75Wh),30990000.0
MSI Modern 14 B11mou 1033vn,msi,Intel,I7,71.0,2.9,8.0,DDR4,3200.0,512.0,14.0,1920 x 1080,60.0,Intel,1.3,3-Cell 39WHrs,21990000.0
MSI Prestige 14 Ai Studio C1veg 056vn,msi,Intel,,,4.8,32.0,DDR5,5600.0,1024.0,14.0,2880 x 1800,60.0,NVIDIA,1.7,4-Cell 90 Whrs,36990000.0
MSI Katana 15 B13vek 2256vn 32gb,msi,Intel,I7,71.0,,32.0,DDR5,5200.0,512.0,15.6,1920 x 1080,144.0,NVIDIA,2.25,"3-cell, 53.5WHr",26990000.0
MSI Crosshair 16 Hx D2xwfkg 078vn,msi,Intel,,,5.2,32.0,DDR5,5600.0,1024.0,16.0,2560 x 1600,240.0,NVIDIA,2.5,4 Cell int (240W),46990000.0
MSI Modern 14 B11mou 1065vn,msi,Intel,I7,71.0,2.9,8.0,DDR4,3200.0,512.0,14.0,1920 x 1080,,Intel,1.3,"3 Cell, 39Whr",16100000.0
MSI Gaming Gf63 Thin 11uc 1230vn,msi,Intel,I5,51.0,,8.0,DDR4,3200.0,512.0,15.6,1920 x 1080,,NVIDIA,1.86,3-Cell 52.4 (Whr),
MSI Modern 14 B11mou 1030vn,msi,Intel,I3,31.0,,8.0,DDR4,3200.0,256.0,14.0,1920 x 1080,,Intel,1.3,"3 cell , 39Whr",14990000.0
MSI Prestige 13 Evo A13m 081vn,msi,Intel,I7,71.0,5.0,16.0,DDR5,4800.0,1024.0,13.3,1920 x 1200,,Intel,0.99,75Wh 4 Cell,
MSI Modern 15 H C2rmg 287vn,msi,Intel,,,5.2,16.0,DDR4,3200.0,1024.0,15.6,1920 x 1080,60.0,Intel,1.946,3 Cell Int (39.3Wh),
MSI Modern 15 H Ai C2hmg 220vn,msi,Intel,,,5.1,16.0,DDR5,5600.0,512.0,15.6,1920 x 1080,60.0,Intel,1.946,3 Cell Int (39.3Wh),
MSI Stealth A16 Ai A3xvgg 208vn,msi,AMD,,3.0,,32.0,DDR5,7500.0,2048.0,16.0,3840 x 2400,120.0,NVIDIA,2.1,"4-cell, 99.9WHr",
MSI Cyborg 15 A12udx 621vn,msi,Intel,I5,51.0,3.3,8.0,DDR5,4800.0,512.0,15.6,1920 x 1080,144.0,NVIDIA,1.98,"3 Cell, 53.5WHrs",
MSI Katana 15 B13udxk 2269vn,msi,Intel,I7,71.0,2.4,8.0,DDR5,5200.0,1024.0,15.6,1920 x 1080,144.0,NVIDIA,2.25,3-Cell,25990000.0
MSI Modern 14 B7m 221vn,msi,AMD,Ryzen 7,7.0,2.0,8.0,DDR4,3200.0,512.0,14.0,1920 x 1080,60.0,AMD,1.4,39.3Wh,
MSI Cyborg 15 A12uc 621vn,msi,Intel,I5,51.0,4.4,8.0,DDR5,4800.0,512.0,15.6,1920 x 1080,144.0,NVIDIA,1.95,"3 cell, 53.5Whr",
MSI Cyborg 15 A13uc 861vn,msi,Intel,I5,51.0,,16.0,DDR5,,512.0,15.6,1920 x 1080,144.0,NVIDIA,1.98,"3 Cell, 53.5 Whr",
MSI Stealth 16 Ai Studio A1vgg 240vn,msi,Intel,,71.0,3.8,32.0,DDR5,5600.0,2048.0,16.0,2560x1600,240.0,NVIDIA,1.99,4-Cell 99.9 Battery (Whr),64990000.0
MSI Katana Gf66 12udk 814vn,msi,Intel,I7,12.0,2.3,16.0,DDR4,3200.0,512.0,15.6,1920 x 1080,144.0,NVIDIA,2.25,"3 cell, 53.5Whr",
MSI Cyborg 15 A13uc 2088vn,msi,Intel,I5,51.0,4.6,16.0,DDR5,5600.0,4096.0,15.6,1920 x 1080,144.0,NVIDIA,1.98,3-Cell,
MSI Cyborg 15 B13wekg 676vn,msi,Intel,I5,51.0,4.6,16.0,DDR5,5600.0,4096.0,15.6,1920 x 1080,144.0,NVIDIA,2.1,4-Cell,
Lg Gram 2024 14z90s G Ah75a5,lg,Intel,,71.0,,16.0,DDR5,6400.0,512.0,14.0,1920 x 1200,60.0,Intel,0.12,"72 Wh Li-Ion Phát lại video: 29,5 giờ JEITA 3.0 (Phát lại video) : 14 giờ JEITA 3.0 (Không hoạt động) : 31 giờ",41390000.0
Lg Gram 2024 Pro 16z90sp K Ah75a5,lg,Intel,,,,16.0,DDR5,7467.0,512.0,16.0,2880 x 1800,120.0,Intel,1.19,"77 Wh Li-Ion (GM), 90Wh Li-Ion (PM)",51400000.0
Lg Gram 2024 14z90s G Ah55a5,lg,Intel,,,,16.0,DDR5,6400.0,512.0,14.0,1920 x 1200,60.0,Intel,0.12,"72 Wh Li-Ion Phát lại video: 29,5 giờ JEITA 3.0 (Phát lại video) : 14 giờ JEITA 3.0 (Không hoạt động) : 31 giờ",36290000.0
Lg Gram Book 15u50t G Av56a5,lg,Intel,I5,51.0,4.6,16.0,DDR4,3200.0,512.0,15.6,1920 x 1080,60.0,Intel,1.7,51 Wh Li-Ion,16990000.0
Samsung Galaxy Chromebook Go Xe340xda Ka1vn,samsung,Intel,,45.0,1.1,4.0,DDR4,,32.0,14.0,1366 x 768,60.0,Intel,1.145,42.3 Wh (Giá trị điển hình),7290000.0
Samsung Galaxy Chromebook Go Xe310xda Ka1vn,samsung,Intel,,45.0,1.1,4.0,DDR4,,32.0,11.6,1366 x 768,60.0,Intel,1.06,40.2 Wh (Giá trị điển hình),5990000.0
Apple MACBOOK Air 13 M4 10cpu 8gpu 16gb 256gb 2025,macbook,,,,,16.0,,,256.0,13.6,2560 x 1664,,,1.24,Thời gian xem video trực tuyến lên đến 18 giờ Thời gian duyệt web trên mạng không dây lên đến 15 giờ Pin Li-Po 53.8 watt‑giờ tích hợp,26990000.0
MACBOOK Air M2 2022 16gb,macbook,,,,,16.0,,,256.0,13.6,2560 x 1664,,,1.27,"52,6 Wh",24990000.0
MACBOOK Pro 14 Inch M4 Pro 24gb 512gb,macbook,,,,,24.0,,,512.0,14.2,3024 x 1964,120.0,,1.6,Pin Li-Po 72.4 watt-giờ Thời gian xem video trực tuyến lên đến 22 giờ Thời gian duyệt web trên mạng không dây lên đến 14 giờ,51990000.0
Apple MACBOOK Air 13 M4 10cpu 8gpu 16gb 256gb 2025 Sac 70w,macbook,,,,,16.0,,,256.0,13.6,2560 x 1664,,,1.24,Thời gian xem video trực tuyến lên đến 18 giờ Thời gian duyệt web trên mạng không dây lên đến 15 giờ Pin Li-Po 53.8 watt‑giờ tích hợp,27990000.0
Apple MACBOOK Air 13 M4 10cpu 10gpu 16gb 512gb 2025,macbook,,,,,16.0,,,512.0,13.6,2560 x 1664,,,1.24,Thời gian xem video trực tuyến lên đến 18 giờ Thời gian duyệt web trên mạng không dây lên đến 15 giờ Pin Li-Po 53.8 watt‑giờ tích hợp,31990000.0
Apple MACBOOK Air 13 M4 10cpu 10gpu 16gb 512gb 2025 Sac 70w,macbook,,,,,16.0,,,512.0,13.6,2560 x 1664,,,1.24,Thời gian xem video trực tuyến lên đến 18 giờ Thời gian duyệt web trên mạng không dây lên đến 15 giờ Pin Li-Po 53.8 watt‑giờ tích hợp,32990000.0
Apple MACBOOK Air 13 M4 10cpu 10gpu 24gb 512gb 2025,macbook,,,,,24.0,,,512.0,13.6,2560 x 1664,,,1.24,Thời gian xem video trực tuyến lên đến 18 giờ Thời gian duyệt web trên mạng không dây lên đến 15 giờ Pin Li-Po 53.8 watt‑giờ tích hợp,36990000.0
Apple MACBOOK Air 15 M4 10cpu 10gpu 16gb 256gb 2025,macbook,,,,,16.0,,,256.0,15.3,2880 x 1864,,,1.51,Thời gian xem video trực tuyến lên đến 18 giờ Thời gian duyệt web trên mạng không dây lên đến 15 giờ Pin Li-Po 66.5 watt‑giờ tích hợp,31990000.0
Apple MACBOOK Air 15 M4 10cpu 10gpu 16gb 512gb 2025,macbook,,,,,16.0,,,512.0,15.3,2880 x 1864,,,1.51,Thời gian xem video trực tuyến lên đến 18 giờ Thời gian duyệt web trên mạng không dây lên đến 15 giờ Pin Li-Po 66.5 watt‑giờ tích hợp,36990000.0
MACBOOK Air M3 13 Inch 2024,macbook,,,,,8.0,,,256.0,13.6,,,,,,27990000.0
MACBOOK Pro 14 Inch M4 24gb 1tb,macbook,,,,,24.0,,,1024.0,14.2,3024 x 1964,120.0,,1.55,Pin Li-Po 72.4 watt-giờ Thời gian xem video trực tuyến lên đến 24 giờ Thời gian duyệt web trên mạng không dây lên đến 16 giờ,49990000.0
MACBOOK Pro 16 Inch M4 Max 48gb 1tb,macbook,,,,,48.0,,,1024.0,16.2,3456 x 2234,120.0,,2.15,Pin Li-Po 100 watt-giờ Thời gian xem video trực tuyến lên đến 21 giờ Thời gian duyệt web trên mạng không dây lên đến 14 giờ,103740000.0
Apple MACBOOK Air 13 M4 10cpu 10gpu 24gb 512gb 2025 Sac 70w,macbook,,,,,24.0,,,512.0,13.6,2560 x 1664,,,,Thời gian xem video trực tuyến lên đến 18 giờ Thời gian duyệt web trên mạng không dây lên đến 15 giờ Pin Li-Po 53.8 watt‑giờ tích hợp,37990000.0
MACBOOK Pro 14 Inch M4 Pro 12 Cpu 16 Gpu 24gb 512gb Sac 96w,macbook,,,,,24.0,,,512.0,14.2,3024 x 1964,120.0,,1.6,Pin Li-Po 72.4 watt-giờ Thời gian xem video trực tuyến lên đến 22 giờ Thời gian duyệt web trên mạng không dây lên đến 14 giờ,52490000.0
Apple MACBOOK Air 15 M4 10cpu 10gpu 16gb 256gb 2025 Sac 70w,macbook,,,,,16.0,,,256.0,15.3,2880 x 1864,,,1.51,Thời gian xem video trực tuyến lên đến 18 giờ Thời gian duyệt web trên mạng không dây lên đến 15 giờ Pin Li-Po 66.5 watt‑giờ tích hợp,32990000.0
MACBOOK Pro 16 M4 Pro 14 Cpu 20 Gpu 24gb 1tb 2024 Sac 140w,macbook,,,,,24.0,,,1024.0,16.2,3456 x 2234,120.0,,2.14,Pin Li-Po 100 watt-giờ Thời gian xem video trực tuyến lên đến 24 giờ Thời gian duyệt web trên mạng không dây lên đến 17 giờ,71890000.0
Apple MACBOOK Air 15 M4 10cpu 10gpu 24gb 512gb 2025 Sac 70w,macbook,,,,,24.0,,,512.0,15.3,2880 x 1864,,,1.51,Thời gian xem video trực tuyến lên đến 18 giờ Thời gian duyệt web trên mạng không dây lên đến 15 giờ Pin Li-Po 66.5 watt‑giờ tích hợp,42990000.0
MACBOOK Pro 14 Inch M4 16gb 1tb,macbook,,,,,16.0,,,1024.0,14.2,3024 x 1964,120.0,,1.55,Pin Li-Po 72.4 watt-giờ Thời gian xem video trực tuyến lên đến 24 giờ Thời gian duyệt web trên mạng không dây lên đến 16 giờ,44990000.0
Apple MACBOOK Air 15 M4 10cpu 10gpu 16gb 512gb 2025 Sac 70w,macbook,,,,,16.0,,,512.0,15.3,2880 x 1864,,,1.51,Thời gian xem video trực tuyến lên đến 18 giờ Thời gian duyệt web trên mạng không dây lên đến 15 giờ Pin Li-Po 66.5 watt‑giờ tích hợp,37990000.0
MACBOOK Pro 16 Inch M4 Pro 24gb 512gb,macbook,,,,,24.0,,,512.0,16.2,3456 x 2234,120.0,,2.14,Pin Li-Po 100 watt-giờ Thời gian xem video trực tuyến lên đến 24 giờ Thời gian duyệt web trên mạng không dây lên đến 17 giờ,66990000.0
MACBOOK Pro M4 Pro 14 Inch 12cpu 16gpu 24gb 512gb Nano,macbook,,,,,24.0,,,512.0,14.2,3024 x 1964,120.0,,1.6,Pin Li-Po 72.4 watt-giờ Thời gian xem video trực tuyến lên đến 22 giờ Thời gian duyệt web trên mạng không dây lên đến 14 giờ,55660000.0
MACBOOK Pro 16 Inch M4 Pro 48gb 512gb,macbook,,,,,48.0,,,512.0,16.2,3456 x 2234,120.0,,2.14,Pin Li-Po 100 watt-giờ Thời gian xem video trực tuyến lên đến 24 giờ Thời gian duyệt web trên mạng không dây lên đến 17 giờ,76790000.0
MACBOOK Pro M4 Pro 14 Inch 14cpu 20gpu 24gb 1tb Nano,macbook,,,,,24.0,,,1024.0,14.2,3024 x 1964,120.0,,1.6,Pin Li-Po 72.4 watt-giờ Thời gian xem video trực tuyến lên đến 22 giờ Thời gian duyệt web trên mạng không dây lên đến 14 giờ,65460000.0
MACBOOK Air 15 Inch M4 10cpu 10gpu 24gb 256gb 2025 Sac 70w,macbook,,,,,24.0,,,256.0,15.3,2880 x 1864,,,1.51,Thời gian xem video trực tuyến lên đến 18 giờ Thời gian duyệt web trên mạng không dây lên đến 15 giờ Pin Li-Po 66.5 watt‑giờ tích hợp,
MACBOOK Pro 14 Inch M5 24gb 1tb,macbook,,,,,24.0,,,1024.0,14.2,3024 x 1964,120.0,,1.55,Thời gian xem video trực tuyến lên đến 24 giờ Thời gian duyệt web trên mạng không dây lên đến 16 giờ Pin Li-Po 72.4 watt-giờ,
MACBOOK Pro 14 Inch M5 10 Cpu 10 Gpu 32gb 1tb Nano,macbook,,,,,32.0,,,1024.0,14.2,3024 x 1964,120.0,,1.55,Thời gian xem video trực tuyến lên đến 24 giờ Thời gian duyệt web trên mạng không dây lên đến 16 giờ Pin Li-Po 72.4 watt-giờ,
MACBOOK Pro M4 Max 14 Inch 14cpu 32gpu 36gb 1tb Nano,macbook,,,,,36.0,,,1024.0,14.2,3024 x 1964,120.0,,1.62,Pin Li-Po 72.4 watt-giờ Thời gian xem video trực tuyến lên đến 18 giờ Thời gian duyệt web trên mạng không dây lên đến 13 giờ,85060000.0
MACBOOK Pro 14 Inch M5 10 Cpu 10 Gpu 24gb 512gb,macbook,,,,,24.0,,,512.0,14.2,3024 x 1964,120.0,,1.55,Thời gian xem video trực tuyến lên đến 24 giờ Thời gian duyệt web trên mạng không dây lên đến 16 giờ Pin Li-Po 72.4 watt-giờ,
MACBOOK Pro 14 Inch M5 16gb 1tb,macbook,,,,,16.0,,,1024.0,14.2,3024 x 1964,120.0,,1.55,Thời gian xem video trực tuyến lên đến 24 giờ Thời gian duyệt web trên mạng không dây lên đến 16 giờ Pin Li-Po 72.4 watt-giờ,
MACBOOK Pro 14 Inch M5 10 Cpu 10 Gpu 32gb 512gb Nano,macbook,,,,,32.0,,,512.0,14.2,3024 x 1964,120.0,,1.55,Thời gian xem video trực tuyến lên đến 24 giờ Thời gian duyệt web trên mạng không dây lên đến 16 giờ Pin Li-Po 72.4 watt-giờ,
MACBOOK Pro 14 Inch M5 10 Cpu 10 Gpu 24gb 512gb Nano,macbook,,,,,24.0,,,512.0,14.2,3024 x 1964,120.0,,1.55,Thời gian xem video trực tuyến lên đến 24 giờ Thời gian duyệt web trên mạng không dây lên đến 16 giờ Pin Li-Po 72.4 watt-giờ,
MACBOOK Pro 14 Inch M5 16gb 512gb,macbook,,,,,16.0,,,512.0,14.2,3024 x 1964,120.0,,1.55,Thời gian xem video trực tuyến lên đến 24 giờ Thời gian duyệt web trên mạng không dây lên đến 16 giờ Pin Li-Po 72.4 watt-giờ,
MACBOOK Pro 14 Inch M5 10 Cpu 10 Gpu 16gb 512gb Nano,macbook,,,,,16.0,,,512.0,14.2,3024 x 1964,120.0,,1.55,Thời gian xem video trực tuyến lên đến 24 giờ Thời gian duyệt web trên mạng không dây lên đến 16 giờ Pin Li-Po 72.4 watt-giờ,
MACBOOK Pro 14 Inch M5 10 Cpu 10 Gpu 32gb 512gb,macbook,,,,,32.0,,,512.0,14.2,3024 x 1964,120.0,,1.55,Thời gian xem video trực tuyến lên đến 24 giờ Thời gian duyệt web trên mạng không dây lên đến 16 giờ Pin Li-Po 72.4 watt-giờ,
MACBOOK Pro M4 Pro 14 Inch 14cpu 20gpu 24gb 512gb Nano,macbook,,,,,24.0,,,512.0,14.2,3024 x 1964,120.0,,1.6,Pin Li-Po 72.4 watt-giờ Thời gian xem video trực tuyến lên đến 22 giờ Thời gian duyệt web trên mạng không dây lên đến 14 giờ,60560000.0
MACBOOK Air M2 2022,macbook,,,,,8.0,,,256.0,13.6,2560 x 1664,,,1.27,"52,6 Wh",24990000.0
MACBOOK Pro 14 Inch M3 Max 96gb 512gb Sac 96w,macbook,,,,,96.0,,,512.0,14.2,3024 x 1964,120.0,,1.55,"Pin Li-Po 72,4 watt-giờ",95990000.0
MACBOOK Pro 14 Inch M4 16gb 512gb,macbook,,,,,16.0,,,512.0,14.2,3024 x 1964,120.0,,1.55,Pin Li-Po 72.4 watt-giờ Thời gian xem video trực tuyến lên đến 24 giờ Thời gian duyệt web trên mạng không dây lên đến 16 giờ,39990000.0
MACBOOK Pro M4 14 Inch 10cpu 10gpu 24gb 512gb,macbook,,,,,24.0,,,512.0,14.2,3024 x 1964,120.0,,1.55,Pin Li-Po 72.4 watt-giờ Thời gian xem video trực tuyến lên đến 24 giờ Thời gian duyệt web trên mạng không dây lên đến 16 giờ,44990000.0
MACBOOK Air 2020 M1,macbook,,,,,8.0,DDR4,,256.0,13.3,2560 x 1600,,,1.29,"49.9-watt lithium-polymer, củ sạc công suất 30W",22990000.0
MACBOOK Air M2 2022 16gb 256gb 10gpu,macbook,,,,,16.0,,,256.0,13.6,2560 x 1664,,,1.24,"52,6 Wh",27490000.0
MACBOOK Air M2 2022 16gb 512gb Sac 70w,macbook,,,,,16.0,,,512.0,13.6,2560 x 1664,,,1.27,"52,6 Wh",29990000.0
MACBOOK Pro 16 Inch M3 Pro 36gb 512gb 2023,macbook,,,,,36.0,,,512.0,16.2,3024 x 1964,120.0,,55.0,,
Apple MACBOOK Pro 14 M4 10 Cpu 10 Gpu 16gb 512gb 2024 Nano,macbook,,,,,16.0,,,512.0,14.2,3024 x 1964,120.0,,1.55,Pin Li-Po 72.4 watt-giờ Thời gian xem video trực tuyến lên đến 24 giờ Thời gian duyệt web trên mạng không dây lên đến 16 giờ,43790000.0
MACBOOK Air M3 13 Inch 2024 16gb 256gb 10gpu,macbook,,,,,16.0,,,256.0,13.6,,,,,,30490000.0
MACBOOK Pro M4 Max 16 Inch 14cpu 32gpu 36gb 1tb Nano,macbook,,,,,36.0,,,1024.0,16.2,3456 x 2234,120.0,,2.15,Pin Li-Po 100 watt-giờ Thời gian xem video trực tuyến lên đến 21 giờ Thời gian duyệt web trên mạng không dây lên đến 14 giờ,95160000.0
MACBOOK Pro 14 Inch M4 Max 36gb 1tb,macbook,,,,,36.0,,,1024.0,14.2,3024 x 1964,120.0,,1.62,Pin Li-Po 72.4 watt-giờ Thời gian xem video trực tuyến lên đến 18 giờ Thời gian duyệt web trên mạng không dây lên đến 13 giờ,81390000.0
MACBOOK Air 13 M3 24gb 512gb 2024 Sac 35w,macbook,,,,,24.0,,,512.0,13.6,,,,,,37990000.0
MACBOOK Air M3 13 Inch 2024 16gb 512gb,macbook,,,,,16.0,,,512.0,13.6,,,,,,32990000.0
MACBOOK Pro 14 Inch M4 10 Cpu 10 Gpu 16gb 512gb Sac 96w,macbook,,,,,16.0,,,512.0,14.2,3024 x 1964,120.0,,1.55,Pin Li-Po 72.4 watt-giờ Thời gian xem video trực tuyến lên đến 24 giờ Thời gian duyệt web trên mạng không dây lên đến 16 giờ,39760000.0
MACBOOK Air M3 13 Inch 2024 16gb 256gb,macbook,,,,,16.0,,,256.0,13.6,,,,,,27990000.0
MACBOOK Pro 16 Inch M3 Pro 2023 36gb 1tb,macbook,,,,,36.0,,,1024.0,16.2,3024 x 1964,120.0,,55.0,,79990000.0
MACBOOK Air 15 M3 24gb 512gb 2024 35w,macbook,,,,,24.0,,,512.0,15.3,,,,,,42990000.0
Apple MACBOOK Pro 14 M4 Pro 14 Cpu 20 Gpu 48gb 1tb 2024,macbook,,,,,48.0,,,1024.0,14.2,3024 x 1964,120.0,,1.6,Pin Li-Po 72.4 watt-giờ Thời gian xem video trực tuyến lên đến 22 giờ Thời gian duyệt web trên mạng không dây lên đến 14 giờ,
MACBOOK Pro 2020 13 Inch Touch Bar M1 512gb,macbook,,,,,8.0,,,512.0,13.3,2560 x 1600,,,1.4,"58.2-watt-hour lithium-polymer, 61W USB-C Power Adapter",41990000.0
MACBOOK Air M3 15 Inch 2024 16gb 256gb,macbook,,,,,16.0,,,256.0,15.3,,,,,,32990000.0
MACBOOK Pro 14 M4 Pro 14 Cpu 20 Gpu 24gb 1tb 2024 Sac 96w,macbook,,,,,24.0,,,1024.0,14.2,3024 x 1964,120.0,,1.6,Pin Li-Po 72.4 watt-giờ Thời gian xem video trực tuyến lên đến 22 giờ Thời gian duyệt web trên mạng không dây lên đến 14 giờ,
MACBOOK Pro 14 Inch M3 2023 8gb 512gb,macbook,,,,,8.0,,,512.0,14.2,3024 x 1964,120.0,,55.0,70Wh,39990000.0
MACBOOK Pro 16 Inch M3 Max 2023 36gb 1tb,macbook,,,,,36.0,,,1024.0,16.2,3024 x 1964,120.0,,16.0,"Pin Li-Po 72,4 watt-giờ",89990000.0
MACBOOK Pro 16 Inch M2 Pro 2023,macbook,,,,,16.0,,,2048.0,16.0,3456 x 2234,,,2.1,70Wh Sạc 96W,65990000.0
MACBOOK Air 2020 M1 512gb,macbook,,,,,8.0,,,512.0,13.3,2560 x 1600,,,1.29,"49.9-watt-hour lithium-polymer, củ sạc công suất 30W",
Apple MACBOOK Pro 16 M4 Pro 14 Cpu 20 Gpu 48gb 1tb 2024,macbook,,,,,48.0,,,1024.0,16.2,3456 x 2234,120.0,,2.14,Pin Li-Po 100 watt-giờ Thời gian xem video trực tuyến lên đến 24 giờ Thời gian duyệt web trên mạng không dây lên đến 17 giờ,81690000.0
MACBOOK Air 15 Inch M2 2023 16gb 256gb,macbook,,,,,16.0,,,256.0,15.0,,,,1.51,Lên đến 18 giờ,37990000.0
MACBOOK Pro 16 Inch M4 Pro 14 Cpu 20 Gpu 48gb 1tb 2024,macbook,,,,,48.0,,,1024.0,16.2,3456 x 2234,120.0,,2.14,Pin Li-Po 100 watt-giờ Thời gian xem video trực tuyến lên đến 24 giờ Thời gian duyệt web trên mạng không dây lên đến 17 giờ,
MACBOOK Air M3 13 Inch 8cpu 10gpu 24gb 512gb Sac 70w,macbook,,,,,24.0,,,512.0,13.6,,,,,,37990000.0
MACBOOK Air 13 Inch M3 24gb 256gb 2024 Sac 30w,macbook,,,,,24.0,,,256.0,13.6,,,,,,32990000.0
MACBOOK Pro M4 Pro 16 Inch 14cpu 20gpu 24gb 512gb Nano,macbook,,,,,24.0,,,512.0,16.2,3456 x 2234,120.0,,2.14,Pin Li-Po 100 watt-giờ Thời gian xem video trực tuyến lên đến 24 giờ Thời gian duyệt web trên mạng không dây lên đến 17 giờ,70660000.0
MACBOOK Air 13 Inch M3 2023 24gb 1tb,macbook,,,,,24.0,,,1024.0,13.6,,,,1.24,,
MACBOOK Pro 14 Inch M3 Pro 36gb 512gb Sac 70w,macbook,,,,,36.0,,,512.0,14.2,3024 x 1964,120.0,,1.55,"Pin Li-Po 72,4 watt-giờ",59990000.0
MACBOOK Pro 14 Inch M3 Pro 2023 18gb 2tb,macbook,,,,,18.0,,,2048.0,14.2,3024 x 1964,120.0,,1.61,70Wh,64990000.0
MACBOOK Pro 14 Inch M3 Pro 2023 36gb 1tb Sac 70w,macbook,,,,,36.0,,,1024.0,14.2,3024 x 1964,120.0,,1.55,"Thời gian xem phim trên ứng dụng Apple TV lên đến 18 giờ Pin Li-Po 72,4 watt-giờ",
MACBOOK Air M3 15 Inch 24gb 512gb 2024 Sac 70w,macbook,,,,,24.0,,,512.0,15.3,,,,,,42990000.0
MACBOOK Air 15 Inch M3 16gb 1tb 2024 Sac 70w,macbook,,,,,16.0,,,1024.0,15.3,2880 x 1864,60.0,,1.51,Pin Li-Po 66.5 watt-giờ,
Apple MACBOOK Pro 14 M4 10cpu 10gpu 16gb 512gb 2024 Sac 96w,macbook,,,,,16.0,,,512.0,14.2,3024 x 1964,120.0,,1.55,Pin Li-Po 72.4 watt-giờ Thời gian xem video trực tuyến lên đến 24 giờ Thời gian duyệt web trên mạng không dây lên đến 16 giờ,
Apple MACBOOK Air 13 M3 8cpu 10gpu 16gb 1tb 2024,macbook,,,,,16.0,,,1024.0,13.6,,,,,,37990000.0
MACBOOK Pro 14 Inch M2 Max 64gb 2023,macbook,,,,,64.0,,,1024.0,14.2,3024 x 1964,,,1.6,70Wh Đi kèm củ sạc 96W,92990000.0
MACBOOK Pro M4 Pro 14 Inch 12cpu 16gpu 48gb 512gb 2024,macbook,,,,,,,,,,,,,,,
GIGABYTE Gaming A16 Ga6h Cthi3vn893sh,gigabyte,Intel,I7,71.0,4.9,16.0,DDR5,5200.0,4096.0,16.0,1920 x 1200,165.0,NVIDIA,2.23,4 Cell Int (76.1Wh),30990000.0
GIGABYTE G6 Mf H2ph853kh,gigabyte,Intel,I7,71.0,3.6,16.0,DDR5,4800.0,4096.0,16.0,1920 x 1200,165.0,NVIDIA,2.279,4 Cell Int (54Wh),25190000.0
GIGABYTE Gaming A16 Ga6h Cmhi2vn893sh,gigabyte,Intel,I7,71.0,4.9,16.0,DDR5,5200.0,4096.0,16.0,1920 x 1200,165.0,NVIDIA,2.204,4 Cell Int (76.1Wh),27290000.0
GIGABYTE Aero X16 Eg61h X161vh93vnc64ah RYZEN Ai 7,gigabyte,AMD,,3.0,2.0,32.0,DDR5,5600.0,1024.0,16.0,2560 x 1600,165.0,NVIDIA,1.99,Li Polymer 76Wh,39690000.0
GIGABYTE Gaming A16 Ga6h Cmhh2vn893sh,gigabyte,Intel,I5,51.0,4.6,16.0,DDR5,5200.0,4096.0,16.0,1920 x 1200,165.0,NVIDIA,2.212,4 Cell Int (76.1Wh),24990000.0
GIGABYTE Gaming A16 Ga6h Cthh3vn893sh,gigabyte,Intel,I5,51.0,4.6,16.0,DDR5,5200.0,4096.0,16.0,1920 x 1200,165.0,NVIDIA,2.227,4 Cell Int (76.1Wh),30590000.0
GIGABYTE Gaming A16 Ga6h Cvhi3vnc94sh,gigabyte,Intel,I7,71.0,4.9,16.0,DDR5,5200.0,1024.0,15.6,2560 x 1600,165.0,NVIDIA,2.268,4 Cell Int (76.1Wh),36490000.0
GIGABYTE Aorus Master 16 Am6h Byhc5vne64sh,gigabyte,Intel,,,5.4,32.0,DDR5,5600.0,1024.0,16.0,2560 x 1600,240.0,NVIDIA,2.5,99Wh,96590000.0
GIGABYTE Aorus 16x 9rx6lasgddjixdvn010,gigabyte,Intel,I7,14.0,20.0,16.0,DDR5,5600.0,1024.0,16.0,2560x1600,165.0,NVIDIA,2.345,Li Polymer 99Wh,45990000.0
GIGABYTE Gaming A16 Ga6h Cwhi3vnc94sh,gigabyte,Intel,I7,71.0,4.9,16.0,DDR5,5200.0,1024.0,16.0,2560 x 1600,165.0,NVIDIA,2.268,4 Cell Int (76.1Wh),42590000.0
GIGABYTE G6 Kf 9rc56kf0hjjanivn000,gigabyte,Intel,I7,71.0,4.9,16.0,DDR5,4800.0,1024.0,16.0,1920 x 1200,165.0,NVIDIA,2.275,Lithium-Ion 54Wh,30990000.0
GIGABYTE Aero X16 Eg61h X161vh93vnc94dh RYZEN Ai 7,gigabyte,AMD,,3.0,2.0,16.0,DDR5,5600.0,1024.0,16.0,2560 x 1600,165.0,NVIDIA,1.985,Li Polymer 76Wh,38690000.0
GIGABYTE G6 Kf 73vn854kh,gigabyte,Intel,I7,71.0,5.0,16.0,DDR5,4800.0,1024.0,16.0,1920 x 1200,165.0,NVIDIA,2.299,Lithium-Ion 54Wh,28290000.0
GIGABYTE G5 Md 51s1123sh,gigabyte,Intel,I5,11.0,,16.0,DDR4,3200.0,512.0,15.6,1920 x 1080,144.0,NVIDIA,2.2,4 Cell 150 W,
GIGABYTE G5 Mf5 52vn353sh,gigabyte,Intel,I5,51.0,2.6,16.0,DDR5,4800.0,512.0,15.6,1920 x 1080,144.0,,2.0,"54 Wh, Pin liền",
GIGABYTE G5 Ke 52vn263sh,gigabyte,Intel,I5,51.0,2.5,8.0,DDR4,3200.0,512.0,15.6,1920 x 1080,144.0,NVIDIA,1.99,4 Cell 54WHrs,
GIGABYTE G5 Kf5 53vn383sh,gigabyte,Intel,I5,51.0,4.7,8.0,DDR5,4800.0,512.0,15.6,1920 x 1080,144.0,NVIDIA,2.08,54WHrs,26290000.0
GIGABYTE Gaming A16 Ga6h Cvhi3vn893sh,gigabyte,Intel,I7,71.0,4.9,16.0,DDR5,5200.0,4096.0,16.0,1920 x 1200,165.0,NVIDIA,2.233,4 Cell Int (76.1Wh),34590000.0
GIGABYTE G5 Mf5 9rc55mf5feid91vn0d0,gigabyte,Intel,I5,51.0,4.7,8.0,DDR5,4800.0,4096.0,15.6,1920 x 1080,144.0,NVIDIA,2.107,Lithium-Ion 54Wh,
HP Victus 15 Fb3115ax Bx9c9pa,HP,AMD,Ryzen 7,7445HS,4.7,16.0,DDR5,5600.0,512.0,15.6,1920 x 1080,144.0,NVIDIA,2.29,"4-cell, 70 Wh Li-ion",26990000.0
HP Elitebook 6 G1i Bq9n4pt,HP,Intel,Core Ultra 7,255H,5.1,16.0,DDR5,5600.0,512.0,14.0,1920 x 1200,,Intel,1.4,3-cell 56Wh,33990000.0
HP HP 15 Fd0306tu A2nl7pa,HP,Intel,Core i3,1315U,4.5,8.0,DDR4,,256.0,15.6,1920 x 1080,,Intel,1.59,"3-cell, 41 Wh Li-ion",13990000.0
HP 250r G9 B93h2at,HP,Intel,Core i5,1334U,4.6,8.0,DDR4,,512.0,15.6,1920 x 1080,,Intel,1.74,3-cell 41Wh,17900000.0
HP Elitebook 6 G1i Bq9m9pt,HP,Intel,Core Ultra 5,225H,4.9,16.0,DDR5,5600.0,512.0,14.0,1920 x 1200,,Intel,1.4,3-cell 56Wh,28990000.0
HP Elitebook 640 G10 Bh3e3pt,HP,Intel,Core i5,1335U,4.6,16.0,,3200.0,512.0,14.0,1920 x 1080,,Intel,1.41,"3-cell,51 Wh",23990000.0
HP Elitebook 6 G1i 13 Bq9q3pt,HP,Intel,Core Ultra 7,255U,5.2,16.0,DDR5,5600.0,512.0,13.3,1920 x 1200,,Intel,1.3,3-cell 56Wh,33990000.0
HP Victus 15 Fa2731tx B85lnpa,HP,Intel,Core i5,,4.6,16.0,DDR4,3200.0,512.0,15.6,1920 x 1080,144.0,NVIDIA,2.29,"3-cell, 52.5 Wh",23990000.0
Gaming Omen 14 Fb0135tx Ay8v1pa,HP,Intel,Core Ultra 7,155H,4.8,16.0,LPDDR5X,7467.0,1024.0,14.0,2880 x 1800,120.0,NVIDIA,1.63,6 Cell 71WHr,68990000.0
HP Victus 15 Fa2732tx B85lppa,HP,Intel,Core i5,,4.6,16.0,DDR4,3200.0,512.0,15.6,1920 x 1080,144.0,NVIDIA,2.29,"4-cell, 70 Wh",26990000.0
HP Omnibook 5 Flip 14 Fp0057tu Bz7q6pa,HP,Intel,,120U,5.0,16.0,LPDDR5X,,512.0,14.0,1920 x 1200,,Intel,1.62,4-cell 68Wh,27990000.0
HP 14s Ep0110tu 8c5k9pa,HP,Intel,Core i7,1355U,5.0,16.0,,3200.0,512.0,14.0,1920 x 1080,,Intel,1.46,"3-cell, 41 Wh Li-ion",21990000.0
HP Victus 16 R0228tx 9q979pa,HP,Intel,Core i5,,4.7,32.0,,5200.0,512.0,16.1,1920 x 1080,144.0,NVIDIA,2.31,4Cell 70WHrs,33990000.0
HP Omnibook 5 Ai 16 Af1054tu C1mn8pa,HP,Intel,Core Ultra 7,255U,5.2,32.0,LPDDR5,7467.0,512.0,16.0,1920 x 1200,,Intel,,"3-cell Li-ion, 59 Wh",30690000.0
HP Omnibook X Flip 14 Fm0088tu Bz7q2pa,HP,Intel,Core Ultra 5,226V,4.5,16.0,LPDDR5X,8533.0,512.0,14.0,1920 x 1200,,Intel,,"3-cell, 59 Wh",31990000.0
HP Victus 16 R0358tx Ay8x4pa,HP,Intel,Core i7,,5.0,32.0,,5200.0,512.0,16.1,1920 x 1080,165.0,NVIDIA,2.31,4Cell 70WHrs,45990000.0
HP 250r G9 B93h3at,HP,Intel,Core i5,1334U,4.6,16.0,DDR4,,512.0,15.6,1920 x 1080,,Intel,1.74,3-cell 41Wh,17990000.0
HP Victus 16 R0223tx 9q974pa,HP,Intel,Core i7,,5.0,32.0,,5200.0,512.0,16.1,1920 x 1080,144.0,NVIDIA,2.31,4Cell 70WHrs,45990000.0
HP 15 Fd0083tu 8d736pa,HP,Intel,Core i7,1355U,5.0,16.0,DDR4,3200.0,512.0,15.6,1920 x 1080,,Intel,1.59,"3-cell, 41 Wh Li-ion",22590000.0
HP Probook 4 G1i 16 Bq5e4pt,HP,Intel,Core Ultra 7,255H,5.1,16.0,,5600.0,512.0,16.0,1920 x 1200,,Intel,1.74,"3-cell, 56 Wh",33990000.0
HP Probook 4 G1i 16 Bq5e6pt,HP,Intel,Core Ultra 7,255H,5.1,16.0,,5600.0,512.0,16.0,1920 x 1200,,Intel,1.74,"3-cell, 56 Wh",35990000.0
HP Omnibook X Flip 14 Fm0076tu Bz7p6pa,HP,Intel,Core Ultra 7,258V,4.8,32.0,,8533.0,512.0,14.0,1920 x 1200,,Intel,1.38,"3-cell, 59 Wh",37990000.0
HP Omnibook 7 Ai 16 Az0043tu C2cx3pa,HP,Intel,,240H,5.2,32.0,,5600.0,512.0,16.0,1920 x 1200,,Intel,1.91,"4-cell, 70 Wh",31990000.0
HP 15 Fd0823tu C81nmpa,HP,Intel,Core i7,1355U,5.0,16.0,DDR4,3200.0,512.0,15.6,1920 x 1080,,Intel,1.59,"3-cell, 41 Wh Li-ion",21990000.0
HP Omnibook 5 Flip 14 Fp0055tu Bz7q4pa,HP,Intel,,150U,5.4,24.0,LPDDR5,5200.0,512.0,14.0,1920 x 1200,,Intel,1.62,"4-cell, 68 Wh",30990000.0
HP Omnibook 7 Ai 16 Az0038tu C2cx1pa,HP,Intel,,210H,4.8,24.0,DDR5,5200.0,512.0,16.0,1920 x 1200,,Intel,,"4-cell, 70 Wh",27990000.0
HP Zbook Power G11 Mobile Workstation 9a660av,HP,Intel,Core Ultra 7,155H,4.8,32.0,DDR5,5600.0,1024.0,16.0,2560 x 1600,,NVIDIA,2.12,6Cell 83WHrs Li-ion,63990000.0
HP Probook 4 G1i 16 Bq5e1pt,HP,Intel,Core Ultra 7,255U,5.2,16.0,,5600.0,512.0,16.0,1920 x 1200,,Intel,1.74,"3-cell, 56 Wh",33990000.0
HP Probook 4 G1i 16 Bq5d9pt,HP,Intel,Core Ultra 5,225H,4.9,16.0,,5600.0,512.0,16.0,1920 x 1200,,Intel,1.74,"3-cell, 56 Wh",31990000.0
HP Probook 4 G1i 16 Bq5d8pt,HP,Intel,Core Ultra 5,225H,4.9,16.0,,5600.0,512.0,16.0,1920 x 1200,,Intel,1.74,"3-cell, 56 Wh",28990000.0
HP Probook 4 G1i 16 Bq5d4pt,HP,Intel,Core Ultra 5,225U,4.8,16.0,,5600.0,512.0,16.0,1920 x 1200,,Intel,1.74,"3-cell, 56 Wh",26990000.0
HP Probook 440 G10 9h8u6pt,HP,Intel,Core i5,1335U,4.6,16.0,,3200.0,512.0,14.0,1920 x 1080,,Intel,,"3-cell, 51 Wh",22990000.0
HP 14 Ep1179tu C89zspa,HP,Intel,,120U,5.0,16.0,DDR4,3200.0,512.0,14.0,1920 x 1080,,Intel,1.4,"3-cell, 41 Wh Li-ion",18990000.0
HP Elitebook 6 G1i 13 Bq9l8pt,HP,Intel,Core Ultra 5,225U,4.8,16.0,,5600.0,512.0,13.3,1920 x 1200,,Intel,1.3,3-cell 56Wh,27990000.0
HP Pavilion 15 Eg3094tu 8c5l5pa,HP,Intel,Core i5,1335U,4.6,8.0,,3200.0,512.0,15.6,1920 x 1080,,Intel,1.74,"3-cell, 41 Wh Li-ion",19990000.0
HP 250 G10 A06f6pt,HP,Intel,Core i3,1315U,4.5,16.0,DDR4,3200.0,512.0,15.6,1920 x 1080,,Intel,1.52,3Cell 41WHrs,15990000.0
HP Pavilion 15 Eg3095tu 8c5l6pa,HP,Intel,Core i5,1335U,4.6,8.0,,3200.0,512.0,15.6,1920 x 1080,,Intel,1.74,"3-cell, 41 Wh Li-ion",19990000.0
HP Pavilion 15 Eg3099tu 8c5m0pa,HP,Intel,Core i3,1315U,4.5,8.0,,3200.0,256.0,15.6,1920 x 1080,,Intel,1.74,"3-cell, 41 Wh Li-ion",15290000.0
HP Omnibook 7 Aero 13 Bg1087au Bz7s1pa,HP,AMD,,,4.8,16.0,LPDDR5X,7500.0,512.0,13.3,1920 x 1200,,AMD,,3-cell,28990000.0
HP Omnibook 5 16 Ag1067au Bz7u5pa,HP,AMD,,,5.0,16.0,,7500.0,512.0,16.0,1920 x 1200,,AMD,1.79,"3-cell, 59 Wh",28990000.0
HP Omnibook 5 16 Ag1066au Bz7s9pa,HP,AMD,,,5.0,16.0,,7500.0,512.0,16.0,1920 x 1200,,AMD,1.79,"3-cell, 59 Wh",29990000.0
HP Omnibook 5 16 Ag1068au Bz7t0pa,HP,AMD,,,4.8,16.0,,7500.0,512.0,16.0,1920 x 1200,,AMD,1.79,"3-cell, 59 Wh",26999000.0
HP Omnibook 5 16 Ag1069au Bz7t1pa,HP,AMD,,,4.8,16.0,,7500.0,512.0,16.0,1920 x 1200,,AMD,1.79,"3-cell, 59 Wh",25990000.0
HP Omnibook X Flip 14 Fm0086tu Bz7q0pa,HP,Intel,Core Ultra 5,226V,4.5,16.0,LPDDR5X,8533.0,1024.0,14.0,1920 x 1200,,Intel,,"3-cell, 59 Wh",32990000.0
HP Victus 16 R0224tx 9q975pa,HP,Intel,Core i7,,5.0,32.0,,5200.0,512.0,16.1,1920 x 1080,144.0,NVIDIA,2.31,4Cell 70WHrs,38990000.0
HP Elitebook 6 G1i 13 Bq9m6pt,HP,Intel,Core Ultra 7,255U,5.2,16.0,DDR5,5600.0,512.0,13.3,1920 x 1200,,Intel,1.3,3-cell 56Wh,32990000.0
HP 15 Fd1045tu 9z2x1pa,HP,Intel,,120U,5.0,16.0,DDR4,3200.0,512.0,15.6,1920 x 1080,,Intel,1.59,"3-cell, 41 Wh Li-ion",20990000.0
HP 15 Fd1039tu 9z2w7pa,HP,Intel,,150U,5.4,16.0,DDR4,3200.0,512.0,15.6,1920 x 1080,,Intel,1.59,"3-cell, 41 Wh Li-ion",23990000.0
HP 14 Ep1011tu 9z2w3pa,HP,Intel,,120U,5.0,16.0,DDR4,3200.0,512.0,14.0,1920 x 1080,,Intel,,"3-cell, 41 Wh Li-ion",22990000.0
HP Omnibook X 14 Fe1010qu B53kbpa,HP,,,,3.4,16.0,DDR5,,512.0,14.0,2240 x 1400,,,,"3-cell, 59 Wh",35990000.0
HP 14s Ep0112tu 8c5l1pa,HP,Intel,Core i5,1335U,4.6,16.0,,3200.0,512.0,14.0,1920 x 1080,,Intel,1.46,"3-cell, 41 Wh Li-ion",19590000.0
HP Elitebook 6 G1i 13 Bq9m3pt,HP,Intel,Core Ultra 5,225U,4.8,16.0,,5600.0,512.0,13.3,1920 x 1200,,Intel,1.3,3-cell 56Wh,28990000.0
HP Elitebook 640 G10 873g4pa,HP,Intel,Core i5,1335U,4.6,16.0,,3200.0,512.0,14.0,1920 x 1080,,Intel,1.41,"3-cell,51 Wh",25990000.0
HP 14 Ep1009tu 9z2w2pa,HP,Intel,,120U,5.0,16.0,DDR4,3200.0,1024.0,14.0,1920 x 1080,,Intel,1.4,"3-cell, 41 Wh Li-ion",20990000.0
HP Probook 460 G11 A74mqpt,HP,Intel,Core Ultra 5,125H,4.5,16.0,DDR5,5600.0,512.0,16.0,1920 x 1200,,Intel,,"3-cell, 56 Wh Li-ion",26990000.0
HP Pavilion X360 14 Ek2017tu 9z2v5pa,HP,Intel,,120U,5.0,16.0,,3200.0,512.0,14.0,1920 x 1080,,Intel,1.51,"3-cell, 43 Wh Li-ion",26990000.0
HP 15 Fd0235tu 9q970pa,HP,Intel,Core i5,1334U,4.6,16.0,DDR4,3200.0,512.0,15.6,1920 x 1080,,Intel,1.59,"3-cell, 41 Wh Li-ion",19990000.0
HP Envy X360 14 Fa0095au Ay8u5pa,HP,AMD,Ryzen 7,8840HS,5.1,16.0,LPDDR5,6400.0,512.0,14.0,2880 x 1800,120.0,AMD,,"3-cell, 59 Wh",35990000.0
HP 14 Ep1007tu 9z2w1pa,HP,Intel,,150U,5.4,16.0,DDR4,3200.0,512.0,14.0,1920 x 1080,,Intel,,"3-cell, 41 Wh Li-ion",25990000.0
HP Pavilion 16 Af0055tu Ay8c4pa,HP,Intel,Core Ultra 5,125U,4.3,16.0,LPDDR5,6400.0,512.0,16.0,1920 x 1200,,Intel,,"3-cell, 59 Wh",24990000.0
HP Elitebook 630 G11 A7lm7pt,HP,Intel,Core Ultra 5,125U,4.3,16.0,DDR5,5600.0,512.0,13.3,1920 x 1200,,Intel,1.31,"3-cell, 56 Wh",26990000.0
HP Probook 440 G11 A74b4pt,HP,Intel,Core Ultra 5,125U,4.3,8.0,,5600.0,512.0,14.0,1920 x 1200,,Intel,1.39,"3-cell, 56 Wh",23990000.0
HP Pavilion 15 Eg3098tu 8c5l9pa,HP,Intel,Core i3,1315U,4.5,8.0,,3200.0,256.0,15.6,1920 x 1080,,Intel,1.74,"3-cell, 41 Wh Li-ion",15290000.0
HP Elitebook 640 G11 A7lb4pt,HP,Intel,Core Ultra 7,165U,4.9,16.0,,5600.0,512.0,14.0,1920 x 1200,,Intel,,"3-cell, 56 Wh",36990000.0
HP Elitebook 630 G10 9j0b4pt,HP,Intel,Core i5,1335U,4.6,16.0,DDR4,3200.0,512.0,13.3,1920 x 1080,,Intel,1.22,"3-cell, 42 Wh",23590000.0
HP Elitebook 630 G10 9j0b5pt,HP,Intel,Core i5,1335U,4.6,16.0,DDR4,3200.0,512.0,13.3,1920 x 1080,,Intel,1.22,"3-cell, 42 Wh",24390000.0
HP Pavilion 15 Eg3091tu 8c5l2pa,HP,Intel,Core i7,1355U,5.0,16.0,,3200.0,512.0,15.6,1920 x 1080,,Intel,1.74,"3-cell, 41 Wh Li-ion",25990000.0
HP Omnibook Uf 14 Fh0038tu B2cp4pa,HP,Intel,Core Ultra 9,288V,5.1,32.0,LPDDR5X,8533.0,1024.0,14.0,2880 x 1800,120.0,Intel,,"6-cell, 64 Wh",63990000.0
HP Omnibook Uf 14 Fh0040tu B13vhpa,HP,Intel,Core Ultra 7,258V,4.8,32.0,LPDDR5X,8533.0,1024.0,14.0,2880 x 1800,120.0,Intel,,"6-cell, 64 Wh",59990000.0
HP Pavilion 16 Af0053tu Ay8c2pa,HP,Intel,Core Ultra 7,155U,4.8,16.0,LPDDR5,6400.0,512.0,16.0,1920 x 1200,,Intel,,"3-cell, 59 Wh",29990000.0
HP Elitebook 640 G10 873g2pa,HP,Intel,Core i5,1335U,4.6,8.0,,3200.0,512.0,14.0,1920 x 1080,,Intel,1.41,"3-cell,51 Wh",23490000.0
HP Probook 465 G11 A8xg2pt,HP,AMD,Ryzen 5,7535U,4.55,16.0,DDR5,4800.0,512.0,16.0,1920 x 1200,,AMD,1.74,"3-cell, 56 Wh",23990000.0
HP Probook 465 G11 A8ws4pt,HP,AMD,Ryzen 7,7735U,4.7,16.0,DDR5,4800.0,512.0,16.0,1920 x 1200,,AMD,1.74,"3-cell, 56 Wh",25990000.0
HP Elitebook 640 G10 873g3pa,HP,Intel,Core i5,1335U,4.6,16.0,,3200.0,512.0,14.0,1920 x 1080,,Intel,1.41,"3-cell,51 Wh",24490000.0
HP Probook 450 G10 9h8h2pt,HP,Intel,Core i7,1355U,5.0,16.0,,3200.0,512.0,15.6,1920 x 1080,,NVIDIA,1.79,"3-cell, 51 Wh",30590000.0
HP Elitebook 640 G10 873h2pa,HP,Intel,Core i7,1355U,5.0,16.0,,3200.0,512.0,14.0,1920 x 1080,,Intel,1.41,"3-cell,51 Wh",28090000.0
HP 240 G10 9h2d8pt,HP,Intel,Core i3,1315U,4.5,8.0,,3200.0,256.0,14.0,1920 x 1080,,Intel,1.36,"3-cell, 41 Wh",12990000.0
HP 240 G10 9h2e1pt,HP,Intel,Core i5,1335U,4.6,8.0,,3200.0,256.0,14.0,1920 x 1080,,Intel,1.36,"3-cell, 41 Wh",17990000.0
HP Probook 450 G10 9h1n5pt,HP,Intel,Core i5,1335U,4.6,16.0,,3200.0,512.0,15.6,1920 x 1080,60.0,Intel,1.79,"3-cell, 51 Wh",21590000.0
HP Probook 450 G10 9h1n8pt,HP,Intel,Core i5,1335U,4.6,16.0,DDR4,3200.0,512.0,15.6,1920 x 1080,,NVIDIA,1.79,"3-cell, 51 Wh",26390000.0
HP 240 G10 9h2e4pt,HP,Intel,Core i5,1335U,4.6,8.0,DDR4,3200.0,512.0,14.0,1920 x 1080,,Intel,1.36,"3-cell, 41 Wh",19590000.0
HP 240 G10 9h2e5pt,HP,Intel,Core i7,1355U,5.0,8.0,,3200.0,512.0,14.0,1920 x 1080,,Intel,1.47,"3-cell, 41 Wh Li-ion",20990000.0
HP 240 G10 9h2e3pt,HP,Intel,Core i5,1335U,4.6,8.0,,3200.0,512.0,14.0,1920 x 1080,,Intel,1.47,"3-cell, 41 Wh Li-ion",18790000.0
HP Elitebook 630 G10 9j0b6pt,HP,Intel,Core i7,1355U,5.0,8.0,DDR4,3200.0,512.0,13.3,1920 x 1080,,Intel,1.22,"3-cell, 42 Wh",26790000.0
HP 240 G10 9h2e6pt,HP,Intel,Core i7,1355U,5.0,16.0,,3200.0,512.0,14.0,1920 x 1080,,Intel,1.47,"3-cell, 41 Wh Li-ion",21990000.0
HP Zbook Firefly 14 G10 739m5av,HP,Intel,Core i7,1365U,5.2,16.0,DDR5,5200.0,1024.0,14.0,1920 x 1200,,NVIDIA,1.45,"3 Cell, 51 WHr",50990000.0
HP Pavilion 15 Eg3111tu 8u6l8pa,HP,Intel,Core i5,1335U,4.6,16.0,,3200.0,512.0,15.6,1920 x 1080,,Intel,1.74,"3-cell, 41 Wh Li-ion",21990000.0
HP Probook 440 G10 9h8u7pt,HP,Intel,Core i5,1340P,4.6,16.0,,3200.0,512.0,14.0,1920 x 1080,,Intel,,"3-cell, 51 Wh",25990000.0
HP Probook 440 G11 A74b9pt,HP,Intel,Core Ultra 5,125H,4.5,16.0,,5600.0,512.0,14.0,1920 x 1200,,Intel,1.39,"3-cell, 56 Wh",27990000.0
HP Elitebook 630 G11 A7lb8pt,HP,Intel,Core Ultra 7,155U,4.8,16.0,DDR5,5600.0,512.0,13.3,1920 x 1200,,Intel,,"3-cell, 56 Wh",31990000.0
HP Elitebook 630 G11 A7lc5pt,HP,Intel,Core Ultra 7,155U,4.8,16.0,DDR5,5600.0,512.0,13.3,1920 x 1200,,Intel,,"3-cell, 56 Wh",29990000.0
HP Probook 440 G11 A74bhpt,HP,Intel,Core Ultra 7,155U,4.8,16.0,DDR5,5600.0,512.0,14.0,1920 x 1200,,Intel,1.39,"3-cell, 56 Wh",29990000.0
HP Probook 440 G11 A74blpa,HP,Intel,Core Ultra 7,155H,4.8,16.0,DDR5,5600.0,512.0,14.0,1920 x 1200,,Intel,1.39,"3-cell, 56 Wh",32490000.0
HP Elitebook 630 G11 A7ll8pt,HP,Intel,Core Ultra 5,125U,4.3,16.0,DDR5,5600.0,512.0,13.3,1920 x 1200,,Intel,,"3-cell, 56 Wh",26990000.0
HP Elitebook 630 G11 A7lb9pt,HP,Intel,Core Ultra 7,155U,4.8,16.0,DDR5,5600.0,512.0,13.3,1920 x 1200,,Intel,1.31,"3-cell, 56 Wh",33990000.0
HP Elitebook 630 G11 A7lc0pt,HP,Intel,Core Ultra 7,155U,4.8,16.0,DDR5,5600.0,512.0,13.3,1920 x 1200,,Intel,1.31,"3-cell, 56 Wh",34990000.0
HP 15 Fd1063tu 9z2y1pa,HP,Intel,Core Ultra 5,125H,4.5,16.0,DDR5,,512.0,15.6,1920 x 1080,,Intel,1.59,"3-cell, 41 Wh Li-ion",21990000.0
HP Probook 460 G11 A74c0pt,HP,Intel,Core Ultra 7,155U,4.8,16.0,DDR5,5600.0,512.0,16.0,1920 x 1200,,Intel,,"3-cell, 56 Wh Li-ion",28990000.0
HP Probook 460 G11 A74bxpt,HP,Intel,Core Ultra 5,125H,4.5,16.0,DDR5,5600.0,512.0,16.0,1920 x 1200,,Intel,,"3-cell, 56 Wh Li-ion",24990000.0
HP Elitebook X360 830 G11 A7rc0pt,HP,Intel,Core Ultra 7,165U,4.9,16.0,,,512.0,13.3,1920 x 1200,,Intel,,"3-cell, 56 Wh",55990000.0
HP Elitebook X360 1040 G11 Am9g7pt,HP,,,155H,4.8,16.0,,,512.0,14.0,1920 x 1200,,Intel,1.38,6 Cell,61990000.0
HP Probook 460 G11 A74c3pt,HP,Intel,Core Ultra 7,155H,4.8,16.0,DDR5,5600.0,512.0,16.0,1920 x 1200,,Intel,,"3-cell, 56 Wh Li-ion",31990000.0
HP Probook 465 G11 A8ws0pt,HP,AMD,Ryzen 3,7335U,4.3,8.0,DDR5,4800.0,512.0,16.0,1920 x 1200,,AMD,,"3-cell, 56 Wh",19990000.0
HP Probook 465 G11 A8wr9pt,HP,AMD,Ryzen 3,7335U,4.3,8.0,DDR5,4800.0,256.0,16.0,1920 x 1200,,AMD,,"3-cell, 56 Wh",18990000.0
HP Probook 465 G11 A8ws1pt,HP,AMD,Ryzen 5,7535U,4.55,8.0,DDR5,4800.0,512.0,16.0,1920 x 1200,,AMD,1.74,"3-cell, 56 Wh",21990000.0
HP Probook 460 G11 A74c2pt,HP,Intel,Core Ultra 7,155H,4.8,16.0,DDR5,5600.0,512.0,16.0,1920 x 1200,,Intel,,"3-cell, 56 Wh Li-ion",28990000.0
LENOVO Thinkpad E14 Gen 7 21sx0032vn,Lenovo,Intel,Core Ultra 7,255H,5.1,16.0,DDR5,,1024.0,14.0,1920 x 1200,60.0,Intel,1.34,3 cell /48Wh,31990000.0
LENOVO Loq 15ahp10 83jg0047vn,Lenovo,AMD,Ryzen 7,,5.1,16.0,,,512.0,15.6,1920 x 1080,144.0,NVIDIA,2.4,4C 60Wh,32990000.0
LENOVO Thinkpad E14 Gen 7 21sx002qva,Lenovo,Intel,Core Ultra 5,225U,4.8,16.0,,,512.0,14.0,1920 x 1200,60.0,Intel,1.34,"3 cell, 48WH",22190000.0
LENOVO Thinkbook 14 G8 Irl 21sg007tvn,Lenovo,Intel,,240H,5.2,16.0,DDR5,,512.0,14.0,1920 x 1200,60.0,Intel,1.36,45Wh,25990000.0
LENOVO Thinkbook 16 G8 Irl 21sh0093va,Lenovo,Intel,,210H,4.8,16.0,DDR5,,512.0,16.0,1920 x 1200,60.0,Intel,1.7,45Wh,20990000.0
LENOVO Thinkpad X1 Carbon Gen 13 21nx0038vn,Lenovo,Intel,Core Ultra 5,225H,9.0,32.0,,,1024.0,14.0,1920 x 1200,60.0,Intel,1.006,57Wh,51600000.0
LENOVO Thinkpad E16 Gen 3 21tf0043vn,Lenovo,Intel,,240H,4.0,16.0,DDR5,,1024.0,16.0,1920 x 1200,60.0,Intel,1.63,48Wh,29300000.0
LENOVO Loq Essential 15irx11 83sc003rvn,Lenovo,Intel,Core i5,,4.6,16.0,DDR5,4800.0,512.0,15.6,1920 x 1080,144.0,NVIDIA,2.3,60Wh,27990000.0
LENOVO Loq 15iax9e 83lk0079vn,Lenovo,Intel,Core i5,,4.4,16.0,DDR5,4800.0,512.0,15.6,1920 x 1080,144.0,NVIDIA,1.77,57Wh,22490000.0
LENOVO Thinkpad X9 15 Gen 1 21q60054vn,Lenovo,Intel,Core Ultra 7,258V,4.8,32.0,LPDDR5X,,1024.0,15.3,2880 x 1800,120.0,Intel,1.4,80Wh,54990000.0
LENOVO Loq 15irx10 83je00pevn,Lenovo,Intel,Core i7,,4.9,16.0,,,512.0,15.0,1920 x 1080,144.0,NVIDIA,2.4,3C 60Wh,34990000.0
LENOVO Yoga Slim 7 14imh9 83cv00d8vn,Lenovo,Intel,Core Ultra 5,125H,4.5,16.0,,,1024.0,14.0,1920 x 1200,60.0,Intel,1.39,65Wh,26990000.0
LENOVO Thinkpad T14s Gen 6 21n1001uvn,Lenovo,,,,3.4,32.0,,,1024.0,14.0,1920 x 1200,60.0,,1.24,58Wh,54990000.0
LENOVO V14 G5 Irl 83hd0062va,Lenovo,Intel,Core i5,,4.6,16.0,DDR5,,512.0,14.0,1920 x 1080,,Intel,1.37,47Wh,15990000.0
LENOVO Yoga Slim 9 14ill10 83lc002lvn,Lenovo,Intel,Core Ultra 7,258V,4.8,32.0,LPDDR5X,8533.0,1024.0,14.0,3840 x 2400,60.0,Intel,1.32,75Wh,56490000.0
LENOVO Legion Gaming 5 15irx10 83ly00hqvn,Lenovo,Intel,Core i7,,4.9,16.0,DDR5,,512.0,15.3,1920 x 1200,165.0,NVIDIA,2.1,80WHr,39990000.0
LENOVO Yoga Slim 7 14ill10 83jx0081vn,Lenovo,Intel,Core Ultra 7,258V,4.8,32.0,,,1024.0,14.0,2880 x 1800,120.0,Intel,1.19,70WH,37999000.0
LENOVO Legion Gaming 5 15ahp10 83ly004gvn,Lenovo,Intel,Core i7,,5.5,12.0,DDR5,,1024.0,15.1,2560 x 1600,165.0,NVIDIA,1.9,80WHr,48990000.0
LENOVO Thinkpad X13 Gen 6 21rk00aqva,Lenovo,Intel,Core Ultra 7,255H,5.1,16.0,LPDDR5X,,512.0,13.3,1920 x 1200,,Intel,0.927,"3 Cell, 41Wh",36990000.0
LENOVO Legion 5 15ahp10 83m0002yvn,Lenovo,AMD,Ryzen 7,,5.1,16.0,,,512.0,15.1,2560 x 1600,165.0,NVIDIA,1.9,4C 80Wh,38990000.0
LENOVO Yoga Slim 7 14ill10 83jx0086vn,Lenovo,Intel,Core Ultra 5,226V,4.5,16.0,LPDDR5X,8533.0,512.0,14.0,2880 x 1800,120.0,Intel,1.19,70Wh,31990000.0
LENOVO Thinkpad P14s Gen 5 T 21g2003nva,Lenovo,Intel,Core Ultra 7,155H,4.8,32.0,DDR5,5600.0,512.0,14.5,3072 x 1920,120.0,NVIDIA,1.61,75Wh,49990000.0
LENOVO Legion Pro 5 16iax10 83f3002gvn,Lenovo,Intel,Core Ultra 9,275HX,5.4,16.0,,,1024.0,16.0,2560 x 1600,165.0,NVIDIA,2.43,80Wh,59390000.0
LENOVO Thinkpad E14 Gen 7 21t90021va,Lenovo,Intel,,240H,5.2,16.0,DDR5,,512.0,14.0,1920 x 1200,60.0,Intel,1.34,"3 cell, 48WH",24999000.0
LENOVO Legion 7 16iax10 83ky001vvn,Lenovo,Intel,Core Ultra 9,275HX,5.4,32.0,,,1024.0,16.0,2560 x 1600,,NVIDIA,2.57,80Wh,69990000.0
LENOVO Legion Pro 7 16iax10h 83f5008wvn,Lenovo,Intel,Core Ultra 9,275HX,5.4,32.0,,,1024.0,16.0,2560 x 1600,240.0,NVIDIA,2.57,80Wh,98990000.0
LENOVO Legion Pro 7 16iax10hx 83f5008vvn,Lenovo,Intel,Core Ultra 9,275HX,5.4,32.0,,,1024.0,16.0,2560 x 1600,240.0,NVIDIA,2.57,4C 80Wh,81990000.0
LENOVO Thinkpad L14 Gen 6 21s60025va,Lenovo,Intel,Core Ultra 7,255H,5.1,16.0,DDR5,,512.0,14.0,1920 x 1200,60.0,Intel,1.38,3 cell /46.5Wh,29990000.0
LENOVO Ideapad Slim 3 15irh10 83k1000gvn,Lenovo,Intel,Core i5,,4.6,8.0,DDR5,,512.0,15.3,1920 x 1200,60.0,Intel,1.63,60Wh,17490000.0
LENOVO Thinkpad X13 Gen 6 21rk00amva,Lenovo,Intel,Core Ultra 7,255H,5.1,32.0,,,512.0,13.3,1920 x 1200,,Intel,0.927,"3 Cell, 41Wh",38990000.0
LENOVO Thinkpad T16 Gen 4 21qe0000va,Lenovo,Intel,Core Ultra 5,225H,4.9,8.0,DDR5,,512.0,16.0,1920 x 1200,,Intel,1.76,52.5Wh,31500000.0
LENOVO Thinkbook 14 G8 Irl 21sg007mva,Lenovo,Intel,,210H,4.8,16.0,DDR5,,512.0,14.0,1920 x 1200,60.0,Intel,1.36,45Wh,19790000.0
LENOVO Thinkpad P16v Gen 2 T 21kx0039va,Lenovo,Intel,Core Ultra 7,155H,4.8,32.0,DDR5,5600.0,1024.0,16.0,1920 x 1200,,NVIDIA,2.22,90Wh,59990000.0
LENOVO Thinkpad P14s Gen 5 T 21g20053va,Lenovo,Intel,Core Ultra 7,155H,4.8,32.0,DDR5,5600.0,512.0,14.5,1920 x 1200,60.0,NVIDIA,1.61,75Wh,45100000.0
LENOVO Thinkpad E16 Gen 3 21sr002gva,Lenovo,Intel,Core Ultra 5,225H,4.9,16.0,DDR5,,512.0,16.0,1920 x 1200,60.0,Intel,1.63,3 cell /48Wh,26090000.0
LENOVO Thinkpad E16 Gen 3 21sr002mva,Lenovo,Intel,Core Ultra 7,255H,5.1,16.0,DDR5,,1024.0,16.0,1920 x 1200,60.0,Intel,1.63,3Cell,28990000.0
LENOVO Thinkpad E16 Gen 3 21sr002lva,Lenovo,Intel,Core Ultra 7,255H,5.1,16.0,,,512.0,16.0,1920 x 1200,60.0,Intel,1.63,3C 48Wh,32690000.0
LENOVO Thinkpad E14 Gen 7 21sx0031vn,Lenovo,Intel,Core Ultra 7,255H,5.1,16.0,DDR5,,512.0,14.0,1920 x 1200,60.0,Intel,1.34,3 cell /48Wh,31590000.0
LENOVO Thinkpad E14 Gen 7 21t90022va,Lenovo,Intel,,240H,5.2,16.0,DDR5,,1024.0,14.0,1920 x 1200,60.0,Intel,1.34,"3 cell, 48WH",26090000.0
LENOVO Thinkpad E14 Gen 7 21sx002sva,Lenovo,Intel,Core Ultra 7,255H,5.1,16.0,DDR5,,512.0,14.0,1920 x 1200,60.0,Intel,1.34,3 cell /48Wh,28490000.0
LENOVO Thinkpad L16 Gen 2 21sa000lva,Lenovo,Intel,Core Ultra 7,255H,5.1,16.0,DDR5,,1024.0,16.0,1920 x 1200,60.0,Intel,1.79,"3 cell, 46.5Wh",32990000.0
LENOVO Yoga Slim 7 14akp10 83jy006pvn,Lenovo,AMD,,,5.0,32.0,,,1024.0,14.0,2880 x 1800,120.0,AMD,1.19,4C 70Wh,34990000.0
LENOVO Yoga Pro 7 14iah10 83kf002bvn,Lenovo,Intel,Core Ultra 9,285H,5.4,32.0,,8533.0,1024.0,14.5,3000 x 1876,120.0,Intel,1.54,84Wh,39590000.0
LENOVO Thinkpad X13 Gen 6 21rk00alva,Lenovo,Intel,Core Ultra 5,225H,4.9,32.0,LPDDR5X,,512.0,13.3,1920 x 1200,,Intel,0.927,"3 Cell, 41Wh",33700000.0
LENOVO Yoga Slim 7 14imh9 83cv00ahvn,Lenovo,Intel,Core Ultra 5,125H,4.5,16.0,,,1024.0,14.0,1920 x 1200,60.0,Intel,1.39,"4 cell, 65WH",25990000.0
LENOVO Yoga Slim 7 14imh9 83cv00ajvn,Lenovo,Intel,Core Ultra 7,155H,4.8,32.0,LPDDR5X,,1024.0,14.0,1920 x 1200,60.0,Intel,1.39,"4 cell, 65WH",29990000.0
LENOVO Legion Pro 5 16iax10 83f3003vvn,Lenovo,Intel,Core Ultra 9,275HX,5.4,16.0,,,1024.0,16.0,2560 x 1600,165.0,NVIDIA,2.43,80Wh,53490000.0
LENOVO Ideapad Slim 3 16irh10 83k20002vn,Lenovo,Intel,Core i5,,4.6,8.0,DDR5,,512.0,16.0,1920 x 1200,60.0,Intel,1.73,60Wh,16490000.0
LENOVO Legion Gaming 5 15irx10 83ly00hwvn,Lenovo,Intel,Core i7,,5.5,16.0,DDR5,,512.0,15.1,2560 x 1600,165.0,NVIDIA,1.9,80WHr,43990000.0
LENOVO Thinkpad X13 Gen 6 21rk00avvn,Lenovo,Intel,Core Ultra 7,255H,5.1,32.0,,,1024.0,13.3,1920 x 1200,,Intel,0.927,3C 41Wh,45990000.0
LENOVO Ideapad Slim 5 14irh10r 83j0006evn,Lenovo,Intel,,210H,8.0,8.0,,,512.0,14.0,1920 x 1200,,Intel,1.39,3C 60Wh,23990000.0
LENOVO Ideapad Slim 5 14irh10r 83j0006cvn,Lenovo,Intel,,210H,8.0,16.0,,,1024.0,14.0,1920 x 1200,,Intel,1.39,3C 60Wh,25990000.0
LENOVO Ideapad Slim 3 14irh10 83k0000bvn,Lenovo,Intel,Core i5,,4.6,8.0,,,512.0,14.0,1920 x 1200,,Intel,1.33,60Wh,18990000.0
LENOVO Ideapad Slim 3 15irh10 83k1002pvn,Lenovo,Intel,Core i5,,4.6,8.0,DDR5,,512.0,15.1,2560 x 1600,165.0,Intel,1.49,60Wh,20990000.0
LENOVO Loq 15irx10 83je006pvn,Lenovo,Intel,Core i7,,4.9,24.0,,,512.0,15.6,1920 x 1080,144.0,NVIDIA,2.4,4C 60Wh,31990000.0
LENOVO Legion 5 15iax10 83f0003cvn,Lenovo,Intel,Core Ultra 7,255HX,5.2,16.0,DDR5,,1024.0,15.1,2560 x 1600,165.0,NVIDIA,1.9,80WHr,47999000.0
LENOVO Loq 15irx9 83dv01alvn,Lenovo,Intel,Core i7,,4.9,16.0,,,512.0,15.6,1920 x 1080,144.0,NVIDIA,2.38,60Wh,30999000.0
LENOVO Legion 5 15iax10 83f0003bvn,Lenovo,Intel,Core Ultra 7,255HX,5.2,16.0,DDR5,,1024.0,15.1,2560 x 1600,165.0,NVIDIA,1.9,80WHr,54190000.0
LENOVO Legion 5 15irx10 83ly00a7vn,Lenovo,Intel,Core i7,,5.5,16.0,DDR5,,512.0,15.1,2560 x 1600,165.0,NVIDIA,1.9,80WHr,38990000.0
LENOVO Legion 5 15ahp10 Oled 83m00030vn,Lenovo,AMD,Ryzen 7,,5.1,24.0,DDR5,,1024.0,15.1,2560 x 1600,165.0,NVIDIA,1.9,4-cell 80Wh,42990000.0
LENOVO Thinkpad E14 Gen 7 21t9001yva,Lenovo,Intel,,210H,4.8,16.0,DDR5,,512.0,14.0,1920 x 1200,60.0,Intel,1.34,"3 cell, 48WH",21999000.0
LENOVO Ideapad Slim 3 16irh10 83k20001vn,Lenovo,Intel,Core i7,,4.9,8.0,DDR5,,512.0,16.0,1920 x 1200,60.0,Intel,1.73,60Wh,19490000.0
LENOVO Thinkpad X9 15 Gen 1 21q60052vn,Lenovo,Intel,Core Ultra 5,228V,4.5,32.0,,,1024.0,15.3,2880 x 1800,120.0,Intel,1.4,80Wh,49490000.0
LENOVO Legion 5 16irx9 83f0003cvn,Lenovo,Intel,Core Ultra 7,255HX,5.2,16.0,DDR5,,1024.0,16.0,2560 x 1600,165.0,NVIDIA,,80WHr,49190000.0
LENOVO Yoga 7 2 In 1 14iml9 83dj00h8vn,Lenovo,Intel,Core Ultra 5,125H,4.5,16.0,LPDDR5X,,1024.0,14.0,1920 x 1200,60.0,Intel,1.49,71Wh,27990000.0
LENOVO Thinkpad X1 Carbon Gen 13 21nx003avn,Lenovo,Intel,Core Ultra 7,255H,5.1,32.0,LPDDR5X,,1024.0,14.0,1920 x 1200,60.0,Intel,1.006,3C57Wh,58990000.0
LENOVO Yoga 7 2 In 1 14iml9 83dj00h9vn,Lenovo,Intel,Core Ultra 7,155H,4.8,32.0,LPDDR5X,,1024.0,14.0,2880 x 1800,120.0,Intel,1.49,71Wh,33990000.0
LENOVO Thinkpad P16s Gen3 T 21ks0038va,Lenovo,Intel,Core Ultra 5,125H,4.5,16.0,DDR5,5600.0,1024.0,16.0,1920 x 1200,,NVIDIA,1.82,75Wh,41850000.0
LENOVO Ideapad Slim 3 14irh10 83k00009vn,Lenovo,Intel,Core i7,,4.9,8.0,DDR5,,512.0,14.0,1920 x 1200,,Intel,1.43,60Wh,19990000.0
LENOVO Ideapad Slim 3 15irh10 83k1000jvn,Lenovo,Intel,Core i7,,4.9,8.0,DDR5,,512.0,15.3,1920 x 1200,60.0,Intel,1.63,60Wh,19290000.0
LENOVO Legion 5 15irx10 83ly004jvn,Lenovo,Intel,Core i7,,5.5,12.0,DDR5,,1024.0,15.1,2560 x 1600,165.0,NVIDIA,1.9,80WHr,44990000.0
LENOVO Yoga Slim 9 14ill10 83cx001avn,Lenovo,Intel,Core Ultra 7,258V,4.8,32.0,LPDDR5X,8533.0,1024.0,14.0,3840 x 2400,120.0,Intel,1.23,75Wh,56990000.0
LENOVO Yoga Slim 7 15ill9 83hm000gvn,Lenovo,Intel,Core Ultra 7,258V,4.8,32.0,,,1024.0,15.3,2880 x 1800,120.0,Intel,1.53,70Wh,42990000.0
LENOVO Thinkpad E16 Gen 3 21sr002jva,Lenovo,Intel,Core Ultra 5,225U,4.8,16.0,DDR5,,512.0,16.0,1920 x 1200,60.0,Intel,1.63,3 cell /47Wh,23999000.0
LENOVO Thinkpad X1 Carbon Gen 12 21kc009mvn,Lenovo,Intel,Core Ultra 5,125H,4.5,32.0,LPDDR5X,,512.0,14.0,1920 x 1200,60.0,Intel,1.09,57Wh,50890000.0
LENOVO Thinkpad P16s Gen3 T 21ks0033va,Lenovo,Intel,Core Ultra 7,155H,4.8,16.0,DDR5,5600.0,1024.0,16.0,1920 x 1200,,NVIDIA,1.82,75Wh,46920000.0
LENOVO Thinkpad T14s Gen 5 21ls005vva,Lenovo,Intel,Core Ultra 5,125U,4.3,16.0,,,512.0,14.0,1920 x 1200,,Intel,1.24,3 cell /58Wh,31290000.0
LENOVO Thinkpad E14 Gen 6 21m7004xva,Lenovo,Intel,Core Ultra 7,155H,4.8,8.0,DDR5,,1024.0,14.0,1920 x 1200,,Intel,1.44,3 cell /47Wh,28990000.0
LENOVO Thinkpad X9 14 Gen 1 21qa006kvn,Lenovo,Intel,Core Ultra 7,258V,4.8,32.0,,,1024.0,14.0,1920 x 1200,60.0,Intel,1.21,55Wh,52999000.0
LENOVO V14 G4 Iru 83a000bgvn,Lenovo,Intel,Core i5,,4.6,8.0,DDR4,,512.0,14.0,1920 x 1080,,Intel,1.43,38Wh,14990000.0
LENOVO Thinkpad T14s Gen 5 21ls0060va,Lenovo,Intel,Core Ultra 7,155U,4.8,16.0,,,512.0,14.0,1920 x 1200,,Intel,1.24,"3 cell, 58WH",36990000.0
LENOVO Ideapad Slim 3 15abr8 82xm00mdvn,Lenovo,AMD,Ryzen 5,5625U,4.3,16.0,,,512.0,15.6,1920 x 1080,,AMD,1.62,47Wh,14490000.0
LENOVO Thinkpad P14s Gen 5 T 21g2003pva,Lenovo,Intel,Core Ultra 7,155H,4.8,32.0,DDR5,5600.0,1024.0,14.5,3072 x 1920,120.0,NVIDIA,1.61,75Wh,50100000.0
LENOVO Ideapad Slim 3 14irh10 83k00007vn,Lenovo,Intel,Core i7,,4.9,8.0,,,512.0,14.0,1920 x 1200,,Intel,1.43,60Wh,19990000.0
LENOVO Ideapad Slim 3 14irh10 83k0000avn,Lenovo,Intel,Core i5,,4.6,8.0,DDR5,,512.0,14.0,1920 x 1200,,Intel,1.43,60Wh,17490000.0
LENOVO Ideapad Slim 5 14irh10 83hr0001vn,Lenovo,Intel,Core i5,,4.6,16.0,,,1024.0,14.0,1920 x 1200,,Intel,1.39,60Wh,22990000.0
LENOVO Yoga Book 9 14iah10 83kj001qvn,Lenovo,Intel,Core Ultra 9,285H,5.4,32.0,LPDDR5X,,1024.0,2.0,2880 x 1800,120.0,Intel,1.219,88Wh,69990000.0
LENOVO Thinkpad P16s Gen3 T 21ks003hva,Lenovo,Intel,Core Ultra 7,155H,4.8,16.0,DDR5,5600.0,512.0,16.0,1920 x 1200,,NVIDIA,1.82,57Wh,44990000.0
LENOVO Thinkpad P16s Gen3 T 21ks0034vn,Lenovo,Intel,Core Ultra 7,155H,4.8,32.0,DDR5,5600.0,1024.0,16.0,1920 x 1200,,NVIDIA,1.82,75Wh,51800000.0
LENOVO Thinkpad P16s Gen3 T 21ks0032va,Lenovo,Intel,Core Ultra 7,155H,4.8,16.0,DDR5,5600.0,512.0,16.0,1920 x 1200,,NVIDIA,1.82,75Wh,43820000.0
LENOVO V14 G4 83a000fnvn,Lenovo,Intel,Core i5,,4.6,8.0,DDR4,,512.0,14.0,1920 x 1080,,Intel,1.43,38Wh,15490000.0
LENOVO V15 G4 Iru 83a100f3vn,Lenovo,Intel,Core i5,,4.6,8.0,,,512.0,15.6,1920 x 1080,,Intel,1.65,3 cell/38Wh,14190000.0
LENOVO V15 G4 Iru 83a100rfvn,Lenovo,Intel,Core i7,,4.9,8.0,DDR4,,512.0,15.6,1920 x 1080,,Intel,1.65,3 cell/38Wh,19000000.0
LENOVO Thinkbook 14 Gen 8 21sj0072vn,Lenovo,Intel,Core Ultra 7,255H,5.1,8.0,,,512.0,14.0,1920 x 1200,60.0,Intel,1.36,"3 cell, 45Wh",28490000.0
LENOVO Yoga Slim 7 14imh9 83cv008evn,Lenovo,Intel,Core Ultra 5,125H,4.5,16.0,LPDDR5X,7467.0,1024.0,14.0,1920 x 1200,60.0,Intel,1.39,Integrated 65Wh,25990000.0
LENOVO Ideapad Slim 5 Oled 15arp10 83j3001dvn,Lenovo,AMD,Ryzen 7,7735HS,4.75,16.0,,,512.0,15.1,2560 x 1600,165.0,AMD,1.49,70Wh,20990000.0
LENOVO Thinkpad T16 Gen 3 21mn007qvn,Lenovo,Intel,Core Ultra 7,155U,4.8,16.0,DDR5,5600.0,1024.0,16.0,1920 x 1200,,Intel,1.66,4 cell 52.5Wh,39290000.0
LENOVO Thinkpad T14s Gen 5 21ls005rvn,Lenovo,Intel,Core Ultra 5,125U,4.3,16.0,,,512.0,14.0,1920 x 1200,,Intel,1.24,3 cell /58Wh,35390000.0
LENOVO Thinkpad T14s Gen 4 21f600aava,Lenovo,Intel,Core i7,1355U,5.0,16.0,,4800.0,512.0,14.0,1920 x 1200,60.0,Intel,1.25,3 cell /57Wh,30990000.0
LENOVO Thinkpad E14 Gen 7 21sx002tva,Lenovo,Intel,Core Ultra 7,255H,5.1,16.0,DDR5,,1024.0,14.0,1920 x 1200,60.0,Intel,1.34,3 cell /48Wh,28890000.0
LENOVO Legion Pro 5 16irx9 83df0046vn,Lenovo,Intel,Core i9,,5.8,16.0,DDR5,,1024.0,16.0,2560 x 1600,240.0,NVIDIA,2.5,80WHr,55990000.0
LENOVO Ideapad Slim 5 14imh9 83da0020vn,Lenovo,Intel,Core Ultra 7,155H,4.8,32.0,LPDDR5X,7467.0,1024.0,14.0,1920 x 1200,60.0,Intel,1.48,57Wh,28690000.0
LENOVO Thinkpad P14s Gen 5 T 21g2003xva,Lenovo,Intel,Core Ultra 7,155H,4.8,32.0,DDR5,5600.0,1024.0,14.5,3072 x 1920,120.0,NVIDIA,1.61,75Wh,54990000.0
LENOVO Thinkpad P14s Gen 5 21g2004xva,Lenovo,Intel,Core Ultra 5,125H,4.5,16.0,DDR5,5600.0,1024.0,14.5,1920 x 1200,60.0,NVIDIA,1.61,75Wh,40490000.0
LENOVO Thinkpad E14 Gen 6 21m7004yvn,Lenovo,Intel,Core Ultra 7,155H,4.8,8.0,DDR5,,512.0,14.0,1920 x 1200,,Intel,1.44,3 cell /47Wh,28890000.0
LENOVO Thinkpad P14s Gen 5 T 21g20056vn,Lenovo,Intel,Core Ultra 7,155H,4.8,32.0,DDR5,5600.0,1024.0,14.5,1920 x 1200,60.0,NVIDIA,1.61,75Wh,51700000.0
LENOVO Thinkpad L14 Gen 4 21h10039va,Lenovo,Intel,Core i5,1340P,4.6,8.0,,,512.0,14.0,1920 x 1080,,Intel,1.4,3 cell /46.5Wh,22990000.0
LENOVO Ideapad Slim 3 15abr8 82xm00mcvn,Lenovo,AMD,Ryzen 7,5825U,4.5,16.0,,,512.0,15.6,1920 x 1080,,AMD,1.62,47Wh,16490000.0
LENOVO Loq 15irx9 83dv00ufvn,Lenovo,Intel,Core i7,,4.9,12.0,,4800.0,512.0,15.6,1920 x 1080,144.0,NVIDIA,2.38,60Wh,35990000.0
LENOVO Thinkpad E14 Gen 5 21jk00fmvn,Lenovo,Intel,Core i7,,5.0,16.0,DDR4,,1024.0,14.0,1920 x 1200,,Intel,1.43,3 cell /57Wh,31990000.0
LENOVO Thinkpad E16 Gen 2 21ma004mvn,Lenovo,Intel,Core Ultra 7,155H,4.8,8.0,DDR5,,512.0,16.0,1920 x 1200,,Intel,1.81,3 cell /47Wh,28990000.0
LENOVO Legion 7 16irx9 83fd006jvn,Lenovo,Intel,Core i9,,5.8,32.0,,,1024.0,16.0,3200 x 2000,165.0,NVIDIA,2.24,99.99 WHr,66990000.0
LENOVO Thinkpad E14 Gen 6 21m7004mva,Lenovo,Intel,Core Ultra 5,125H,4.5,8.0,DDR5,,512.0,14.0,1920 x 1200,,Intel,1.44,3 cell /47Wh,22990000.0
LENOVO Thinkpad T14s Gen 4 21f60081va,Lenovo,Intel,Core i5,1335U,4.6,16.0,,4800.0,512.0,14.0,2240 x 1400,,Intel,1.25,3 cell /57Wh,29690000.0
LENOVO Ideapad Slim 3 15iah8 83er000bvn,Lenovo,Intel,Core i5,,4.4,8.0,,,512.0,15.6,1920 x 1080,,Intel,1.62,3 cell /47Wh,14490000.0
LENOVO Thinkpad P16s Gen 1 21bt005tva,Lenovo,Intel,Core i7,1260P,4.7,8.0,DDR4,3200.0,512.0,16.0,1920 x 1200,,NVIDIA,1.8,3 cell 52.5Wh,37990000.0
LENOVO Ideapad Slim 5 14irl8 82xd007qvn,Lenovo,Intel,Core i7,,4.9,16.0,,,512.0,14.0,1920 x 1200,,Intel,1.46,56.6Wh,22990000.0
LENOVO Thinkpad L15 Gen 4 21h30024va,Lenovo,Intel,Core i7,1360P,5.0,8.0,,,512.0,15.6,1920 x 1080,,Intel,1.77,3 cell /46.5Wh,27290000.0
LENOVO V15 G4 Iah 83fs0032vn,Lenovo,Intel,Core i5,,4.5,8.0,DDR4,,512.0,15.6,1920 x 1080,,Intel,1.65,38Wh,14490000.0
LENOVO Thinkpad X1 Carbon Gen 11 21hm009lvn,Lenovo,Intel,Core i7,1355U,5.0,16.0,,6400.0,1024.0,14.0,2880 x 1800,,Intel,1.12,57Wh,52090000.0
LENOVO V15 G4 Iru 83a1000rvn,Lenovo,Intel,Core i5,1335U,4.6,8.0,DDR4,,512.0,15.6,1920 x 1080,,Intel,1.65,38Wh,14890000.0
LENOVO Ideapad Slim 5 14iah8 83bf002nvn,Lenovo,Intel,Core i5,,4.4,16.0,,,512.0,14.0,1920 x 1200,,Intel,1.46,3 cell /56.6Wh,16990000.0
LENOVO Thinkpad X1 Carbon Gen 11 21hm009pvn,Lenovo,Intel,Core i7,1355U,5.0,16.0,,6400.0,512.0,14.0,1920 x 1200,,Intel,1.12,57Wh,48090000.0
LENOVO Thinkpad P14s Gen 4 21hf0054va,Lenovo,Intel,Core i7,1360P,5.0,32.0,,7500.0,1024.0,14.0,2240 x 1400,,NVIDIA,1.34,3 cell 52.5Wh,45590000.0
LENOVO Thinkpad T14s Gen 2 20wns7f400,Lenovo,Intel,Core i5,,4.2,8.0,,,256.0,14.0,1920 x 1080,,Intel,1.36,"4 Cell, 57WH",24990000.0
LENOVO Thinkpad T14s Gen 3 21bss0bs00,Lenovo,Intel,Core i5,1235U,4.4,8.0,,4800.0,256.0,14.0,1920 x 1200,,Intel,1.21,4 cell 57Wh,25990000.0
LENOVO Thinkpad T14 Gen 3 21ahs01g00,Lenovo,Intel,Core i5,1235U,4.4,8.0,,,256.0,14.0,1920 x 1200,,Intel,1.21,3 cell 39.3 Wh,24990000.0
LENOVO Thinkpad T14 Gen 2 20w1s5vd00,Lenovo,Intel,Core i7,,4.7,16.0,,,512.0,14.0,1920 x 1080,,Intel,1.47,"3 Cell, 50WH",25990000.0
LENOVO Legion Pro 7 16irx9h 83de001mvn,Lenovo,Intel,Core i9,,5.59,32.0,,,1024.0,16.0,2560 x 1600,240.0,NVIDIA,2.62,4 Cell 99.99 WHr,106990000.0
LENOVO Loq 15iax9 83fq0005vn,Lenovo,Intel,Core i5,,4.4,16.0,,4800.0,512.0,15.6,1920 x 1080,144.0,Intel,2.38,60Wh,21990000.0
LENOVO Thinkpad E16 Gen 1 21jn00fqvn,Lenovo,Intel,Core i7,,5.0,16.0,DDR4,,1024.0,16.0,1920 x 1200,,Intel,1.81,3 cell /57Wh,31990000.0
LENOVO Legion 5 16irx9 83dg0051vn,Lenovo,Intel,Core i7,,5.2,16.0,,,1024.0,16.0,2560 x 1600,165.0,NVIDIA,,80Wh,42990000.0
LENOVO Thinkpad E16 Gen 1 21jn00fgva,Lenovo,Intel,Core i7,,5.0,16.0,DDR4,,512.0,16.0,1920 x 1200,,Intel,1.81,3 cell /57Wh,23990000.0
LENOVO Thinkpad E14 Gen 5 21jk00fsva,Lenovo,Intel,Core i7,,5.0,16.0,DDR4,,512.0,14.0,1920 x 1200,,Intel,1.43,3 cell /57Wh,23990000.0
LENOVO Ideapad Slim 3 15irh8 83em003fvn,Lenovo,Intel,Core i7,,4.9,16.0,,,1024.0,15.6,1920 x 1080,,Intel,1.62,3 cell /47Wh,20990000.0
LENOVO Thinkpad E16 Gen 1 21jn0062va,Lenovo,Intel,Core i5,1335U,4.6,8.0,DDR4,,512.0,16.0,1920 x 1200,,Intel,1.81,3 cell /47Wh,19900000.0
LENOVO Ideapad Slim 3 14irh8 83el0023vn,Lenovo,Intel,Core i7,,4.9,16.0,,,512.0,14.0,1920 x 1080,,Intel,1.37,3 cell /47Wh,18990000.0
LENOVO Loq 15irx9 83dv00ervn,Lenovo,Intel,Core i7,,4.9,16.0,,4800.0,512.0,15.6,1920 x 1080,144.0,NVIDIA,2.38,60Wh,35990000.0
LENOVO Legion 7 16irx9 83fd004mvn,Lenovo,Intel,Core i9,,5.8,32.0,,,1024.0,16.0,3200 x 2000,165.0,NVIDIA,2.24,99.99 WHr,66990000.0
LENOVO Thinkpad X1 Carbon Gen 12 21kc008nvn,Lenovo,Intel,Core Ultra 7,155H,4.8,32.0,LPDDR5X,,1024.0,14.0,1920 x 1200,60.0,Intel,1.09,57Wh,57200000.0
LENOVO Thinkpad X1 Carbon Gen 12 21kc008mvn,Lenovo,Intel,Core Ultra 7,155H,4.8,16.0,LPDDR5X,,512.0,14.0,1920 x 1200,60.0,Intel,1.09,57Wh,54290000.0
LENOVO Legion 9 16irx9 83g0001avn,Lenovo,Intel,Core i9,,5.8,32.0,,,1024.0,16.0,3200 x 2000,165.0,NVIDIA,2.6,99.9Wh,142000000.0
LENOVO Thinkpad E14 Gen 5 21jk00h4va,Lenovo,Intel,Core i5,,4.6,8.0,DDR4,,512.0,14.0,1920 x 1200,,Intel,1.43,3 cell /47Wh,19790000.0
LENOVO Thinkpad X1 Carbon Gen 12 21kc009nvn,Lenovo,Intel,Core Ultra 5,125H,4.5,32.0,LPDDR5X,,1024.0,14.0,1920 x 1200,60.0,Intel,1.09,57Wh,51990000.0
LENOVO Loq 15aph9 83dx0085vn,Lenovo,AMD,Ryzen 7,8845HS,5.1,16.0,,5600.0,512.0,15.6,1920 x 1080,144.0,NVIDIA,2.38,60Wh,34490000.0
LENOVO Ideapad Slim 3 14iah8 83eq0004vn,Lenovo,Intel,Core i5,,4.4,8.0,,,512.0,14.0,1920 x 1080,,Intel,1.37,3 cell /47Wh,14990000.0
LENOVO Thinkpad E16 Gen 1 21jn00gjvn,Lenovo,Intel,Core i5,,4.6,8.0,DDR4,,512.0,16.0,1920 x 1200,,Intel,1.81,3 cell /47Wh,20990000.0
LENOVO Thinkpad E14 Gen 5 21jk00h3va,Lenovo,Intel,Core i5,,4.6,8.0,DDR4,,512.0,14.0,1920 x 1200,,Intel,1.43,3 cell /47Wh,20990000.0
LENOVO Thinkpad T16 Gen 3 21mn007eva,Lenovo,Intel,Core Ultra 7,155H,4.8,8.0,DDR5,5600.0,512.0,16.0,1920 x 1200,,Intel,1.66,3 cell 52.5Wh,34990000.0
LENOVO Legion Slim 5 16irh8 82ya00bsvn,Lenovo,Intel,Core i5,,4.7,16.0,,5200.0,512.0,16.0,2560 x 1600,165.0,NVIDIA,2.4,80Wh,35990000.0
LENOVO Thinkpad P14s Gen 5 T 21g2003rvn,Lenovo,Intel,Core Ultra 7,155H,4.8,32.0,DDR5,5600.0,1024.0,14.5,3072 x 1920,120.0,NVIDIA,1.61,75Wh,55990000.0
LENOVO Thinkpad P14s Gen 4 T 21hf0053va,Lenovo,Intel,Core i7,1360P,5.0,32.0,LPDDR5X,7500.0,512.0,14.0,2240 x 1400,,NVIDIA,1.34,3 cell 52.5Wh,41490000.0
LENOVO Thinkpad P14s Gen 5 T 21g2003tvn,Lenovo,Intel,Core Ultra 7,155H,4.8,32.0,DDR5,5600.0,1024.0,14.5,3072 x 1920,120.0,NVIDIA,1.61,75Wh,59990000.0
LENOVO Thinkpad P14s Gen 5 T 21g2003uvn,Lenovo,Intel,Core Ultra 7,155H,4.8,48.0,DDR5,5600.0,2048.0,14.5,3072 x 1920,120.0,NVIDIA,1.61,75Wh,66990000.0
LENOVO Thinkpad P16s Gen3 T 21ks0039va,Lenovo,Intel,Core Ultra 5,125H,4.5,16.0,DDR5,5600.0,512.0,16.0,1920 x 1200,,NVIDIA,1.82,75Wh,38750000.0
LENOVO Thinkpad P16s Gen3 T 21ks003ava,Lenovo,Intel,Core Ultra 5,125H,4.5,16.0,DDR5,5600.0,512.0,16.0,1920 x 1200,,NVIDIA,1.82,75Wh,40390000.0
LENOVO Thinkpad P16s Gen3 T 21ks003bvn,Lenovo,Intel,Core Ultra 5,125H,4.5,16.0,DDR5,5600.0,512.0,16.0,1920 x 1200,,NVIDIA,1.82,75Wh,43640000.0
LENOVO Thinkpad P16s Gen3 T 21ks003cvn,Lenovo,Intel,Core Ultra 5,125H,4.5,16.0,DDR5,5600.0,1024.0,16.0,1920 x 1200,,NVIDIA,1.82,75Wh,46730000.0
LENOVO Thinkpad P16s Gen3 T 21ks0037va,Lenovo,Intel,Core Ultra 7,155H,4.8,32.0,DDR5,5600.0,1024.0,16.0,1920 x 1200,,NVIDIA,1.82,75Wh,50530000.0
LENOVO Thinkpad P16v Gen 1 T 21fc004bva,Lenovo,Intel,Core i7,,5.0,16.0,DDR5,5600.0,1024.0,16.0,1920 x 1200,,NVIDIA,2.2,90Wh,55650000.0
LENOVO Thinkpad P16v Gen 1 T 21fc004dvn,Lenovo,Intel,Core i7,,5.0,32.0,DDR5,5600.0,1024.0,16.0,3840 x 2400,,NVIDIA,2.2,90Wh,71560000.0
LENOVO Thinkpad P16v Gen 1 T 21fc004cvn,Lenovo,Intel,Core i7,,5.0,16.0,DDR5,5600.0,1024.0,16.0,3840 x 2400,,NVIDIA,2.2,90Wh,68680000.0
LENOVO Thinkpad P16s Gen3 T 21ks0035vn,Lenovo,Intel,Core Ultra 7,155H,4.8,32.0,DDR5,5600.0,1024.0,16.0,1920 x 1200,,NVIDIA,1.82,75Wh,55420000.0
LENOVO Thinkpad P16s Gen3 T 21ks0036vn,Lenovo,Intel,Core Ultra 7,155H,4.8,32.0,DDR5,5600.0,2048.0,16.0,1920 x 1200,,NVIDIA,1.82,75Wh,69170000.0
LENOVO Thinkpad P16v Gen 2 T 21kx0037va,Lenovo,Intel,Core Ultra 7,155H,4.8,32.0,DDR5,5600.0,1024.0,16.0,1920 x 1200,,NVIDIA,2.22,90Wh,63240000.0
LENOVO Thinkpad P16v Gen 2 T 21kx0038va,Lenovo,Intel,Core Ultra 7,155H,4.8,32.0,DDR5,5600.0,1024.0,16.0,3840 x 2400,,NVIDIA,2.22,90Wh,67770000.0
LENOVO Thinkpad P16v Gen 2 T 21kx0036vn,Lenovo,Intel,Core Ultra 7,155H,4.8,32.0,DDR5,5600.0,1024.0,16.0,3840 x 2400,,NVIDIA,2.22,90Wh,72680000.0
LENOVO Thinkpad L14 Gen 5 T 21l10043va,Lenovo,Intel,Core Ultra 5,125U,4.3,16.0,,,512.0,14.0,1920 x 1200,,Intel,1.4,3 cell /46.5Wh,23990000.0
LENOVO Thinkpad E14 Gen 6 21m70051vn,Lenovo,Intel,Core Ultra 7,155H,4.8,16.0,DDR5,,1024.0,14.0,2240 x 1400,,Intel,1.44,3 cell /47Wh,33990000.0
LENOVO Thinkpad E16 Gen 1 21jn00glvn,Lenovo,Intel,Core i5,,4.6,8.0,DDR4,,512.0,16.0,1920 x 1200,,Intel,1.81,3 cell /47Wh,21990000.0
LENOVO Thinkpad E16 Gen 2 21ma0048vn,Lenovo,Intel,Core Ultra 5,125U,4.3,16.0,DDR5,,1024.0,16.0,1920 x 1200,,Intel,1.81,3 cell /47Wh,24890000.0
LENOVO Thinkpad L14 Gen 5 T 21l1003wva,Lenovo,Intel,Core Ultra 7,155U,4.8,16.0,,,512.0,14.0,1920 x 1200,,Intel,1.4,3 cell /46.5Wh,28590000.0
LENOVO Ideapad Slim 3 15irh8 83em003evn,Lenovo,Intel,Core i7,,4.9,16.0,,,512.0,15.6,1920 x 1080,,Intel,1.62,3 cell /47Wh,19990000.0
LENOVO V14 G4 Iru 83a000bhvn,Lenovo,Intel,Core i5,,4.6,8.0,DDR4,,512.0,14.0,1920 x 1080,,Intel,1.43,38Wh,16490000.0
LENOVO Thinkpad X1 Carbon Gen 12 21kc008pvn,Lenovo,Intel,Core Ultra 7,155H,4.8,32.0,LPDDR5X,,1024.0,14.0,2880 x 1800,120.0,Intel,1.09,57Wh,62990000.0
LENOVO Thinkpad E14 Gen 5 21jk00pfva,Lenovo,Intel,Core i7,1355U,5.0,8.0,DDR4,,512.0,14.0,1920 x 1200,,Intel,1.41,3 cell /47Wh,24090000.0
LENOVO Thinkpad E14 Gen 6 21m7004uvn,Lenovo,Intel,Core Ultra 7,155U,4.8,16.0,DDR5,,512.0,14.0,1920 x 1200,,Intel,1.44,3 cell /47Wh,28390000.0
LENOVO Thinkpad E16 Gen 2 21ma004ava,Lenovo,Intel,Core Ultra 5,125H,4.5,8.0,DDR5,,512.0,16.0,1920 x 1200,,Intel,1.81,3 cell /47Wh,23090000.0
LENOVO Thinkpad E16 Gen 2 21ma004cvn,Lenovo,Intel,Core Ultra 5,125H,4.5,8.0,DDR5,,512.0,16.0,1920 x 1200,,Intel,1.81,3 cell /47Wh,24290000.0
LENOVO Thinkpad E16 Gen 2 21ma004evn,Lenovo,Intel,Core Ultra 5,125H,4.5,16.0,DDR5,,1024.0,16.0,1920 x 1200,,Intel,1.81,3 cell /47Wh,27090000.0
LENOVO Thinkpad E14 Gen 5 21jk006hva,Lenovo,Intel,Core i7,1355U,5.0,8.0,DDR4,,512.0,14.0,1920 x 1200,,Intel,1.53,3 cell /47Wh,25690000.0
LENOVO Thinkpad T14s Gen 5 21ls005uva,Lenovo,Intel,Core Ultra 7,155U,4.8,16.0,LPDDR5X,,1024.0,14.0,1920 x 1200,,Intel,1.24,3 cell /58Wh,36990000.0
LENOVO Thinkpad E16 Gen 1 21jn006ava,Lenovo,Intel,Core i7,1355U,5.0,8.0,DDR4,,512.0,16.0,1920 x 1200,,Intel,1.81,3 cell /47Wh,25690000.0
LENOVO Thinkpad X1 Carbon Gen 10 21cb009wvn,Lenovo,Intel,Core i5,1240P,4.4,16.0,,5200.0,512.0,14.0,2240 x 1400,,Intel,1.12,"4 Cell, 57Wh",47490000.0
LENOVO Ideapad 5 Pro 16arh7 82sn00afvn,Lenovo,AMD,Ryzen 7,6800HS,4.7,16.0,,6400.0,512.0,16.0,2560 x 1600,120.0,NVIDIA,1.95,4 cell /75Wh,28990000.0
LENOVO Ideapad 3 15aba7 82rn0070vn,Lenovo,AMD,Ryzen 5,5625U,4.3,8.0,,3200.0,512.0,15.6,1920 x 1080,,AMD,1.63,"3 Cell, 45Wh",15490000.0
LENOVO Ideapad 5 Pro 14arh7 82sj0026vn,Lenovo,AMD,Ryzen 5,6600HS,4.5,16.0,,6400.0,512.0,14.0,2880 x 1800,90.0,AMD,1.49,3 cell /56.5Wh,23990000.0
LENOVO Ideapad 5 Pro 14arh7 82sj0028vn,Lenovo,AMD,Ryzen 7,6800HS,4.7,16.0,,6400.0,512.0,14.0,2880 x 1800,90.0,AMD,1.49,3 cell /56.5Wh,24990000.0
LENOVO Thinkpad T16 G1 21bv00ekva,Lenovo,Intel,Core i5,1235U,4.4,8.0,DDR4,,512.0,16.0,1920 x 1200,,Intel,1.65,"3 Cell, 52.5Wh",28290000.0
LENOVO Thinkpad P14s Gen 3 21ak006xva,Lenovo,Intel,Core i7,1260P,4.7,16.0,DDR4,3200.0,512.0,14.0,2240 x 1400,,NVIDIA,1.38,3 cell 52.5Wh,42990000.0
LENOVO Thinkpad P14s Gen 3 21ak006sva,Lenovo,Intel,Core i5,1240P,4.4,8.0,DDR4,3200.0,512.0,14.0,2240 x 1400,,NVIDIA,1.38,3 cell 52.5Wh,36990000.0
LENOVO Thinkpad T14s Gen 3 21br00e2va,Lenovo,Intel,Core i5,1235U,4.4,16.0,,4800.0,512.0,14.0,1920 x 1200,,Intel,1.21,3 cell 57Wh,33390000.0
LENOVO Thinkpad X1 Carbon Gen 10 21cb00a8vn,Lenovo,Intel,Core i7,1260P,4.7,16.0,,5200.0,512.0,14.0,1920 x 1200,60.0,Intel,1.12,"4 Cell, 57Wh",48990000.0
LENOVO Thinkpad T16 Gen 1 21bv00g9fq,Lenovo,Intel,Core i7,1260P,4.7,8.0,,3200.0,512.0,16.0,1920 x 1200,,Intel,1.769,3 cell 52.5Wh,31590000.0
LENOVO Thinkpad P16s Gen 2 21hk004vva,Lenovo,Intel,Core i7,1360P,5.0,32.0,LPDDR5X,7500.0,512.0,16.0,1920 x 1200,,NVIDIA,1.7,Integrated 52.5Wh,41990000.0
LENOVO Thinkpad T490s 20nxs00200_id30092,lenovo,Intel,Core i7,8565U,1.8,,,,256.0,14.0,1920 x 1080,,Intel,1.5,,39990000.0
LENOVO Thinkpad T14s Gen 5 21ls0062vn,Lenovo,Intel,Core Ultra 7,155U,4.8,32.0,LPDDR5X,,1024.0,14.0,2880 x 1800,120.0,Intel,1.24,3 cell /58Wh,47190000.0
DELL 15 Dc15250 I7u161w11slu,Dell,Intel,Core i7,1355U,5.0,16.0,DDR4,,1024.0,15.6,1920 x 1080,,Intel,1.65,4C 54Wh,22990000.0
DELL Inspiron 15 3530 N5i7305w1,Dell,Intel,Core i7,1355U,5.0,16.0,,,512.0,15.6,1920 x 1080,120.0,Intel,1.62,4 Cell 54Whr,22990000.0
DELL Xps13 9350 Pp9h1,Dell,Intel,Core Ultra 7,258V,2.2,32.0,LPDDR5X,8533.0,1024.0,13.4,2560 x 1600,,Intel,1.21,3Cell 55WHrs,76990000.0
DELL 15 Dc15250 Cph99,Dell,Intel,Core i5,1334U,,16.0,DDR4,,512.0,15.6,1920 x 1080,,Intel,1.65,"3 Cell, 41 Wh",17990000.0
DELL 16 Dc16250 C7u161w11blu,Dell,Intel,,150U,,16.0,,,1024.0,16.0,1920 x 1200,,Intel,2.0,3 cell 41 Wh,28990000.0
DELL 16 Dc16251 Dc6c7557w1,Dell,Intel,,150U,,16.0,DDR5,5200.0,1024.0,16.0,1920 x 1200,,NVIDIA,1.98,4cell 54Whr,31990000.0
DELL Pro 13 Plus Pb13250 42ltu7pb13250,Dell,Intel,Core Ultra 7,265U,,16.0,,,512.0,13.3,1920 x 1200,60.0,Intel,1.23,3cell 55Wh,39990000.0
DELL Pro 14 Pc14250 71076111,Dell,Intel,,120U,5.0,16.0,,,1024.0,14.0,1920 x 1200,60.0,Intel,1.35,3Cell 45WHrs,26990000.0
DELL 15 Dc15250 Cph997,Dell,Intel,Core i7,1355U,5.0,16.0,DDR4,,1024.0,15.6,1920 x 1080,,Intel,1.65,4C 54Wh,24990000.0
DELL Inspiron 14 5440 N4i5211w1,Dell,Intel,,120U,5.0,16.0,DDR5,5200.0,512.0,14.0,1920 x 1200,60.0,Intel,1.67,4Cell 54WHrs,23990000.0
DELL Latitude 3450 L3450 1335u 08512u Fbl,Dell,Intel,Core i5,1335U,,8.0,DDR5,5200.0,512.0,14.0,1920 x 1080,,Intel,,3Cell 42WHrs,18990000.0
DELL Inspiron 14 5440 Ndy5v1,Dell,Intel,Core i5,1334U,,8.0,DDR5,4400.0,512.0,14.0,1920 x 1080,,,1.69,4-cell,21990000.0
DELL Xps 13 9350 71058714,Dell,Intel,Core Ultra 5,226V,4.5,16.0,LPDDR5X,,1024.0,13.4,2560 x 1600,,Intel,1.21,3Cell 55WHrs,58990000.0
DELL Latitude 3450 71076115,Dell,Intel,Core i7,1355U,,16.0,DDR5,5200.0,512.0,14.0,1920 x 1080,60.0,Intel,1.5,3Cell 42WHrs,28990000.0
DELL Inspiron 14 5440 N4i7204w1,Dell,Intel,,150U,5.4,16.0,DDR5,5200.0,512.0,14.0,1920 x 1200,60.0,Intel,1.67,4Cell 54WHrs,26999000.0
DELL Inspiron 14 5441 71069158,Dell,,,,2.97,16.0,,,512.0,14.0,1920 x 1200,60.0,,,3Cell 54Wh,28990000.0
DELL Inspiron 14 5440 7fn5j,Dell,Intel,,150U,5.4,16.0,DDR5,5200.0,1024.0,14.0,1920 x 1200,60.0,Intel,1.56,4Cell 54WHrs,27990000.0
DELL Inspiron 14 5441 5mnk1,Dell,,,,3.4,16.0,LPDDR5X,8448.0,512.0,14.0,1920 x 1200,60.0,,1.53,3Cell 54Wh,31990000.0
Nb DELL Mobile Precision 3590,Dell,Intel,Core Ultra 7,165H,5.0,16.0,,5600.0,512.0,15.6,1920 x 1080,60.0,NVIDIA,1.62,"3-cell, 42Wh",48990000.0
DELL Xps 9350 Xps9350 U5ia165w11gr Fp,Dell,Intel,Core Ultra 5,226V,4.5,16.0,LPDDR5X,8533.0,512.0,13.4,2560 x 1600,,Intel,1.21,3Cell 55WHrs,59990000.0
DELL Latitude 5450 Btx Base 42lt545001,Dell,Intel,Core Ultra 7,155U,4.8,16.0,DDR5,5600.0,512.0,14.0,1920 x 1080,60.0,Intel,1.4,"3-cell, 54 Wh",32990000.0
DELL 16 Plus Db16250 X65nw7,Dell,Intel,,256V,4.8,16.0,DDR5,,1024.0,16.0,,,Intel,1.87,4cell 64Whr,36990000.0
DELL 16 Plus Db16250 X65nw9,Dell,Intel,,288V,5.1,32.0,DDR5,,2048.0,16.0,,,Intel,1.87,4cell 64Whr,49990000.0
DELL 15 Dc15250 Dc5i5372w1,Dell,Intel,Core i5,1334U,,16.0,DDR4,,512.0,15.6,1920 x 1080,,Intel,1.65,"3 Cell, 41 Wh",17990000.0
DELL 15 Dc15250 Dc5i7748w1,Dell,Intel,Core i7,1355U,5.0,16.0,DDR4,,512.0,15.6,1920 x 1080,,Intel,1.65,4C 54Wh,21990000.0
DELL Latitude 3450 L3450 1335u 08512u,Dell,Intel,Core i5,1335U,,8.0,DDR5,,512.0,14.0,1920 x 1080,,Intel,1.5,3Cell 42WHrs,19990000.0
DELL Inspiron 15 3530 N3530 I3u085w11slu,Dell,Intel,Core i3,1305U,4.5,8.0,,3200.0,512.0,15.6,1920 x 1080,120.0,Intel,1.65,"3 Cell, 41 Wh",13890000.0
DELL 15 Dc15250 71071928,Dell,Intel,Core i5,1334U,,16.0,DDR4,,512.0,15.6,1920 x 1080,,Intel,1.65,"3 Cell, 41 Wh",18990000.0
DELL Inspiron 15 3530 71053721,Dell,Intel,Core i7,1355U,5.0,16.0,,,512.0,15.6,1920 x 1080,120.0,Intel,1.62,4 Cell 54Whr,22990000.0
DELL Latitude 3450 L3450 1335u 16512w,Dell,Intel,Core i5,1335U,,16.0,DDR5,5600.0,512.0,14.0,1920 x 1080,,Intel,1.5,3Cell 42WHrs,22990000.0
DELL Inspiron 15 3520 25p2312,Dell,Intel,Core i5,1235U,4.4,8.0,,3200.0,512.0,15.6,1920 x 1080,,Intel,1.83,3 Cell,16900000.0
DELL Latitude 3540 Adl Xcto 42lt354001,Dell,Intel,Core i5,1235U,,8.0,DDR4,3200.0,512.0,15.6,1920 x 1080,,Intel,1.81,"3 Cell, 42 Wh",18990000.0
DELL Inspiron 16 5640 N6i7512w1,Dell,Intel,,150U,5.4,16.0,DDR5,5200.0,1024.0,16.0,2560 x 1600,,NVIDIA,1.87,4Cell 54WHrs,33690000.0
DELL Gaming G15 5530 1053700,Dell,Intel,Core i7,,4.9,16.0,,4800.0,512.0,15.6,1920 x 1080,120.0,NVIDIA,2.81,3Cell 56Wh,35900000.0
DELL Inspiron 14 14 7440 2 In 1 N4i5006w1,Dell,Intel,,120U,5.0,16.0,DDR5,5200.0,1024.0,14.0,1920 x 1200,,Intel,1.74,4Cell 54WHrs,31990000.0
DELL Inspiron 15 N3530 I7u161w11slu Bl,Dell,Intel,Core i7,1355U,5.0,16.0,DDR4,3200.0,1024.0,15.6,1920 x 1080,120.0,Intel,1.62,4 Cell 54Whr,23990000.0
DELL Inspiron 14 5440 71059084,Dell,Intel,,150U,5.4,16.0,DDR5,5200.0,1024.0,14.0,2240 x 1400,,NVIDIA,1.56,4Cell 54WHrs,33990000.0
DELL Latitude 3550 42lt355001,Dell,Intel,Core i5,1335U,4.6,8.0,DDR5,5600.0,512.0,15.6,1920 x 1080,,Intel,1.81,"3 Cell, 42 Wh",21990000.0
DELL Latitude 3450 L3450 1335u 08512w,Dell,Intel,Core i5,1335U,,8.0,DDR5,,512.0,14.0,1920 x 1080,,Intel,1.5,3Cell 42WHrs,20990000.0
DELL Latitude 7350 L7350 135u 16512w,Dell,Intel,Core Ultra 5,135U,,16.0,LPDDR5,6400.0,512.0,13.3,1920 x 1080,,Intel,1.15,3Cell 54WHrs,38990000.0
DELL Latitude 3550 71047018,Dell,Intel,Core i5,1335U,4.6,16.0,DDR5,,512.0,15.6,1920 x 1080,,Intel,1.81,"3 Cell, 42 Wh",23990000.0
DELL Mobile Precision Workstation 3590,Dell,Intel,Core Ultra 7,165H,,16.0,DDR5,,512.0,15.6,1920 x 1080,60.0,Intel,,"3 Cell, 42WHr",46990000.0
DELL Mobile Precision Workstation 5680 71023332,Dell,Intel,Core i7,,,16.0,DDR5,4800.0,512.0,16.0,1920 x 1200,60.0,NVIDIA,,6-cell 100Wh,85990000.0
ASUS Vivobook 15 X1502va Bq885w,Asus,Intel,Core i5,,4.6,8.0,DDR4,,512.0,15.6,1920 x 1080,60.0,Intel,1.7,"42WHrs, 3S1P, 3-cell",15700000.0
ASUS Expertbook P1 P1403cva S61261w,Asus,,,,,16.0,DDR5,,,,,,,1.44,3-cell 50WHrs,19900000.0
ASUS Rog Zephyrus G14 Ga403 RYZEN Ai 9 Ga403wm Qs058ws,Asus,AMD,,,5.1,32.0,LPDDR5X,,1024.0,14.0,2880 x 1800,120.0,NVIDIA,1.5,"73WHrs, 4S1P, 4-cell Li-ion (sạc nhanh 0-50% trong 30 phút)",59990000.0
ASUS Vivobook 15 X1502va Bq886w,Asus,Intel,Core i7,,4.9,16.0,DDR4,,512.0,15.6,1920 x 1080,,Intel,1.7,"42WHrs, 3S1P, 3-cell",17660000.0
ASUS Zenbook A14 Ux3407qa Qd299ws,Asus,,,,2.97,16.0,LPDDR5X,,512.0,14.0,1920 x 1200,60.0,,0.99,3 Cell 70Whr,29990000.0
ASUS Rog Zephyrus G14 Ga403wp Qs045ws,Asus,AMD,,,5.1,32.0,LPDDR5X,,1024.0,14.0,2880 x 1800,,NVIDIA,1.5,"73WHrs, 4S1P, 4-cell Li-ion",61990000.0
ASUS Vivobook Go 15 E1504fa Bq1150w,Asus,AMD,Ryzen 5,7520U,4.3,16.0,LPDDR5,,512.0,15.6,,60.0,AMD,1.63,3 cell 42WHrs,12990000.0
ASUS Vivobook Go E1404fa Eb482w,Asus,AMD,Ryzen 5,7520U,4.3,16.0,LPDDR5,,512.0,14.0,,60.0,AMD,1.38,3 cell 42WHrs,14490000.0
ASUS Vivobook X1404va Eb509w,Asus,Intel,Core i3,1315U,4.5,8.0,DDR4,3200.0,512.0,14.0,1920 x 1080,,Intel,1.4,"3 cell 42 Wh , Pin liền",12190000.0
ASUS Vivobook 15 X1504va Bq165w,Asus,Intel,,120U,5.0,8.0,DDR4,,512.0,15.6,1920 x 1080,60.0,Intel,1.7,"3-cell, 42WHrs",16690000.0
ASUS Zenbook 14 Um3406ka Pp590ws,Asus,AMD,,,5.0,32.0,LPDDR5X,,1024.0,14.0,2880 x 1800,120.0,AMD,1.2,"75WHrs, 4S1P, 4-cell Li-ion",31990000.0
ASUS Vivobook S 14 Oled S5406sa Pp059ws,Asus,Intel,Core Ultra 5,258V,4.8,32.0,LPDDR5X,,1024.0,14.0,2880 x 1800,120.0,Intel,1.3,"75 WHrs, 4-cell",35990000.0
ASUS Expertbook P1503cva I308256 50w,Asus,,,,,8.0,DDR5,,,,,,,1.62,3-cell 50WHrs,11990000.0
ASUS Zenbook 14 Um3406ka Pp113ws,Asus,,,,2.0,16.0,LPDDR5X,,512.0,14.0,2880 x 1800,120.0,AMD,1.2,"75 WHrs, 4-cell",28990000.0
ASUS Vivobook S 16 S5606ca Ri171ws,Asus,Intel,Core Ultra 7,255H,5.1,16.0,LPDDR5X,,512.0,16.0,2880 x 1800,120.0,Intel,1.5,4-cell 75WHrs,30999000.0
ASUS Vivobook S14 M3407ka Sf032ws,Asus,AMD,,,,16.0,DDR5,,512.0,14.0,1920 x 1200,60.0,AMD,1.4,"70WHrs, 4S1P, 4-cell Li-ion",25999000.0
ASUS Vivobook S14 M3407ka Sf034ws,Asus,AMD,,,,16.0,DDR5,,512.0,14.0,1920 x 1200,60.0,AMD,1.4,"70WHrs, 4S1P, 4-cell Li-ion",22999000.0
ASUS Vivobook S 14 S3407ca Ly096ws,Asus,Intel,Core Ultra 7,255H,5.1,16.0,DDR5,,512.0,14.0,1920 x 1200,60.0,Intel,1.4,"70WHrs, 4S1P, 4-cell Li-ion",25990000.0
ASUS Vivobook S16 S3607ca Sh082ws,Asus,Intel,Core Ultra 5,225H,1.7,16.0,DDR5,,512.0,16.0,1920 x 1200,60.0,Intel,1.7,"70WHrs, 4S1P, 4-cell Li-ion",24990000.0
ASUS Vivobook S 14 S3407ca Ly095ws,Asus,Intel,Core Ultra 5,225H,4.9,16.0,DDR5,,512.0,14.0,1920 x 1200,60.0,Intel,1.4,"70WHrs, 4S1P, 4-cell Li-ion",22990000.0
ASUS Vivobook 14 X1405va Ly623w,Asus,Intel,Core i5,,4.6,16.0,DDR4,3200.0,512.0,14.0,1920 x 1200,60.0,Intel,1.6,"42WHrs, 3S1P, 3-cell Li-ion",16190000.0
ASUS Vivobook S14 S3407qa Sf043ws,Asus,,,,2.97,16.0,LPDDR5X,,512.0,14.0,1920 x 1200,60.0,,1.35,"70WHrs, 3S1P, 3-cell Li-ion",24990000.0
ASUS Vivobook S 14 Flip Tp3402va Lz632w,Asus,Intel,Core i5,,4.6,16.0,DDR4,,512.0,14.0,1920 x 1200,60.0,Intel,1.5,"3 cell, 50WHrs",20999000.0
ASUS Vivobook S16 S3607qa Sh040ws,Asus,,,,2.97,16.0,LPDDR5X,,512.0,16.0,1920 x 1200,60.0,,1.74,"70WHrs, 3S1P, 3-cell Li-ion",22999000.0
ASUS Expertbook P3405cva Nz0077w,Asus,Intel,Core i7,,4.9,16.0,DDR5,,512.0,14.0,2560 x 1600,,Intel,1.36,"63 WHrs, 3-cell",24999000.0
ASUS Rog Strix G18 G815lr S9211w,Asus,Intel,,275HX,5.4,32.0,DDR5,5600.0,1024.0,18.0,2560 x 1600,240.0,NVIDIA,3.2,"90WHrs, 4S1P, 4-cell Li-ion",63990000.0
ASUS Rog Strix G18 G815lm S9088w,Asus,Intel,,275HX,5.4,32.0,DDR5,5600.0,1024.0,18.0,2560 x 1600,240.0,NVIDIA,3.2,"90WHrs, 4S1P, 4-cell Li-ion",52990000.0
ASUS Expertbook P3405cva Nz0027w,Asus,Intel,Core i5,,4.6,16.0,DDR5,,512.0,14.0,2560 x 1600,,Intel,1.36,"63 WHrs, 3-cell",19990000.0
ASUS Expertbook P3605cva Pl0042w,Asus,Intel,Core i5,,4.6,16.0,DDR5,,512.0,16.0,2560 x 1600,,Intel,1.75,"63 WHrs, 3-cell",19990000.0
ASUS Expertbook B3 B3405cca Ly0080w,Asus,,,,,16.0,DDR5,,,,,,,1.4,"3 cell 63 Wh , Pin liền",26990000.0
ASUS Expertbook P3605cva Pl0047w,Asus,Intel,Core i7,,4.9,16.0,DDR5,,512.0,16.0,2560 x 1600,,Intel,1.75,"63 WHrs, 3-cell",25999000.0
ASUS Rog Zephyrus G16 Gu605cx Qr147w,Asus,Intel,Core Ultra 9,285H,5.4,64.0,LPDDR5X,,2048.0,16.0,2560 x 1600,240.0,NVIDIA,1.95,"4-cell, 90WHrs",124990000.0
ASUS Gaming Rog Zephyrus G14 Ga403wm Qs051ws,Asus,AMD,,,5.1,32.0,LPDDR5X,,1024.0,14.0,2880 x 1800,,NVIDIA,1.5,"73WHrs, 4S1P, 4-cell Li-ion",56940000.0
ASUS Rog Zephyrus G14 Ga403ww Qs136ws,Asus,AMD,,,5.1,64.0,LPDDR5X,,2048.0,14.0,2880 x 1800,,NVIDIA,1.57,"73WHrs, 4S1P, 4-cell Li-ion",89490000.0
ASUS Rog Strix G16 G615lw S5219w,Asus,Intel,Core Ultra 9,275HX,5.4,16.0,DDR5,5600.0,1024.0,16.0,2560 x 1600,240.0,NVIDIA,2.65,"4-cell, 90WHrs",73690000.0
ASUS Rog Strix G16 G615lr S5289w,Asus,Intel,Core Ultra 7,255HX,5.2,16.0,DDR5,5600.0,1024.0,16.0,2560 x 1600,240.0,NVIDIA,2.65,"4-cell, 90WHrs",57920000.0
ASUS Tuf Gaming A14 Fa401km Rg010ws 90nr0kg1 M000t0,Asus,AMD,,,5.0,16.0,LPDDR5X,,1024.0,14.0,2560 x 1600,165.0,NVIDIA,1.46,"73WHrs, 4S1P, 4-cell Li-ion",45150000.0
ASUS Tuf Gaming F16 Fx608jh Rv039w,Asus,Intel,Core i5,,4.6,16.0,DDR5,,1024.0,16.0,1920 x 1200,165.0,NVIDIA,2.2,"90WHrs, 4S1P, 4-cell Li-ion",33390000.0
ASUS Tuf Gaming F16 Fx608jhr Rv037w,Asus,Intel,Core i7,,5.2,16.0,DDR5,,1024.0,16.0,1920 x 1200,165.0,Intel,2.2,"90WHrs, 4S1P, 4-cell Li-ion",38290000.0
ASUS Tuf Gaming F16 Fx608jpr Rv044w,Asus,Intel,Core i7,,5.2,16.0,DDR5,,1024.0,16.0,1920 x 1200,165.0,NVIDIA,2.2,"90WHrs, 4S1P, 4-cell Li-ion",45990000.0
ASUS Tuf Gaming F16 Fx607vj Rl034w,Asus,Intel,,210H,4.8,16.0,,,512.0,16.0,1920 x 1080,144.0,NVIDIA,2.2,"56WHrs, 4S1P, 4-cell Li-ion",24540000.0
ASUS Tuf Gaming A15 Fa506ncg Hn184w,Asus,AMD,Ryzen 7,7445HS,4.7,16.0,,5600.0,512.0,15.6,1920 x 1080,144.0,NVIDIA,2.3,3-cell 48WHrs,22990000.0
ASUS Gaming V16 V3607vu Rp343w,Asus,Intel,,210H,4.8,16.0,DDR5,,512.0,16.0,1920 x 1200,144.0,NVIDIA,1.95,"63WHrs, 3S1P, 3-cell Li-ion",26990000.0
ASUS Gaming V16 V3607vh Rp025w,Asus,Intel,,240H,5.2,16.0,DDR5,,512.0,16.0,1920 x 1200,144.0,NVIDIA,1.95,"63WHrs, 3S1P, 3-cell Li-ion",30999000.0
ASUS Expertbook P1403cva I716 50w,Asus,,,,,16.0,DDR5,,,,,,,1.45,3-cell 50WHrs,19290000.0
ASUS Expertbook P1403cva I516 50w,Asus,,,,,16.0,,,,,,,,1.4,"63WHrs, 3S1P, 3-cell",15590000.0
ASUS Expertbook P5 P5405csa Nz0442ws,Asus,,,,,32.0,LPDDR5X,,,,,,,1.27,"63WHrs, 3S1P, 3-cell Li-ion",35999000.0
ASUS Expertbook P1503cva I516 50w,Asus,,,,,16.0,DDR5,,,,,,,1.65,3-cell Li-ion,15990000.0
ASUS Gaming Vivobook 16x K3605vc Rp431w,Asus,Intel,Core i5,,4.6,16.0,DDR4,,512.0,16.0,1920 x 1200,144.0,NVIDIA,1.8,3 cell 50 Wh,22080000.0
ASUS Vivobook 16 K3607vj Rp092w,Asus,Intel,,210H,4.8,16.0,DDR5,,512.0,16.0,1920 x 1200,144.0,NVIDIA,1.95,"63WHrs, 3S1P, 3-cell Li-ion",22999000.0
ASUS Vivobook 15 X1504va Bq2076w,Asus,Intel,Core i5,1334U,4.6,8.0,DDR4,,512.0,15.6,1920 x 1080,60.0,Intel,1.7,"3-cell, 42WHrs",16490000.0
ASUS Vivobook 16 A1607qa Mb067ws,Asus,,,,2.97,16.0,,,512.0,16.0,1920 x 1200,60.0,,1.88,"50WHrs, 3S1P, 3-cell Li-ion",20990000.0
ASUS Gaming V16 V3607vh Rp024w,Asus,Intel,,210H,4.8,16.0,DDR5,,512.0,16.0,1920 x 1200,144.0,NVIDIA,1.95,"63WHrs, 3S1P, 3-cell Li-ion",27990000.0
ASUS Gaming V16 V3607vm Rp044w,Asus,Intel,,240H,5.2,16.0,DDR5,,1024.0,16.0,1920 x 1200,144.0,NVIDIA,1.95,"63WHrs, 3S1P, 3-cell Li-ion",37300000.0
ASUS Gaming Rog Zephyrus G16 Gu605cr Qr107w,Asus,Intel,Core Ultra 9,285H,5.4,32.0,LPDDR5X,,1024.0,16.0,2560 x 1600,,NVIDIA,1.95,"4-cell, 90WHrs",76590000.0
ASUS Vivobook X1404va Nk394w,Asus,Intel,Core i3,1315U,4.5,8.0,DDR4,3200.0,512.0,14.0,1920 x 1080,,Intel,1.4,"42WHrs, 3S1P, 3-cell Li-ion",12460000.0
ASUS Vivobook S 14 S3407va Ly046w,Asus,Intel,Core i5,,4.6,8.0,DDR5,,512.0,14.0,1920 x 1200,60.0,Intel,1.39,"70WHrs, 4S1P, 4-cell Li-ion",18999000.0
ASUS Rog Strix Scar 18 G835lw Sa193w,Asus,Intel,Core Ultra 9,275HX,5.4,32.0,DDR5,5600.0,1024.0,18.0,2560 x 1600,,NVIDIA,3.3,"90WHrs, 4S1P, 4-cell Li-ion",88390000.0
ASUS Rog Zephyrus G14 Ga403wr Qs156ws,Asus,AMD,,,5.1,32.0,LPDDR5X,,1024.0,14.0,2880 x 1800,120.0,NVIDIA,1.57,"73WHrs, 4S1P, 4-cell Li-ion",71660000.0
ASUS Zenbook S 16 Um5606ka Rk113ws,Asus,AMD,,,5.0,24.0,,,1024.0,16.0,2880 x 1800,120.0,AMD,1.5,"78WHrs, 2S2P, 4-cell Li-ion",42990000.0
ASUS Zenbook S 16 Um5606ka Rk127ws,Asus,AMD,,,5.0,24.0,,,1024.0,16.0,2880 x 1800,120.0,AMD,1.5,"78WHrs, 2S2P, 4-cell Li-ion",38990000.0
ASUS Vivobook 15 A1505v L1688w,Asus,Intel,Core i7,,4.9,16.0,DDR4,,512.0,15.6,1920 x 1080,60.0,Intel,1.7,"3-cell, 50WHrs",20990000.0
ASUS Vivobook S 16 Oled M5606ka Ri016ws,Asus,AMD,,,5.0,24.0,LPDDR5X,,512.0,16.0,2880 x 1800,120.0,AMD,1.5,"75 WHrs, 4-cell",30990000.0
ASUS Rog Strix G18 G815jpr S9057w,Asus,Intel,Core i9,,,32.0,DDR5,5600.0,1024.0,18.0,2560 x 1600,240.0,NVIDIA,3.2,"90WHrs, 4S1P, 4-cell Li-ion",55999000.0
ASUS Rog Strix Scar 18 G835lw Sa172w,Asus,Intel,Core Ultra 9,275HX,5.4,64.0,DDR5,5600.0,2048.0,18.0,2560 x 1600,,NVIDIA,3.3,"90WHrs, 4S1P, 4-cell Li-ion",121990000.0
ASUS Rog Strix Scar 16 G635lx Rw179w,Asus,Intel,Core Ultra 9,275HX,5.4,64.0,DDR5,5600.0,2048.0,16.0,2560 x 1600,,NVIDIA,2.8,"90WHrs, 4S1P, 4-cell Li-ion",141990000.0
ASUS Rog Strix Scar 16 G635lx Rw192w,Asus,Intel,Core Ultra 9,275HX,5.4,32.0,DDR5,,2048.0,16.0,2560 x 1600,240.0,NVIDIA,2.8,"90WHrs, 4S1P, 4-cell Li-ion",123790000.0
ASUS Rog Strix G615jhr S5069w,Asus,Intel,Core i7,,5.2,32.0,DDR5,5600.0,1024.0,16.0,2560 x 1600,240.0,NVIDIA,2.73,"4-cell, 90WHrs",44990000.0
ASUS Vivobook 16 K3607vu Rp280w,Asus,Intel,,210H,4.8,16.0,DDR5,,512.0,16.0,1920 x 1200,144.0,NVIDIA,1.95,"63WHrs, 3S1P, 3-cell Li-ion",25490000.0
ASUS Expertbook P1403cva I308 50w,Asus,,,,,8.0,DDR5,,,,,,,1.4,3-cell 50WHrs,11990000.0
ASUS Expertbook P1503cva I308 50w,Asus,,,,,8.0,DDR5,,,,,,,1.62,3-cell 50WHrs,13999000.0
ASUS Expertbook P1403cva I516 63ws,Asus,,,,,16.0,DDR5,,,,,,,1.45,3-cell 63WHrs,16590000.0
ASUS Vivobook 16 K3607vj Rp106w,Asus,Intel,,240H,5.2,16.0,DDR5,,512.0,16.0,1920 x 1200,144.0,NVIDIA,1.95,"63WHrs, 3S1P, 3-cell Li-ion",24490000.0
ASUS Vivobook Go 15 E1504ga Bq1141w,Asus,Intel,Core i3,,3.8,8.0,DDR4,,,15.6,1920 x 1080,60.0,Intel,1.63,"42WHrs, 3S1P, 3-cell Li-ion",9990000.0
ASUS Rog Strix Scar 18 G835lr Sa130w,Asus,Intel,Core Ultra 9,275HX,5.4,32.0,DDR5,5600.0,1024.0,18.0,2560 x 1600,,NVIDIA,3.3,"90WHrs, 4S1P, 4-cell Li-ion",69990000.0
ASUS Gaming Rog Zephyrus G16 Gu605cx Qr083w,Asus,Intel,Core Ultra 9,285H,5.4,64.0,LPDDR5X,,2048.0,16.0,2560 x 1600,240.0,NVIDIA,1.95,"4-cell, 90WHrs",131990000.0
ASUS Rog Strix G18 G815lw S9164w,Asus,Intel,Core Ultra 9,275HX,2.7,32.0,DDR5,5600.0,1024.0,18.0,2560 x 1600,240.0,NVIDIA,3.2,"90WHrs, 4S1P, 4-cell Li-ion",78490000.0
ASUS Rog Strix G16 G615lw S5135w,Asus,Intel,Core Ultra 9,275HX,5.4,32.0,DDR5,5600.0,1024.0,16.0,2560 x 1600,240.0,NVIDIA,2.65,"4-cell, 90WHrs",73630000.0
ASUS Zenbook 14 Um3406ka Pp555ws,Asus,,,,2.0,32.0,LPDDR5X,,512.0,14.0,2880 x 1800,120.0,AMD,1.2,"75 WHrs, 4-cell",31990000.0
ASUS Expertbook P5 P5405csa Nz0017w,Asus,,,,,32.0,LPDDR5X,,,,,,,1.27,"63WHrs, 3S1P, 3-cell Li-ion",30990000.0
ASUS Vivobook 15 X1504za Nj1039w,Asus,,,1255U,4.4,8.0,,,512.0,15.6,1920 x 1080,60.0,Intel,1.7,"3-cell, 42WHrs",17690000.0
ASUS Rog Strix G16 G615lr S5238w,Asus,Intel,Core Ultra 7,255HX,5.2,32.0,DDR5,5600.0,1024.0,16.0,2560 x 1600,240.0,NVIDIA,2.65,"4-cell, 90WHrs",57920000.0
ASUS Gaming Rog Zephyrus G14 Ga403wr Qs103ws,Asus,AMD,,,5.1,32.0,LPDDR5X,,1024.0,14.0,2880 x 1800,,NVIDIA,1.5,"73WHrs, 4S1P, 4-cell Li-ion",77990000.0
ASUS Vivobook 15 Oled A1505va Ma492w,Asus,Intel,Core  i7,,5.0,16.0,DDR4,3200.0,512.0,15.6,2880 x 1620,120.0,Intel,1.7,"3-cell, 50WHrs",22990000.0
ASUS Gaming Rog Zephyrus G16 Gu605mv Qr196ws,Asus,Intel,Core Ultra 9,185H,,16.0,LPDDR5X,,1024.0,16.0,2560 x 1600,240.0,NVIDIA,1.85,"4-cell, 90WHrs",69900000.0
ASUS Gaming Rog Zephyrus G16 Gu603vu N4019w,Asus,Intel,Core i7,,4.9,16.0,DDR4,,512.0,16.0,2560 x 1600,240.0,NVIDIA,2.0,"4-cell, 90WHrs",44990000.0
ASUS Gaming Rog Zephyrus G16 Gu603vv N4022w,Asus,Intel,Core i7,,4.9,16.0,DDR4,,512.0,16.0,2560 x 1600,240.0,NVIDIA,2.0,"4-cell, 90WHrs",47990000.0
ASUS Gaming Rog Zephyrus G16 Gu605mi Qr116w INTEL Ultra 9,Asus,Intel,,185H,,16.0,LPDDR5X,,1024.0,16.0,2560 x 1600,,NVIDIA,1.85,"4-cell, 90WHrs",79900000.0
ASUS Zenbook S 13 Oled Ux5304ma Nq117w,Asus,Intel,Core Ultra 7,155U,4.8,32.0,LPDDR5X,,1024.0,13.3,2880 x 1800,60.0,Intel,1.0,"63WHrs, 2S2P, 4-cell Li-ion",44590000.0
ASUS Gaming Vivobook K3605zu Rp296w,Asus,Intel,Core i5,,4.5,16.0,DDR4,,512.0,16.0,1920 x 1200,144.0,NVIDIA,1.8,"70WHrs, 3S1P, 3-cell Li-ion",25030000.0
ASUS Vivobook 14 Oled A1405va Km095w,Asus,Intel,Core  i5,,4.7,16.0,,,512.0,14.0,2880 x 1800,90.0,NVIDIA,1.6,3 cell /50WHrs,21990000.0
ASUS Vivobook S 15 S5507qa Ma090ws,Asus,,,,3.4,32.0,LPDDR5X,,1024.0,15.6,2880 x 1620,120.0,,1.42,"70WHrs, 3S1P, 3-cell Li-ion",35990000.0
ASUS Tuf Gaming A15 Fa506nfr Hn006w,Asus,AMD,Ryzen 7,7435HS,4.5,16.0,,4800.0,512.0,15.6,1920 x 1080,144.0,NVIDIA,2.3,3-cell 48WHrs,21990000.0
ASUS Tuf Gaming A15 Fa506ncr Hn047w,Asus,AMD,Ryzen 7,7435HS,4.5,16.0,,4800.0,512.0,15.6,1920 x 1080,144.0,NVIDIA,2.3,3-cell 48WHrs,23490000.0
ASUS Rog Strix G16 G614jv N4369w,Asus,Intel,Core i7,,4.9,16.0,DDR5,,1024.0,16.0,1920 x 1200,240.0,NVIDIA,2.5,"90WHrs, 4S1P, 4-cell Li-ion",42990000.0
ASUS Expertbook B5 B5404cma Q70250wl,Asus,,,,,16.0,DDR5,,,,,,,1.4,"63WHrs, 3S1P, 3-cell Li-ion",31990000.0
ASUS Rog Strix G16 G614ju N4132w,Asus,Intel,Core i7,,4.9,16.0,DDR5,4800.0,512.0,16.0,2560 x 1600,240.0,NVIDIA,2.5,"4-cell, 90WHrs",41990000.0
ASUS Expertbook P1503cva I5se16 63ws,Asus,,,,,16.0,DDR5,,,,,,,1.65,"63WHrs, 3S1P, 3-cell Li-ion",16790000.0
ASUS Zenbook 14 Oled Ux3405ma Pp151w,Asus,Intel,Core Ultra 5,125H,4.5,16.0,,,512.0,14.0,2880 x 1800,120.0,Intel,1.2,4-cell 75WHrs,29990000.0
ASUS Vivobook S 14 Flip Tp3402va Lz025w,Asus,Intel,Core i3,1315U,4.5,8.0,DDR4,,256.0,14.0,1920 x 1200,60.0,Intel,1.5,"3 cell, 50WHrs",16990000.0
ASUS Vivobook 15x Oled S3504va L1227ws,Asus,Intel,Core i7,1360P,5.0,8.0,DDR4,,512.0,15.6,,60.0,Intel,1.7,3 cell 50WHrs,25990000.0
ASUS Vivobook 15 Oled A1505va L1491w,Asus,Intel,Core  i7,,5.0,16.0,,,512.0,15.6,1920 x 1080,60.0,Intel,1.7,"3-cell, 50WHrs",22990000.0
ASUS Expertbook B1 B1502cva Nj0148w,Asus,,,,,8.0,DDR4,3200.0,,,,,,1.69,3 Cell 42WHr,19990000.0
ASUS Expertbook B1 B1402cva Nk0176w,Asus,Intel,Core  i5,1335U,4.6,16.0,,,512.0,14.0,1920 x 1080,60.0,Intel,1.46,3Cell 42WHrs,14990000.0
ASUS Vivobook S 14 Oled S5406ma Pp161w,Asus,Intel,Core Ultra 5,125H,4.5,16.0,LPDDR5,,1024.0,14.0,,120.0,Intel,1.3,"75 WHrs, 4-cell",26990000.0
ASUS Tuf Gaming A15 Fa506nf Hn005w,Asus,AMD,Ryzen 5,7535HS,4.5,8.0,,4800.0,512.0,15.6,1920 x 1080,144.0,NVIDIA,2.3,48WHrs,18990000.0
ASUS Vivobook S 14 Oled S5406ma Pp136w,Asus,Intel,Core Ultra 5,125H,4.5,16.0,LPDDR5,,1024.0,14.0,,120.0,Intel,1.3,"75 WHrs, 4-cell",26790000.0
ASUS Rog Flow X16 Gv601vv Nf044w,Asus,Intel,Core i9,,5.4,16.0,DDR5,,1024.0,16.0,2560 x 1600,240.0,NVIDIA,2.2,"90WHrs, 4S1P, 4-cell Li-ion",54990000.0
ASUS Tuf Gaming A15 Fa506nfr Hn075w,Asus,AMD,Ryzen 7,7435HS,4.5,16.0,,4800.0,512.0,15.6,1920 x 1080,144.0,NVIDIA,2.3,3-cell 48WHrs,22990000.0
ASUS Zenbook S 13 Oled Ux5304va Nq126w,Asus,Intel,Core i7,1355U,5.0,32.0,,,1024.0,13.3,2880 x 1800,60.0,Intel,1.0,4Cell 63WHrs,49990000.0
ASUS Rog Strix G16 G614jv N3514w,Asus,Intel,Core i7,,4.9,16.0,DDR5,,1024.0,16.0,1920 x 1200,165.0,NVIDIA,2.5,"90WHrs, 4S1P, 4-cell Li-ion",40990000.0
ASUS Expertbook B5 B5402cva Ki0229w,Asus,Intel,Core i7,1360P,5.0,16.0,,,512.0,14.0,1920 x 1080,,Intel,1.27,3Cell 63WHrs,27990000.0
ASUS Zenbook 14 Flip Oled Up3404va Kn038w,Asus,Intel,Core I5,1340P,4.6,16.0,,,512.0,14.0,2880 x 1800,90.0,Intel,1.5,"4 cell, 75WHrs",29990000.0
ASUS Proart H7600zm L2079w,Asus,Intel,Core i9,,5.0,32.0,,,1024.0,16.0,3840 x 2400,,NVIDIA,2.05,"4-cell, 90Wh",69900000.0
ASUS Rog Strix Scar 15 G533zs Ln036w,Asus,Intel,Core i9,,5.0,32.0,,4800.0,2048.0,15.6,2560 x 1440,240.0,NVIDIA,2.3,4 Cell 90WHrs,89990000.0
ASUS Zenbook Pro 14 Duo Oled Ux8402vu P1028w,Asus,Intel,Core i9,,5.4,32.0,,,1024.0,14.5,2880 x 1800,120.0,NVIDIA,1.75,4 cell 76WHrs,69990000.0
ASUS Zenbook Ux333fa A4016t_id28175,asus,Intel,Core i5,8265U,3.9,,,,256.0,13.3,1920 x 1080,,Intel,1.19,,22490000.0
ASUS Zenbook S 13 Oled Ux5304va Nq125w,Asus,Intel,Core i7,1355U,5.0,16.0,,,512.0,13.3,2880 x 1800,60.0,Intel,1.0,4Cell 63WHrs,39590000.0
ASUS Zenbook Ux333fa A4011t_id28176,asus,Intel,Core i5,8265U,3.9,,,,256.0,13.3,1920 x 1080,,Intel,1.19,,22990000.0
ACER Aspire A515 58p 9841 Nx.kvgsv.003,Acer,Intel,Core i9,,5.4,16.0,,5200.0,512.0,15.6,1920 x 1080,60.0,,1.7,50Wh,22990000.0
ACER Gaming Nitro 16 Ai Propanel An16s 61 R5f4 Nh.qxfsv.001,Acer,AMD,,,4.8,16.0,,5600.0,512.0,16.0,1920 x 1200,180.0,NVIDIA,2.18,76Wh 4-cell Li-ion battery 230W AC Adapter,44990000.0
ACER Gaming Nitro V 16 Ai Propanel Anv16s 61 R9zv,Acer,AMD,,,4.8,16.0,,5600.0,1024.0,16.0,2560 x 1600,180.0,NVIDIA,2.18,76Wh 4-cell Li-ion battery 135W AC adapter,46990000.0
ACER Aspire Lite 15 Al15 71p 517d Nx.j7ksv.001,Acer,Intel,Core i5,,4.4,16.0,DDR5,4800.0,512.0,15.6,1920 x 1080,60.0,Intel,1.79,58Wh 3-cell Li-ion battery Adapter 90W_5.5PHY,15490000.0
ACER Gaming Nitro V 15 Propanel Anv15 41 R0y4 Nh.qpesv.004,Acer,AMD,Ryzen 7,7735HS,4.75,16.0,,4800.0,512.0,15.6,1920 x 1080,180.0,NVIDIA,2.1,57Whr 4-cell Li-ion Battery 135W AC Adapter,28990000.0
ACER Gaming Nitro V 15 Propanel Anv15 41 R0fe Nh.qpfsv.005,Acer,AMD,Ryzen 7,7735HS,4.75,16.0,,4800.0,512.0,15.6,1920 x 1080,180.0,NVIDIA,2.1,57Whr 4-cell Li-ion Battery 135W AC Adapter,25990000.0
ACER Aspire 7 A715 59g 73lb Nh.qx6sv.002,Acer,Intel,Core i7,,4.7,16.0,,3200.0,512.0,15.6,1920 x 1080,144.0,NVIDIA,1.99,54.8Wh 3-cell,23999000.0
ACER Gaming Nitro V 15 Propanel Anv15 41 R9m1 Nh.qpfsv.004,Acer,AMD,Ryzen 5,7535HS,4.55,16.0,,4800.0,512.0,15.6,1920 x 1080,180.0,NVIDIA,2.1,57Whr 4-cell Li-ion Battery 135W AC Adapter,23990000.0
ACER Gaming Nitro V 15 Propanel Anv15 52 59aa Nh.qz9sv.002,Acer,Intel,Core i5,,4.6,16.0,,,512.0,15.6,1920 x 1080,180.0,NVIDIA,2.1,76Wh 4-cell Li-ion battery 135W 5.5PHY Adapter,30990000.0
ACER Gaming Nitro V Anv15 51 500a Nh.qnasv.008,Acer,Intel,Core i5,,4.6,16.0,,,512.0,15.6,1920 x 1080,180.0,NVIDIA,2.1,57Whr 4-cell,23990000.0
ACER Gaming Nitro V 15 Propanel Anv15 52 72bm,Acer,Intel,Core i7,,4.9,16.0,,,512.0,15.6,1920 x 1080,180.0,NVIDIA,2.1,76Wh 4-cell Li-ion battery 135W 5.5PHY Adapter,32990000.0
ACER Swift Go 14 Sfg14 41 R251_nx.kg3sv.005,Acer,AMD,Ryzen 5,7430U,4.3,16.0,LPDDR4X,4800.0,1024.0,14.0,1920 x 1080,60.0,AMD,1.25,4 cell,18990000.0
ACER Gaming Nitro V 15 Propanel Anv15 41 R7cr Nh.qpesv.003,Acer,AMD,Ryzen 5,7535HS,4.55,16.0,,4800.0,512.0,15.6,1920 x 1080,180.0,NVIDIA,2.1,57Whr 4-cell Li-ion Battery 135W AC Adapter,26990000.0
ACER Nitro Lite 16 Nl16 71g 56wq_nh.d59sv.001,Acer,Intel,Core i5,,4.6,16.0,,4800.0,512.0,16.0,1920 x 1200,165.0,NVIDIA,1.95,53 Wh 3-cell,22990000.0
ACER Aspire 5 A514 56p 55k5 Nx.khrsv.003,Acer,Intel,Core i5,1335U,4.6,16.0,,6400.0,1024.0,14.0,1920 x 1200,60.0,Intel,1.5,3 Cell 50 Wh,16990000.0
ACER Aspire 7 A715 59g 57tu Nh.qx6sv.001,Acer,Intel,Core i5,,4.4,16.0,,3200.0,512.0,15.6,1920 x 1080,144.0,NVIDIA,1.99,54.8Wh 3-cell,22490000.0
ACER Gaming Nitro Lite 16 Nl16 71g 71uj,Acer,Intel,Core i7,,4.9,8.0,,4800.0,512.0,16.0,1920 x 1200,165.0,NVIDIA,1.95,53Wh 3-cell Li-ion battery 100W TypeC adapter,23999000.0
ACER Predator Helios Neo 16s Ai Phn16s 71 95ms,Acer,Intel,Core Ultra 9,275HX,5.4,,,,2048.0,16.0,2560 x 1600,240.0,NVIDIA,2.3,76Wh 4-cell Li-ion battery,69990000.0
ACER Gaming Nitro V 16 Ai Propanel Anv16s 61 R0b8,Acer,AMD,,,4.8,16.0,,5600.0,512.0,16.0,1920 x 1080,180.0,NVIDIA,2.1,76Wh 4-cell Li-ion battery 135W AC adapter,36990000.0
ACER Gaming Nitro V Anv15 51 73bt Nh.qnasv.009,Acer,Intel,Core i7,,4.9,16.0,,,512.0,15.6,1920 x 1080,180.0,NVIDIA,2.1,57Whr 4-cell,25990000.0
ACER Gaming Aspire 5 A515 58gm 53cm Nx.kw1sv.003,Acer,Intel,Core i5,,4.6,16.0,DDR4,3200.0,512.0,15.6,1920 x 1080,144.0,NVIDIA,1.78,50 Wh,22990000.0
ACER Aspire Lite 14 Al14 71m 52gq Nx.j4asv.001,Acer,Intel,Core i5,,4.5,8.0,,4800.0,512.0,14.0,1920 x 1200,60.0,Intel,1.55,58Wh 3-cell Li-ion battery,14990000.0
ACER Aspire Lite 15al15 72p 581v Nx.d4csv.001,Acer,Intel,Core i5,,4.7,16.0,DDR5,4800.0,512.0,15.6,1920 x 1080,60.0,Intel,1.79,58Wh 3-cell Li-ion battery 90W AC adapter,15690000.0
ACER Gaming Nitro V 16 Propanel Anv16 41 R36y Nh.qp1sv.004,Acer,AMD,Ryzen 7,8845HS,5.1,,,5600.0,512.0,16.0,1920 x 1200,165.0,NVIDIA,2.5,4 cell - 57 Wh,31990000.0
Gaming ACER Aspire 7 A715 76g 5806 Nh.qmfsv.002,Acer,Intel,Core i5,,4.4,16.0,,3200.0,512.0,15.6,1920 x 1080,144.0,NVIDIA,2.1,"3-cell, 50Wh",22990000.0
ACER Aspire Lite 16 Gen 2 Al16 52p 572a Nx.j2ssv.004,Acer,Intel,Core i5,1334U,4.6,16.0,DDR5,4800.0,2048.0,16.0,1920 x 1200,60.0,Intel,1.7,58Whr 3-cell 65W PD Type-C Adapter,16990000.0
ACER Nitro V 15 Propanel Anv15 51 73uu Nh.qn9sv.00c,Acer,Intel,Core i7,,4.9,16.0,,5200.0,512.0,15.6,1920 x 1080,180.0,NVIDIA,2.1,4 cell - 57 Wh,27990000.0
ACER Aspire Go 14 Ai Ag14 71m 57wr Nx.jfwsv.001,Acer,Intel,Core Ultra 5,125H,4.5,16.0,,5600.0,512.0,14.0,1920 x 1200,60.0,Intel,1.5,55 Wh 3-cell Li-ion battery USB Type-C 65 W PD AC adapter,18790000.0
ACER Aspire Lite 16 Ai Al16 71p 71wu Nx.d4xsv.002,Acer,Intel,Core Ultra 7,155H,4.8,8.0,,5600.0,512.0,16.0,1920 x 1200,60.0,Intel,1.6,58Wh 3-cell Li-ion battery 90W AC adapter,20999000.0
ACER Aspire Go 15 Ag15 71p 58x1 Nx.j4gsv.001,Acer,Intel,Core i5,,4.6,8.0,,5200.0,512.0,15.6,1920 x 1080,60.0,Intel,1.8,58Wh 3-cell Li-ion battery,16990000.0
ACER Aspire Lite 16 Ai Al16 71p 5674 Nx.d4xsv.001,Acer,Intel,Core Ultra 5,125H,4.5,8.0,,5600.0,512.0,16.0,1920 x 1200,60.0,Intel,1.6,58Wh 3-cell Li-ion battery 90W AC adapter,18990000.0
ACER Aspire 5 A514 56p 35x7 Nx.khrsv.001,Acer,Intel,Core  i3,1315U,4.5,8.0,,6400.0,512.0,14.0,1920 x 1200,60.0,Intel,1.5,3 cell 50 Wh,12990000.0
ACER Swift Ai Sf14 51 75vp Nx.j2ksv.001,Acer,Intel,Core Ultra 7,258V,,32.0,,8533.0,1024.0,14.0,2880 x 1800,90.0,Intel,1.26,65 Wh 3-cell Li-ion battery,39990000.0
Gaming ACER Nitro V Anv15 51 55ca Nh.qn8sv.004,Acer,Intel,Core i5,,4.6,8.0,DDR5,5200.0,512.0,15.6,1920 x 1080,144.0,NVIDIA,2.1,57 Wh 4-cel,27990000.0
ACER Gaming Predator Helios Neo 16 Ai Phn16 73 98s4,Acer,Intel,Core Ultra 9,275HX,5.4,32.0,,6400.0,1024.0,16.0,2560 x 1600,240.0,NVIDIA,2.7,90Wh 4-cell Li-ion battery 230W AC Adapter,61990000.0
ACER Gaming Predator Helios Neo 16 Ai Phn16 73 757w,Acer,Intel,Core Ultra 7,255HX,5.2,32.0,,6400.0,1024.0,16.0,2560 x 1600,240.0,NVIDIA,2.7,90Wh 4-cell Li-ion battery 230W AC Adapter,56990000.0
ACER Swift Go 14 Sfg14 73 57fz_nx.ksgsv.001,Acer,Intel,Core Ultra 5,125H,4.5,,,,512.0,14.0,2880 x 1800,90.0,Intel,1.32,65 Whr 4-cell Adapter: 100W Type-C adapter,24490000.0
ACER Swift X 14 Ai Sfx14 72g 708x,Acer,Intel,Core Ultra 7,155H,4.8,32.0,,,1024.0,14.0,2880 x 1800,120.0,NVIDIA,1.5,76Wh Li-ion,47990000.0
ACER Predator Helios 18 Ai Ph18 73 98aq,Acer,Intel,Core Ultra 9,275HX,5.4,192.0,DDR5,,6144.0,18.0,3840 x 2400,120.0,NVIDIA,3.5,99.98Wh 4-cell Li-ion battery,149990000.0
ACER Swift Go 14 Sfg14 41 R19z Nx.kg3sv.001,Acer,AMD,Ryzen 5,7530U,4.5,16.0,,,512.0,14.0,1920 x 1080,60.0,AMD,1.2,50 Wh 3-cell,18490000.0
ACER Swift X 14 Ai Sfx14 72g 77f9,Acer,Intel,Core Ultra 7,155H,4.8,32.0,,,1024.0,14.0,2880 x 1800,120.0,NVIDIA,1.5,76Wh Li-ion,44990000.0
ACER Swift Go Sfg14 71 513f Nx.kpzsv.003 Hang Gia Soc,Acer,Intel,Core i5,,4.7,16.0,,,512.0,14.0,2880 x 1800,90.0,Intel,1.2,65Wh Li-ion,24590000.0
ACER Swift Lite 14 Ai Sfl14 51m 78xz Nx.j1hsv.001,Acer,Intel,Core Ultra 7,155U,4.8,8.0,DDR5,4800.0,512.0,14.0,1920 x 1200,60.0,Intel,1.27,58Whr 3-cell,23990000.0
ACER Swift X 14 Sfx14 71g 78sy Nx.kevsv.006,Acer,Intel,Core i7,,5.0,32.0,,4800.0,1024.0,14.5,2880 x 1800,120.0,NVIDIA,1.5,76 Wh,42990000.0
ACER Swift X 14 Ai Sfx14 72g 79uw,Acer,Intel,Core Ultra 7,155H,4.8,32.0,,,1024.0,14.0,2880 x 1800,120.0,NVIDIA,1.5,76Wh Li-ion,53990000.0
ACER Swift Go Sfg14 72 73yv Nx.krksv.005,Acer,Intel,Core Ultra 7,155H,4.8,16.0,,,512.0,14.0,2240 x 1400,60.0,Intel,1.3,65Wh Li-ion,26990000.0
ACER Swift Go Sfg14 72 55hz Nx.krksv.002,Acer,Intel,Core Ultra 5,125H,4.5,16.0,,,512.0,14.0,2240 x 1400,60.0,Intel,1.3,65Wh Li-ion,23990000.0
ACER Swift Go 14 Sfg14 41 R5jk Nx.kg3sv.002,Acer,AMD,Ryzen 5,7530U,4.5,16.0,,,1024.0,14.0,1920 x 1080,60.0,AMD,1.2,50 Wh 3-cell,19490000.0
ACER Swift Go Sfg14 73 53x7 Nx.kslsv.001,Acer,Intel,Core Ultra 5,125H,4.5,16.0,,,512.0,14.0,,120.0,Intel,1.32,65Wh Li-ion,23990000.0
ACER Swift Go Sfg14 71 74cp Nx.kpzsv.004 Hang Gia Soc,Acer,Intel,Core i7,,5.0,16.0,,,512.0,14.0,2880 x 1800,90.0,Intel,1.2,65Wh Li-ion,28690000.0
ACER Swift Go Sfg14 73 71zx Nx.kslsv.002,Acer,Intel,Core Ultra 7,155H,4.8,16.0,,,512.0,14.0,,120.0,Intel,1.32,65Wh Li-ion,26990000.0
ACER Swift Go Sfg14 71 74cp Nx.kpzsv.004,Acer,Intel,Core i7,,5.0,16.0,,,512.0,14.0,2880 x 1800,90.0,Intel,1.2,65Wh Li-ion,28690000.0
ACER Swift Go Ai Oled Sfg14 73 75ym Nx.ksgsv.002,Acer,Intel,Core Ultra 7,155H,4.8,,,,512.0,14.0,2880 x 1800,90.0,Intel,1.32,65 Whr 4-cell Adapter: 100W Type-C adapter,27490000.0
ACER Swift 3 Sf314 512 56qn Nx.k0fsv.002,Acer,Intel,Core i5,1240P,4.4,16.0,,4267.0,512.0,14.0,2560 x 1440,60.0,Intel,1.2,56Wh Li-ion,23990000.0
ACER Swift Go Sfg14 71 513f Nx.kpzsv.003,Acer,Intel,Core i5,,4.7,16.0,,,512.0,14.0,2880 x 1800,90.0,Intel,1.2,65Wh Li-ion,24590000.0
ACER Aspire 5 A515 58m 951t Nx.kq8sv.001,Acer,Intel,Core i9,,5.4,16.0,,,512.0,15.6,1920 x 1080,60.0,Intel,1.7,"3cell, 50Wh",23990000.0
ACER Gaming Aspire 5 A515 58gm 53pz Nx.kq4sv.008,Acer,Intel,Core i5,,4.6,8.0,,3200.0,512.0,15.6,1920 x 1080,60.0,NVIDIA,1.7,50 Wh,20490000.0
ACER Aspire 7 A715 76 728x Nh.qgesv.008,Acer,Intel,Core i7,,4.7,16.0,,3200.0,512.0,15.6,1920 x 1080,60.0,Intel,2.1,"3-cell, 50Wh",19990000.0
ACER Aspire 5 A514 55 5954 Nx.k5bsv.001,Acer,Intel,Core i5,1235U,4.4,8.0,,,512.0,14.0,1920 x 1080,60.0,Intel,1.4,"3cell, 50Wh",18990000.0
ACER Gaming Nitro V Anv15 51 53dm Nh.qn9sv.007,Acer,Intel,Core i5,,4.6,16.0,DDR5,5200.0,512.0,15.6,1920 x 1080,144.0,NVIDIA,2.1,4 cell - 57 Wh,23990000.0
ACER Aspire Lite Al16 51p 72s2_nx.kx0sv.002,Acer,Intel,Core i7,1255U,4.7,16.0,DDR5,4800.0,512.0,16.0,1920 x 1200,60.0,Intel,1.8,58Whr 3-cell 65W PD Type-C Adapter,16990000.0
Gaming ACER Nitro V 15 Propanel Anv15 41 R7ap Nh.qpgsv.002,Acer,AMD,Ryzen 5,7535HS,4.55,16.0,,4800.0,512.0,15.6,1920 x 1080,180.0,NVIDIA,2.11,"4 Cell, 57 Whr",22990000.0
Aspire Go 15 Ag15 31p 32u6 Nx.krpsv.002 Cor I3 N305 8gb 512gb INTEL Uhd Graphics 15.6inch Fhd Win 11 Bac,Acer,Intel,Core i3,,3.8,8.0,,4800.0,512.0,15.6,1920 x 1080,60.0,Intel,1.75,3 cell 51WHrs,9990000.0
ACER Gaming Nitro V 16 Propanel Anv16 41 R6na Nh.qp0sv.001,Acer,AMD,Ryzen 7,8845HS,5.1,,,5600.0,512.0,16.0,1920 x 1200,165.0,NVIDIA,2.5,4 cell - 57 Wh,34990000.0
ACER Gaming Nitro V 16 Propanel Anv16 41 R7en Nh.qp2sv.004,Acer,AMD,Ryzen 7,8845HS,5.1,,,5600.0,512.0,16.0,1920 x 1200,165.0,NVIDIA,2.5,4 cell - 57 Wh,28790000.0
ACER Predator Helios Neo 16s Ai Phn16s 71 94t0,Acer,Intel,Core Ultra 9,275HX,5.4,,,,2048.0,16.0,2560 x 1600,240.0,NVIDIA,2.3,76Wh 4-cell Li-ion battery,64490000.0
ACER Predator Helios Neo 16 Phn16 72 950p Nh.qnmsv.001,Acer,Intel,Core i9,,5.8,16.0,,5600.0,1024.0,16.0,2560 x 1600,240.0,NVIDIA,2.8,"4-cell, 90 Wh",59999000.0
ACER Predator Helios 18 Ai Ph18 73 93p0,Acer,Intel,Core Ultra 9,275HX,5.4,64.0,DDR5,,3072.0,18.0,2560 x 1600,250.0,NVIDIA,3.5,99.98Wh 4-cell,99990000.0
ACER Aspire Lite Al14 51m 59bn_nx.ktxsv.001,Acer,Intel,Core i5,1235U,4.4,16.0,DDR5,4800.0,512.0,14.0,1920 x 1200,60.0,Intel,1.5,58Wh 3-cell Li-ion battery Adapter 65W,14990000.0
ACER Aspire Lite Al16 51p 55n7 Nx.kx0sv.001,Acer,Intel,Core i5,1235U,4.4,16.0,DDR5,4800.0,2048.0,16.0,1920 x 1200,60.0,Intel,1.7,58Whr 3-cell 65W PD Type-C Adapter,13999000.0
ACER Nitro V Anv15 41 R1jy Nh.qpfsv.001,Acer,AMD,Ryzen 5,6600H,4.5,16.0,DDR5,,512.0,15.6,1920 x 1080,,NVIDIA,2.1,"57WHrs, 4-cell Li-ion",22990000.0
ACER Gaming Nitro V 16 Propanel Anv16 41 R6zy Nh.qp2sv.002,Acer,AMD,Ryzen 5,8645HS,5.0,,,5600.0,512.0,16.0,1920 x 1200,165.0,NVIDIA,2.5,4 cell - 57 Wh,27490000.0
ACER Aspire 5 A515 58p 56rp Nx.khjsv.008,Acer,Intel,Core i5,1335U,4.6,16.0,,4800.0,1024.0,15.6,1920 x 1080,60.0,Intel,1.7,3 Cell 50 Wh,16990000.0
ACER Gaming Nitro V Anv15 51 91t5 Nh.qqesv.009,Acer,Intel,Core i9,,5.4,16.0,DDR5,5200.0,512.0,15.6,1920 x 1080,144.0,NVIDIA,2.1,4 cell - 57 Wh,32990000.0
ACER Predator Helios Neo Phn16 71 53m7 Nh.qlusv.005,Acer,Intel,Core i5,,4.7,8.0,,4800.0,512.0,16.0,1920 x 1200,165.0,NVIDIA,2.6,"4-cell, 90 Wh",37999000.0
ACER Predator Helios Neo Phn16 71 779x_nh.qlusv.00b,Acer,Intel,Core i7,,5.0,8.0,,4800.0,512.0,16.0,2560 x 1600,165.0,NVIDIA,2.6,"4-cell, 90 Wh",43990000.0
ACER Aspire 3 A314 42p R3b3 Nx.ksfsv.001,Acer,AMD,Ryzen 7,5700U,4.3,16.0,,,512.0,14.0,1920 x 1200,60.0,AMD,1.4,3 cell 50 Wh,13990000.0
ACER Predator Helios Neo 16 Phn16 71 74qr Nh.qlvsv.002,Acer,Intel,Core i7,,5.0,8.0,,4800.0,512.0,16.0,2560 x 1600,165.0,NVIDIA,2.6,4 cell - 90 Wh,49990000.0
ACER Predator Helios 16 Ph16 72 95zm Nh.qnzsv.008,Acer,Intel,Core i9,,5.8,16.0,,5600.0,1024.0,16.0,2560 x 1600,250.0,NVIDIA,2.7,"4-cell, 90 Wh",78990000.0
ACER Predator Helios Neo Phn16 71 547e Nh.qlusv.00a,Acer,Intel,Core i5,,4.7,8.0,,4800.0,512.0,16.0,2560 x 1600,165.0,NVIDIA,2.6,"4-cell, 90 Wh",40890000.0
ACER Predator Helios Neo 16 Phn16 72 94kc Nh.qnmsv.005,Acer,Intel,Core i9,,5.8,16.0,,5600.0,1024.0,16.0,2560 x 1600,240.0,NVIDIA,2.8,"4-cell, 90 Wh",56990000.0
ACER Aspire 5 A514 56p 742f Nx.khrsv.005 Hang Gia Soc,Acer,Intel,Core i7,1355U,5.0,16.0,,6400.0,1024.0,14.0,1920 x 1200,60.0,Intel,1.5,3 Cell 50 Wh,19990000.0
ACER Aspire Lite Al15 51m 55nb Nx.krssv.001,Acer,Intel,Core i5,,4.5,8.0,DDR4,3200.0,1024.0,15.6,1920 x 1080,60.0,Intel,1.7,36 Wh,12990000.0
ACER Aspire 3 A314 42p R3b3 Nx.ksfsv.001 Hang Gia Soc,Acer,AMD,Ryzen 7,5700U,4.3,16.0,,,512.0,14.0,1920 x 1200,60.0,AMD,1.4,3 cell 50 Wh,13990000.0
ACER Predator Helios Neo Phn16 71 54cd Nh.qltsv.001,Acer,Intel,Core i5,,4.7,8.0,,4800.0,512.0,16.0,2560 x 1600,165.0,NVIDIA,2.6,"4-cell, 90 Wh",35990000.0
ACER Aspire Lite Al16 51p 596h Nx.kwzsv.002,Acer,Intel,Core i5,1235U,4.4,8.0,DDR5,4800.0,2048.0,16.0,1920 x 1200,60.0,Intel,1.7,58Whr 3-cell 65W PD Type-C Adapter,12990000.0
ACER Predator Helios Phn16 72 78l4 Nh.qnpsv.012,Acer,Intel,Core i7,,5.5,16.0,DDR5,5600.0,1024.0,16.0,2560 x 1600,,NVIDIA,2.8,"90WHrs, 4-cell Li-ion",43990000.0
ACER Predator Helios Neo 14 Phn14 51 96hg Nh.qrnsv.001,Acer,Intel,,185H,5.1,32.0,,6400.0,1024.0,14.5,2560 x 1600,165.0,NVIDIA,1.9,76Whr 4-cell,59990000.0
MSI Katana 15 Hx B14wfk 267vn,MSI,Intel,Core i7,,5.2,32.0,DDR5,,512.0,15.6,2560 x 1440,165.0,NVIDIA,2.4,4 cell / 75 Whr,40990000.0
MSI Prestige 14 Ai Evo C2vmg 020vn,MSI,Intel,Core Ultra 7,258V,4.8,32.0,LPDDR5X,,1024.0,14.0,2880 x 1800,120.0,Intel,1.7,"4 Cell, 90Whr",39990000.0
MSI Katana 15 Hx B14wfk 025vn,MSI,Intel,Core i7,,5.2,16.0,DDR5,,512.0,15.6,2560 x 1440,165.0,NVIDIA,2.4,4 cell / 75 Whr,39490000.0
MSI Venture 14 Ai A1mg 005vn,MSI,Intel,Core Ultra 5,125H,4.5,16.0,DDR5,,512.0,14.0,2880 x 1800,120.0,Intel,1.7,"4 cell, 75Whr",25990000.0
MSI Cyborg 15 B2rwekg 402vn,MSI,Intel,,210H,4.8,16.0,,,512.0,15.6,1920 x 1080,144.0,NVIDIA,2.1,"4 cell, 55.2Whr",31990000.0
MSI Modern 14 F13mg 466vn,MSI,Intel,Core i5,1334U,4.6,8.0,,3200.0,512.0,14.0,,60.0,Intel,1.5,3 Cell,14990000.0
MSI Vector A16 Hx A8whg 010vn,MSI,AMD,Ryzen 9,8940HX,,16.0,DDR5,,512.0,16.0,2560 x 1600,240.0,NVIDIA,2.7,"4 cell, 90Whr",56990000.0
MSI Sword 16 Hx B14vfkg 045vn,MSI,Intel,Core i7,,5.5,16.0,,5600.0,1024.0,16.0,2560 x 1600,240.0,NVIDIA,2.3,"4 cell, 65Whr",39990000.0
MSI Venture A16 Ai A3hmg 017vn,MSI,AMD,,,5.0,16.0,DDR5,,512.0,16.0,2048 x 1280,120.0,AMD,1.9,"4 cell, 75Whr",33990000.0
Gaming MSI Cyborg 15 Ai A1vek 245vn,MSI,Intel,Core Ultra 5,135H,4.6,16.0,,5600.0,512.0,15.6,1920 x 1080,144.0,NVIDIA,1.98,3cell 53.5Whr,26990000.0
MSI Prestige 16 Ai Evo B2vmg 016vn,MSI,Intel,Core Ultra 9,288V,5.1,32.0,LPDDR5X,8533.0,1024.0,16.0,,60.0,Intel,1.5,99WHrs,46990000.0
MSI Prestige 13 Ai Evo A1mg 062vn,MSI,Intel,Core Ultra 7,155H,4.8,32.0,LPDDR5,6400.0,1024.0,13.3,2880 x 1800,,Intel,0.99,4Cell 75WHrs,33990000.0
MSI Prestige 16 Ai Mercedesamg B2vmg 088vn,MSI,Intel,Core Ultra 9,288V,5.1,32.0,LPDDR5X,8533.0,2048.0,16.0,,60.0,Intel,1.5,99WHrs,56990000.0
MSI Thin 15 B13uc 3247vn,MSI,Intel,Core i5,,4.6,8.0,,3200.0,512.0,15.6,1920 x 1080,144.0,NVIDIA,1.86,"3-Cell, 52.4 Whrs",19990000.0
MSI Katana 15 Hx B14wek 286vn,MSI,Intel,Core i5,,4.8,16.0,DDR5,,512.0,15.6,2560 x 1440,165.0,NVIDIA,2.4,4 cell / 75 Whr,34990000.0
MSI Stealth A16 Ai A3xwhg085vn,MSI,AMD,,,5.1,32.0,,7500.0,1024.0,16.0,2560 x 1600,240.0,NVIDIA,2.1,4Cell 99.9WHr,75990000.0
MSI Cyborg 15 A13uc 2082vn,MSI,Intel,Core i7,,4.6,16.0,,5200.0,512.0,15.6,1920 x 1080,144.0,NVIDIA,1.98,3cell 53.5Whr,21990000.0
MSI Prestige 14 Ai Evo C1mg 081vn,MSI,Intel,Core Ultra 5,125H,4.5,16.0,DDR5,5600.0,512.0,14.0,2880 x 1800,60.0,Intel,1.7,"4 Cell, 90Whr",29990000.0
MSI Katana 15 Hx B14wek 027vn,MSI,Intel,Core i7,,5.2,32.0,DDR5,5600.0,512.0,15.6,2560 x 1440,165.0,NVIDIA,2.4,4 cell / 75 Whr,38990000.0
MSI Crosshair 16 Hx Ai D2xwfkg 036vn,MSI,Intel,Core Ultra 7,255HX,5.2,16.0,DDR5,5600.0,1024.0,16.0,2560 x 1600,240.0,NVIDIA,2.5,"4 cell, 90Whr",46990000.0
MSI Thin 15 B13ve 2824vn,MSI,Intel,Core i5,,4.6,16.0,,3200.0,512.0,15.6,1920 x 1080,144.0,NVIDIA,1.86,3 Cell 52.4 WHr,23990000.0
MSI Cyborg 15 A13vek 2089vn,MSI,Intel,Core i7,,4.9,16.0,,,512.0,15.6,1920 x 1080,144.0,NVIDIA,1.98,3 cell / 53.5 Whr,28990000.0
MSI Katana 15 B13udxk 2412vn,MSI,Intel,Core i5,,4.6,8.0,,5200.0,1024.0,15.6,1920 x 1080,144.0,NVIDIA,2.25,3cell 53.5Whr,23990000.0
MSI Cyborg 15 A13uc 2088vn,MSI,Intel,Core i5,,4.6,16.0,,,512.0,15.6,1920 x 1080,144.0,NVIDIA,1.98,3 cell / 53.5 Whr,21990000.0
MSI Vector 16 Hx Ai A2xwjg 470vn,MSI,Intel,Core Ultra 9,275HX,5.4,32.0,,6400.0,1024.0,16.0,2560 x 1600,240.0,NVIDIA,2.7,4Cell 90WHr,115990000.0
MSI Katana 15 Hx B14wfk 294vn,MSI,Intel,Core i9,,5.8,16.0,DDR5,,512.0,15.6,2560 x 1440,165.0,NVIDIA,2.4,4 cell / 75 Whr,40990000.0
MSI Cyborg 15 B2rwfkg 048vn,MSI,Intel,,240H,5.2,16.0,,,512.0,15.6,1920 x 1080,144.0,NVIDIA,1.95,"4 cell, 55.2Whr",33990000.0
MSI Katana 15 Hx B14wek 295vn,MSI,Intel,Core i9,,5.8,16.0,,5600.0,512.0,15.6,2560 x 1440,165.0,NVIDIA,2.4,4 cell / 75 Whr,38990000.0
MSI Crosshair 16 Hx Ai D2xwgkg 071vn,MSI,Intel,Core Ultra 9,275HX,5.4,2.0,DDR5,6400.0,1024.0,16.0,2560 x 1600,240.0,NVIDIA,2.5,"4 cell, 90Whr",58990000.0
MSI Thin 15 B13ucx 2080vn,MSI,Intel,Core i5,,4.6,8.0,,3200.0,512.0,15.6,1920 x 1080,144.0,NVIDIA,1.86,3Cell 52.4WHrs,18990000.0
MSI Crosshair 16 Hx Ai D2xwgkg 072vn,MSI,Intel,Core Ultra 7,255HX,5.2,2.0,DDR5,6400.0,1024.0,16.0,2560 x 1600,240.0,NVIDIA,2.5,"4 cell, 90Whr",56990000.0
MSI Modern 15 F13mg 666vn,MSI,Intel,Core i5,1334U,4.6,16.0,DDR4,3200.0,512.0,15.6,,60.0,Intel,1.7,3cell 46.8Whr,14990000.0
MSI Prestige 13 Ai Evo A1mg 241vn,MSI,Intel,Core Ultra 5,125H,4.5,16.0,LPDDR5,6400.0,512.0,13.3,2880 x 1800,,Intel,0.99,4Cell 75WHrs,29990000.0
MSI Cyborg 14 A13ve 090vn,MSI,Intel,Core i7,,4.9,8.0,,4800.0,512.0,14.0,1920 x 1200,144.0,NVIDIA,1.6,"3-Cell, 53.5 Whr",27990000.0
MSI Katana 15 B13udxk 2411vn,MSI,Intel,Core i7,,4.9,16.0,DDR5,5200.0,512.0,15.6,,144.0,NVIDIA,2.25,"3 cell, 53.5Whr",25990000.0
MSI Katana 15 B13vfk 676vn,MSI,Intel,Core i7,,4.9,16.0,DDR5,,1024.0,15.6,,144.0,NVIDIA,2.2,"3 Cell, 53.5Whr",37990000.0
MSI Katana 15 B13vek 2256vn,MSI,Intel,Core i7,,4.9,16.0,DDR5,5200.0,512.0,15.6,,144.0,NVIDIA,2.25,"3 Cell, 53.5Whr",28990000.0
MSI Thin 15 B13uc 1411vn,MSI,Intel,Core i7,,4.9,8.0,,3200.0,512.0,15.6,1920 x 1080,144.0,NVIDIA,1.86,3 Cell 52.4 WHr,23990000.0
MSI Stealth 14 Ai Studio A1vfg 085vn,MSI,Intel,Core Ultra 7,155H,4.8,32.0,DDR5,5600.0,1024.0,14.0,,120.0,NVIDIA,1.7,72WHrs,55990000.0
MSI Katana 15 Hx B14wgk 023vn,MSI,Intel,Core i7,,5.2,16.0,DDR5,,1024.0,15.6,2560 x 1440,165.0,NVIDIA,2.4,4 cell / 75 Whr,44990000.0
MSI Katana 15 Hx B14wgk 022vn,MSI,Intel,Core i9,,5.8,32.0,DDR5,,1024.0,15.6,2560 x 1440,165.0,NVIDIA,2.4,4 cell / 75 Whr,48990000.0
MSI Cyborg 15 Ai A1vek 053vn,MSI,Intel,Core Ultra 7,155H,4.8,8.0,,,512.0,15.6,,144.0,,1.98,"3 Cell, 53.5Whr",30990000.0
MSI Katana 15 B13vek 252vn,MSI,Intel,Core i7,,4.9,8.0,DDR5,5200.0,512.0,15.6,,144.0,NVIDIA,2.25,"3 Cell, 53.5Whr",26990000.0
MSI Stealth 18 Hx Ai A2xwig 017vn,MSI,Intel,Core Ultra 9,275HX,4.6,32.0,DDR5,6400.0,2048.0,18.0,,120.0,NVIDIA,2.89,"4-Cell, 99.99 Whr",109999000.0
MSI Prestige 13 Ai Evo A1mg 240vn,MSI,Intel,Core Ultra 5,125H,4.5,32.0,LPDDR5,6400.0,512.0,13.3,2880 x 1800,,Intel,0.99,4Cell 75WHrs,32990000.0
MSI Prestige 13 Ai Evo A2vmg 062vn,MSI,Intel,Core Ultra 9,288V,5.1,32.0,LPDDR5X,8533.0,1024.0,13.3,2880 x 1800,,Intel,0.99,4Cell 75WHrs,44990000.0
MSI Prestige 14 Ai Evo C1mg 080vn,MSI,Intel,Core Ultra 5,125H,4.5,32.0,DDR5,5600.0,512.0,14.0,2880 x 1800,60.0,Intel,1.7,"4 Cell, 90Whr",32990000.0
MSI Pulse 17 Ai C1vgkg 017vn,MSI,Intel,Core Ultra 7,155H,4.8,32.0,DDR5,5600.0,1024.0,17.0,2560 x 1600,240.0,NVIDIA,2.8,"4 cell, 90Whr Li-Po",55990000.0
MSI Vector Gp68hx 12vh 070vn,MSI,Intel,Core i9,,5.0,16.0,,4800.0,1024.0,16.0,1920 x 1200,144.0,NVIDIA,2.67,"4 cell, 90Whr",61990000.0
Lg Gram 2024 14z90s G.ah55a5,LG,Intel,Core Ultra 5,125H,4.5,16.0,,6400.0,512.0,14.0,,,Intel,1.12,72 Wh,36290000.0
Lg Gram 2024 16z90s G.ah76a5,LG,Intel,Core Ultra 7,155H,4.8,16.0,,,512.0,16.0,2560 x 1600,,Intel,1.199,77WHr,43390000.0
Lg Grambook 15u50t G.av56a5,LG,Intel,Core i5,1334U,4.6,16.0,,,512.0,15.6,1920 x 1080,60.0,Intel,1.7,51 Wh Li-Ion,15990000.0
Lg Gram Pro 16z90sp K.ah75a5,LG,Intel,Core Ultra 7,155H,4.8,16.0,LPDDR5X,7467.0,512.0,16.0,2880 x 1800,,Intel,1.279,77WHr,48990000.0
Lg Gram 2024 15z90st G.ah75a5,LG,Intel,Core Ultra 7,155H,4.8,16.0,,,512.0,15.6,1920 x 1080,,Intel,0.99,60WHr,44290000.0
Lg Gram 2024 14z90s G.ah75a5,LG,Intel,Core Ultra 7,155H,4.8,16.0,,6400.0,512.0,14.0,,,Intel,1.12,72 Wh,41390000.0
Lg Gram 2024 2 In 1 14t90s G.ah55a5,LG,Intel,Core Ultra 5,125H,4.5,16.0,,,512.0,14.0,1920 x 1200,,Intel,1.25,72WHr,41990000.0
Lg Gram 2024 17z90s G.ah78a5,LG,Intel,Core Ultra 7,155H,4.8,16.0,,,1024.0,17.0,2560 x 1600,,Intel,1.35,77WHr,46990000.0
ASUS Vivobook Gaming K3605vc Rp431w I5 13420h,asus,Intel,Core I5,13420.0,4.6,16.0,DDR4,3200.0,512.0,16.0,1920x1200,144.0,Intel,1.8,50 Whr 120 W,22090000.0
ASUS Vivobook 15 X1502va Bq886w I7 13620h,asus,Intel,Core I7,13620.0,4.9,16.0,DDR4,3200.0,512.0,15.6,1920x1200,60.0,Intel,1.7,42 WHrs 65 W,18490000.0
ASUS Vivobook E1504fa Bq1150w R5 7520u,asus,AMD,Ryzen 5,7520.0,4.3,16.0,DDR5,4800.0,512.0,15.6,1920x1080,60.0,AMD,1.63,42 WHrs 45 W,14990000.0
ASUS Vivobook Go 15 E1504ga Bq1141w I3 N305,asus,Intel,Core I3,305.0,3.8,8.0,DDR4,,256.0,15.6,1920x1080,60.0,Intel,1.63,42 WHrs 45 W,9990000.0
ASUS Vivobook X1502va Bq885w I5 13420h,asus,Intel,Core I5,13420.0,4.6,16.0,DDR4,,512.0,15.6,1920x1080,60.0,Intel,1.7,63 Wh 150 W,16190000.0
ASUS Tuf Gaming F16 Fx607vj Rl034w Core 5 210h,asus,Intel,Core 5,210.0,4.8,16.0,DDR4,3200.0,512.0,16.0,1920x1200,144.0,Intel,2.2,56 WHrs 150 W,24590000.0
ASUS Vivobook X1605va Mb1826w,asus,Intel,Core I3,1315.0,4.5,8.0,DDR4,,512.0,16.0,1920x1200,60.0,Intel,1.88,42 WHrs 45 W,13990000.0
ASUS Tuf Gaming Fa506ncg Hn184w R7 7445hs,asus,AMD,Ryzen 7,7445.0,4.7,16.0,DDR5,5600.0,512.0,15.6,1920x1080,144.0,AMD,2.3,48 Wh 180 W,22490000.0
ASUS Tuf Gaming F16 Fx607vu Rl045w Core 5 210h,asus,Intel,Core 5,210.0,4.8,16.0,DDR5,5600.0,512.0,16.0,1920x1200,144.0,Intel,2.2,56 WHrs 240 W,28990000.0
ASUS Vivobook X1404va Nk394w I3 1315u,asus,Intel,Core I3,1315.0,4.5,8.0,DDR4,3200.0,512.0,14.0,1920x1080,60.0,Intel,1.4,42 WHrs 45 W,13490000.0
ASUS Vivobook S14 S3407va Ly046w I5 13420h,asus,Intel,Core I5,13420.0,4.6,16.0,DDR5,4800.0,512.0,14.0,1920x1200,60.0,Intel,1.39,70 Wh 65 W,19490000.0
ASUS Vivobook 14 A1407ca Ly008ws,asus,Intel,Ultra 5,225.0,4.9,16.0,DDR5,4800.0,512.0,14.0,1920x1200,60.0,Intel,1.46,42 Wh 65 W,21990000.0
ASUS Vivobook E1404fa Eb482w R5 7520u,asus,AMD,Ryzen 5,7520.0,4.3,16.0,DDR5,5500.0,512.0,14.0,1920x1080,60.0,AMD,1.38,42 Wh 45 W,14990000.0
ASUS Vivobook S3407va Ly146w Core 5 210h,asus,Intel,Core 5,210.0,4.8,16.0,DDR5,4800.0,512.0,14.0,1920x1200,60.0,Intel,1.4,70 Whr 65 W,20990000.0
ASUS Gaming V16 V3607vu Rp343w Core 5 210h,asus,Intel,Core 5,210.0,4.8,16.0,DDR5,,512.0,16.0,1920x1200,144.0,Intel,1.95,63 WHrs 150 W,26990000.0
ASUS Vivobook S14 S3407va Ly053w I7 13620h,asus,Intel,Core I7,13620.0,4.9,16.0,DDR5,4800.0,512.0,14.0,1920x1200,60.0,Intel,1.4,70 Wh 65 W,21990000.0
ASUS Vivobook 14 X1405va Ly623w I5 13420h,asus,Intel,Core I5,13420.0,4.6,16.0,DDR4,3200.0,512.0,14.0,1920x1200,60.0,Intel,1.6,42 Wh 65 W,16190000.0
ASUS Gaming V16 V3607vh Rp025w Core 7 240h,asus,Intel,Core 7,240.0,5.2,16.0,DDR5,5200.0,512.0,16.0,1920x1200,144.0,Intel,1.95,63 WHrs 150 W,30490000.0
ASUS Vivobook S3607va Rp056w I7 13620h,asus,Intel,Core I7,13620.0,4.9,16.0,DDR5,4800.0,512.0,16.0,1920x1200,144.0,Intel,1.8,70 Whr 65 W,21990000.0
ASUS Vivobook S14 S3407ca Ly095ws Ultra 5 225h,asus,Intel,Ultra 5,225.0,4.9,16.0,DDR5,4800.0,512.0,14.0,1920x1200,60.0,Intel,1.4,70 Wh 65 W,22490000.0
ASUS Vivobook E1504fa Nj454w,asus,AMD,Ryzen 5,7520.0,4.3,16.0,DDR5,,512.0,15.6,1920x1080,60.0,AMD,1.8,42 WHrs 45 W,14190000.0
ASUS Vivobook S14 M3407ka Sf034ws AMD RYZEN Ai 5 330,asus,AMD,Ryzen AI 5,,4.0,16.0,DDR5,4800.0,512.0,14.0,1920x1200,60.0,AMD,1.4,70 Wh 65 W,23490000.0
ASUS Tuf Gaming Fa607nug Rl129w R7 7445hs,asus,AMD,Ryzen 7,7445.0,4.7,16.0,DDR5,5600.0,512.0,16.0,1920x1200,144.0,AMD,2.2,4 Cell 240 W,28990000.0
ASUS Vivobook 15 X1504va Bq165w Core 5 120u,asus,Intel,Core 5,120.0,5.0,16.0,DDR4,3200.0,512.0,15.6,1920x1080,60.0,Intel,1.7,42 WHrs 45 W,18990000.0
HP 14 Ep1179tu Core 5 120u C89zspa,hp,Intel,Core 5,120.0,5.0,16.0,DDR4,,512.0,14.0,1920x1080,,Intel,1.398,3 Cell 45 W,18690000.0
HP Probook 445 G10 R5 7530u B73tsat,hp,AMD,Ryzen 5,7530.0,4.5,16.0,DDR4,3200.0,512.0,14.0,1920x1080,60.0,AMD,1.38,3 Cell 65 W,18590000.0
HP 15 Fd0305tu I3 1315u A2nl6pa,hp,Intel,Core I3,1315.0,4.5,8.0,DDR4,3200.0,256.0,15.6,1920x1080,60.0,Intel,1.59,3 Cell 45 W,12290000.0
HP 250 G10 I5 1334u B3wa8at,hp,Intel,Core 5,1334.0,4.6,16.0,DDR4,,512.0,15.6,1920x1080,,Intel,1.624,3 Cell 45 W,18390000.0
HP 14 Em0086au R5 7520u,hp,AMD,Ryzen 5,7520.0,4.3,16.0,DDR5,5500.0,512.0,14.0,1920x1080,60.0,AMD,1.4,3 Cell 45 W,14890000.0
HP 14 Ep0112tu I5 1335u,hp,Intel,Core I5,1335.0,3.4,16.0,DDR4,,512.0,14.0,1920x1080,,Intel,1.4,3 Cell 45 W,19190000.0
HP Gaming Victus 15 Fa2732tx I5 13420h B85lppa,hp,Intel,Core I5,13420.0,4.6,16.0,DDR4,3200.0,512.0,15.6,1920x1080,144.0,Intel,2.262,70.07 Wh 120 W,26090000.0
HP 14 Ep0220tu I3 1315u B73vwpa,hp,Intel,Core I3,1315.0,4.5,8.0,DDR4,3200.0,512.0,14.0,1920x1080,60.0,Intel,1.38,3 Cell 45 W,13190000.0
HP Gaming Victus 15 Fa2731tx I5 13420h B85lnpa,hp,Intel,Core I5,13420.0,4.6,16.0,DDR4,3200.0,512.0,15.6,1920x1080,144.0,Intel,2.185,52.5 Wh 120 W,24090000.0
HP Omnibook 5 Ai 16 Af1048tu Ultra 5 225u Bz7q9pa,hp,Intel,Core Ultra 5,225.0,4.8,16.0,DDR5,7467.0,512.0,16.0,1920x1200,,Intel,1.734,3 Cell 65 W,23690000.0
HP 15 Fd1289tu Ultra 7 155h C2cv8pa,hp,Intel,Core Ultra 7,155.0,4.8,16.0,DDR5,,512.0,15.6,1920x1080,60.0,Intel,1.65,3 Cell 65 W,22890000.0
HP Gaming Victus 15 Fb3116ax R7 7445hs Bx9c9pa,hp,AMD,Ryzen 7,7445.0,5.1,16.0,DDR5,5600.0,512.0,15.6,1920x1080,144.0,AMD,2.29,52.5 Wh 120 W,27990000.0
HP Envy X360 14 Fc0158tu Core Ultra 7 155u,hp,Intel,Core Ultra 7,155.0,0.7,16.0,DDR5,,512.0,14.0,2880x1800,120.0,Intel,1.39,59 Wh 65 W,33290000.0
HP Omnibook 5 Ai 16 Af1046tu Ultra 5 225u Bz7q8pa,hp,Intel,Core Ultra 5,225.0,4.8,16.0,DDR5,7467.0,512.0,16.0,1920x1200,,Intel,1.734,3 Cell 65 W,24490000.0
HP 250r G10 Core 5 120u C3sh7at,hp,Intel,Core 5,120.0,5.0,16.0,DDR4,,512.0,15.6,1920x1080,,Intel,1.53,3 Cell 65 W,18590000.0
HP Gaming Victus 15 Fb3116ax R7 7445hs Bx8u4pa,hp,AMD,Ryzen 7,7445.0,5.1,16.0,DDR5,5600.0,512.0,15.6,1920x1080,144.0,AMD,2.29,52.5 Wh 120 W,25990000.0
HP 15 Fd0083tu I7 1355u,hp,Intel,Core I7,1355.0,1.7,16.0,,,512.0,15.6,1920x1080,60.0,,1.59,3 Cell,22090000.0
HP Omnibook 5 16 Ag1068au AMD Ai 5 340 Bz7t0pa,hp,AMD,Ryzen AI 5,340.0,4.8,16.0,DDR5,7500.0,512.0,16.0,1920x1200,,AMD,1.79,3 Cell 65 W,24790000.0
HP 15 Fd1060tu Core Ultra 7 155h,hp,Intel,Core Ultra 7,155.0,4.8,16.0,DDR5,,512.0,15.6,1920x1080,60.0,Intel,1.65,41 Cell 65 W,23990000.0
HP Omnibook 5 16 Ag1067au RYZEN Al 7 350 Bz7u5pa,hp,AMD,Ryzen AI 7,350.0,5.0,16.0,DDR5,7500.0,512.0,16.0,1920x1200,,AMD,1.79,3 Cell 65 W,26790000.0
HP Probook 4 G1ah 14 R5 220,hp,AMD,Ryzen 5,,4.9,16.0,DDR5,5600.0,512.0,14.0,1920x1200,60.0,AMD,1.4,3 Cell 65 W,19190000.0
HP Omnibook 7 14 Fr0033tu Ultra 5 225u C1mn2pa,hp,Intel,Core Ultra 5,225.0,4.8,16.0,DDR5,7467.0,512.0,14.0,1920x1200,,Intel,1.41,3 Cell 68 W,25190000.0
HP 15 Fd1058tu U7 155h 9z2x6pa,hp,Intel,Core Ultra 7,155.0,4.8,16.0,DDR5,,1.0,15.6,1920x1080,60.0,Intel,1.65,41 Cell 65 W,25490000.0
HP Omnibook 7 Aero 13 Bg1087au RYZEN Ai 5 340 Bz7s1pa,hp,AMD,Ryzen AI 5,340.0,4.8,16.0,DDR5,7200.0,512.0,13.3,1920x1200,,AMD,1.0,3 Cell 65 W,26490000.0
LENOVO Ideapad Slim 3 15irh10 I5 13420h 83k1002pvn,lenovo,Intel,Core I5,13420.0,3.4,16.0,DDR5,4800.0,512.0,15.1,2560x1600,165.0,Intel,1.49,60 Wh 65 W,20490000.0
LENOVO Gaming Loq 15irx10 I7 13650hx 83je00pevn,lenovo,Intel,Core I7,13650.0,4.9,32.0,DDR5,4800.0,512.0,15.6,1920x1080,144.0,,2.4,60 Wh 180 W,34990000.0
LENOVO V14 G4 Iru I3 1315u 83a000s4vn,lenovo,Intel,Core I3,1315.0,4.5,8.0,DDR4,3200.0,512.0,14.0,1920x1080,60.0,Intel,1.43,38 Wh 65 W,11590000.0
LENOVO Ideapad Slim 5 14akp10 RYZEN Ai 7 350 83hx001jvn,lenovo,AMD,Ryzen AI 7,350.0,5.0,32.0,DDR5,5600.0,1.0,14.0,1920x1200,60.0,AMD,1.39,,27990000.0
LENOVO V15 G4 Iru I5 13420h 83a100pmvn,lenovo,Intel,Core I5,13420.0,3.4,16.0,DDR4,3200.0,512.0,15.6,1920x1080,,Intel,1.65,38 Wh 65 W,15990000.0
LENOVO Ideapad Slim 3 15arp10 R5 7533hs 83k70019vn,lenovo,AMD,Ryzen 5,7533.0,4.5,24.0,DDR5,4800.0,512.0,15.3,1920x1200,60.0,AMD,1.69,60 Wh 65 W,16990000.0
LENOVO Gaming Loq 15arp9 R5 7235hs 83jc00lvvn,lenovo,AMD,Ryzen 5,7235.0,4.2,16.0,DDR5,4800.0,512.0,15.6,1920x1080,144.0,,2.38,60 Wh 170 W,23490000.0
LENOVO V15 G4 Iru I7 13620h 83a100rhvn,lenovo,Intel,Core I7,13620.0,3.6,16.0,DDR4,3200.0,512.0,15.6,1920x1080,,Intel,1.65,38 Wh 65 W,19090000.0
LENOVO Gaming Loq 15arp9 R5 7235hs 83jc00m3vn,lenovo,AMD,Ryzen 5,7235.0,4.2,16.0,DDR5,4800.0,1.0,15.6,1920x1080,144.0,,2.38,60 Wh 170 W,24490000.0
LENOVO Ideapad Slim 3 14irh10 I5 13420h 83k0000bvn,lenovo,Intel,Core I5,13420.0,3.4,16.0,DDR5,4800.0,512.0,14.0,1920x1280,60.0,Intel,1.33,60 Wh 65 W,19490000.0
LENOVO Gaming Loq E 15iax9e I5 12450hx 83lk0079vn,lenovo,Intel,Core I5,12450.0,3.1,16.0,DDR5,4800.0,512.0,15.6,1920x1080,144.0,,1.77,,22090000.0
LENOVO Yoga Slim 7 14imh9 Core Ultra 7 155h 83cv00dkvn,lenovo,Intel,Core Ultra 7,155.0,4.8,32.0,DDR5,5600.0,1.0,14.0,1920x1200,60.0,Intel,1.39,65 Wh 65 W,29990000.0
LENOVO Thinkpad E14 Gen 7 U5 225u 21sx005nvn,lenovo,Intel,Core Ultra 5,225.0,4.8,16.0,DDR5,5600.0,512.0,14.0,1920x1200,60.0,Intel,1.34,48 Wh 65 W,24300000.0
LENOVO Thinkpad E14 Gen 7 Core 5 210h 21t90023vn,lenovo,Intel,Core 5,210.0,4.8,16.0,DDR5,5600.0,512.0,14.0,1920x1200,60.0,Intel,1.34,48 Wh 65 W,23400000.0
LENOVO V14 G5 Irl INTEL Core I5 13420h,lenovo,Intel,Core I5,13420.0,3.4,16.0,DDR5,5200.0,512.0,14.0,1920x1080,,Intel,1.37,47 Wh 65 W,16200000.0
LENOVO Legion 5 15irx10 I7 13650hx 83ly00hrvn,lenovo,Intel,Core I7,13650.0,4.9,16.0,DDR5,,512.0,15.3,1920x1200,165.0,Intel,2.1,80 Wh 245 W,36990000.0
LENOVO V15 G5 Irl INTEL Core I5 13420h,lenovo,Intel,Core I5,13420.0,3.4,16.0,DDR5,5200.0,512.0,15.6,1920x1080,,Intel,1.61,47 Wh 65 W,16400000.0
ACER Aspire Go 14 Ai Ag14 71m 52lh Ultra5 115u,acer,Intel,Core Ultra 5,,4.2,16.0,DDR5,,512.0,14.0,1920x1200,60.0,Intel,1.47,,16990000.0
ACER Aspire Lite 15 Al15 41p R3u5 R7 5700u,acer,AMD,Ryzen 7,5700.0,4.3,16.0,DDR4,,512.0,15.6,1920x1080,60.0,AMD,1.7,,12990000.0
ACER Gaming Nitro V 15 Propanel Anv15 41 R9m1 R5 7535hs,acer,AMD,Ryzen 5,7535.0,4.55,16.0,DDR5,,512.0,15.6,1920x1080,180.0,AMD,2.1,,23990000.0
ACER Aspire Lite 16 Ai Al16 71p 71wu Ultra 7 155h,acer,Intel,Ultra 7,155.0,4.8,16.0,DDR5,5600.0,512.0,16.0,1920x1200,60.0,Intel,1.6,,20290000.0
ACER Aspire Lite 14 Al14 71m 52gq I5 12500h,acer,Intel,Core I5,12500.0,4.5,16.0,DDR5,,512.0,14.0,1920x1200,60.0,Intel,1.5,,15790000.0
ACER Nitro V Gaming Anv15 41 R2up R5 6600h,acer,AMD,Ryzen 5,6600.0,3.3,16.0,DDR5,,512.0,15.6,1920x1080,165.0,AMD,2.1,,18990000.0
ACER Swift Lite 14 Ai Sfl14 51m 56hs U5 125u,acer,Intel,Core Ultra 5,125.0,4.3,16.0,DDR5,,512.0,14.0,1920x1200,60.0,Intel,1.27,3 Cell,19690000.0
ACER Aspire 7 Gaming A715 59g 57tu I5 12450h 16gb,acer,Intel,Core I5,12450.0,4.4,16.0,DDR4,,512.0,15.6,1920x1080,144.0,Intel,1.99,,20190000.0
ACER Aspire Lite 16 Ai Al16 71p 5674 Ultra 5 125h,acer,Intel,Ultra 5,125.0,4.5,16.0,DDR5,5600.0,512.0,16.0,1920x1200,60.0,Intel,1.6,,17290000.0
ACER Gaming Nitro V 15 Anv15 41 R732 R5 6600h,acer,AMD,Ryzen 5,6600.0,4.5,16.0,DDR5,,512.0,15.6,1920x1080,165.0,AMD,2.1,,24990000.0
ACER Aspire Lite 14 Gen 2 Al14 52m 32kv,acer,Intel,Core I3,1305.0,4.5,8.0,DDR5,,256.0,14.0,1920x1200,60.0,,1.5,3 Cell,11290000.0
ACER Aspire Lite 15 Al15 72p 7232 I7 13620h,acer,Intel,Core I7,13620.0,4.9,16.0,DDR5,,512.0,15.6,1920x1080,60.0,Intel,1.79,58 Wh 90 W,16990000.0
ACER Aspire 7 Gaming A715 59g 73lb I7 12650h,acer,Intel,Core I7,12650.0,4.7,16.0,DDR4,,512.0,15.6,1920x1080,144.0,Intel,2.07,54.8 Wh 150 W,23690000.0
ACER Gaming Nitro V 15 Propanel Anv15 52 72bm I7 13620h,acer,Intel,Core I7,13620.0,4.9,16.0,DDR4,,512.0,15.6,1920x1080,180.0,Intel,2.1,,31490000.0
ACER Aspire 5 A515 58m 951t I9 13900h,acer,Intel,Core I9,13900.0,5.4,16.0,DDR5,3200.0,512.0,15.6,1920x1080,60.0,Intel,1.7,,23590000.0
ACER Aspire Lite 16 Al16 51p 72s2 I7 1255u,acer,Intel,Core I7,1255.0,4.7,16.0,DDR5,,512.0,16.0,1920x1200,60.0,Intel,1.8,3 Cell,16690000.0
ACER Gaming Nitro V 15 Propanel Anv15 41 R7ap R5 7535hs,acer,AMD,Ryzen 5,7535.0,0.0,16.0,DDR5,,512.0,15.6,1920x1200,180.0,AMD,2.1,,22990000.0
ACER Aspire Lite 14 Al14 52m 52uu I5 1335u,acer,Intel,Core I5,1335.0,4.6,16.0,DDR5,,512.0,14.0,2240x1400,60.0,Intel,1.5,,16490000.0
ACER Aspire Lite 16 Gen 2 Al16 52p 572a I5 1334u,acer,Intel,Core I5,1334.0,4.6,16.0,DDR5,,512.0,16.0,1920x1200,60.0,Intel,1.7,,14990000.0
ACER Gaming Nitro V 15 Propanel Anv15 41 R7cr R5 7535hs,acer,AMD,Ryzen 5,7735.0,4.55,16.0,DDR5,,512.0,15.6,1920x1080,180.0,AMD,2.1,57 Wh 135 W,26990000.0
ACER Swift Go 14 Ai Sfg14 75 5264 Ultra 5 226v,acer,Intel,Core Ultra 5,226.0,4.5,16.0,DDR5,,512.0,14.0,1920x1200,60.0,Intel,1.24,,23990000.0
ACER Gaming Nitro V 15 Propanel Anv15 41 R0y4 R7 7735hs,acer,AMD,Ryzen 7,7735.0,4.75,16.0,DDR5,,512.0,15.6,1920x1080,180.0,AMD,2.1,57 Wh 135 W,28990000.0
ACER Aspire 7 A715 76 728x I7 12650h,acer,Intel,Core I7,12650.0,3.5,16.0,DDR4,,512.0,15.6,1920x1080,60.0,,2.1,,20190000.0
ACER Swift Lite 14 Ai Sfl14 51m 78xz U7 155u,acer,Intel,Core Ultra 7,155.0,3.8,16.0,DDR5,,512.0,14.0,1920x1200,60.0,Intel,1.27,3 Cell,22590000.0
MSI Venture A15 Ai A2hmg 003vn R7 260,msi,AMD,Ryzen 7,260.0,5.1,16.0,DDR5,5600.0,512.0,15.6,1920x1080,144.0,AMD,1.9,55.2 WHrs 90 W,22490000.0
MSI Modern 15 H Ai C2hmg 220vn Ultra 7 255h,msi,Intel,Ultra 7,255.0,5.1,16.0,DDR5,5600.0,512.0,15.6,1920x1080,60.0,Intel,1.9,39.3 Whr 90 W,22490000.0
MSI Modern 14 F13mg 466vn I5 1334u,msi,Intel,Core I5,1334.0,4.6,16.0,DDR4,3200.0,512.0,14.0,1920x1080,60.0,Intel,1.5,46.8 Whr 65 W,14990000.0
MSI Gaming Thin 15 B13uc 3247vn I5 13420h,msi,Intel,Core I5,13420.0,4.6,16.0,DDR4,3200.0,512.0,15.6,1920x1080,144.0,Intel,1.86,52 Whr 120 W,20590000.0
MSI Gaming Katana 15 B13vfk 676vn I7 13620h,msi,Intel,Core I7,13620.0,4.9,16.0,DDR5,5200.0,1.0,15.6,1920x1080,144.0,Intel,2.25,53.5 Wh 200 W,30390000.0
MSI Gaming Katana 15 B13vek 2415vn,msi,Intel,Core I5,13420.0,4.6,24.0,DDR5,5200.0,512.0,15.6,1920x1080,144.0,Intel,2.25,53.5 Wh 200 W,25090000.0
MSI Gaming Katana 15 B13udxk 2213vn I5 13500h,msi,Intel,Core I5,13500.0,4.7,16.0,DDR5,5600.0,1.0,15.6,1920x1080,144.0,,2.3,53.5 Whr 180 W,23490000.0
MSI Gaming Katana 15 B13udxk 2410vn I5 13420h,msi,Intel,Core I5,13420.0,4.6,16.0,DDR5,5200.0,512.0,15.6,1920x1080,144.0,Intel,2.25,53.5 Wh 180 W,22490000.0
MSI Gaming Katana 15 B13udxk 2412vn I5 13420h,msi,Intel,Core I5,13420.0,4.9,16.0,DDR5,5200.0,1.0,15.6,1920x1080,144.0,Intel,2.25,53.5 Wh 200 W,22490000.0
MSI Gaming Thin 15 B13uc 2081vn I5 13420h,msi,Intel,Core I5,13420.0,4.6,16.0,DDR4,3200.0,512.0,15.6,1920x1080,144.0,Intel,1.86,52.4 Wh 120 W,20590000.0
MSI Gaming Katana 15 B13udxk 2411vn I7 13620h,msi,Intel,Core I7,13620.0,4.9,16.0,DDR5,5200.0,512.0,15.6,1920x1080,144.0,Intel,2.25,53.5 Wh 180 W,24490000.0
MSI Venture A16 Ai A3hmg 017vn RYZEN Ai 7 350,msi,AMD,Ryzen AI 7,350.0,4.6,16.0,DDR5,5600.0,512.0,16.0,2048x1280,120.0,AMD,1.9,75 WHrs 90 W,29390000.0
MSI Modern 15 F13mg 666vn I5 1334u,msi,Intel,Core I5,1334.0,4.6,16.0,DDR4,3200.0,512.0,15.6,1920x1080,60.0,Intel,1.7,46.8 Whr 65 W,15190000.0
MSI Gaming Thin15 B13uc 2044vn I7 13620h,msi,Intel,Core I7,13620.0,4.9,16.0,DDR4,3200.0,512.0,15.6,1920x1200,144.0,,1.86,52.4 Wh 120 W,21090000.0
MSI Gaming Katana 15 Hx B14wgk 023vn I7 14650hx,msi,Intel,Core I7,14650.0,5.2,16.0,DDR5,5600.0,1.0,15.6,2560x1440,165.0,Intel,2.4,75 Wh 240 W,44990000.0
MSI Gaming Cyborg 15 Ai A1vek 245vn Ultra 5 135h,msi,Intel,Core Ultra 5,,1.2,16.0,DDR5,,512.0,16.0,1920x1080,144.0,Intel,1.98,53.5 Wh,24990000.0
MSI Gaming Katana 15 Hx B14wfk 294vn I9 14900hx,msi,Intel,Core I9,14900.0,5.8,16.0,DDR5,5600.0,512.0,15.6,2560x1440,165.0,Intel,2.4,75 Wh 240 W,40990000.0
MSI Gaming Katana 15 Hx B14wfk 267vn I7 14650hx,msi,Intel,Core I7,14650.0,5.2,32.0,DDR5,5600.0,512.0,15.6,2560x1440,165.0,Intel,2.4,75 Wh 240 W,40190000.0
MSI Gaming Katana 15 Hx B14wek 286vn I5 14450hx,msi,Intel,Core I5,14450.0,4.8,16.0,DDR5,5600.0,512.0,15.6,2560x1440,165.0,Intel,2.4,75 Wh 240 W,33690000.0
MSI Gaming Katana 15 Hx B14wek 295vn I9 14900hx,msi,Intel,Core I9,14900.0,5.8,16.0,DDR5,5600.0,512.0,15.6,2560x1440,165.0,Intel,2.4,75 Wh 240 W,38490000.0
MSI Gaming Crosshair 16 Hx D2xwgkg 034vn U7 255hx,msi,Intel,Core Ultra 7,255.0,5.2,16.0,DDR5,6400.0,1.0,16.0,2560x1600,240.0,Intel,2.5,90 WHrs 240 W,49990000.0
MSI Gaming Vector 16 Hx Ai A2xwig 062vn U9 275hx,msi,Intel,Ultra 9,275.0,5.4,16.0,DDR5,5600.0,1.0,16.0,2560x1600,240.0,,2.7,90 WHrs 330 W,70590000.0
MSI Gaming Crosshair 16 Hx D2xwfkg 036vn U7 255hx,msi,Intel,Core Ultra 7,255.0,5.2,16.0,DDR5,6400.0,1.0,16.0,2560x1600,240.0,Intel,2.5,90 WHrs 240 W,44090000.0
MSI Gaming Vector 16 Hx Ai A2xwhg 010vn,msi,Intel,Ultra 7,255.0,5.2,16.0,DDR5,6400.0,512.0,16.0,2560x1600,240.0,,2.7,90 WHrs 330 W,53890000.0
DELL 15 Dc15250 I7 1355u Cph997,dell,Intel,Core I7,1355.0,3.7,16.0,DDR4,2666.0,1.0,15.6,1920x1080,120.0,Intel,1.65,3 Cell,22990000.0
DELL 15 Dc15250 I5 1334u 71071928,dell,Intel,Core I5,1334.0,3.4,16.0,DDR4,2666.0,512.0,15.6,1920x1080,120.0,Intel,1.66,3 Cell,19590000.0
DELL Inspiron 15 3520 I5 1235u,dell,Intel,Core I5,1235.0,4.4,16.0,DDR4,2666.0,512.0,15.6,1920x1080,120.0,Intel,1.9,3 Cell 41 W,16690000.0
DELL 15 Dc15255 R5 7530u Dc5r5802w1,dell,AMD,Ryzen 5,7530.0,4.5,16.0,DDR4,,512.0,15.6,1920x1080,120.0,AMD,1.63,,16990000.0
DELL Latitude 3450 I5 1335u 16512w Umc,dell,Intel,Core I5,1335.0,4.6,16.0,DDR5,,512.0,14.0,1920x1080,60.0,Intel,1.5,3 Cell 65 W,19590000.0
DELL 15 Dc15250 I7 1355u 71073959,dell,Intel,Core I7,1355.0,3.7,16.0,DDR4,2666.0,512.0,15.6,1920x1080,120.0,Intel,1.9,,21990000.0
DELL Latitude 3450 I7 1355u 16512w,dell,Intel,Core I7,1355.0,4.6,16.0,DDR5,5200.0,512.0,14.0,1920x1080,60.0,Intel,1.5,3 Cell 65 W,25990000.0
DELL Inspiron 15 3530 I5 1334un5i5530w1,dell,Intel,Core I5,1334.0,4.6,16.0,DDR4,2666.0,512.0,15.6,1920x1080,120.0,Intel,1.66,3 Cell 65 W,19590000.0
DELL Inspiron 15 3530 I7 1355u P16wd,dell,Intel,Core I7,1355.0,5.0,16.0,DDR4,,1.0,15.6,1920x1080,120.0,Intel,1.716,4 Cell,22990000.0
DELL Inspiron 15 3530 I5 1334u I5u165w11slu,dell,Intel,Core I5,1334.0,4.6,16.0,DDR4,,512.0,15.6,1920x1200,120.0,Intel,1.66,,19590000.0
DELL Inspiron 15 3530 71053721,dell,Intel,Core I7,1355.0,5.0,16.0,DDR4,2666.0,512.0,15.6,1920x1080,60.0,Intel,1.66,4 Cell 54,21990000.0
DELL Inspiron 14 5441 X1p 64 100 5mnk1,dell,,Oryon,1.0,3.4,16.0,DDR5,,512.0,14.0,1920x1200,60.0,,1.53,3 Cell,29390000.0
DELL 15 Dc15250 I5 1334u Cph99,dell,Intel,Core I5,1334.0,3.4,16.0,DDR4,2666.0,512.0,15.6,1920x1080,120.0,Intel,1.66,3 Cell,19590000.0
DELL 15 Dc15255 R7 7730u X9ym41,dell,AMD,Ryzen 7,7730.0,4.5,16.0,DDR4,3200.0,1.0,15.6,1920x1080,120.0,AMD,1.9,3 Cell,19990000.0
DELL Inspiron 15 3520 I5 1235u 71071952,dell,Intel,Core I5,1235.0,4.4,16.0,DDR4,,512.0,15.6,1920x1080,120.0,Intel,1.9,,16690000.0
DELL Inspiron 15 N3530 I7 1355u N5i7305w1,dell,Intel,Core I7,1355.0,5.0,16.0,DDR4,,512.0,15.6,1920x1200,120.0,Intel,1.67,4 Cell,21990000.0
DELL Inspiron 15 3520 I5 1235u U165w11slu,dell,Intel,Core I5,1235.0,,16.0,DDR4,2666.0,512.0,15.6,1920x1200,120.0,Intel,1.9,3 Cell,16690000.0
DELL Inspiron 15 3530 I7 1355un3530 I7u161w11slu Bl,dell,Intel,Core I7,1355.0,5.0,16.0,DDR4,2666.0,512.0,15.6,1920x1080,120.0,Intel,1.66,4 Cell 54 W,21990000.0
DELL Inspiron 15 3520 I5 1235u 71061229,dell,Intel,Core I5,1235.0,4.4,16.0,DDR4,2666.0,512.0,15.6,1920x1080,120.0,Intel,1.9,3 Cell 41 W,16690000.0
DELL Inspiron N3520 I5 1235u I5 1235ui5u165w11blu Fp,dell,Intel,Core I5,1235.0,5.5,16.0,DDR4,,512.0,15.6,1920x1200,120.0,Intel,1.66,3 Cell,16690000.0
DELL Inspiron 15 3520 I5 1235u I5u165w11blu Fp,dell,Intel,Core I5,1235.0,5.5,16.0,DDR4,,512.0,15.6,1920x1200,120.0,Intel,1.66,4 Cell,16690000.0
DELL Inspiron 15 3520 I5 1235u 8d10nk,dell,Intel,Core I5,1235.0,4.4,16.0,DDR4,,512.0,15.6,1920x1080,120.0,Intel,1.643,3 Cell,16690000.0
DELL Xps 13 9350 Ultra7 258 Vpp9h1,dell,Intel,Core Ultra 7,258.0,4.8,32.0,DDR5,,1.0,13.4,2560x1600,120.0,Intel,1.21,3 Cell,68990000.0
DELL Xps 13 9350 Ultra 5 226v 71058714,dell,Intel,Core 5,226.0,2.1,16.0,DDR5,,1.0,13.4,2560x1600,120.0,Intel,1.19,,60990000.0
Lg Grambook 15u50t Gav56a5 I5 1334u,lg,Intel,Core I5,1334.0,3.4,16.0,DDR4,,512.0,15.6,1920x1080,60.0,Intel,1.7,,15990000.0
MACBOOK Air M2 13 2024 8cpu 8gpu 16gb 256gb,macbook,Apple,M2,8.0,2.3,16.0,DDR4,,256.0,13.6,2560x1644,60.0,,1.24,22 Giờ,24490000.0
MACBOOK Pro 14 M5 2025 10cpu 10gpu 16gb 512gb,macbook,Apple,M5,10.0,,16.0,,,512.0,14.2,3024x1964,120.0,Apple,1.55,72.4 Wh,41990000.0
MACBOOK Air 13 M4 2025 10cpu 10gpu 16gb 512gb,macbook,Apple,M4,10.0,,16.0,,,512.0,13.6,2560x1644,60.0,,1.24,,31390000.0
MACBOOK Pro M4 Pro 14 2024 12cpu 16gpu 24gb 512gb,macbook,Apple,M4 Pro,14.0,2.3,24.0,,,512.0,14.2,3024x1964,120.0,Apple,1.61,,51990000.0
MACBOOK Air 13 M4 2025 10cpu 8gpu 16gb 256gb,macbook,Apple,M4,10.0,,16.0,,,256.0,13.6,2560x1644,60.0,,1.24,,26490000.0
MACBOOK Air 15 M4 2025 10cpu 10gpu 16gb 256gb,macbook,Apple,M4,10.0,,16.0,,,256.0,15.3,2880x1864,60.0,,1.51,,31390000.0
MACBOOK Air 15 M4 2025 10cpu 10gpu 24gb 512gb,macbook,Apple,M4,10.0,,24.0,,,512.0,15.3,2880x1864,60.0,,1.51,,41190000.0
MACBOOK Air 15 M4 2025 10cpu 10gpu 16gb 512gb,macbook,Apple,M4,10.0,,16.0,,,512.0,15.3,2880x1864,60.0,,1.51,,36290000.0
MACBOOK Air 13 M4 2025 10cpu 10gpu 24gb 512gb,macbook,Apple,M4,10.0,,24.0,,,512.0,13.6,2560x1644,60.0,Apple,1.24,,36290000.0
MACBOOK Pro M4 Pro 16 2024 14cpu 20gpu 24gb 512gb,macbook,Apple,M4 Pro,14.0,,24.0,,,512.0,16.2,3456x2234,120.0,Apple,2.14,22 Giờ,66990000.0
MACBOOK Pro M4 Pro 14 2024 14cpu 20gpu 24gb 1tb,macbook,Apple,M4 Pro,14.0,2.3,24.0,,,1.0,14.2,3024x1964,120.0,Apple,1.61,,61790000.0
MACBOOK Pro 14 2023 M3 Pro 12 Cpu 18 Gpu 18gb 1tb,macbook,Apple,M3 Pro,12.0,2.3,18.0,,,1.0,14.2,3024x1964,120.0,Apple,1.61,22 Giờ,59990000.0
MACBOOK Pro M4 Pro 16 2024 14cpu 20gpu 48gb 512gb,macbook,Apple,M4 Pro,14.0,,48.0,,,512.0,16.2,3456x2234,120.0,Apple,2.14,22 Giờ,76790000.0
MACBOOK Air M2 2023 15 Inch,macbook,Apple,M2,8.0,,8.0,,,512.0,15.3,2960x1848,60.0,Apple,1.51,18 Giờ,32890000.0
MACBOOK Air 15 M2 2023 8cpu 10gpu 8gb 512gb Sac 70w,macbook,Apple,M2,8.0,,8.0,,,512.0,15.3,2960x1848,60.0,Apple,1.51,18 Giờ,37890000.0
MACBOOK Pro 14 M5 2025 10cpu 10gpu 16gb 1tb,macbook,Apple,M5,10.0,,16.0,,,1.0,14.2,3024x1964,120.0,Apple,1.55,72.4 Wh,46890000.0
MACBOOK Pro 14 M5 2025 10cpu 10gpu 24gb 1tb,macbook,Apple,M5,10.0,,24.0,,,1.0,14.2,3024x1964,120.0,Apple,1.55,72.4 Wh,51790000.0
MACBOOK Air M3 13 2024 8cpu 8gpu 16gb 256gb,macbook,Apple,M3,8.0,,16.0,DDR4,,256.0,13.6,2560x1644,60.0,,1.24,,27990000.0
MACBOOK Pro M4 Max 16 2024 16cpu 40gpu 48gb 1tb,macbook,Apple,M4 Max,16.0,,48.0,,,1.0,16.2,3456x2234,120.0,Apple,2.14,22 Giờ,103690000.0
MACBOOK Pro 14 M5 2025 10cpu 10gpu 24gb 512gb,macbook,Apple,M5,10.0,,24.0,,,512.0,14.2,3024x1964,120.0,Apple,1.55,72.4 Wh,46890000.0
MACBOOK Pro 14 M5 2025 10cpu 10gpu 24gb 1tb Nano,macbook,Apple,M5,10.0,,24.0,,,1.0,14.2,3024x1964,120.0,Apple,1.55,72.4 Wh,55390000.0
MACBOOK Pro 14 M5 2025 10cpu 10gpu 16gb 512gb Nano,macbook,Apple,M5,10.0,,16.0,,,512.0,14.2,3024x1964,120.0,Apple,1.55,72.4 Wh,45590000.0
MACBOOK Pro 14 M5 2025 10cpu 10gpu 16gb 1tb Nano,macbook,Apple,M5,10.0,,16.0,,,1.0,14.2,3024x1964,120.0,Apple,1.55,72.4 Wh,50490000.0
Colorful Rimbook L1 I3 1220p Ca30016512c S E1ad,colorful,Intel,Core I3,1220.0,4.4,16.0,DDR4,3200.0,512.0,15.6,1920x1080,60.0,Intel,1.78,3 Cell 50 W,11290000.0
Colorful Rimbook L1 I5 12450h Ce50016512c G E1ac,colorful,Intel,Core I5,12450.0,4.4,16.0,DDR4,3200.0,512.0,15.6,1920x1080,60.0,Intel,1.78,3 Cell 50 W,14290000.0
Colorful Rimbook L1 I3 1220p Ca30016512c G E1ac,colorful,Intel,Core I3,1220.0,4.4,16.0,DDR4,,512.0,15.6,1920x1080,60.0,Intel,1.78,3 Cell 50 W,11290000.0
GIGABYTE Gaming G6x 9mg I7 13650hx 9rc6l9kghsiix1vn000,gigabyte,Intel,Core I7,13650.0,4.9,16.0,DDR5,4800.0,512.0,16.0,1920x1200,165.0,Intel,2.527,73 Wh 180 W,31210000.0
GIGABYTE Gaming A16 Cwhi3vn864sh I7 13620h,gigabyte,Intel,Core I7,13620.0,4.9,32.0,DDR5,5200.0,1.0,16.0,1920x1200,165.0,Intel,2.24,4 Cell 150 W,42590000.0
GIGABYTE Gaming G6x 9mg I7 13650hx 9rc6l9mghsiix1vn000,gigabyte,Intel,Core I7,13650.0,4.9,16.0,DDR5,4800.0,512.0,16.0,1920x1200,165.0,Intel,2.531,73 Wh 180 W,29790000.0
GIGABYTE Gaming G6x 9mg I7 13650hx 9rc6l9mghsjix1vn000,gigabyte,Intel,Core I7,13650.0,4.9,16.0,DDR5,4800.0,512.0,16.0,1920x1200,165.0,Intel,2.535,73 Wh 180 W,30720000.0
GIGABYTE Gaming G6x 9kg I7 13650hx 9rc6l9kghsjix1vn000,gigabyte,Intel,Core I7,13650.0,4.9,16.0,DDR5,4800.0,1.0,16.0,1920x1200,165.0,Intel,2.533,73 Wh 180 W,32190000.0
GIGABYTE Gaming A16 Cmhh2vn893sh I5 13420h,gigabyte,Intel,Core I5,13420.0,4.6,16.0,DDR5,5200.0,512.0,16.0,1920x1200,165.0,,2.2,76 Wh 150 W,24490000.0
GIGABYTE Gaming A16 Cmhi2vn893sh I7 13620h,gigabyte,Intel,Core I7,13620.0,4.9,16.0,DDR5,5200.0,512.0,16.0,1920x1200,165.0,,2.2,76 Wh 150 W,26790000.0
GIGABYTE Gaming A16 Cvhi3vnc93sh I7 13620h,gigabyte,Intel,Core I7,13620.0,4.9,16.0,DDR5,5200.0,512.0,16.0,2560x1600,165.0,Intel,2.27,4 Cell 150 W,35590000.0
GIGABYTE Gaming A16 Cmhi2vn894sh I7 13620h,gigabyte,Intel,Core I7,13620.0,4.9,16.0,DDR5,5200.0,1.0,16.0,1920x1200,165.0,Intel,2.23,4 Cell 150 W,27780000.0
