Product Name,Manufacturer,CPU manufacturer,CPU brand modifier,CPU generation,CPU Speed (GHz),RAM (GB),RAM Type,Bus (MHz),Storage (GB),Screen Size (inch),Screen Resolution,Refresh Rate (Hz),GPU manufacturer,Weight (kg),Battery,Price (VND),detail_specs_html_path,gpu_model,gpu_class,is_contact_price,norm_ram,norm_storage,norm_cpu,norm_weight,norm_screen,norm_price,price_million,base_performance_score,base_portability_score,has_price,ready_for_budget_filter,ready_for_performance_advice,is_light,is_heavy,is_small_screen,is_large_screen,Battery (Wh),norm_battery,gpu_score,battery_score,battery_available,gaming_score,ai_graphics_score,office_score,portability_score,general_score,is_gaming_ready,is_ai_ready,is_business_ready,is_ultrabook
HP 245 G10 B8pf8at,hp,AMD,Ryzen5,7530.0,4.5,16.0,DDR4,3200.0,256.0,14.0,1920 x 1080,,AMD,1.36,"HP Long Life 3-cell, 41 Wh Li-ion",15590000.0,data/cellphones/detail_htmls\hp_2_specs.html,AMD_RADEON_GRAPHICS,INTEGRATED,False,0.8,0.6,0.3029695024077046,0.851123595505618,0.2114767255216693,0.0666666666666666,15.59,0.511,0.851,True,True,True,True,False,True,False,41.0,0.05798394290811775,0.5,0.05798394290811775,1,0.54775,0.5483,0.5374586430423509,0.5575371959501174,0.5322138285590814,False,False,False,False
HP Victus 15 Fa2731tx B85lnpa,hp,Intel,Core I5,13420.0,4.6,16.0,DDR4,3200.0,512.0,15.6,1920 x 1080,144.0,NVIDIA,2.185,3 Cell Int (52.5Wh),24045000.0,data/cellphones/detail_htmls\hp_4_specs.html,RTX 3050,DISCRETE_GAMING,False,0.8,0.8,0.4534510433386838,0.1865971107544141,0.5842696629213483,0.1253819444444444,24.04,0.627,0.187,True,True,True,False,False,False,True,52.5,0.3073148974130241,0.9,0.3073148974130241,1,0.81675,0.8031,0.3800324546240277,0.2237270805037658,0.4352100206815656,True,True,False,False
HP 14 Ep0112tu 8c5l1pa,hp,Intel,Core I5,1335.0,4.6,16.0,DDR4,3200.0,512.0,14.0,1920 x 1080,,Intel,1.46,"3-cell, 41 Wh Li-ion",19590000.0,data/cellphones/detail_htmls\hp_1_specs.html,INTEL_IRIS_XE,INTEGRATED,False,0.8,0.8,0.4534510433386838,0.7323434991974318,0.2114767255216693,0.0944444444444444,19.59,0.627,0.732,True,True,True,True,False,True,False,41.0,0.05798394290811775,0.55,0.05798394290811775,1,0.60675,0.6106,0.5480856093344857,0.5040861526114335,0.5669057547228052,True,True,False,False
HP 15 Fc0086au A6vv9pa,hp,AMD,Ryzen5,7430.0,4.3,16.0,DDR4,3200.0,512.0,15.6,1920 x 1080,,AMD,1.59,"3-cell, 41 Wh Li-ion polymer",15190000.0,data/cellphones/detail_htmls\hp_0_specs.html,AMD_RADEON_GRAPHICS,INTEGRATED,False,0.8,0.8,0.2146869983948635,0.6211878009630818,0.5842696629213483,0.0638888888888888,15.19,0.507,0.621,True,True,True,True,False,False,True,41.0,0.05798394290811775,0.5,0.05798394290811775,1,0.54675,0.5471,0.4557429127052722,0.3802298123225089,0.4585802731818743,False,False,False,False
HP Victus 15 Fb3116ax Bx8u4pa,hp,AMD,Ryzen7,7445.0,4.7,16.0,DDR5,5600.0,512.0,15.6,1920 x 1080,144.0,NVIDIA,2.29,"3-cell, 52.5 Wh Li-ion polymer",25990000.0,data/cellphones/detail_htmls\hp_3_specs.html,RTX 3050,DISCRETE_GAMING,False,0.8,0.8,0.5714285714285714,0.1320224719101124,0.5842696629213483,0.1388888888888889,25.99,0.686,0.132,True,True,True,False,False,False,True,52.5,0.3073148974130241,0.9,0.3073148974130241,1,0.8315,0.8208000000000001,0.387481331028522,0.19916849302383,0.4543002975676009,True,True,False,False
HP Pavilion 15 Eg3095tu 8c5l6pa 16gb,hp,Intel,Core I5,1335.0,1.3,16.0,DDR4,3200.0,512.0,15.6,1920 x 1080,60.0,Intel,1.74,"3-cell Li-ion, 41 Wh",19990000.0,data/cellphones/detail_htmls\hp_5_specs.html,INTEL_IRIS_XE,INTEGRATED,False,0.8,0.8,0.0220706260032102,0.4004815409309791,0.5842696629213483,0.0972222222222222,19.99,0.411,0.4,True,True,True,False,False,False,True,41.0,0.05798394290811775,0.55,0.05798394290811775,1,0.5527500000000001,0.5458000000000001,0.3352957216940362,0.2809119953080626,0.3509154738239288,False,False,False,False
HP 245 G10 Bg5u8pt,hp,AMD,Ryzen7,7730.0,5.0,16.0,DDR4,3200.0,512.0,14.0,1920 x 1080,,AMD,1.36,"HP Long Life 3-cell, 41 Wh Li-ion",19990000.0,data/cellphones/detail_htmls\hp_9_specs.html,AMD_RADEON_GRAPHICS,INTEGRATED,False,0.8,0.8,0.8138041733547352,0.851123595505618,0.2114767255216693,0.0972222222222222,19.99,0.807,0.851,True,True,True,True,False,True,False,41.0,0.05798394290811775,0.5,0.05798394290811775,1,0.62175,0.6371,0.6706586430423509,0.5575371959501174,0.6957538285590814,True,True,True,False
HP Pavilion 15 Eg3094tu 8c5l5pa 16gb,hp,Intel,Core I5,1335.0,1.3,16.0,DDR4,3200.0,512.0,15.6,1920 x 1080,60.0,Intel,1.74,"3-cell Li-ion, 41 Wh",19990000.0,data/cellphones/detail_htmls\hp_7_specs.html,INTEL_IRIS_XE,INTEGRATED,False,0.8,0.8,0.0220706260032102,0.4004815409309791,0.5842696629213483,0.0972222222222222,19.99,0.411,0.4,True,True,True,False,False,False,True,41.0,0.05798394290811775,0.55,0.05798394290811775,1,0.5527500000000001,0.5458000000000001,0.3352957216940362,0.2809119953080626,0.3509154738239288,False,False,False,False
HP 14 Ep0220tu B73vwpa 16gb,hp,Intel,Core I3,1315.0,4.5,16.0,DDR4,3200.0,512.0,14.0,1920 x 1080,,Intel+NVIDIA,1.4,"3-cell, 41 Wh Li-ion polymer Bộ đổi nguồn AC thông minh 45 W",13490000.0,data/cellphones/detail_htmls\hp_8_specs.html,INTEL_UHD+RTX 5500,INTEGRATED,False,0.8,0.8,0.3029695024077046,0.7885232744783306,0.2114767255216693,0.0520833333333333,13.49,0.551,0.789,True,True,True,True,False,True,False,41.0,0.05798394290811775,0.45,0.05798394290811775,1,0.52775,0.5328,0.5335485306828003,0.529367051487838,0.5388202491048277,False,False,False,False
HP 15 Fd0305tu A2nl6pa,hp,Intel,Core I3,1315.0,5.0,16.0,DDR4,3200.0,256.0,15.6,1920 x 1080,,Intel,1.59,"Pin Li-ion polymer 3 cell, công suất 41 Wh",12490000.0,data/cellphones/detail_htmls\hp_6_specs.html,INTEL_UHD,INTEGRATED,False,0.8,0.6,0.8138041733547352,0.6211878009630818,0.5842696629213483,0.0451388888888888,12.49,0.767,0.621,True,True,True,True,False,False,True,41.0,0.05798394290811775,0.45,0.05798394290811775,1,0.58175,0.5976,0.5727429127052722,0.3802298123225089,0.6022302731818743,False,False,False,False
HP 15 Fd0306tu A2nl7pa,hp,Intel,Core I3,1315.0,1.2,8.0,DDR4,3200.0,256.0,15.6,1920 x 1080,60.0,Intel,1.59,"3-cell, 41 Wh Li-ion",12490000.0,data/cellphones/detail_htmls\hp_13_specs.html,INTEL_UHD,INTEGRATED,False,0.6,0.6,0.0128410914927768,0.6211878009630818,0.5842696629213483,0.0451388888888888,12.49,0.306,0.621,True,True,True,True,False,False,True,41.0,0.05798394290811775,0.45,0.05798394290811775,1,0.4365,0.4293,0.3652929127052722,0.3802298123225089,0.3475277731818743,False,False,False,False
HP Envy X360 14 Fa0045au A19bmpa,hp,AMD,Ryzen7,8840.0,5.1,32.0,LPDDR5,6400.0,1024.0,14.0,2880 x 1800,60.0,AMD,1.39,"3-cell, 59 Wh Li-ion polymer",35090000.0,data/cellphones/detail_htmls\hp_10_specs.html,AMD_RADEON_GRAPHICS,INTEGRATED,False,1.0,1.0,0.8743980738362761,0.819422150882825,0.2114767255216693,0.2020833333333333,35.09,0.937,0.819,True,True,True,True,False,True,False,59.0,0.5370205173951829,0.5,0.5370205173951829,1,0.68425,0.7061000000000001,0.7526785220397579,0.6038484689467836,0.7874250287072478,True,True,True,False
HP 14 Ep0220tu B73vwpa,hp,Intel,Core I3,1315.0,4.5,8.0,DDR4,3200.0,512.0,14.0,1920 x 1080,,Intel,1.4,"3-cell, 41 Wh Li-ion polymer Bộ đổi nguồn AC thông minh 45 W",13490000.0,data/cellphones/detail_htmls\hp_11_specs.html,INTEL_UHD,INTEGRATED,False,0.6,0.8,0.3029695024077046,0.7885232744783306,0.2114767255216693,0.0520833333333333,13.49,0.491,0.789,True,True,True,True,False,True,False,41.0,0.05798394290811775,0.45,0.05798394290811775,1,0.48275,0.4848,0.5065485306828003,0.529367051487838,0.5056702491048277,False,False,False,False
HP Pavilion 15 Eg3112tu 8u6l9pa,hp,Intel,Core I7,1355.0,5.0,16.0,DDR4,3200.0,512.0,15.6,1920 x 1080,,Intel,1.69,3-cell,25290000.0,data/cellphones/detail_htmls\hp_12_specs.html,INTEL_IRIS_XE,INTEGRATED,False,0.8,0.8,0.8138041733547352,0.4719101123595506,0.5842696629213483,0.1340277777777777,25.29,0.807,0.472,True,True,True,False,False,False,True,,,0.55,,0,0.65175,0.6646000000000001,0.6288803370786517,0.4712279293739967,0.6596917375601926,True,True,True,False
HP 14 Dq2055wm 39k15ua,hp,Intel,Core I3,1115.0,4.6,4.0,DDR4,2666.0,256.0,14.0,1920 x 1080,,Intel,1.46,"3-cell, 41 Wh Li-ion",13990000.0,data/cellphones/detail_htmls\hp_14_specs.html,INTEL_UHD,INTEGRATED,False,0.4,0.6,0.4534510433386838,0.7323434991974318,0.2114767255216693,0.0555555555555555,13.99,0.467,0.732,True,True,True,True,False,True,False,41.0,0.05798394290811775,0.45,0.05798394290811775,1,0.44675,0.4476,0.4760856093344857,0.5040861526114335,0.4785057547228052,False,False,False,False
HP 15 Fd0237tu,hp,Intel,Core I5,1334.0,4.6,16.0,DDR4,3200.0,512.0,15.6,1920 x 1080,,Intel,1.59,"3-cell, 41 Wh Li-ion polymer",18390000.0,data/cellphones/detail_htmls\hp_16_specs.html,INTEL_IRIS_XE,INTEGRATED,False,0.8,0.8,0.4534510433386838,0.6211878009630818,0.5842696629213483,0.0861111111111111,18.39,0.627,0.621,True,True,True,True,False,False,True,41.0,0.05798394290811775,0.55,0.05798394290811775,1,0.60675,0.6106,0.5097429127052722,0.3802298123225089,0.5248802731818742,True,True,False,False
HP 250 G9 Ag2k7at,hp,Intel,Core I5,1235.0,4.4,16.0,DDR4,3200.0,512.0,15.6,1920 x 1080,,Intel,1.696,3 Cell Int (41.04Wh),19190000.0,data/cellphones/detail_htmls\hp_18_specs.html,INTEL_UHD,INTEGRATED,False,0.8,0.8,0.2451845906902086,0.4686998394863563,0.5842696629213483,0.0916666666666666,19.19,0.523,0.469,True,True,True,False,False,False,True,41.04,0.09232827832292596,0.45,0.09232827832292596,1,0.52075,0.5244,0.4096490492653414,0.3117448450425978,0.4297410411779232,False,False,False,False
HP Envy X360 2in1 14 Fc0086tu A19bwpa,hp,Intel,Core Ultra 7,155.0,80.0,32.0,LPDDR5,6400.0,512.0,14.0,2880 x 1800,120.0,Intel,1.384,3 Cell Int (59.16Wh),35290000.0,data/cellphones/detail_htmls\hp_19_specs.html,INTEL_GRAPHICS,INTEGRATED,False,1.0,0.8,1.0,0.8306581059390048,0.2114767255216693,0.2034722222222222,35.29,0.96,0.831,True,True,True,True,False,True,False,59.16,0.544157002676182,0.45,0.544157002676182,1,0.66,0.6855,0.7672687986171132,0.609443110260526,0.803159581429806,True,True,True,False
HP Victus 16 S0143ax 9q990pa,hp,AMD,Ryzen5,7640.0,5.0,32.0,DDR5,5600.0,512.0,16.1,1920 x 1080,144.0,NVIDIA,2.33,"4-cell, 70 Wh Li-ion polymer",31490000.0,data/cellphones/detail_htmls\hp_15_specs.html,RTX 4050,DISCRETE_GAMING,False,1.0,0.8,0.8138041733547352,0.1067415730337079,0.9743178170144462,0.1770833333333333,31.49,0.867,0.107,True,True,True,False,True,False,True,70.0,0.6882247992863515,1.0,0.6882247992863515,1,0.96675,0.9601,0.4937368625756266,0.1686766884800592,0.5593669258550439,True,True,False,False
HP Envy X360 14 Fa0096au Ay8u6pa,hp,AMD,Ryzen5,8640.0,9.0,16.0,LPDDR5,6400.0,1024.0,14.0,2880 x 1800,120.0,AMD,1.39,"Li-ion polymer 3 lõi, 59 Wh Bộ chuyển đổi nguồn điện 65 W USB Type-C Hỗ trợ sạc pin nhanh: khoảng 50% trong 30 phút",30390000.0,data/cellphones/detail_htmls\hp_17_specs.html,AMD_RADEON_GRAPHICS,INTEGRATED,False,0.8,1.0,0.9963884430176564,0.819422150882825,0.2114767255216693,0.1694444444444444,30.39,0.938,0.819,True,True,True,True,False,True,False,59.0,0.5370205173951829,0.5,0.5370205173951829,1,0.6545,0.6764,0.7531285220397579,0.6038484689467836,0.7879775287072478,True,True,True,False
HP 15 Fd0083tu 8d736pa,hp,Intel,Core I7,1355.0,0.0,16.0,DDR4,3200.0,512.0,15.6,1920 x 1080,,Intel,1.59,"3-cell, 41 Wh Li-ion polymer Bộ đổi nguồn AC thông minh 45 W",22490000.0,data/cellphones/detail_htmls\hp_24_specs.html,INTEL_IRIS_XE,INTEGRATED,False,0.8,0.8,0.0016051364365971,0.6211878009630818,0.5842696629213483,0.1145833333333333,22.49,0.401,0.621,True,True,True,True,False,False,True,41.0,0.05798394290811775,0.55,0.05798394290811775,1,0.55025,0.5428000000000001,0.4080429127052722,0.3802298123225089,0.4000152731818743,False,False,False,False
HP Pavilion 15 Eg3093tu 8c5l4pa,hp,Intel,Core I5,1335.0,1.3,16.0,DDR4,3200.0,512.0,15.6,1920 x 1080,60.0,Intel,1.69,"3-cell Li-ion, 41 Wh",21290000.0,data/cellphones/detail_htmls\hp_23_specs.html,INTEL_IRIS_XE,INTEGRATED,False,0.8,0.8,0.0220706260032102,0.4719101123595506,0.5842696629213483,0.10625,21.29,0.411,0.472,True,True,True,False,False,False,True,41.0,0.05798394290811775,0.55,0.05798394290811775,1,0.5527500000000001,0.5458000000000001,0.3602957216940362,0.3130548524509198,0.3685940452525003,False,False,False,False
HP 240 G9 Ag2j7at,hp,Intel,Core I5,1235.0,4.4,16.0,DDR4,3200.0,512.0,14.0,1920 x 1080,,Intel,1.42,3 Cell Int (41.04Wh),19790000.0,data/cellphones/detail_htmls\hp_21_specs.html,INTEL_UHD,INTEGRATED,False,0.8,0.8,0.2451845906902086,0.7620385232744783,0.2114767255216693,0.0958333333333333,19.79,0.523,0.762,True,True,True,True,False,True,False,41.04,0.09232827832292596,0.45,0.09232827832292596,1,0.52075,0.5244,0.5117557908383751,0.5175835288307198,0.5168568116434127,False,False,False,False
HP 15 Fd1063tu 9z2y1pa,hp,Intel,Core Ultra 5,125.0,5.0,16.0,DDR5,5600.0,512.0,15.6,1920 x 1080,,Intel,1.65,"3-cell, 41 Wh Li-ion polymer Hỗ trợ sạc pin nhanh: khoảng 50% trong 45 phút",20990000.0,data/cellphones/detail_htmls\hp_20_specs.html,INTEL_GRAPHICS,INTEGRATED,False,0.8,0.8,0.8138041733547352,0.5417335473515249,0.5842696629213483,0.1041666666666666,20.99,0.807,0.542,True,True,True,False,False,False,True,41.0,0.05798394290811775,0.45,0.05798394290811775,1,0.59175,0.6096,0.5629339239412273,0.3444753981973082,0.604665345413014,False,True,False,False
HP Pavilion 15 Eg3111tu 8u6l8pa,hp,Intel,Core I5,1335.0,4.6,16.0,DDR4,3200.0,512.0,15.6,1920 x 1080,,Intel,1.6,"3-cell, 41 Wh Li-ion",21290000.0,data/cellphones/detail_htmls\hp_22_specs.html,INTEL_IRIS_XE,INTEGRATED,False,0.8,0.8,0.4534510433386838,0.6071428571428572,0.5842696629213483,0.10625,21.29,0.627,0.607,True,True,True,False,False,False,True,41.0,0.05798394290811775,0.55,0.05798394290811775,1,0.60675,0.6106,0.5048271823681936,0.3739095876034078,0.5214041495863686,True,True,False,False
HP Gaming Omen 16 Am0129tx Bx9d1pa,hp,Intel,Core Ultra 7,255.0,5.1,32.0,DDR5,5600.0,512.0,16.0,1920 x 1200,165.0,NVIDIA,2.43,"6-cell, 83 Wh Li-ion polymer",48890000.0,data/cellphones/detail_htmls\hp_26_specs.html,RTX 5070,DISCRETE_GAMING,False,1.0,0.8,0.8743980738362761,0.0670144462279294,0.8487158908507223,0.2979166666666666,48.89,0.897,0.067,True,True,True,False,True,False,True,83.0,0.8983050847457628,0.45,0.8983050847457628,1,0.64425,0.6666000000000001,0.5183323681936042,0.2196698666502037,0.5911335390171627,True,True,False,False
HP Gaming Omen 16 Am0176tx Bx9d3pa,hp,Intel,Core Ultra 7,255.0,5.1,16.0,DDR5,5600.0,512.0,16.0,1920 x 1200,165.0,NVIDIA,2.43,"6-cell, 83 Wh Li-ion polymer",43890000.0,data/cellphones/detail_htmls\hp_25_specs.html,RTX 5060,DISCRETE_GAMING,False,0.8,0.8,0.8743980738362761,0.0670144462279294,0.8487158908507223,0.2631944444444444,43.89,0.837,0.067,True,True,True,False,True,False,True,83.0,0.8983050847457628,0.45,0.8983050847457628,1,0.5992500000000001,0.6186,0.4913323681936041,0.2196698666502037,0.5579835390171627,False,True,False,False
HP Victus 16 R0376tx Ay8z2pa,hp,Intel,Core I7,13700.0,5.0,16.0,DDR5,4800.0,512.0,16.1,1920 x 1080,165.0,NVIDIA,2.31,"4-cell, 70 Wh Li-ion polymer Bộ đổi nguồn AC thông minh 200 W Hỗ trợ sạc pin nhanh: khoảng 50% trong 30 phút",32690000.0,data/cellphones/detail_htmls\hp_27_specs.html,RTX 3050,DISCRETE_GAMING,False,0.8,0.8,0.8138041733547352,0.1099518459069021,0.9743178170144462,0.1854166666666666,32.69,0.807,0.11,True,True,True,False,True,False,True,70.0,0.6882247992863515,0.9,0.6882247992863515,1,0.86175,0.8571000000000001,0.4678604580812446,0.1701213112729967,0.5270114683911594,True,True,False,False
HP Victus 16 R0374tx Ay8y7pa,hp,Intel,Core I5,13500.0,4.7,16.0,DDR5,4800.0,512.0,16.1,1920 x 1080,165.0,NVIDIA,2.334,4 Cell Int (70.07Wh),30990000.0,data/cellphones/detail_htmls\hp_29_specs.html,RTX 4050,DISCRETE_GAMING,False,0.8,0.8,0.5714285714285714,0.1059390048154093,0.9743178170144462,0.1736111111111111,30.99,0.686,0.106,True,True,True,False,True,False,True,70.07,0.7176628010704728,1.0,0.7176628010704728,1,0.8915,0.8758,0.4121405790838375,0.1685511097049018,0.4592734825287072,True,True,False,False
HP Pavilion X360 14 Ek2017tu 9z2v5pa,hp,Intel,Core 5,120.0,5.0,16.0,DDR4,3200.0,512.0,14.0,1920 x 1080,,,1.4,3 Cell Int (43.3Wh),24990000.0,data/cellphones/detail_htmls\hp_28_specs.html,INTEL_GRAPHICS,INTEGRATED,False,0.8,0.8,0.8138041733547352,0.7885232744783306,0.2114767255216693,0.1319444444444444,24.99,0.807,0.789,True,True,True,True,False,True,False,43.3,0.1471900089206066,0.45,0.1471900089206066,1,0.59175,0.6096,0.6531716076058772,0.5371074361032226,0.6837987106432892,False,True,True,False
HP Gaming Victus 16 S0173ax A9lg9pa,hp,AMD,Ryzen5,7640.0,5.0,16.0,DDR5,5600.0,512.0,16.1,1920 x 1080,144.0,NVIDIA,2.31,"4-cell, 70 Wh Li-ion polymer",27390000.0,data/cellphones/detail_htmls\hp_30_specs.html,RTX 3050,DISCRETE_GAMING,False,0.8,0.8,0.8138041733547352,0.1099518459069021,0.9743178170144462,0.1486111111111111,27.39,0.807,0.11,True,True,True,False,True,False,True,70.0,0.6882247992863515,0.9,0.6882247992863515,1,0.86175,0.8571000000000001,0.4678604580812446,0.1701213112729967,0.5270114683911594,True,True,False,False
HP 15 Fd0235tu 9q970pa,hp,Intel,Core I5,1334.0,4.6,16.0,DDR4,3200.0,512.0,15.6,1920 x 1080,,Intel,1.59,"Pin Li-ion polymer 3 cell, công suất 41 Wh Bộ chuyển đổi nguồn điện AC thông minh 45 W Hỗ trợ sạc pin nhanh: khoảng 50% trong 45 phút",19190000.0,data/cellphones/detail_htmls\hp_31_specs.html,INTEL_IRIS_XE,INTEGRATED,False,0.8,0.8,0.4534510433386838,0.6211878009630818,0.5842696629213483,0.0916666666666666,19.19,0.627,0.621,True,True,True,True,False,False,True,41.0,0.05798394290811775,0.55,0.05798394290811775,1,0.60675,0.6106,0.5097429127052722,0.3802298123225089,0.5248802731818742,True,True,False,False
HP Victus 15 Fa1139tx 8y6w3pa,hp,Intel,Core I5,12450.0,4.4,16.0,DDR4,3200.0,512.0,15.6,1920 x 1080,144.0,NVIDIA,2.22,3 Cell Int (52.5Wh),24590000.0,data/cellphones/detail_htmls\hp_33_specs.html,RTX 2050,DISCRETE_GAMING,False,0.8,0.8,0.2451845906902086,0.1621187800963082,0.5842696629213483,0.1291666666666666,24.59,0.523,0.162,True,True,True,False,False,False,True,52.5,0.3073148974130241,0.8,0.3073148974130241,1,0.73075,0.7169000000000001,0.3246650388936906,0.2127118317076182,0.3716916338436844,True,True,False,False
HP 15s Fq5231tu 8u241pa,hp,Intel,Core I3,1215.0,1.2,8.0,DDR4,3200.0,256.0,15.6,1080 x 1920,,Intel,2.0,3 cell,11990000.0,data/cellphones/detail_htmls\hp_34_specs.html,INTEL_UHD,INTEGRATED,False,0.6,0.6,0.0128410914927768,0.2471910112359551,0.5842696629213483,0.0416666666666666,11.99,0.306,0.247,True,True,True,False,False,False,True,,,0.45,,0,0.4365,0.4293,0.3247786516853932,0.3701043338683788,0.3272712600321027,False,False,False,False
HP Victus 16 S0136ax 9q984pa,hp,AMD,Ryzen5,7640.0,0.0,32.0,DDR5,5600.0,512.0,16.1,1920 x 1080,144.0,NVIDIA,2.31,"4 cell, 70 Wh Li-ion polime Bộ chuyển đổi nguồn điện AC thông minh 200 W Hỗ trợ sạc pin nhanh: khoảng 50% trong 30 phút Thời lượng pin Lên đến 7 tiếng 45 phút",28990000.0,data/cellphones/detail_htmls\hp_32_specs.html,RTX 3050,DISCRETE_GAMING,False,1.0,0.8,0.0016051364365971,0.1099518459069021,0.9743178170144462,0.1597222222222222,28.99,0.461,0.11,True,True,True,False,True,False,True,70.0,0.6882247992863515,0.9,0.6882247992863515,1,0.80525,0.7833000000000001,0.3121604580812446,0.1701213112729967,0.3358464683911594,True,True,False,False
HP Victus 16 D0293tx 5z9r4pa,hp,Intel,Core I5,11400.0,2.7,8.0,DDR4,3200.0,512.0,16.1,1920 x 1080,,NVIDIA,2.25,"4-cell, 70 Whrs",27890000.0,data/cellphones/detail_htmls\hp_37_specs.html,INTEL_GRAPHICS,INTEGRATED,False,0.6,0.8,0.1167736757624398,0.1468699839486356,0.9743178170144462,0.1520833333333333,27.89,0.398,0.147,True,True,True,False,False,False,True,70.0,0.6882247992863515,0.45,0.6882247992863515,1,0.4595,0.4569,0.2967318063958513,0.1867344733917768,0.3101762075564884,False,False,False,False
HP Pavilion 15 Eg2037tx 6k783pa,hp,Intel,Core I5,1235.0,4.6,8.0,DDR4,3200.0,256.0,15.6,1920 x 1080,,NVIDIA,1.74,"3-cell, 41 Wh Li-ion",16300000.0,data/cellphones/detail_htmls\hp_38_specs.html,MX 550,DISCRETE_LIGHT,False,0.6,0.6,0.4534510433386838,0.4004815409309791,0.5842696629213483,0.0715972222222222,16.3,0.527,0.4,True,True,True,False,False,False,True,41.0,0.05798394290811775,0.55,0.05798394290811775,1,0.55175,0.5506,0.3874957216940362,0.2809119953080626,0.4150054738239289,False,False,False,False
HP Pavilion X360 14 Ek2024tu 9z2v6pa,hp,Intel,Core 5,120.0,1.4,16.0,DDR4,3200.0,512.0,14.0,1920 x 1080,60.0,Intel,1.51,"3-cell, 43Wh, công suất bộ sạc 65 W",24990000.0,data/cellphones/detail_htmls\hp_67_specs.html,INTEL_GRAPHICS,INTEGRATED,False,0.8,0.8,0.0292937399678972,0.6645264847512038,0.2114767255216693,0.1319444444444444,24.99,0.415,0.665,True,True,True,True,False,True,False,43.0,0.14585191793041927,0.45,0.14585191793041927,1,0.49375,0.492,0.4327958081244598,0.4802992653414001,0.4360679667242869,False,False,False,False
HP Gaming Victus 16 E0170ax 4r0u7pa,hp,AMD,Ryzen7,5800.0,4.6,8.0,DDR4,3200.0,512.0,16.1,1920 x 1080,144.0,NVIDIA,2.46,"4-cell Li-ion, 70 Wh",24990000.0,data/cellphones/detail_htmls\hp_86_specs.html,RTX 3050,DISCRETE_GAMING,False,0.6,0.8,0.4534510433386838,0.0642054574638844,0.9743178170144462,0.1319444444444444,24.99,0.567,0.064,True,True,True,False,True,False,True,70.0,0.6882247992863515,0.9,0.6882247992863515,1,0.77175,0.7551,0.3438492221261884,0.1495354364736387,0.3830892372515125,True,True,False,False
LENOVO Loq 15irx10 83je00pevn,lenovo,Intel,Core I7,13650.0,4.9,16.0,DDR5,4800.0,1024.0,15.6,1920 x 1080,144.0,NVIDIA,2.4,"60Wh, 170W Slim Tip (3-pin)",33990000.0,data/cellphones/detail_htmls\lenovo_4_specs.html,RTX 5050,DISCRETE_GAMING,False,0.8,1.0,0.7391653290529695,0.0806581059390048,0.5842696629213483,0.1944444444444444,33.99,0.81,0.081,True,True,True,False,True,False,True,60.0,0.5709188224799286,0.45,0.5709188224799286,1,0.5925,0.6105,0.4397268798617114,0.2012949129522163,0.5216360785282134,False,True,False,False
LENOVO Loq 15iax9e 83lk0079vn,lenovo,Intel,Core I5,12450.0,4.4,16.0,DDR5,4800.0,1024.0,15.6,1920 x 1080,144.0,NVIDIA,1.77,57Wh 135W Slim Tip (3-pin),22090000.0,data/cellphones/detail_htmls\lenovo_3_specs.html,RTX 3050,DISCRETE_GAMING,False,0.8,1.0,0.2451845906902086,0.3848314606741573,0.5842696629213483,0.1118055555555555,22.09,0.563,0.385,True,True,True,False,False,False,True,57.0,0.4683318465655665,0.9,0.4683318465655665,1,0.80075,0.7839,0.4289874243733793,0.3277156130386467,0.4556374635757499,True,True,False,False
LENOVO Loq 15arp9 83jc00m3vn,lenovo,AMD,Ryzen5,7235.0,4.2,16.0,DDR5,4800.0,1024.0,15.6,1920 x 1080,144.0,NVIDIA,2.38,"60Wh, 170W Slim Tip (3-pin)",24490000.0,data/cellphones/detail_htmls\lenovo_2_specs.html,RTX 3050,DISCRETE_GAMING,False,0.8,1.0,0.1978330658105939,0.098314606741573,0.5842696629213483,0.1284722222222222,24.49,0.539,0.098,True,True,True,False,True,False,True,60.0,0.5709188224799286,0.9,0.5709188224799286,1,0.7947500000000001,0.7767000000000001,0.3239566551426102,0.209240338313372,0.376278562476849,True,True,False,False
LENOVO Ideapad Slim 3 15abr8 82xm00mdvn,lenovo,AMD,Ryzen5,5625.0,4.3,16.0,DDR4,3200.0,1024.0,15.6,1920 x 1080,,AMD,1.62,47Wh (Đầu tròn 65W (3 chân)),14290000.0,data/cellphones/detail_htmls\lenovo_1_specs.html,AMD_RADEON_GRAPHICS,INTEGRATED,False,0.8,1.0,0.2146869983948635,0.579454253611557,0.5842696629213483,0.0576388888888888,14.29,0.547,0.579,True,True,True,False,False,False,True,47.0,0.18688670829616413,0.5,0.18688670829616413,1,0.55675,0.5591,0.4706746326707001,0.3816420237066304,0.4795819894431411,False,False,False,False
LENOVO Ideapad Slim 3 14irh10 83k00008vn,lenovo,Intel,Core I5,13420.0,4.6,16.0,DDR5,4800.0,1024.0,14.0,1920 x 1200,,Intel,1.43,60Wh (Đầu tròn 65W (3 chân),16990000.0,data/cellphones/detail_htmls\lenovo_0_specs.html,INTEL_UHD,INTEGRATED,False,0.8,1.0,0.4534510433386838,0.752808988764045,0.2114767255216693,0.0763888888888889,16.99,0.667,0.753,True,True,True,True,False,True,False,60.0,0.5709188224799286,0.45,0.5709188224799286,1,0.5567500000000001,0.5676,0.6097869922212619,0.5772379306087172,0.6233017326213113,False,False,True,False
LENOVO Thinkpad E14 Gen 7 21t90021va,lenovo,Intel,Core 7,240.0,5.2,16.0,DDR5,5600.0,1024.0,14.0,1920 x 1200,60.0,Intel,1.34,"48Wh, 65W USB-C (3-pin)",24890000.0,data/cellphones/detail_htmls\lenovo_5_specs.html,INTEL_GRAPHICS,INTEGRATED,False,0.8,1.0,0.914526484751204,0.8663723916532905,0.2114767255216693,0.13125,24.89,0.897,0.866,True,True,True,True,False,True,False,48.0,0.2149866190900981,0.45,0.2149866190900981,1,0.61425,0.6366,0.7299572601555747,0.5879568465242622,0.7600221363748612,True,True,True,False
LENOVO Ideapad Slim 5 14q8x9 83hl005avn,lenovo,Qualcomm,Snapdragon X,,3.0,16.0,LPDDR5X,8448.0,1024.0,14.0,1920 x 1200,,Qualcomm,1.48,"57Wh, 65W USB-C Slim (Wall-mount)",20990000.0,data/cellphones/detail_htmls\lenovo_8_specs.html,QUALCOMM_ADRENO,INTEGRATED_ARM,False,0.8,1.0,0.1348314606741573,0.7219101123595506,0.2114767255216693,0.1041666666666666,20.99,0.507,0.722,True,True,True,True,False,True,False,57.0,0.4683318465655665,0.45,0.4683318465655665,1,0.51675,0.5196000000000001,0.5212031547104581,0.5532372823805408,0.5226388760958143,False,False,False,False
LENOVO Loq 15ahp10 83jg0047vn,lenovo,AMD,Ryzen7,250.0,5.1,16.0,DDR5,5600.0,1024.0,15.6,1920 x 1080,144.0,NVIDIA,2.4,"60Wh, 170W Slim Tip (3-pin)",32490000.0,data/cellphones/detail_htmls\lenovo_9_specs.html,RTX 5050,DISCRETE_GAMING,False,0.8,1.0,0.8743980738362761,0.0806581059390048,0.5842696629213483,0.1840277777777778,32.49,0.877,0.081,True,True,True,False,True,False,True,60.0,0.5709188224799286,0.45,0.5709188224799286,1,0.6092500000000001,0.6306,0.4698768798617113,0.2012949129522163,0.5586535785282133,True,True,False,False
LENOVO Legion 7 16iax10 83ky001vvn,lenovo,Intel,Core Ultra 9,275.0,5.4,32.0,DDR5,5600.0,1024.0,16.0,2560 x 1600,240.0,NVIDIA,2.0,"84Wh, 245W Slim Tip (3-pin)",70990000.0,data/cellphones/detail_htmls\lenovo_6_specs.html,RTX 5070,DISCRETE_GAMING,False,1.0,1.0,0.9542536115569824,0.2471910112359551,0.8487158908507223,0.4513888888888889,70.99,0.977,0.247,True,True,True,False,False,False,True,84.0,0.9009812667261374,0.45,0.9009812667261374,1,0.66425,0.6906,0.6190363439930856,0.3037535498209656,0.6812670647610816,True,True,True,False
LENOVO Ideapad Slim 3 16irh10 83k20002vn,lenovo,Intel,Core I5,13420.0,4.6,16.0,DDR5,4800.0,1024.0,16.0,1920 x 1200,60.0,Intel,1.73,60Wh (Đầu tròn 65W (3 chân)),16990000.0,data/cellphones/detail_htmls\lenovo_7_specs.html,INTEL_UHD,INTEGRATED,False,0.8,1.0,0.4534510433386838,0.413322632423756,0.8487158908507223,0.0763888888888889,16.99,0.667,0.413,True,True,True,False,False,False,True,60.0,0.5709188224799286,0.45,0.5709188224799286,1,0.5567500000000001,0.5676,0.4915285652549697,0.2977435485862452,0.5141865640819854,False,False,False,False
LENOVO Legion 5 15irx10 83ly00hrvn,lenovo,Intel,Core I7,13650.0,4.9,16.0,DDR5,4800.0,1024.0,15.3,1920 x 1200,165.0,NVIDIA,2.1,"80Wh, 245W Slim Tip (3-pin)",36990000.0,data/cellphones/detail_htmls\lenovo_10_specs.html,RTX 5050,DISCRETE_GAMING,False,0.8,1.0,0.7391653290529695,0.2215088282504013,0.4297752808988764,0.2152777777777778,36.99,0.81,0.222,True,True,True,False,False,False,False,80.0,0.8818019625334522,0.45,0.8818019625334522,1,0.5925,0.6105,0.5272052722558341,0.362523151006297,0.5932470027163848,False,True,False,False
LENOVO Loq 15arp9 83jc00lvvn,lenovo,AMD,Ryzen5,7235.0,4.2,16.0,DDR5,4800.0,1024.0,15.6,1920 x 1080,144.0,NVIDIA,2.38,"60Wh, 170W Slim Tip (3-pin)",23490000.0,data/cellphones/detail_htmls\lenovo_11_specs.html,RTX 3050,DISCRETE_GAMING,False,0.8,1.0,0.1978330658105939,0.098314606741573,0.5842696629213483,0.1215277777777777,23.49,0.539,0.098,True,True,True,False,True,False,True,60.0,0.5709188224799286,0.9,0.5709188224799286,1,0.7947500000000001,0.7767000000000001,0.3239566551426102,0.209240338313372,0.376278562476849,True,True,False,False
LENOVO Thinkpad L16 Gen 2 21sa000fva,lenovo,Intel,Core Ultra 5,225.0,4.8,16.0,DDR5,5600.0,2048.0,16.0,1920 x 1200,60.0,Intel,1.79,"46.5Wh, 65W USB-C (3-pin)",24090000.0,data/cellphones/detail_htmls\lenovo_12_specs.html,INTEL_GRAPHICS,INTEGRATED,False,0.8,1.0,0.6460674157303371,0.372792937399679,0.8487158908507223,0.1256944444444444,24.09,0.763,0.373,True,True,True,False,False,False,True,46.5,0.16369313113291703,0.45,0.16369313113291703,1,0.58075,0.5964,0.4945816335350043,0.2340724935177182,0.5364262337942955,False,False,False,False
LENOVO Ideapad Slim 5 14akp10 83hx001jvn RYZEN Ai 7,lenovo,AMD,Ryzen AI 7,350.0,5.0,32.0,DDR5,5600.0,1024.0,14.0,1920 x 1200,,AMD,1.39,60Wh (65W USB-C Slim (Wall-mount)),27990000.0,data/cellphones/detail_htmls\lenovo_13_specs.html,AMD_RADEON_GRAPHICS,INTEGRATED,False,1.0,1.0,0.8138041733547352,0.819422150882825,0.2114767255216693,0.1527777777777778,27.99,0.907,0.819,True,True,True,True,False,True,False,60.0,0.5709188224799286,0.5,0.5709188224799286,1,0.6767500000000001,0.6971,0.7411015989628348,0.6072138535621682,0.7723884902457094,True,True,True,False
LENOVO Ideapad Slim 5 15arp10 83j3002svn,lenovo,AMD,Ryzen7,7735.0,4.75,32.0,LPDDR5X,6400.0,1024.0,15.1,2560 x 1600,165.0,AMD,1.49,70Wh (65W USB-C Slim (Gắn tường)),23490000.0,data/cellphones/detail_htmls\lenovo_14_specs.html,AMD_RADEON_GRAPHICS,INTEGRATED,False,1.0,1.0,0.5862760834670947,0.7150882825040128,0.4097110754414125,0.1215277777777777,23.49,0.793,0.715,True,True,True,True,False,False,False,70.0,0.6882247992863515,0.5,0.6882247992863515,1,0.64825,0.6629,0.6725155142610199,0.5542705889616002,0.6910360992097789,True,True,True,True
LENOVO Thinkpad E14 Gen 7 21t90022va,lenovo,Intel,Core 7,240.0,5.2,16.0,DDR5,5600.0,1024.0,14.0,1920 x 1200,60.0,Intel,1.34,"48Wh, 65W USB-C (3-pin)",25990000.0,data/cellphones/detail_htmls\lenovo_15_specs.html,INTEL_GRAPHICS,INTEGRATED,False,0.8,1.0,0.914526484751204,0.8663723916532905,0.2114767255216693,0.1388888888888889,25.99,0.897,0.866,True,True,True,True,False,True,False,48.0,0.2149866190900981,0.45,0.2149866190900981,1,0.61425,0.6366,0.7299572601555747,0.5879568465242622,0.7600221363748612,True,True,True,False
LENOVO V15 G4 Iru 83cc0041vn,lenovo,Intel,Core I5,13420.0,4.6,16.0,DDR4,3200.0,1024.0,15.6,1920 x 1080,,Intel,1.65,"38Wh, 65W USB-C (3-pin)",14790000.0,data/cellphones/detail_htmls\lenovo_16_specs.html,INTEL_UHD,INTEGRATED,False,0.8,1.0,0.4534510433386838,0.5417335473515249,0.5842696629213483,0.0611111111111111,14.79,0.667,0.542,True,True,True,False,False,False,True,38.0,0.008920606601248885,0.45,0.008920606601248885,1,0.5567500000000001,0.5676,0.4941646931719965,0.3343792443511544,0.5226999607976294,False,False,False,False
LENOVO Ideapad Slim 3 15irh10 83k1000gvn,lenovo,Intel,Core I5,13420.0,4.6,24.0,DDR5,4800.0,1024.0,15.3,1920 x 1200,60.0,Intel,1.63,60Wh (Đầu tròn 65W (3 chân)),17990000.0,data/cellphones/detail_htmls\lenovo_17_specs.html,INTEL_UHD,INTEGRATED,False,0.8,1.0,0.4534510433386838,0.562199036918138,0.4297752808988764,0.0833333333333333,17.99,0.667,0.562,True,True,True,False,False,False,False,60.0,0.5709188224799286,0.45,0.5709188224799286,1,0.5567500000000001,0.5676,0.5436353068280034,0.4485260525990863,0.5677910985924188,False,False,False,False
LENOVO Ideapad Slim 5 15arp10 83j3001dvn,lenovo,AMD,Ryzen7,7735.0,4.75,16.0,LPDDR5X,6400.0,1024.0,15.1,2560 x 1600,165.0,AMD,1.49,"70Wh, 65W USB-C Slim (Wall-mount)",21090000.0,data/cellphones/detail_htmls\lenovo_18_specs.html,AMD_RADEON_GRAPHICS,INTEGRATED,False,0.8,1.0,0.5862760834670947,0.7150882825040128,0.4097110754414125,0.1048611111111111,21.09,0.733,0.715,True,True,True,True,False,False,False,70.0,0.6882247992863515,0.5,0.6882247992863515,1,0.60325,0.6149,0.6455155142610198,0.5542705889616002,0.6578860992097789,True,True,True,True
LENOVO Thinkpad X1 Carbon Gen 13 Aura Edition 21nx0039vn,lenovo,Intel,Core Ultra 7,255.0,5.1,32.0,LPDDR5X,8400.0,2048.0,14.0,1920 x 1200,60.0,Intel,1.006,"57Wh, 65W USB-C Slim GaN (3-pin)",55890000.0,data/cellphones/detail_htmls\lenovo_19_specs.html,INTEL_GRAPHICS,INTEGRATED,False,1.0,1.0,0.8743980738362761,0.978330658105939,0.2114767255216693,0.3465277777777777,55.89,0.937,0.978,True,True,True,True,False,True,False,57.0,0.4683318465655665,0.45,0.4683318465655665,1,0.6542500000000001,0.6786000000000001,0.8044503457216939,0.6686265279664156,0.8236779611680455,True,True,True,False
LENOVO Thinkpad L16 Gen 2 21sa000gva,lenovo,Intel,Core Ultra 5,225.0,4.8,16.0,DDR5,5600.0,1024.0,16.0,1920 x 1200,60.0,Intel,1.79,"46.5Wh, 65W USB-C (3-pin)",25190000.0,data/cellphones/detail_htmls\lenovo_20_specs.html,INTEL_GRAPHICS,INTEGRATED,False,0.8,1.0,0.6460674157303371,0.372792937399679,0.8487158908507223,0.1333333333333333,25.19,0.763,0.373,True,True,True,False,False,False,True,46.5,0.16369313113291703,0.45,0.16369313113291703,1,0.58075,0.5964,0.4945816335350043,0.2340724935177182,0.5364262337942955,False,False,False,False
LENOVO Thinkpad E16 Gen 3 21sr002nvn,lenovo,Intel,Core Ultra 5,225.0,4.9,16.0,DDR5,5600.0,512.0,16.0,1920 x 1200,60.0,Intel,1.63,"48Wh, 65W USB-C (3-pin)",25390000.0,data/cellphones/detail_htmls\lenovo_21_specs.html,INTEL_GRAPHICS,INTEGRATED,False,0.8,0.8,0.7391653290529695,0.562199036918138,0.8487158908507223,0.1347222222222222,25.39,0.77,0.562,True,True,True,False,False,False,True,48.0,0.2149866190900981,0.45,0.2149866190900981,1,0.5825,0.5985,0.5669083837510804,0.3243533152241017,0.5894794357328066,False,False,False,False
LENOVO V14 G4 Iru 83a000fnvn,lenovo,Intel,Core I5,13420.0,4.6,16.0,DDR4,3200.0,1024.0,14.0,1920 x 1080,,Intel,1.43,"38Wh, 65W USB-C (3-pin)",14590000.0,data/cellphones/detail_htmls\lenovo_23_specs.html,INTEL_UHD,INTEGRATED,False,0.8,1.0,0.4534510433386838,0.752808988764045,0.2114767255216693,0.0597222222222222,14.59,0.667,0.753,True,True,True,True,False,True,False,38.0,0.008920606601248885,0.45,0.008920606601248885,1,0.5567500000000001,0.5676,0.5674792999135696,0.5031994690702557,0.5894555787751574,False,False,False,False
LENOVO Legion Pro 5 16iax10 83f3002gvn,lenovo,Intel,Core Ultra 9,275.0,5.4,32.0,DDR5,5600.0,1024.0,16.0,2560 x 1600,165.0,NVIDIA,2.43,"80Wh, 245W Slim Tip (3-pin)",59990000.0,data/cellphones/detail_htmls\lenovo_25_specs.html,RTX 5070,DISCRETE_GAMING,False,1.0,1.0,0.9542536115569824,0.0670144462279294,0.8487158908507223,0.375,59.99,0.977,0.067,True,True,True,False,True,False,True,80.0,0.8818019625334522,0.45,0.8818019625334522,1,0.66425,0.6906,0.5485631374243733,0.2095737128040498,0.6307181544017779,True,True,False,False
LENOVO Yoga Pro 7 14iah10 83kf002bvn,lenovo,Intel,Core Ultra 9,285.0,5.4,32.0,LPDDR5X,8533.0,1024.0,14.5,3000 x 1876,120.0,Intel,1.54,"84Wh, 100W USB-C Slim (3-pin)",39990000.0,data/cellphones/detail_htmls\lenovo_22_specs.html,INTEL_GRAPHICS,INTEGRATED,False,1.0,1.0,0.9542536115569824,0.6520866773675762,0.3936597110754414,0.2361111111111111,39.99,0.977,0.652,True,True,True,True,False,False,False,84.0,0.9009812667261374,0.45,0.9009812667261374,1,0.66425,0.6906,0.760188029386344,0.5762455241387825,0.7992837180516114,True,True,True,False
LENOVO Yoga Slim 7 14ill10 83jx0086vn,lenovo,Intel,Core Ultra 5,226.0,4.5,16.0,LPDDR5X,8533.0,1024.0,14.0,2880 x 1800,120.0,Intel,1.19,"70Wh, 65W USB-C Slim (2-pin, Wall-mount)",29490000.0,data/cellphones/detail_htmls\lenovo_24_specs.html,INTEL_GRAPHICS,INTEGRATED,False,0.8,1.0,0.3029695024077046,0.9602728731942215,0.2114767255216693,0.1631944444444444,29.49,0.591,0.96,True,True,True,True,False,True,False,70.0,0.6882247992863515,0.45,0.6882247992863515,1,0.53775,0.5448,0.6674301210025929,0.7042505247561428,0.6480436594023953,False,False,True,True
LENOVO Ideapad Slim 3 14arp10 83k6000avn,lenovo,AMD,Ryzen5,7533.0,4.45,16.0,DDR5,4800.0,1024.0,14.0,1920 x 1200,,AMD,1.43,"60Wh, 65W Round Tip (3-pin)",15990000.0,data/cellphones/detail_htmls\lenovo_26_specs.html,AMD_RADEON_GRAPHICS,INTEGRATED,False,0.8,1.0,0.2632423756019261,0.752808988764045,0.2114767255216693,0.0694444444444444,15.99,0.572,0.753,True,True,True,True,False,True,False,60.0,0.5709188224799286,0.5,0.5709188224799286,1,0.563,0.5666,0.5670369922212618,0.5772379306087172,0.5708142326213113,False,False,False,False
LENOVO V14 G3 Iap 82ts00ayvn,lenovo,Intel,Core I5,1235.0,4.4,16.0,DDR4,3200.0,256.0,14.0,1920 x 1080,,Intel,1.43,"38Wh, 65W Round Tip (3-pin)",13990000.0,data/cellphones/detail_htmls\lenovo_27_specs.html,INTEL_IRIS_XE,INTEGRATED,False,0.8,0.6,0.2451845906902086,0.752808988764045,0.2114767255216693,0.0555555555555555,13.99,0.483,0.753,True,True,True,True,False,True,False,38.0,0.008920606601248885,0.55,0.008920606601248885,1,0.57075,0.5674,0.4846792999135695,0.5031994690702557,0.4877955787751574,False,False,False,False
LENOVO Thinkbook 14 G8 Irl 21sg007rvn,lenovo,Intel,Core 5,210.0,4.8,16.0,DDR5,5600.0,1024.0,14.0,1920 x 1200,60.0,Intel,1.36,"45Wh, 65W USB-C (3-pin)",22990000.0,data/cellphones/detail_htmls\lenovo_29_specs.html,INTEL_GRAPHICS,INTEGRATED,False,0.8,1.0,0.6460674157303371,0.851123595505618,0.2114767255216693,0.1180555555555555,22.99,0.763,0.851,True,True,True,True,False,True,False,45.0,0.15388046387154328,0.45,0.15388046387154328,1,0.58075,0.5964,0.6585509507346585,0.5709987344116558,0.6775976747129274,False,False,True,False
LENOVO Ideapad Slim 3 14irh10 83k00009vn,lenovo,Intel,Core I7,13620.0,4.9,24.0,DDR5,4800.0,1024.0,14.0,1920 x 1200,,Intel,1.43,60Wh (Đầu tròn 65W (3 chân),20990000.0,data/cellphones/detail_htmls\lenovo_30_specs.html,INTEL_UHD,INTEGRATED,False,0.8,1.0,0.7391653290529695,0.752808988764045,0.2114767255216693,0.1041666666666666,20.99,0.81,0.753,True,True,True,True,False,True,False,60.0,0.5709188224799286,0.45,0.5709188224799286,1,0.5925,0.6105,0.6741369922212619,0.5772379306087172,0.7023092326213113,False,True,True,False
LENOVO Ideapad Slim 3 15irh10 83k1000jvn,lenovo,Intel,Core I7,13620.0,4.9,16.0,DDR5,4800.0,1024.0,15.3,1920 x 1200,60.0,Intel,1.63,60Wh (Đầu tròn 65W (3 chân)),19990000.0,data/cellphones/detail_htmls\lenovo_28_specs.html,INTEL_UHD,INTEGRATED,False,0.8,1.0,0.7391653290529695,0.562199036918138,0.4297752808988764,0.0972222222222222,19.99,0.81,0.562,True,True,True,False,False,False,False,60.0,0.5709188224799286,0.45,0.5709188224799286,1,0.5925,0.6105,0.6079853068280034,0.4485260525990863,0.6467985985924188,False,True,True,False
LENOVO Legion 5 15irx10 83ly00hwvn,lenovo,Intel,Core I7,14700.0,5.5,16.0,DDR5,5600.0,1024.0,15.1,2560 x 1600,165.0,NVIDIA,1.9,"80Wh, 245W Slim Tip (3-pin)",43990000.0,data/cellphones/detail_htmls\lenovo_31_specs.html,RTX 5060,DISCRETE_GAMING,False,0.8,1.0,0.9787319422150884,0.2969502407704655,0.4097110754414125,0.2638888888888889,43.99,0.929,0.297,True,True,True,False,False,False,False,80.0,0.8818019625334522,0.45,0.8818019625334522,1,0.6222500000000001,0.6462,0.6071597666378566,0.4004846277318187,0.6784688205333992,True,True,True,False
LENOVO Thinkbook 16 G8 Irl 21sh0093va,lenovo,Intel,Core 5,210.0,4.8,16.0,DDR5,5600.0,2048.0,16.0,1920 x 1200,60.0,Intel,1.7,"45Wh, 65W USB-C (3-pin)",20690000.0,data/cellphones/detail_htmls\lenovo_32_specs.html,INTEL_GRAPHICS,INTEGRATED,False,0.8,1.0,0.6460674157303371,0.442215088282504,0.8487158908507223,0.1020833333333333,20.69,0.763,0.442,True,True,True,False,False,False,True,45.0,0.15388046387154328,0.45,0.15388046387154328,1,0.58075,0.5964,0.5159947709593776,0.2602643844919126,0.5513005238301025,False,False,False,False
LENOVO Thinkpad X9 14 Gen 1 21qa006lvn,lenovo,Intel,Core Ultra 7,258.0,4.8,32.0,LPDDR5X,8533.0,1024.0,14.0,2880 x 1800,120.0,Intel,1.27,55Wh (65W USB-C Slim GaN (3 chân)),55990000.0,data/cellphones/detail_htmls\lenovo_33_specs.html,INTEL_UHD,INTEGRATED,False,1.0,1.0,0.6460674157303371,0.9073033707865168,0.2114767255216693,0.3472222222222222,55.99,0.823,0.907,True,True,True,True,False,True,False,55.0,0.3862622658340767,0.45,0.3862622658340767,1,0.62575,0.6444,0.7244446413137423,0.6299334794419065,0.7400367844795653,True,True,True,False
LENOVO Thinkpad E16 Gen 3 21sr002gva,lenovo,Intel,Core Ultra 5,225.0,4.9,16.0,DDR5,5600.0,512.0,16.0,1920 x 1200,60.0,Intel,1.63,"48Wh, 65W USB-C (3-pin)",24190000.0,data/cellphones/detail_htmls\lenovo_34_specs.html,INTEL_GRAPHICS,INTEGRATED,False,0.8,0.8,0.7391653290529695,0.562199036918138,0.8487158908507223,0.1263888888888888,24.19,0.77,0.562,True,True,True,False,False,False,True,48.0,0.2149866190900981,0.45,0.2149866190900981,1,0.5825,0.5985,0.5669083837510804,0.3243533152241017,0.5894794357328066,False,False,False,False
LENOVO Yoga Slim 7 14imh9 83cv00ajvn,lenovo,Intel,Core Ultra 7,155.0,4.8,32.0,LPDDR5X,7467.0,1024.0,14.0,1920 x 1200,60.0,Intel,1.39,65Wh (65W USB-C Slim (Wall-mount)),29490000.0,data/cellphones/detail_htmls\lenovo_35_specs.html,INTEL_GRAPHICS,INTEGRATED,False,1.0,1.0,0.6460674157303371,0.819422150882825,0.2114767255216693,0.1631944444444444,29.49,0.823,0.819,True,True,True,True,False,True,False,65.0,0.6418376449598573,0.45,0.6418376449598573,1,0.62575,0.6444,0.7129169835782195,0.6240407766390912,0.733670797938017,True,True,True,True
LENOVO Thinkbook 16 G8 Irl 21sh0094va,lenovo,Intel,Core 5,210.0,4.8,16.0,DDR5,5600.0,1024.0,16.0,1920 x 1200,60.0,Intel,1.7,"45Wh, 65W USB-C (3-pin)",21190000.0,data/cellphones/detail_htmls\lenovo_36_specs.html,INTEL_GRAPHICS,INTEGRATED,False,0.8,1.0,0.6460674157303371,0.442215088282504,0.8487158908507223,0.1055555555555555,21.19,0.763,0.442,True,True,True,False,False,False,True,45.0,0.15388046387154328,0.45,0.15388046387154328,1,0.58075,0.5964,0.5159947709593776,0.2602643844919126,0.5513005238301025,False,False,False,False
LENOVO Ideapad Slim 3 14irh10 83k0000avn,lenovo,Intel,Core I5,13420.0,4.6,24.0,DDR5,4800.0,1024.0,14.0,1920 x 1200,,Intel,1.43,60Wh (Đầu tròn 65W (3 chân)),17990000.0,data/cellphones/detail_htmls\lenovo_37_specs.html,INTEL_UHD,INTEGRATED,False,0.8,1.0,0.4534510433386838,0.752808988764045,0.2114767255216693,0.0833333333333333,17.99,0.667,0.753,True,True,True,True,False,True,False,60.0,0.5709188224799286,0.45,0.5709188224799286,1,0.5567500000000001,0.5676,0.6097869922212619,0.5772379306087172,0.6233017326213113,False,False,True,False
LENOVO Thinkbook 14 G8 Irl 21sg007tvn,lenovo,Intel,Core 7,240.0,5.2,16.0,DDR5,5600.0,2048.0,14.0,1920 x 1200,60.0,Intel,1.36,"45Wh, 65W USB-C (3-pin)",24290000.0,data/cellphones/detail_htmls\lenovo_38_specs.html,INTEL_GRAPHICS,INTEGRATED,False,0.8,1.0,0.914526484751204,0.851123595505618,0.2114767255216693,0.1270833333333333,24.29,0.897,0.851,True,True,True,True,False,True,False,45.0,0.15388046387154328,0.45,0.15388046387154328,1,0.61425,0.6366,0.7188509507346585,0.5709987344116558,0.7516326747129275,True,True,True,False
LENOVO Thinkpad X1 Carbon Gen 13 Aura Edition 21nx003bvn,lenovo,Intel,Core Ultra 7,255.0,5.1,32.0,LPDDR5X,8400.0,1024.0,14.0,2880 x 1800,120.0,Intel,1.006,"57Wh, 65W USB-C Slim GaN (3-pin)",61990000.0,data/cellphones/detail_htmls\lenovo_39_specs.html,INTEL_UHD,INTEGRATED,False,1.0,1.0,0.8743980738362761,0.978330658105939,0.2114767255216693,0.3888888888888889,61.99,0.937,0.978,True,True,True,True,False,True,False,57.0,0.4683318465655665,0.45,0.4683318465655665,1,0.6542500000000001,0.6786000000000001,0.8044503457216939,0.6686265279664156,0.8236779611680455,True,True,True,False
LENOVO Ideapad Slim 3 15abr8 82xm00mcvn,lenovo,AMD,Ryzen7,5825.0,4.5,16.0,DDR4,3200.0,1024.0,15.6,1920 x 1080,,AMD,1.62,47Wh (Đầu tròn 65W (3 chân)),16190000.0,data/cellphones/detail_htmls\lenovo_41_specs.html,AMD_RADEON_GRAPHICS,INTEGRATED,False,0.8,1.0,0.3029695024077046,0.579454253611557,0.5842696629213483,0.0708333333333333,16.19,0.591,0.579,True,True,True,False,False,False,True,47.0,0.18688670829616413,0.5,0.18688670829616413,1,0.56775,0.5723,0.4904746326707001,0.3816420237066304,0.5038919894431411,False,False,False,False
LENOVO Ideapad Flex 5 14abr8 82xx00fvvn,lenovo,AMD,Ryzen5,5625.0,4.3,16.0,LPDDR4X,4266.0,1024.0,14.0,1920 x 1200,60.0,AMD,1.55,52.5Wh (65W Round Tip (3-pin)),16990000.0,data/cellphones/detail_htmls\lenovo_40_specs.html,AMD_RADEON_GRAPHICS,INTEGRATED,False,0.8,1.0,0.2146869983948635,0.6408507223113964,0.2114767255216693,0.0763888888888889,16.99,0.547,0.641,True,True,True,True,False,True,False,52.5,0.3073148974130241,0.5,0.3073148974130241,1,0.55675,0.5591,0.5024594209161625,0.501977481787875,0.5179522357698482,False,False,False,False
LENOVO Legion 5 15ahp10 83m00030vn,lenovo,AMD,Ryzen7,260.0,5.1,24.0,DDR5,5600.0,1024.0,15.1,2560 x 1600,165.0,NVIDIA,1.9,"80Wh, 245W Slim Tip (3-pin)",43990000.0,data/cellphones/detail_htmls\lenovo_42_specs.html,RTX 5060,DISCRETE_GAMING,False,0.8,1.0,0.8743980738362761,0.2969502407704655,0.4097110754414125,0.2638888888888889,43.99,0.877,0.297,True,True,True,False,False,False,False,80.0,0.8818019625334522,0.45,0.8818019625334522,1,0.6092500000000001,0.6306,0.5837597666378566,0.4004846277318187,0.6497388205333992,True,True,False,False
LENOVO Ideadpad Slim 3 14irh10 83k00007vn,lenovo,Intel,Core I7,13620.0,4.9,16.0,DDR5,4800.0,1024.0,14.0,1920 x 1200,,Intel,1.43,60Wh (Đầu tròn 65W (3 chân)),19990000.0,data/cellphones/detail_htmls\lenovo_43_specs.html,INTEL_UHD,INTEGRATED,False,0.8,1.0,0.7391653290529695,0.752808988764045,0.2114767255216693,0.0972222222222222,19.99,0.81,0.753,True,True,True,True,False,True,False,60.0,0.5709188224799286,0.45,0.5709188224799286,1,0.5925,0.6105,0.6741369922212619,0.5772379306087172,0.7023092326213113,False,True,True,False
LENOVO Ideapad Slim 5 14q8x9 83hl000kvn,lenovo,Qualcomm,Snapdragon X Lus,,3.4,16.0,LPDDR5X,8448.0,1024.0,14.0,1920 x 1200,,Qualcomm,1.48,57Wh,24990000.0,data/cellphones/detail_htmls\lenovo_44_specs.html,QUALCOMM_ADRENO,INTEGRATED_ARM,False,0.8,1.0,0.1565008025682183,0.7219101123595506,0.2114767255216693,0.1319444444444444,24.99,0.518,0.722,True,True,True,True,False,True,False,57.0,0.4683318465655665,0.45,0.4683318465655665,1,0.5195000000000001,0.5229,0.5261531547104581,0.5532372823805408,0.5287163760958143,False,False,False,False
LENOVO Ideapad Slim 3 15irh10 83k1002nvn,lenovo,Intel,Core I5,13420.0,4.6,24.0,DDR5,4800.0,1024.0,15.1,2560 x 1600,165.0,Intel,1.49,60Wh Đầu tròn 65W (3 chân),21490000.0,data/cellphones/detail_htmls\lenovo_48_specs.html,INTEL_UHD,INTEGRATED,False,0.8,1.0,0.4534510433386838,0.7150882825040128,0.4097110754414125,0.1076388888888889,21.49,0.667,0.715,True,True,True,True,False,False,False,60.0,0.5709188224799286,0.45,0.5709188224799286,1,0.5567500000000001,0.5676,0.5965847450302506,0.520616742807754,0.6060364838251636,False,False,False,False
LENOVO Ideapad Slim 3 15q8x10 83n3002pvn,lenovo,Qualcomm,Snapdragon X,,3.0,16.0,LPDDR5X,8448.0,1024.0,15.3,1920 x 1200,,Qualcomm,1.55,"60Wh, 65W Round Tip (3-pin)",17990000.0,data/cellphones/detail_htmls\lenovo_45_specs.html,QUALCOMM_ADRENO,INTEGRATED_ARM,False,0.8,1.0,0.1348314606741573,0.6408507223113964,0.4297752808988764,0.0833333333333333,17.99,0.507,0.641,True,True,True,True,False,False,False,60.0,0.5709188224799286,0.45,0.5709188224799286,1,0.51675,0.5196000000000001,0.4988824978392394,0.4835581553278182,0.4986587550932214,False,False,False,False
LENOVO Thinkbook 16 G8 Irl 21sh0099vn,lenovo,Intel,Core 7,240.0,5.2,16.0,DDR5,5600.0,2048.0,16.0,1920 x 1200,60.0,Intel,1.7,"45Wh, 65W USB-C (3-pin)",24890000.0,data/cellphones/detail_htmls\lenovo_47_specs.html,INTEL_GRAPHICS,INTEGRATED,False,0.8,1.0,0.914526484751204,0.442215088282504,0.8487158908507223,0.13125,24.89,0.897,0.442,True,True,True,False,False,False,True,45.0,0.15388046387154328,0.45,0.15388046387154328,1,0.61425,0.6366,0.5762947709593776,0.2602643844919126,0.6253355238301025,True,True,False,False
LENOVO Ideapad Slim 3 14irh10 83k0000bvn,lenovo,Intel,Core I5,13420.0,4.6,16.0,DDR5,4800.0,512.0,14.0,1920 x 1200,60.0,Intel,1.33,Đầu tròn 65W (3 chân),19490000.0,data/cellphones/detail_htmls\lenovo_46_specs.html,INTEL_UHD,INTEGRATED,False,0.8,0.8,0.4534510433386838,0.8739967897271268,0.2114767255216693,0.09375,19.49,0.627,0.874,True,True,True,True,False,True,False,,,0.45,,0,0.5467500000000001,0.5556,0.6880488764044944,0.7260032102728733,0.6742726364365972,False,False,True,False
LENOVO Thinkpad E14 Gen 7 21sx002yvn,lenovo,Intel,Core Ultra 7,255.0,5.1,16.0,DDR5,5600.0,512.0,14.0,1920 x 1200,60.0,Intel,1.34,"48Wh, 65W USB-C (3-pin)",29690000.0,data/cellphones/detail_htmls\lenovo_49_specs.html,INTEL_GRAPHICS,INTEGRATED,False,0.8,0.8,0.8743980738362761,0.8663723916532905,0.2114767255216693,0.1645833333333333,29.69,0.837,0.866,True,True,True,True,False,True,False,48.0,0.2149866190900981,0.45,0.2149866190900981,1,0.5992500000000001,0.6186,0.7029572601555748,0.5879568465242622,0.7268721363748611,False,True,True,False
LENOVO Legion 5 15irx10 83ly00hqvn,lenovo,Intel,Core I7,13650.0,4.9,16.0,DDR5,4800.0,1024.0,15.3,1920 x 1200,165.0,NVIDIA,2.1,"80Wh, 245W Slim Tip (3-pin)",39990000.0,data/cellphones/detail_htmls\lenovo_53_specs.html,RTX 5060,DISCRETE_GAMING,False,0.8,1.0,0.7391653290529695,0.2215088282504013,0.4297752808988764,0.2361111111111111,39.99,0.81,0.222,True,True,True,False,False,False,False,80.0,0.8818019625334522,0.45,0.8818019625334522,1,0.5925,0.6105,0.5272052722558341,0.362523151006297,0.5932470027163848,False,True,False,False
LENOVO Legion 5 15irx10 83ly004gvn,lenovo,Intel,Core I7,14700.0,5.5,24.0,DDR5,4800.0,1024.0,15.1,2560 x 1600,165.0,NVIDIA,1.9,"80Wh, 245W Slim Tip (3-pin)",51490000.0,data/cellphones/detail_htmls\lenovo_52_specs.html,RTX 5070,DISCRETE_GAMING,False,0.8,1.0,0.9787319422150884,0.2969502407704655,0.4097110754414125,0.3159722222222222,51.49,0.929,0.297,True,True,True,False,False,False,False,80.0,0.8818019625334522,0.45,0.8818019625334522,1,0.6222500000000001,0.6462,0.6071597666378566,0.4004846277318187,0.6784688205333992,True,True,True,False
LENOVO Thinkbook 14 G8 Irl 21sg007svn,lenovo,Intel,Core 5,210.0,4.8,16.0,DDR5,5600.0,2048.0,14.0,1920 x 1200,60.0,Intel,1.36,"45Wh, 65W USB-C (3-pin)",21990000.0,data/cellphones/detail_htmls\lenovo_50_specs.html,INTEL_GRAPHICS,INTEGRATED,False,0.8,1.0,0.6460674157303371,0.851123595505618,0.2114767255216693,0.1111111111111111,21.99,0.763,0.851,True,True,True,True,False,True,False,45.0,0.15388046387154328,0.45,0.15388046387154328,1,0.58075,0.5964,0.6585509507346585,0.5709987344116558,0.6775976747129274,False,False,True,False
LENOVO V15 G4 Iru 83a100pmvn,lenovo,Intel,Core I5,13420.0,4.6,16.0,DDR4,3200.0,1024.0,15.6,1920 x 1080,,Intel,1.65,"38Wh, 65W Round Tip (3-pin)",15990000.0,data/cellphones/detail_htmls\lenovo_51_specs.html,INTEL_UHD,INTEGRATED,False,0.8,1.0,0.4534510433386838,0.5417335473515249,0.5842696629213483,0.0694444444444444,15.99,0.667,0.542,True,True,True,False,False,False,True,38.0,0.008920606601248885,0.45,0.008920606601248885,1,0.5567500000000001,0.5676,0.4941646931719965,0.3343792443511544,0.5226999607976294,False,False,False,False
LENOVO Thinkpad X9 15 Gen 1 Aura Edition 21q60052vn,lenovo,Intel,Core Ultra 5,228.0,4.5,32.0,LPDDR5X,8533.0,1024.0,15.3,2880 x 1800,120.0,Intel,1.4,"80Wh, 65W USB-C Slim GaN (3-pin)",50490000.0,data/cellphones/detail_htmls\lenovo_54_specs.html,INTEL_UHD,INTEGRATED,False,1.0,1.0,0.3029695024077046,0.7885232744783306,0.4297752808988764,0.3090277777777778,50.49,0.651,0.789,True,True,True,True,False,False,False,80.0,0.8818019625334522,0.45,0.8818019625334522,1,0.58275,0.5928,0.6535485306828004,0.6169573404123967,0.6453383068897395,False,False,True,True
LENOVO Ideapad Flex 5 14abr8 82xx00fwvn,lenovo,AMD,Ryzen7,5825.0,4.5,16.0,LPDDR4X,4266.0,1024.0,14.0,1920 x 1200,60.0,AMD,1.55,52.5Wh (65W Round Tip (3-pin)),18990000.0,data/cellphones/detail_htmls\lenovo_55_specs.html,AMD_RADEON_GRAPHICS,INTEGRATED,False,0.8,1.0,0.3029695024077046,0.6408507223113964,0.2114767255216693,0.0902777777777777,18.99,0.591,0.641,True,True,True,True,False,True,False,52.5,0.3073148974130241,0.5,0.3073148974130241,1,0.56775,0.5723,0.5222594209161625,0.501977481787875,0.5422622357698481,False,False,False,False
LENOVO Ideapad Slim 3 16irh10 83k20001vn,lenovo,Intel,Core I7,13620.0,4.9,16.0,DDR5,4800.0,1024.0,16.0,1920 x 1200,60.0,Intel,1.73,60Wh Đầu tròn 65W (3 chân),19990000.0,data/cellphones/detail_htmls\lenovo_57_specs.html,INTEL_UHD,INTEGRATED,False,0.8,1.0,0.7391653290529695,0.413322632423756,0.8487158908507223,0.0972222222222222,19.99,0.81,0.413,True,True,True,False,False,False,True,60.0,0.5709188224799286,0.45,0.5709188224799286,1,0.5925,0.6105,0.5558785652549697,0.2977435485862452,0.5931940640819854,False,True,False,False
LENOVO Ideapad Slim 3 15irh10 83k1002pvn,lenovo,Intel,Core I5,13420.0,4.6,16.0,DDR5,4800.0,1024.0,15.1,2560 x 1600,165.0,Intel,1.49,"60Wh, 65W Round Tip (3-pin)",20490000.0,data/cellphones/detail_htmls\lenovo_56_specs.html,INTEL_UHD,INTEGRATED,False,0.8,1.0,0.4534510433386838,0.7150882825040128,0.4097110754414125,0.1006944444444444,20.49,0.667,0.715,True,True,True,True,False,False,False,60.0,0.5709188224799286,0.45,0.5709188224799286,1,0.5567500000000001,0.5676,0.5965847450302506,0.520616742807754,0.6060364838251636,False,False,False,False
LENOVO Yoga Slim 7 14imh9 83cv00dkvn,lenovo,Intel,Core Ultra 7,155.0,4.8,32.0,LPDDR5,6400.0,1024.0,14.0,1920 x 1200,60.0,Intel,1.39,"65Wh, 65W USB-C Slim (Wall-mount)",29990000.0,data/cellphones/detail_htmls\lenovo_58_specs.html,INTEL_GRAPHICS,INTEGRATED,False,1.0,1.0,0.6460674157303371,0.819422150882825,0.2114767255216693,0.1666666666666666,29.99,0.823,0.819,True,True,True,True,False,True,False,65.0,0.6418376449598573,0.45,0.6418376449598573,1,0.62575,0.6444,0.7129169835782195,0.6240407766390912,0.733670797938017,True,True,True,True
LENOVO Legion 5 15iax10 83f0003cvn,lenovo,Intel,Core Ultra 7,255.0,5.2,32.0,DDR5,5600.0,1024.0,15.1,2560 x 1600,165.0,NVIDIA,1.9,"80Wh, 245W Slim Tip (3-pin)",49190000.0,data/cellphones/detail_htmls\lenovo_59_specs.html,RTX 5060,DISCRETE_GAMING,False,1.0,1.0,0.914526484751204,0.2969502407704655,0.4097110754414125,0.3,49.19,0.957,0.297,True,True,True,False,False,False,False,80.0,0.8818019625334522,0.45,0.8818019625334522,1,0.65925,0.6846,0.6197597666378566,0.4004846277318187,0.6939388205333992,True,True,True,False
LENOVO Yoga 7 2 In 1 14ill10 83jq0093vn,lenovo,Intel,Core Ultra 7,258.0,4.8,32.0,LPDDR5X,8533.0,1024.0,14.0,2880 x 1800,120.0,Intel,1.38,70Wh (65W USB-C (3-pin)),39990000.0,data/cellphones/detail_htmls\lenovo_60_specs.html,INTEL_GRAPHICS,INTEGRATED,False,1.0,1.0,0.6460674157303371,0.8358747993579454,0.2114767255216693,0.2361111111111111,39.99,0.823,0.836,True,True,True,True,False,True,False,70.0,0.6882247992863515,0.45,0.6882247992863515,1,0.62575,0.6444,0.7282907951598963,0.6482713915298185,0.745435136127917,True,True,True,True
LENOVO Yoga Slim 7 14imh9 83cv00d8vn,lenovo,Intel,Core Ultra 5,125.0,4.5,16.0,LPDDR5,6400.0,1024.0,14.0,1920 x 1200,60.0,Intel,1.39,"65Wh, 65W USB-C Slim (Wall-mount)",25990000.0,data/cellphones/detail_htmls\lenovo_62_specs.html,INTEL_GRAPHICS,INTEGRATED,False,0.8,1.0,0.3029695024077046,0.819422150882825,0.2114767255216693,0.1388888888888889,25.99,0.591,0.819,True,True,True,True,False,True,False,65.0,0.6418376449598573,0.45,0.6418376449598573,1,0.53775,0.5448,0.6085169835782196,0.6240407766390912,0.6054907979380171,False,False,True,True
LENOVO Thinkpad X1 Carbon Gen 13 Aura Edition 21ns008hvn,lenovo,Intel,Core Ultra 7,258.0,4.8,32.0,LPDDR5X,8533.0,1024.0,14.0,1920 x 1200,60.0,Intel,0.986,"57Wh, 65W USB-C Slim GaN (3-pin)",62990000.0,data/cellphones/detail_htmls\lenovo_61_specs.html,INTEL_GRAPHICS,INTEGRATED,False,1.0,1.0,0.6460674157303371,0.9907704654895666,0.2114767255216693,0.3958333333333333,62.99,0.823,0.991,True,True,True,True,False,True,False,57.0,0.4683318465655665,0.45,0.4683318465655665,1,0.62575,0.6444,0.7575042783059637,0.6742244412890481,0.7637718134954933,True,True,True,False
LENOVO Ideapad Slim 3 14iah8 83eq0005vn,lenovo,Intel,Core I5,12450.0,4.4,16.0,LPDDR5,4800.0,1024.0,14.0,1920 x 1080,,Intel,1.37,47Wh,15490000.0,data/cellphones/detail_htmls\lenovo_63_specs.html,INTEL_UHD,INTEGRATED,False,0.8,1.0,0.2451845906902086,0.8430979133226324,0.2114767255216693,0.0659722222222222,15.49,0.563,0.843,True,True,True,True,False,True,False,47.0,0.18688670829616413,0.45,0.18688670829616413,1,0.53075,0.5364,0.5695881158167675,0.5741179466600814,0.5681882414495617,False,False,False,False
LENOVO Legion 5 15iax10 83f0003bvn,lenovo,Intel,Core Ultra 7,255.0,5.2,32.0,DDR5,5600.0,1024.0,15.1,2560 x 1600,165.0,NVIDIA,1.9,"80Wh, 245W Slim Tip (3-pin)",54990000.0,data/cellphones/detail_htmls\lenovo_64_specs.html,RTX 5070,DISCRETE_GAMING,False,1.0,1.0,0.914526484751204,0.2969502407704655,0.4097110754414125,0.3402777777777778,54.99,0.957,0.297,True,True,True,False,False,False,False,80.0,0.8818019625334522,0.45,0.8818019625334522,1,0.65925,0.6846,0.6197597666378566,0.4004846277318187,0.6939388205333992,True,True,True,False
LENOVO Legion Pro 5 16iax10 83f3003vvn,lenovo,Intel,Core Ultra 9,275.0,5.4,32.0,DDR5,5600.0,1024.0,16.0,2560 x 1600,165.0,NVIDIA,2.43,"80Wh, 245W Slim Tip (3-pin)",53990000.0,data/cellphones/detail_htmls\lenovo_65_specs.html,RTX 5060,DISCRETE_GAMING,False,1.0,1.0,0.9542536115569824,0.0670144462279294,0.8487158908507223,0.3333333333333333,53.99,0.977,0.067,True,True,True,False,True,False,True,80.0,0.8818019625334522,0.45,0.8818019625334522,1,0.66425,0.6906,0.5485631374243733,0.2095737128040498,0.6307181544017779,True,True,False,False
LENOVO Loq 15irx9 83dv012lvn,lenovo,Intel,Core I5,13450.0,4.6,12.0,DDR5,4800.0,1024.0,15.6,1920 x 1080,144.0,NVIDIA,2.38,60Wh (Đầu mỏng 170W (3 chân)),25490000.0,data/cellphones/detail_htmls\lenovo_67_specs.html,RTX 3050,DISCRETE_GAMING,False,0.6,1.0,0.4534510433386838,0.098314606741573,0.5842696629213483,0.1354166666666666,25.49,0.607,0.098,True,True,True,False,True,False,True,60.0,0.5709188224799286,0.9,0.5709188224799286,1,0.7817500000000001,0.7671,0.3545566551426102,0.209240338313372,0.413848562476849,True,True,False,False
LENOVO V15 G5 Irl 83hf00byvn,lenovo,Intel,Core I5,13420.0,4.6,16.0,DDR5,5200.0,1024.0,15.6,1920 x 1080,,Intel,1.61,"47Wh, 65W USB-C (3-pin)",16390000.0,data/cellphones/detail_htmls\lenovo_66_specs.html,INTEL_UHD,INTEGRATED,False,0.8,1.0,0.4534510433386838,0.5930979133226324,0.5842696629213483,0.0722222222222222,16.39,0.667,0.593,True,True,True,False,False,False,True,47.0,0.18688670829616413,0.45,0.18688670829616413,1,0.5567500000000001,0.5676,0.5294499135695766,0.3877816705766144,0.5492587952216323,False,False,False,False
LENOVO Loq Essential 15irx11 83sc003rvn,lenovo,Intel,Core I5,13450.0,4.6,16.0,DDR5,4800.0,1024.0,15.6,1920 x 1080,144.0,NVIDIA,2.3,"60Wh, 135W Slim Tip (3-pin)",28490000.0,data/cellphones/detail_htmls\lenovo_68_specs.html,RTX 5050,DISCRETE_GAMING,False,0.8,1.0,0.4534510433386838,0.1211878009630819,0.5842696629213483,0.15625,28.49,0.667,0.121,True,True,True,False,False,False,True,60.0,0.5709188224799286,0.45,0.5709188224799286,1,0.5567500000000001,0.5676,0.3895622731201383,0.2195332757130509,0.4526596780466724,False,False,False,False
LENOVO Loq 15arp9 83jc00hxvn,lenovo,AMD,Ryzen5,7235.0,4.2,12.0,DDR5,4800.0,1024.0,15.6,1920 x 1080,144.0,NVIDIA,2.38,60Wh (Đầu mỏng 170W (3 chân)),22990000.0,data/cellphones/detail_htmls\lenovo_69_specs.html,RTX 3050,DISCRETE_GAMING,False,0.6,1.0,0.1978330658105939,0.098314606741573,0.5842696629213483,0.1180555555555555,22.99,0.479,0.098,True,True,True,False,True,False,True,60.0,0.5709188224799286,0.9,0.5709188224799286,1,0.74975,0.7287,0.2969566551426102,0.209240338313372,0.343128562476849,True,True,False,False
LENOVO Ideapad Flex 5 14abr8 82xx00dlvn,lenovo,AMD,Ryzen7,7730.0,4.5,16.0,LPDDR5X,8448.0,1024.0,14.0,1920 x 1200,60.0,AMD,1.55,52.5Wh,18990000.0,data/cellphones/detail_htmls\lenovo_70_specs.html,AMD_RADEON_GRAPHICS,INTEGRATED,False,0.8,1.0,0.3029695024077046,0.6408507223113964,0.2114767255216693,0.0902777777777777,18.99,0.591,0.641,True,True,True,True,False,True,False,52.5,0.3073148974130241,0.5,0.3073148974130241,1,0.56775,0.5723,0.5222594209161625,0.501977481787875,0.5422622357698481,False,False,False,False
LENOVO Thinkpad E14 Gen 7 21t90025vn,lenovo,Intel,Core 7,240.0,5.2,16.0,DDR5,5600.0,512.0,14.0,1920 x 1200,60.0,Intel,1.34,"48Wh, 65W USB-C (3-pin)",26190000.0,data/cellphones/detail_htmls\lenovo_72_specs.html,INTEL_GRAPHICS,INTEGRATED,False,0.8,0.8,0.914526484751204,0.8663723916532905,0.2114767255216693,0.1402777777777777,26.19,0.857,0.866,True,True,True,True,False,True,False,48.0,0.2149866190900981,0.45,0.2149866190900981,1,0.60425,0.6246,0.7119572601555747,0.5879568465242622,0.7379221363748611,True,True,True,False
LENOVO Loq 15arp9 83jc00hyvn,lenovo,AMD,Ryzen5,7235.0,4.2,24.0,DDR5,4800.0,1024.0,15.6,1920 x 1080,144.0,NVIDIA,2.38,60Wh (Đầu mỏng 170W (3 chân)),24490000.0,data/cellphones/detail_htmls\lenovo_71_specs.html,RTX 3050,DISCRETE_GAMING,False,0.8,1.0,0.1978330658105939,0.098314606741573,0.5842696629213483,0.1284722222222222,24.49,0.539,0.098,True,True,True,False,True,False,True,60.0,0.5709188224799286,0.9,0.5709188224799286,1,0.7947500000000001,0.7767000000000001,0.3239566551426102,0.209240338313372,0.376278562476849,True,True,False,False
LENOVO Thinkpad E16 Gen 3 21sr002kva,lenovo,Intel,Core Ultra 5,225.0,4.8,16.0,DDR5,5600.0,1024.0,16.0,1920 x 1200,60.0,Intel,1.63,"48Wh, 65W USB-C (3-pin)",25190000.0,data/cellphones/detail_htmls\lenovo_74_specs.html,INTEL_GRAPHICS,INTEGRATED,False,0.8,1.0,0.6460674157303371,0.562199036918138,0.8487158908507223,0.1333333333333333,25.19,0.763,0.562,True,True,True,False,False,False,True,48.0,0.2149866190900981,0.45,0.2149866190900981,1,0.58075,0.5964,0.5637583837510803,0.3243533152241017,0.5856119357328065,False,False,False,False
LENOVO Loq 15iax9 83gs001rvn,lenovo,Intel,Core I5,12450.0,4.4,12.0,DDR5,4800.0,1024.0,15.6,1920 x 1080,144.0,NVIDIA,2.38,60Wh,23990000.0,data/cellphones/detail_htmls\lenovo_75_specs.html,RTX 3050,DISCRETE_GAMING,False,0.6,1.0,0.2451845906902086,0.098314606741573,0.5842696629213483,0.125,23.99,0.503,0.098,True,True,True,False,True,False,True,60.0,0.5709188224799286,0.9,0.5709188224799286,1,0.75575,0.7359,0.3077566551426102,0.209240338313372,0.3563885624768489,True,True,False,False
LENOVO Ideapad Slim 5 14irh10r 83j0006cvn,lenovo,Intel,Core 5,210.0,4.8,32.0,DDR5,5600.0,1024.0,14.0,1920 x 1200,,Intel,1.39,"60Wh, 65W USB-C Slim (Wall-mount)",24590000.0,data/cellphones/detail_htmls\lenovo_77_specs.html,INTEL_GRAPHICS,INTEGRATED,False,1.0,1.0,0.6460674157303371,0.819422150882825,0.2114767255216693,0.1291666666666666,24.59,0.823,0.819,True,True,True,True,False,True,False,60.0,0.5709188224799286,0.45,0.5709188224799286,1,0.62575,0.6444,0.7033015989628348,0.6072138535621682,0.7259784902457094,True,True,True,False
LENOVO Thinkpad X1 Carbon Gen 13 Aura Edition 21ns008fvn,lenovo,Intel,Core Ultra 7,258.0,4.8,32.0,LPDDR5X,8533.0,1024.0,14.0,2880 x 1800,120.0,Intel,0.986,"57Wh, 65W USB-C Slim GaN (3-pin)",65190000.0,data/cellphones/detail_htmls\lenovo_76_specs.html,INTEL_GRAPHICS,INTEGRATED,False,1.0,1.0,0.6460674157303371,0.9907704654895666,0.2114767255216693,0.4111111111111111,65.19,0.823,0.991,True,True,True,True,False,True,False,57.0,0.4683318465655665,0.45,0.4683318465655665,1,0.62575,0.6444,0.7575042783059637,0.6742244412890481,0.7637718134954933,True,True,True,False
LENOVO Ideapad Slim 5 14imh9 83da001nvn,lenovo,Intel,Core Ultra 5,125.0,4.5,16.0,LPDDR5X,7467.0,1024.0,14.0,1920 x 1200,60.0,Intel,1.46,57Wh,21990000.0,data/cellphones/detail_htmls\lenovo_78_specs.html,INTEL_GRAPHICS,INTEGRATED,False,0.8,1.0,0.3029695024077046,0.7323434991974318,0.2114767255216693,0.1111111111111111,21.99,0.591,0.732,True,True,True,True,False,True,False,57.0,0.4683318465655665,0.45,0.4683318465655665,1,0.53775,0.5448,0.5626548401037165,0.5579323064575874,0.5716311393381899,False,False,False,False
LENOVO Loq 15irx9 83dv01alvn,lenovo,Intel,Core I7,13650.0,4.9,16.0,DDR5,4800.0,1024.0,15.6,1920 x 1080,144.0,NVIDIA,2.38,"60Wh, 170W Slim Tip (3-pin)",29990000.0,data/cellphones/detail_htmls\lenovo_80_specs.html,RTX 4050,DISCRETE_GAMING,False,0.8,1.0,0.7391653290529695,0.098314606741573,0.5842696629213483,0.1666666666666666,29.99,0.81,0.098,True,True,True,False,True,False,True,60.0,0.5709188224799286,1.0,0.5709188224799286,1,0.9225,0.913,0.4459066551426102,0.209240338313372,0.526006062476849,True,True,False,False
LENOVO Ideapad Slim 5 14imh9 83da006tvn,lenovo,Intel,Core Ultra 5,125.0,4.5,16.0,LPDDR5X,7467.0,1024.0,14.0,1920 x 1200,,Intel,1.48,57Wh,23690000.0,data/cellphones/detail_htmls\lenovo_82_specs.html,INTEL_GRAPHICS,INTEGRATED,False,0.8,1.0,0.3029695024077046,0.7219101123595506,0.2114767255216693,0.1229166666666666,23.69,0.591,0.722,True,True,True,True,False,True,False,57.0,0.4683318465655665,0.45,0.4683318465655665,1,0.53775,0.5448,0.559003154710458,0.5532372823805408,0.5690488760958142,False,False,False,False
LENOVO Yoga Slim 7 14akp10 83jy006pvn RYZEN Ai,lenovo,AMD,Ryzen AI 7,350.0,5.0,32.0,LPDDR5,6400.0,1024.0,14.0,2880 x 1800,120.0,AMD,1.19,"70Wh, 65W USB-C Slim (2-pin, Wall-mount)",33990000.0,data/cellphones/detail_htmls\lenovo_79_specs.html,AMD_RADEON_GRAPHICS,INTEGRATED,False,1.0,1.0,0.8138041733547352,0.9602728731942215,0.2114767255216693,0.1944444444444444,33.99,0.907,0.96,True,True,True,True,False,True,False,70.0,0.6882247992863515,0.5,0.6882247992863515,1,0.6767500000000001,0.6971,0.8096301210025929,0.7042505247561428,0.8226336594023953,True,True,True,True
LENOVO Thinkbook 16 G8 Irl,lenovo,Intel,Core 5,210.0,4.8,16.0,DDR5,5600.0,2048.0,16.0,1920 x 1200,60.0,Intel,1.7,"45Wh, 65W USB-C (3-pin)",21490000.0,data/cellphones/detail_htmls\lenovo_81_specs.html,INTEL_GRAPHICS,INTEGRATED,False,0.8,1.0,0.6460674157303371,0.442215088282504,0.8487158908507223,0.1076388888888889,21.49,0.763,0.442,True,True,True,False,False,False,True,45.0,0.15388046387154328,0.45,0.15388046387154328,1,0.58075,0.5964,0.5159947709593776,0.2602643844919126,0.5513005238301025,False,False,False,False
LENOVO V14 G4 Iru 83a00012vn,lenovo,Intel,Core I7,1355.0,5.0,16.0,DDR4,3200.0,1024.0,14.0,1920 x 1080,,Intel,1.43,38Wh (Đầu tròn 65W (3 chân)),19990000.0,data/cellphones/detail_htmls\lenovo_83_specs.html,INTEL_IRIS_XE,INTEGRATED,False,0.8,1.0,0.8138041733547352,0.752808988764045,0.2114767255216693,0.0972222222222222,19.99,0.847,0.753,True,True,True,True,False,True,False,38.0,0.008920606601248885,0.55,0.008920606601248885,1,0.66175,0.6766,0.6484792999135696,0.5031994690702557,0.6889055787751575,True,True,True,False
LENOVO Ideapad Slim 5 14irh10r 83j0006evn,lenovo,Intel,Core 5,210.0,4.8,16.0,DDR5,5600.0,512.0,14.0,1920 x 1200,,Intel,1.39,"60Wh, 65W USB-C Slim (Wall-mount)",21490000.0,data/cellphones/detail_htmls\lenovo_84_specs.html,INTEL_GRAPHICS,INTEGRATED,False,0.8,0.8,0.6460674157303371,0.819422150882825,0.2114767255216693,0.1076388888888889,21.49,0.723,0.819,True,True,True,True,False,True,False,60.0,0.5709188224799286,0.45,0.5709188224799286,1,0.57075,0.5844,0.6583015989628348,0.6072138535621682,0.6707284902457094,False,False,True,False
LENOVO Ideapad Slim 5 14akp10 83hx001kvn RYZEN Ai 5,lenovo,AMD,Ryzen AI 5,340.0,4.8,24.0,DDR5,4800.0,1024.0,14.0,1920 x 1200,,AMD,1.39,60Wh (65W USB-C Slim (Wall-mount)),23090000.0,data/cellphones/detail_htmls\lenovo_85_specs.html,AMD_RADEON_GRAPHICS,INTEGRATED,False,0.8,1.0,0.6460674157303371,0.819422150882825,0.2114767255216693,0.11875,23.09,0.763,0.819,True,True,True,True,False,True,False,60.0,0.5709188224799286,0.5,0.5709188224799286,1,0.61075,0.6239,0.6763015989628348,0.6072138535621682,0.6928284902457094,True,True,True,False
LENOVO Thinkpad X1 Carbon Gen 13 Aura Edition 21nx003avn,lenovo,Intel,Core Ultra 7,255.0,5.1,32.0,LPDDR5X,8400.0,1024.0,14.0,1920 x 1200,60.0,Intel,1.006,"57Wh, 65W USB-C Slim GaN (3-pin)",57190000.0,data/cellphones/detail_htmls\lenovo_86_specs.html,INTEL_GRAPHICS,INTEGRATED,False,1.0,1.0,0.8743980738362761,0.978330658105939,0.2114767255216693,0.3555555555555555,57.19,0.937,0.978,True,True,True,True,False,True,False,57.0,0.4683318465655665,0.45,0.4683318465655665,1,0.6542500000000001,0.6786000000000001,0.8044503457216939,0.6686265279664156,0.8236779611680455,True,True,True,False
LENOVO Ideapad Slim 3 15 Abr8 82xm00ejvn,lenovo,AMD,Ryzen5,7430.0,4.3,16.0,DDR4,3200.0,1024.0,15.6,1920 x 1080,,AMD,1.62,47Wh,14390000.0,data/cellphones/detail_htmls\lenovo_87_specs.html,AMD_RADEON_GRAPHICS,INTEGRATED,False,0.8,1.0,0.2146869983948635,0.579454253611557,0.5842696629213483,0.0583333333333333,14.39,0.547,0.579,True,True,True,False,False,False,True,47.0,0.18688670829616413,0.5,0.18688670829616413,1,0.55675,0.5591,0.4706746326707001,0.3816420237066304,0.4795819894431411,False,False,False,False
LENOVO Ideapad Slim 5 14irh10 83hr0001vn,lenovo,Intel,Core I5,13420.0,4.6,32.0,DDR5,5600.0,1024.0,14.0,1920 x 1200,,Intel,1.39,60Wh (65W USB-C Slim (Gắn tường)),23490000.0,data/cellphones/detail_htmls\lenovo_88_specs.html,INTEL_UHD,INTEGRATED,False,1.0,1.0,0.4534510433386838,0.819422150882825,0.2114767255216693,0.1215277777777777,23.49,0.727,0.819,True,True,True,True,False,True,False,60.0,0.5709188224799286,0.45,0.5709188224799286,1,0.60175,0.6156,0.6601015989628348,0.6072138535621682,0.6729384902457094,True,True,True,False
LENOVO Legion 5 15irx10 83ly00a7vn,lenovo,Intel,Core I7,14700.0,5.5,16.0,DDR5,5600.0,1024.0,15.1,2560 x 1600,165.0,NVIDIA,1.9,"80Wh, 245W Slim Tip (3-pin)",40990000.0,data/cellphones/detail_htmls\lenovo_89_specs.html,RTX 5050,DISCRETE_GAMING,False,0.8,1.0,0.9787319422150884,0.2969502407704655,0.4097110754414125,0.2430555555555555,40.99,0.929,0.297,True,True,True,False,False,False,False,80.0,0.8818019625334522,0.45,0.8818019625334522,1,0.6222500000000001,0.6462,0.6071597666378566,0.4004846277318187,0.6784688205333992,True,True,True,False
LENOVO Yoga Slim 7 14ill10 83jx0081vn,lenovo,Intel,Core Ultra 7,258.0,4.8,32.0,LPDDR5X,8533.0,1024.0,14.0,2880 x 1800,120.0,Intel,1.19,"70Wh, 65W USB-C Slim (2-pin, Wall-mount)",37990000.0,data/cellphones/detail_htmls\lenovo_90_specs.html,INTEL_GRAPHICS,INTEGRATED,False,1.0,1.0,0.6460674157303371,0.9602728731942215,0.2114767255216693,0.2222222222222222,37.99,0.823,0.96,True,True,True,True,False,True,False,70.0,0.6882247992863515,0.45,0.6882247992863515,1,0.62575,0.6444,0.7718301210025929,0.7042505247561428,0.7762236594023952,True,True,True,True
LENOVO Ideapad Flex 5 14abr8 82xx00dmvn,lenovo,AMD,Ryzen5,7430.0,4.3,16.0,LPDDR5X,8448.0,1024.0,14.0,1920 x 1200,60.0,AMD,1.55,52.5Wh,16990000.0,data/cellphones/detail_htmls\lenovo_91_specs.html,AMD_RADEON_GRAPHICS,INTEGRATED,False,0.8,1.0,0.2146869983948635,0.6408507223113964,0.2114767255216693,0.0763888888888889,16.99,0.547,0.641,True,True,True,True,False,True,False,52.5,0.3073148974130241,0.5,0.3073148974130241,1,0.55675,0.5591,0.5024594209161625,0.501977481787875,0.5179522357698482,False,False,False,False
LENOVO Ideapad Slim 3 16irh10 83k20004vn,lenovo,Intel,Core I7,13620.0,4.9,24.0,DDR5,4800.0,1024.0,16.0,1920 x 1200,60.0,Intel,1.73,60Wh Đầu tròn 65W (3 chân),20990000.0,data/cellphones/detail_htmls\lenovo_93_specs.html,INTEL_UHD,INTEGRATED,False,0.8,1.0,0.7391653290529695,0.413322632423756,0.8487158908507223,0.1041666666666666,20.99,0.81,0.413,True,True,True,False,False,False,True,60.0,0.5709188224799286,0.45,0.5709188224799286,1,0.5925,0.6105,0.5558785652549697,0.2977435485862452,0.5931940640819854,False,True,False,False
LENOVO Yoga 7 2 In 1 14ill10 83jq0094vn,lenovo,Intel,Core Ultra 7,258.0,4.8,32.0,LPDDR5X,8533.0,1024.0,14.0,2880 x 1800,120.0,Intel,1.38,70Wh 65W USB-C (3-pin),39990000.0,data/cellphones/detail_htmls\lenovo_92_specs.html,INTEL_GRAPHICS,INTEGRATED,False,1.0,1.0,0.6460674157303371,0.8358747993579454,0.2114767255216693,0.2361111111111111,39.99,0.823,0.836,True,True,True,True,False,True,False,70.0,0.6882247992863515,0.45,0.6882247992863515,1,0.62575,0.6444,0.7282907951598963,0.6482713915298185,0.745435136127917,True,True,True,True
LENOVO Legion 5 15ahp10 83m0002xvn,lenovo,AMD,Ryzen7,260.0,5.1,24.0,DDR5,5600.0,1024.0,15.1,2560 x 1600,165.0,NVIDIA,1.9,"80Wh, 245W Slim Tip (3-pin)",39490000.0,data/cellphones/detail_htmls\lenovo_94_specs.html,RTX 5050,DISCRETE_GAMING,False,0.8,1.0,0.8743980738362761,0.2969502407704655,0.4097110754414125,0.2326388888888889,39.49,0.877,0.297,True,True,True,False,False,False,False,80.0,0.8818019625334522,0.45,0.8818019625334522,1,0.6092500000000001,0.6306,0.5837597666378566,0.4004846277318187,0.6497388205333992,True,True,False,False
LENOVO Loq 15arp9 83jc007hvn,lenovo,AMD,Ryzen5,7235.0,4.2,12.0,DDR5,4800.0,1024.0,15.6,1920 x 1080,144.0,NVIDIA,2.38,60Wh,23490000.0,data/cellphones/detail_htmls\lenovo_95_specs.html,RTX 3050,DISCRETE_GAMING,False,0.6,1.0,0.1978330658105939,0.098314606741573,0.5842696629213483,0.1215277777777777,23.49,0.479,0.098,True,True,True,False,True,False,True,60.0,0.5709188224799286,0.9,0.5709188224799286,1,0.74975,0.7287,0.2969566551426102,0.209240338313372,0.343128562476849,True,True,False,False
LENOVO Loq 15arp9 83jc007jvn,lenovo,AMD,Ryzen5,7235.0,4.2,24.0,DDR5,4800.0,1024.0,15.6,1920 x 1080,144.0,NVIDIA,2.38,60Wh,24490000.0,data/cellphones/detail_htmls\lenovo_97_specs.html,RTX 3050,DISCRETE_GAMING,False,0.8,1.0,0.1978330658105939,0.098314606741573,0.5842696629213483,0.1284722222222222,24.49,0.539,0.098,True,True,True,False,True,False,True,60.0,0.5709188224799286,0.9,0.5709188224799286,1,0.7947500000000001,0.7767000000000001,0.3239566551426102,0.209240338313372,0.376278562476849,True,True,False,False
LENOVO Thinkpad E14 21eb0063vn,lenovo,AMD,Ryzen7,5825.0,4.5,8.0,DDR4,3200.0,1024.0,14.0,1920 x 1080,,AMD,1.64,45Wh,21700000.0,data/cellphones/detail_htmls\lenovo_100_specs.html,AMD_RADEON_GRAPHICS,INTEGRATED,False,0.6,1.0,0.3029695024077046,0.5529695024077046,0.2114767255216693,0.1090972222222222,21.7,0.531,0.553,True,True,True,False,False,True,False,45.0,0.15388046387154328,0.5,0.15388046387154328,1,0.5227499999999999,0.5243,0.450358815903198,0.4375517039140635,0.4760218079392518,False,False,False,False
LENOVO Ideapad Slim 3 14iah8 83eq0009vn,lenovo,Intel,Core I5,12450.0,4.4,16.0,LPDDR5,4800.0,1024.0,14.0,1920 x 1080,,Intel,1.37,47Wh,16490000.0,data/cellphones/detail_htmls\lenovo_105_specs.html,INTEL_UHD,INTEGRATED,False,0.8,1.0,0.2451845906902086,0.8430979133226324,0.2114767255216693,0.0729166666666666,16.49,0.563,0.843,True,True,True,True,False,True,False,47.0,0.18688670829616413,0.45,0.18688670829616413,1,0.53075,0.5364,0.5695881158167675,0.5741179466600814,0.5681882414495617,False,False,False,False
LENOVO Legion Slim 5 16irh8 82ya00buvn,lenovo,Intel,Core I7,13700.0,2.4,16.0,,5200.0,1024.0,16.0,2560 x 1600,165.0,NVIDIA,2.4,80Wh,43990000.0,data/cellphones/detail_htmls\lenovo_107_specs.html,RTX 4060,DISCRETE_GAMING,False,0.8,1.0,0.095505617977528,0.0806581059390048,0.8487158908507223,0.2638888888888889,43.99,0.488,0.081,True,True,True,False,True,False,True,80.0,0.8818019625334522,1.0,0.8818019625334522,1,0.842,0.8164,0.3332884183232498,0.2157133596740338,0.3639224601802691,True,True,False,False
LENOVO Ideapad Yoga 6 13alc6 82nd00bdvn,lenovo,AMD,Ryzen7,5700.0,1.8,8.0,DDR4,3200.0,512.0,13.3,1920 x 1080,,AMD,1.31,"4Cell, 60Wh",16800000.0,data/cellphones/detail_htmls\lenovo_108_specs.html,AMD_RADEON_GRAPHICS,INTEGRATED,False,0.6,0.8,0.0453451043338683,0.8808186195826645,0.0176565008025682,0.0750694444444444,16.8,0.363,0.881,True,True,True,True,False,True,False,60.0,0.5709188224799286,0.5,0.5709188224799286,1,0.48075,0.4739,0.5177903630077787,0.6736063094209161,0.4947769252376837,False,False,False,False
LENOVO Ideapad Slim 5 16imh9 83dc001svn,lenovo,Intel,Core Ultra 7,155.0,4.8,32.0,LPDDR5X,7467.0,1024.0,16.0,2048 x 1280,120.0,Intel,1.82,57Wh,26990000.0,data/cellphones/detail_htmls\lenovo_115_specs.html,INTEL_GRAPHICS,INTEGRATED,False,1.0,1.0,0.6460674157303371,0.3354735152487961,0.8487158908507223,0.1458333333333333,26.99,0.823,0.335,True,True,True,False,False,False,True,57.0,0.4683318465655665,0.45,0.4683318465655665,1,0.62575,0.6444,0.528712143474503,0.2526152920113594,0.5764935229657983,True,True,False,False
DELL Inspiron 15 3530 J9xfd,dell,Intel,Core I5,1334.0,4.6,16.0,DDR4,3200.0,1024.0,15.6,1920 x 1080,60.0,Intel,1.62,"3 cell, 41Wh",16990000.0,data/cellphones/detail_htmls\dell_1_specs.html,INTEL_IRIS_XE,INTEGRATED,False,0.8,1.0,0.4534510433386838,0.579454253611557,0.5842696629213483,0.0763888888888889,16.99,0.667,0.579,True,True,True,False,False,False,True,41.0,0.05798394290811775,0.55,0.05798394290811775,1,0.61675,0.6226,0.5131361711322385,0.3614497160143227,0.5366512202123719,True,True,False,False
DELL 15 Dc15255 Dc5r5802w1,dell,AMD,Ryzen5,7530.0,2.0,16.0,DDR4,3200.0,1024.0,15.6,1920 x 1080,120.0,AMD,1.63,"3-Cell Battery, 41WHr",16990000.0,data/cellphones/detail_htmls\dell_4_specs.html,AMD_RADEON_GRAPHICS,INTEGRATED,False,0.8,1.0,0.0581861958266452,0.562199036918138,0.5842696629213483,0.0763888888888889,16.99,0.469,0.562,True,True,True,False,False,False,True,41.0,0.05798394290811775,0.5,0.05798394290811775,1,0.53725,0.5357000000000001,0.4179968452895418,0.3536848685022842,0.4229855540807506,False,False,False,False
DELL Inspiron 14 5440 D0f3w,dell,Intel,Core I5,1334.0,4.6,24.0,DDR5,4400.0,1024.0,14.0,1920 x 1080,60.0,Intel,1.69,3 cell 41 Wh,18990000.0,data/cellphones/detail_htmls\dell_0_specs.html,INTEL_GRAPHICS,INTEGRATED,False,0.8,1.0,0.4534510433386838,0.4719101123595506,0.2114767255216693,0.0902777777777777,18.99,0.667,0.472,True,True,True,False,False,True,False,41.0,0.05798394290811775,0.45,0.05798394290811775,1,0.5567500000000001,0.5676,0.4754957216940363,0.3876134399308557,0.5249457627484875,False,False,False,False
DELL 15 Dc15250 79n4m,dell,Intel,Core 3,100.0,4.6,16.0,DDR4,,512.0,15.6,1920 x 1080,120.0,Intel,1.9,"3 cell, 41Wh",14490000.0,data/cellphones/detail_htmls\dell_2_specs.html,INTEL_GRAPHICS,INTEGRATED,False,0.8,0.8,0.4534510433386838,0.2969502407704655,0.5842696629213483,0.0590277777777777,14.49,0.627,0.297,True,True,True,False,False,False,True,41.0,0.05798394290811775,0.45,0.05798394290811775,1,0.5467500000000001,0.5556,0.3962597666378565,0.2343229102358315,0.4446314770342017,False,False,False,False
DELL Vostro 3530 2h1tpi5 16gb,dell,Intel,Core I5,1334.0,0.9,16.0,DDR4,2666.0,1024.0,15.6,1920 x 1080,120.0,Intel,1.66,"41Wh , 3Cell",18990000.0,data/cellphones/detail_htmls\dell_3_specs.html,INTEL_UHD,INTEGRATED,False,0.8,1.0,0.0048154093097913,0.5056179775280899,0.5842696629213483,0.0902777777777777,18.99,0.442,0.506,True,True,True,False,False,False,True,41.0,0.05798394290811775,0.45,0.05798394290811775,1,0.5005,0.5001,0.386043474503025,0.3282233917767625,0.3940642418817137,False,False,False,False
DELL 15 Dc15250 71073959,dell,Intel,Core I7,1355.0,4.6,16.0,DDR4,2666.0,512.0,15.6,1920 x 1080,120.0,Intel,1.66,,21990000.0,data/cellphones/detail_htmls\dell_5_specs.html,INTEL_IRIS_XE,INTEGRATED,False,0.8,0.8,0.4534510433386838,0.5056179775280899,0.5842696629213483,0.1111111111111111,21.99,0.627,0.506,True,True,True,False,False,False,True,,,0.55,,0,0.60675,0.6106,0.5596780898876405,0.4863964686998395,0.5685844341894061,True,True,False,False
DELL Vostro 3520 F0v0vi3,dell,Intel,Core I3,1215.0,1.2,8.0,DDR4,,512.0,15.6,1920 x 1080,120.0,Intel,1.9,"3-cell, 41 Wh lithium-polymer",11990000.0,data/cellphones/detail_htmls\dell_8_specs.html,INTEL_UHD,INTEGRATED,False,0.6,0.8,0.0128410914927768,0.2969502407704655,0.5842696629213483,0.0416666666666666,11.99,0.346,0.297,True,True,True,False,False,False,True,41.0,0.05798394290811775,0.45,0.05798394290811775,1,0.4465,0.4413,0.2698097666378565,0.2343229102358315,0.2893789770342017,False,False,False,False
DELL Latitude 3450 L3450 1335u 16512w Umc,dell,Intel,Core I5,1335.0,4.6,16.0,DDR5,5200.0,1024.0,14.0,1920 x 1080,60.0,Intel,1.5,"3- cell, 42Wh Battery",19590000.0,data/cellphones/detail_htmls\dell_6_specs.html,INTEL_IRIS_XE,INTEGRATED,False,0.8,1.0,0.4534510433386838,0.6898073836276084,0.2114767255216693,0.0944444444444444,19.59,0.667,0.69,True,True,True,True,False,True,False,42.0,0.11864406779661017,0.55,0.11864406779661017,1,0.61675,0.6226,0.5531210458081245,0.4883102852203976,0.5800165276577355,True,True,False,False
DELL Vostro 3530 2h1tpi7,dell,Intel,Core I7,1355.0,1.2,16.0,DDR4,2666.0,1024.0,15.6,1920 x 1080,120.0,Intel,1.66,"41Wh , 3Cell",20990000.0,data/cellphones/detail_htmls\dell_7_specs.html,INTEL_IRIS_XE,INTEGRATED,False,0.8,1.0,0.0128410914927768,0.5056179775280899,0.5842696629213483,0.1041666666666666,20.99,0.446,0.506,True,True,True,False,False,False,True,41.0,0.05798394290811775,0.55,0.05798394290811775,1,0.5615,0.5563,0.387843474503025,0.3282233917767625,0.3962742418817138,False,False,False,False
DELL 15 Dc15250 H02df,dell,Intel,Core I5,1334.0,4.6,24.0,DDR4,,1024.0,15.6,1920 x 1080,120.0,Intel,1.9,"3 cell, 41Wh",16990000.0,data/cellphones/detail_htmls\dell_9_specs.html,INTEL_UHD,INTEGRATED,False,0.8,1.0,0.4534510433386838,0.2969502407704655,0.5842696629213483,0.0763888888888889,16.99,0.667,0.297,True,True,True,False,False,False,True,41.0,0.05798394290811775,0.45,0.05798394290811775,1,0.5567500000000001,0.5676,0.4142597666378565,0.2343229102358315,0.4667314770342017,False,False,False,False
DELL Vostro 3530 2h1tpi3,dell,Intel,Core I3,1305.0,4.6,8.0,DDR4,,1024.0,15.6,1920 x 1080,120.0,Intel,1.66,"41Wh , 3Cell",12990000.0,data/cellphones/detail_htmls\dell_10_specs.html,INTEL_UHD,INTEGRATED,False,0.6,1.0,0.4534510433386838,0.5056179775280899,0.5842696629213483,0.0486111111111111,12.99,0.607,0.506,True,True,True,False,False,False,True,41.0,0.05798394290811775,0.45,0.05798394290811775,1,0.51175,0.5196,0.460293474503025,0.3282233917767625,0.4852267418817138,False,False,False,False
DELL Inspiron 14 5440 N4i5211w1,dell,Intel,Core 5,120.0,4.6,16.0,DDR5,,512.0,14.0,1920 x 1200,60.0,Intel,1.67,"Li-ion 4-Cell Battery, 54WHr",23690000.0,data/cellphones/detail_htmls\dell_12_specs.html,INTEL_IRIS_XE,INTEGRATED,False,0.8,0.8,0.4534510433386838,0.4771268057784912,0.2114767255216693,0.1229166666666666,23.69,0.627,0.477,True,True,True,False,False,True,False,54.0,0.3661909009812667,0.55,0.3661909009812667,1,0.60675,0.6106,0.4843215643906655,0.4337109519693789,0.5241368943696753,True,True,False,False
DELL Inspiron 14 5440 Ndy5v1,dell,Intel,Core I5,1334.0,4.6,16.0,DDR5,4400.0,512.0,14.0,1920 x 1200,,Intel,1.54,3 Cell Int (41Wh),20990000.0,data/cellphones/detail_htmls\dell_13_specs.html,INTEL_IRIS_XE,INTEGRATED,False,0.8,0.8,0.4534510433386838,0.6520866773675762,0.2114767255216693,0.1041666666666666,20.99,0.627,0.652,True,True,True,True,False,True,False,41.0,0.05798394290811775,0.55,0.05798394290811775,1,0.60675,0.6106,0.5199957216940363,0.4679705827879985,0.547042191319916,True,True,False,False
DELL 15 Dc15250 I5u165w11slu,dell,Intel,Core I5,1334.0,4.6,16.0,DDR4,2666.0,512.0,15.6,1920 x 1080,120.0,Intel,1.9,"Pin liền, 3-Cell Battery, 41WHr",19190000.0,data/cellphones/detail_htmls\dell_11_specs.html,INTEL_UHD,INTEGRATED,False,0.8,0.8,0.4534510433386838,0.2969502407704655,0.5842696629213483,0.0916666666666666,19.19,0.627,0.297,True,True,True,False,False,False,True,41.0,0.05798394290811775,0.45,0.05798394290811775,1,0.5467500000000001,0.5556,0.3962597666378565,0.2343229102358315,0.4446314770342017,False,False,False,False
DELL 15 Dc15255 X9ym41,dell,AMD,Ryzen7,7730.0,4.5,16.0,DDR4,,1024.0,15.6,1920 x 1080,120.0,AMD,1.6,3 Cell Int (41Wh),19490000.0,data/cellphones/detail_htmls\dell_14_specs.html,AMD_RADEON_GRAPHICS,INTEGRATED,False,0.8,1.0,0.3029695024077046,0.6071428571428572,0.5842696629213483,0.09375,19.49,0.591,0.607,True,True,True,False,False,False,True,41.0,0.05798394290811775,0.5,0.05798394290811775,1,0.56775,0.5723,0.4886271823681936,0.3739095876034078,0.5015141495863686,False,False,False,False
DELL Inspiron 15 3520 Jym17,dell,Intel,Core I3,1215.0,1.2,8.0,DDR4,,1024.0,15.6,1920 x 1080,120.0,Intel,1.66,"41Wh , 3Cell",12290000.0,data/cellphones/detail_htmls\dell_17_specs.html,INTEL_UHD,INTEGRATED,False,0.6,1.0,0.0128410914927768,0.5056179775280899,0.5842696629213483,0.04375,12.29,0.386,0.506,True,True,True,False,False,False,True,41.0,0.05798394290811775,0.45,0.05798394290811775,1,0.4565,0.4533,0.360843474503025,0.3282233917767625,0.3631242418817137,False,False,False,False
DELL Inspiron 14 5440 N5440 C7u165w11ibd2,dell,Intel,Core 7,150.0,5.4,16.0,DDR5,5200.0,512.0,14.0,1920 x 1080,60.0,NVIDIA,1.54,"4-Cell Battery, 54WHr",29990000.0,data/cellphones/detail_htmls\dell_15_specs.html,MX 570A,DISCRETE_LIGHT,False,0.8,0.8,0.9542536115569824,0.6520866773675762,0.2114767255216693,0.1666666666666666,29.99,0.877,0.652,True,True,True,True,False,True,False,54.0,0.3661909009812667,0.55,0.3661909009812667,1,0.66925,0.6856000000000001,0.6574957216940363,0.5117205827879985,0.705167191319916,True,True,True,False
DELL Inspiron 14 5441 N4o10441w1,dell,Qualcomm,Snapdragon X Lus,,3.4,16.0,LPDDR5X,8448.0,1024.0,14.0,1920 x 1200,60.0,Qualcomm,1.53,"3-cell, 54 Wh, lithium-ion",30390000.0,data/cellphones/detail_htmls\dell_16_specs.html,QUALCOMM_ADRENO,INTEGRATED_ARM,False,0.8,1.0,0.1565008025682183,0.656099518459069,0.2114767255216693,0.1694444444444444,30.39,0.518,0.656,True,True,True,True,False,True,False,54.0,0.3661909009812667,0.45,0.3661909009812667,1,0.5195000000000001,0.5229,0.4973502160760587,0.5135263612791703,0.5078128694900604,False,False,False,False
DELL Xps 13 9350 71058714,dell,Intel,Core Ultra 5,226.0,2.1,16.0,LPDDR5X,8533.0,1024.0,13.4,2560 x 1600,120.0,Intel,1.18,"Pin liền, 3-cell, 55 Wh ""smart"" lithium-ion",60990000.0,data/cellphones/detail_htmls\dell_18_specs.html,INTEL_GRAPHICS,INTEGRATED,False,0.8,1.0,0.0718298555377207,0.9646869983948636,0.0361155698234349,0.3819444444444444,60.99,0.476,0.965,True,True,True,True,False,True,False,55.0,0.3862622658340767,0.45,0.3862622658340767,1,0.509,0.5103,0.5883789109766638,0.6908283430053094,0.5695361785405606,False,False,False,False
DELL Inspiron 15 3520 5124blk Gj8w7,dell,Intel,Core I5,1235.0,1.3,8.0,DDR4,,1024.0,15.6,1920 x 1080,60.0,Intel,1.66,"3-cell, 41 Wh lithium-polymer",15490000.0,data/cellphones/detail_htmls\dell_19_specs.html,INTEL_UHD,INTEGRATED,False,0.6,1.0,0.0220706260032102,0.5056179775280899,0.5842696629213483,0.0659722222222222,15.49,0.391,0.506,True,True,True,False,False,False,True,41.0,0.05798394290811775,0.45,0.05798394290811775,1,0.45775,0.4548,0.363093474503025,0.3282233917767625,0.3658867418817138,False,False,False,False
DELL Inspiron 15 3520 I3520 7896blk Pus,dell,Intel,Core I7,1255.0,70.0,16.0,DDR4,,1024.0,15.6,1920 x 1080,60.0,Intel,1.66,"3 Cell, 41 Wh",20490000.0,data/cellphones/detail_htmls\dell_20_specs.html,INTEL_IRIS_XE,INTEGRATED,False,0.8,1.0,0.9991974317817014,0.5056179775280899,0.5842696629213483,0.1006944444444444,20.49,0.94,0.506,True,True,True,False,False,False,True,41.0,0.05798394290811775,0.55,0.05798394290811775,1,0.6849999999999999,0.7045,0.610143474503025,0.3282233917767625,0.6692092418817137,True,True,True,False
DELL Inspiron 15 3520 6r6nk,dell,Intel,Core I5,1235.0,1.3,8.0,DDR4,,1024.0,15.6,1920 x 1080,120.0,Intel,1.66,"3-cell, 41 Wh lithium-polymer",14490000.0,data/cellphones/detail_htmls\dell_22_specs.html,INTEL_UHD,INTEGRATED,False,0.6,1.0,0.0220706260032102,0.5056179775280899,0.5842696629213483,0.0590277777777777,14.49,0.391,0.506,True,True,True,False,False,False,True,41.0,0.05798394290811775,0.45,0.05798394290811775,1,0.45775,0.4548,0.363093474503025,0.3282233917767625,0.3658867418817138,False,False,False,False
DELL Latitude 3540 71038100,dell,Intel,Core I5,1235.0,4.4,16.0,DDR4,3200.0,1024.0,15.6,1920 x 1080,60.0,Intel,1.81,"3 cell, 42 Wh, có khả năng sạc nhanh",18990000.0,data/cellphones/detail_htmls\dell_21_specs.html,INTEL_IRIS_XE,INTEGRATED,False,0.8,1.0,0.2451845906902086,0.3467094703049759,0.5842696629213483,0.0902777777777777,18.99,0.563,0.347,True,True,True,False,False,False,True,42.0,0.11864406779661017,0.55,0.11864406779661017,1,0.59075,0.5914,0.386798573898012,0.2600799481417458,0.4231253478824546,False,False,False,False
DELL Inspiron 15 3520 N3520 I5u165w11slu,dell,Intel,Core I5,1235.0,4.4,16.0,DDR4,3200.0,512.0,15.6,1920 x 1080,120.0,Intel,1.9,"Pin liền, 3-Cell Battery, 41WHrC32",16990000.0,data/cellphones/detail_htmls\dell_23_specs.html,INTEL_UHD,INTEGRATED,False,0.8,0.8,0.2451845906902086,0.2969502407704655,0.5842696629213483,0.0763888888888889,16.99,0.523,0.297,True,True,True,False,False,False,True,41.0,0.05798394290811775,0.45,0.05798394290811775,1,0.52075,0.5244,0.3494597666378565,0.2343229102358315,0.3871714770342017,False,False,False,False
DELL Vostro 3520 F0v0v256,dell,Intel,Core I5,1235.0,1.3,8.0,DDR4,,256.0,15.6,1920 x 1080,60.0,Intel,1.9,,13990000.0,data/cellphones/detail_htmls\dell_25_specs.html,INTEL_IRIS_XE,INTEGRATED,False,0.6,0.6,0.0220706260032102,0.2969502407704655,0.5842696629213483,0.0555555555555555,13.99,0.311,0.297,True,True,True,False,False,False,True,,,0.55,,0,0.49775,0.4858,0.3444443820224719,0.3924959871589085,0.342349169341894,False,False,False,False
DELL 15 Dc15250 3g7t0,dell,Intel,Core I7,1355.0,5.0,16.0,DDR4,,1024.0,15.6,1920 x 1080,120.0,Intel,1.9,"3 cell, 41Wh",20990000.0,data/cellphones/detail_htmls\dell_26_specs.html,INTEL_UHD,INTEGRATED,False,0.8,1.0,0.8138041733547352,0.2969502407704655,0.5842696629213483,0.1041666666666666,20.99,0.847,0.297,True,True,True,False,False,False,True,41.0,0.05798394290811775,0.45,0.05798394290811775,1,0.60175,0.6216,0.4952597666378565,0.2343229102358315,0.5661814770342017,True,True,False,False
DELL Inspiron 15 3530 P16wd2,dell,Intel,Core I5,1334.0,4.6,16.0,DDR4,2666.0,0.0,15.6,1920 x 1080,120.0,Intel,1.67,3 Cell Int (41Wh),19190000.0,data/cellphones/detail_htmls\dell_27_specs.html,INTEL_IRIS_XE,INTEGRATED,False,0.8,0.4,0.4534510433386838,0.4771268057784912,0.5842696629213483,0.0916666666666666,19.19,0.547,0.477,True,True,True,False,False,False,True,41.0,0.05798394290811775,0.55,0.05798394290811775,1,0.58675,0.5866,0.4233215643906655,0.3154023644894431,0.4450251768736881,False,False,False,False
DELL Inspiron 16 5620 N6i7110w1,dell,Intel,Core I7,1255.0,4.6,8.0,DDR4,3200.0,512.0,16.0,1920 x 1200,60.0,Intel,1.91,"4-cell Li-ion, 54 WHr",25290000.0,data/cellphones/detail_htmls\dell_32_specs.html,INTEL_UHD,INTEGRATED,False,0.6,0.8,0.4534510433386838,0.2821027287319422,0.8487158908507223,0.1340277777777777,25.29,0.567,0.282,True,True,True,False,False,False,True,54.0,0.3661909009812667,0.45,0.3661909009812667,1,0.50175,0.5075999999999999,0.3890631374243734,0.2185022842326212,0.4172288686874922,False,False,False,False
DELL Inspiron 14 5440 N4i7204w1,dell,Intel,Core 7,150.0,4.6,16.0,DDR5,,512.0,14.0,1920 x 1200,60.0,Intel,1.67,"Li-ion 4-Cell Battery, 54WHr",26490000.0,data/cellphones/detail_htmls\dell_31_specs.html,INTEL_GRAPHICS,INTEGRATED,False,0.8,0.8,0.4534510433386838,0.4771268057784912,0.2114767255216693,0.1423611111111111,26.49,0.627,0.477,True,True,True,False,False,True,False,54.0,0.3661909009812667,0.45,0.3661909009812667,1,0.5467500000000001,0.5556,0.4843215643906655,0.4337109519693789,0.5241368943696753,False,False,False,False
DELL Vostro 3530 2h1tpi5,dell,Intel,Core I5,1334.0,0.9,8.0,DDR4,2666.0,1024.0,15.6,1920 x 1080,120.0,Intel,1.66,"41Wh , 3Cell",16990000.0,data/cellphones/detail_htmls\dell_70_specs.html,INTEL_UHD,INTEGRATED,False,0.6,1.0,0.0048154093097913,0.5056179775280899,0.5842696629213483,0.0763888888888889,16.99,0.382,0.506,True,True,True,False,False,False,True,41.0,0.05798394290811775,0.45,0.05798394290811775,1,0.4555,0.4521,0.359043474503025,0.3282233917767625,0.3609142418817137,False,False,False,False
DELL Inspiron 15 3530 71043885,dell,Intel,Core I5,1334.0,4.6,16.0,DDR4,2660.0,512.0,15.6,1920 x 1080,120.0,Intel,1.66,Pin liền,19290000.0,data/cellphones/detail_htmls\dell_80_specs.html,INTEL_IRIS_XE,INTEGRATED,False,0.8,0.8,0.4534510433386838,0.5056179775280899,0.5842696629213483,0.0923611111111111,19.29,0.627,0.506,True,True,True,False,False,False,True,,,0.55,,0,0.60675,0.6106,0.5596780898876405,0.4863964686998395,0.5685844341894061,True,True,False,False
ASUS Vivobook Go 14 E1404fa Nk177w,asus,AMD,Ryzen5,7520.0,4.3,16.0,LPDDR5,,512.0,14.0,1920 x 1080,60.0,AMD,1.3,"42WHrs, 3S1P, Li-ion 3 cell",14490000.0,data/cellphones/detail_htmls\asus_1_specs.html,AMD_RADEON_GRAPHICS,INTEGRATED,False,0.8,0.8,0.2146869983948635,0.8900481540930979,0.2114767255216693,0.0590277777777777,14.49,0.507,0.89,True,True,True,True,False,True,False,42.0,0.11864406779661017,0.5,0.11864406779661017,1,0.54675,0.5471,0.5512053154710458,0.5784186319298679,0.5411761183479442,False,False,False,False
ASUS Tuf Gaming F16 Fx607vj Rl034w,asus,Intel,Core 5,210.0,2.2,16.0,DDR4,3200.0,2048.0,16.0,1920 x 1200,144.0,NVIDIA,2.2,"56WHrs, 4S1P, 4-cell Li-ion",24490000.0,data/cellphones/detail_htmls\asus_0_specs.html,RTX 3050,DISCRETE_GAMING,False,0.8,1.0,0.081059390048154,0.1761637239165329,0.8487158908507223,0.1284722222222222,24.49,0.481,0.176,True,True,True,False,False,False,True,56.0,0.41480820695807313,0.9,0.41480820695807313,1,0.78025,0.7593,0.3174115384615384,0.1779216569946907,0.3467695237066304,True,True,False,False
ASUS Vivobook 16x K3605vc Rp431w,asus,Intel,Core I5,13420.0,2.1,16.0,DDR4,,512.0,16.0,1920 x 1200,144.0,NVIDIA,1.8,"50WHrs, 3S1P, 3-cell Li-ion",22090000.0,data/cellphones/detail_htmls\asus_2_specs.html,RTX 3050,DISCRETE_GAMING,False,0.8,0.8,0.0718298555377207,0.3591492776886035,0.8487158908507223,0.1118055555555555,22.09,0.436,0.359,True,True,True,False,False,False,True,50.0,0.25111507582515613,0.9,0.25111507582515613,1,0.769,0.7458,0.3493871218668971,0.2397116928015804,0.3577665434004198,True,True,False,False
ASUS Gaming V16 V3607vm Rp044w,asus,Intel,Core 7,240.0,2.5,16.0,DDR5,,1024.0,16.0,1920 x 1200,144.0,NVIDIA,1.95,"63WHrs, 3S1P, 3-cell Li-ion",37990000.0,data/cellphones/detail_htmls\asus_3_specs.html,RTX 5060,DISCRETE_GAMING,False,0.8,1.0,0.1039325842696629,0.271669341894061,0.8487158908507223,0.2222222222222222,37.99,0.492,0.272,True,True,True,False,False,False,True,63.0,0.6119536128456735,0.45,0.6119536128456735,1,0.513,0.5151,0.3689691443388072,0.2440957216940363,0.3870552592912705,False,False,False,False
ASUS Vivobook 16 A1607qa Mb067ws Snapdragon,asus,Qualcomm,Snapdragon X,,2.97,16.0,LPDDR5X,,512.0,16.0,1920 x 1200,60.0,Qualcomm,1.88,"50WHrs, 3S1P, 3-cell Li-ion",20990000.0,data/cellphones/detail_htmls\asus_4_specs.html,QUALCOMM_ADRENO,INTEGRATED_ARM,False,0.8,0.8,0.1300160513643659,0.3126003210272873,0.8487158908507223,0.1041666666666666,20.99,0.465,0.313,True,True,True,False,False,False,True,50.0,0.25111507582515613,0.45,0.25111507582515613,1,0.5062500000000001,0.507,0.3461449870354365,0.2187646623039881,0.3622681766267441,False,False,False,False
ASUS Vivobook Go 14 E1404fa Eb482w,asus,AMD,Ryzen5,7520.0,2.8,16.0,LPDDR5,,512.0,14.0,1920 x 1080,60.0,AMD,1.38,"42WHrs, 3S1P, 3-cell Li-ion",14190000.0,data/cellphones/detail_htmls\asus_5_specs.html,AMD_RADEON_GRAPHICS,INTEGRATED,False,0.8,0.8,0.1195826645264847,0.8358747993579454,0.2114767255216693,0.0569444444444444,14.19,0.46,0.836,True,True,True,True,False,True,False,42.0,0.11864406779661017,0.5,0.11864406779661017,1,0.5349999999999999,0.533,0.5110946413137424,0.5540406222990493,0.5018007130509939,False,False,False,False
ASUS Gaming V16 V3607vu Rp343w,asus,Intel,Core 5,210.0,2.2,16.0,DDR5,,512.0,16.0,1920 x 1200,144.0,NVIDIA,1.95,"63WHrs, 3S1P, 3-cell Li-ion",25490000.0,data/cellphones/detail_htmls\asus_6_specs.html,RTX 4050,DISCRETE_GAMING,False,0.8,0.8,0.081059390048154,0.271669341894061,0.8487158908507223,0.1354166666666666,25.49,0.441,0.272,True,True,True,False,False,False,True,63.0,0.6119536128456735,1.0,0.6119536128456735,1,0.8302499999999999,0.8023,0.3460191443388072,0.2440957216940363,0.3588777592912704,True,True,False,False
ASUS Vivobook Go 15 E1504ga Bq1141w,asus,Intel,Core I3,305.0,1.8,8.0,DDR4,,512.0,15.6,1920 x 1080,60.0,Intel,1.63,"42WHrs, 3S1P, 3-cell Li-ion",10190000.0,data/cellphones/detail_htmls\asus_7_specs.html,INTEL_UHD,INTEGRATED,False,0.6,0.8,0.0453451043338683,0.562199036918138,0.5842696629213483,0.0291666666666666,10.19,0.363,0.562,True,True,True,False,False,False,True,42.0,0.11864406779661017,0.45,0.11864406779661017,1,0.45075,0.4464,0.3722199222126188,0.3570502531176688,0.3659590156192122,False,False,False,False
ASUS Vivobook S14 S3407qa Sf043ws,asus,Qualcomm,Snapdragon X,,2.97,16.0,LPDDR5X,,512.0,14.0,1920 x 1200,60.0,Qualcomm,1.35,"70WHrs, 3S1P, 3-cell Li-ion",22990000.0,data/cellphones/detail_htmls\asus_8_specs.html,QUALCOMM_ADRENO,INTEGRATED_ARM,False,0.8,0.8,0.1300160513643659,0.858346709470305,0.2114767255216693,0.1180555555555555,22.99,0.465,0.858,True,True,True,True,False,True,False,70.0,0.6882247992863515,0.45,0.6882247992863515,1,0.5062500000000001,0.507,0.5750559636992221,0.6583837510803803,0.553201933880726,False,False,False,True
ASUS Tuf Gaming A15 Fa506ncg Hn184w,asus,AMD,Ryzen7,7445.0,3.2,16.0,DDR5,5600.0,1024.0,15.6,1920 x 1080,144.0,NVIDIA,2.3,"48WHrs, 3S1P, 3-cell Li-ion",22490000.0,data/cellphones/detail_htmls\asus_10_specs.html,RTX 3050,DISCRETE_GAMING,False,0.8,1.0,0.1380417335473515,0.1211878009630819,0.5842696629213483,0.1145833333333333,22.49,0.509,0.121,True,True,True,False,False,False,True,48.0,0.2149866190900981,0.9,0.2149866190900981,1,0.78725,0.7677,0.2953853500432151,0.1791486603284355,0.3469031395851339,True,True,False,False
ASUS Vivobook 15 Oled A1505va Ma505w,asus,Intel,Core I5,13420.0,2.1,16.0,DDR4,,512.0,15.6,2880 x 1620,120.0,Intel,1.7,"50WHrs, 3S1P, 3-cell Li-ion",19690000.0,data/cellphones/detail_htmls\asus_12_specs.html,INTEL_UHD,INTEGRATED,False,0.8,0.8,0.0718298555377207,0.442215088282504,0.5842696629213483,0.0951388888888888,19.69,0.436,0.442,True,True,True,False,False,False,True,50.0,0.25111507582515613,0.45,0.25111507582515613,1,0.499,0.4983,0.3784601555747623,0.3299805531547105,0.3889031806395852,False,False,False,False
ASUS Tuf Gaming F16 Fx608jhr Rv037w,asus,Intel,Core I7,14650.0,2.2,16.0,DDR5,5600.0,1024.0,16.0,1920 x 1200,165.0,NVIDIA,2.2,"90WHrs, 4S1P, 4-cell Li-ion",38990000.0,data/cellphones/detail_htmls\asus_11_specs.html,RTX 5050,DISCRETE_GAMING,False,0.8,1.0,0.081059390048154,0.1761637239165329,0.8487158908507223,0.2291666666666666,38.99,0.481,0.176,True,True,True,False,False,False,True,90.0,0.9402319357716324,0.45,0.9402319357716324,1,0.51025,0.5118,0.3827961538461539,0.2923447339177676,0.3990772160143228,False,False,False,False
ASUS Vivobook S14 S3407va Ly046w,asus,Intel,Core I5,13420.0,2.1,16.0,DDR5,,512.0,14.0,1920 x 1200,60.0,Intel,1.39,"70WHrs, 4S1P, 4-cell Li-ion",18990000.0,data/cellphones/detail_htmls\asus_9_specs.html,INTEL_UHD,INTEGRATED,False,0.8,0.8,0.0718298555377207,0.819422150882825,0.2114767255216693,0.0902777777777777,18.99,0.436,0.819,True,True,True,True,False,True,False,70.0,0.6882247992863515,0.45,0.6882247992863515,1,0.499,0.4983,0.5483823681936041,0.6408676997160143,0.5275456056303247,False,False,False,True
ASUS Tuf Gaming F16 Fx607vu Rl045w,asus,Intel,Core 5,210.0,2.2,16.0,DDR5,5600.0,2048.0,16.0,1920 x 1200,144.0,NVIDIA,2.2,"56WHrs, 4S1P, 4-cell Li-ion Sạc lại từ 0-50% trong 30 phút",28490000.0,data/cellphones/detail_htmls\asus_13_specs.html,RTX 4050,DISCRETE_GAMING,False,0.8,1.0,0.081059390048154,0.1761637239165329,0.8487158908507223,0.15625,28.49,0.481,0.176,True,True,True,False,False,False,True,56.0,0.41480820695807313,1.0,0.41480820695807313,1,0.8402499999999999,0.8143,0.3174115384615384,0.1779216569946907,0.3467695237066304,True,True,False,False
ASUS Vivobook Go 15 E1504fa Nj454w,asus,AMD,Ryzen5,7520.0,4.3,16.0,LPDDR5,,512.0,15.6,1920 x 1080,60.0,AMD,1.8,"42WHrs, 3S1P, 3-cell Li-ion",14490000.0,data/cellphones/detail_htmls\asus_14_specs.html,AMD_RADEON_GRAPHICS,INTEGRATED,False,0.8,0.8,0.2146869983948635,0.3591492776886035,0.5842696629213483,0.0590277777777777,14.49,0.507,0.359,True,True,True,False,False,False,True,42.0,0.11864406779661017,0.5,0.11864406779661017,1,0.54675,0.5471,0.3659525064822817,0.2656778614643783,0.3952642002099025,False,False,False,False
ASUS Vivobook 14 X1405va Ly623w,asus,Intel,Core I5,13420.0,2.1,16.0,DDR4,,512.0,14.0,1920 x 1200,60.0,Intel,1.6,"42WHrs, 3S1P, 3-cell Li-ion",16490000.0,data/cellphones/detail_htmls\asus_16_specs.html,INTEL_UHD,INTEGRATED,False,0.8,0.8,0.0718298555377207,0.6071428571428572,0.2114767255216693,0.0729166666666666,16.49,0.436,0.607,True,True,True,False,False,True,False,42.0,0.11864406779661017,0.45,0.11864406779661017,1,0.499,0.4983,0.4208002592912704,0.4518335596987282,0.4323268286208174,False,False,False,False
ASUS Vivobook 16x K3605vc Rp491w,asus,Intel,Core I7,13620.0,2.4,16.0,DDR4,,512.0,16.0,1920 x 1200,144.0,NVIDIA,1.8,"50WHrs, 3S1P, 3-cell Li-ion",22990000.0,data/cellphones/detail_htmls\asus_15_specs.html,RTX 3050,DISCRETE_GAMING,False,0.8,0.8,0.095505617977528,0.3591492776886035,0.8487158908507223,0.1180555555555555,22.99,0.448,0.359,True,True,True,False,False,False,True,50.0,0.25111507582515613,0.9,0.25111507582515613,1,0.772,0.7494000000000001,0.3547871218668971,0.2397116928015804,0.3643965434004198,True,True,False,False
ASUS Vivobook S 14 Flip Tp3402va Lz632w,asus,Intel,Core I5,13420.0,2.1,16.0,DDR4,,512.0,14.0,1920 x 1200,60.0,Intel,1.5,"50WHrs, 3S1P, 3-cell Li-ion",20990000.0,data/cellphones/detail_htmls\asus_18_specs.html,INTEL_UHD,INTEGRATED,False,0.8,0.8,0.0718298555377207,0.6898073836276084,0.2114767255216693,0.1041666666666666,20.99,0.436,0.69,True,True,True,True,False,True,False,50.0,0.25111507582515613,0.45,0.25111507582515613,1,0.499,0.4983,0.4645556611927399,0.5152333621434746,0.4646967199654278,False,False,False,False
ASUS Vivobook 15 X1502va Bq885w,asus,Intel,Core I5,13420.0,2.1,16.0,DDR4,,512.0,15.6,1920 x 1080,60.0,Intel,1.7,"42WHrs, 3S1P, 3-cell Li-ion",15990000.0,data/cellphones/detail_htmls\asus_17_specs.html,INTEL_GRAPHICS,INTEGRATED,False,0.8,0.8,0.0718298555377207,0.442215088282504,0.5842696629213483,0.0694444444444444,15.99,0.436,0.442,True,True,True,False,False,False,True,42.0,0.11864406779661017,0.45,0.11864406779661017,1,0.499,0.4983,0.3630755401901469,0.3030574762316335,0.3765954883318927,False,False,False,False
ASUS Rog Strix G16 G615jmr S5155w,asus,Intel,Core I7,14650.0,2.2,32.0,DDR5,5600.0,1024.0,16.0,2560 x 1600,240.0,NVIDIA,2.65,"90WHrs, 4S1P, 4-cell Li-ion",46990000.0,data/cellphones/detail_htmls\asus_19_specs.html,RTX 5060,DISCRETE_GAMING,False,1.0,1.0,0.081059390048154,0.027688603531300204,0.8487158908507223,0.2847222222222222,46.99,0.541,0.028,True,True,True,False,True,False,True,90.0,0.9402319357716324,0.45,0.9402319357716324,1,0.55525,0.5598000000000001,0.3578298617113223,0.2255309297444128,0.3954796237189776,False,False,False,False
ASUS Vivobook 14 X1404va Nk394w,asus,Intel,Core I3,1315.0,1.2,8.0,DDR4,,512.0,14.0,1920 x 1080,60.0,Intel,1.4,"42WHrs, 3S1P, 3-cell Li-ion",12690000.0,data/cellphones/detail_htmls\asus_20_specs.html,INTEL_UHD,INTEGRATED,False,0.6,0.8,0.0128410914927768,0.7885232744783306,0.2114767255216693,0.0465277777777777,12.69,0.346,0.789,True,True,True,True,False,True,False,42.0,0.11864406779661017,0.45,0.11864406779661017,1,0.4465,0.4413,0.4432216076058772,0.5327324361032226,0.4270962106432893,False,False,False,False
ASUS Zenbook A14 Ux3407qa Qd299ws Copilot X Plus,asus,Qualcomm,Snapdragon X,,2.97,16.0,LPDDR5X,,512.0,14.0,1920 x 1200,60.0,Qualcomm,0.98,"70WHrs, 3S1P, 3-cell Li-ion",29990000.0,data/cellphones/detail_htmls\asus_21_specs.html,QUALCOMM_ADRENO,INTEGRATED_ARM,False,0.8,0.8,0.1300160513643659,0.9919743178170144,0.2114767255216693,0.1666666666666666,29.99,0.465,0.992,True,True,True,True,False,True,False,70.0,0.6882247992863515,0.45,0.6882247992863515,1,0.5062500000000001,0.507,0.6218256266205704,0.7185161748363995,0.5862747669465366,False,False,True,True
ASUS Vivobook 15 X1502va Bq886w,asus,Intel,Core I7,13620.0,2.4,16.0,DDR4,,512.0,15.6,1920 x 1080,60.0,Intel,1.7,"42WHrs, 3S1P, 3-cell Li-ion",17990000.0,data/cellphones/detail_htmls\asus_24_specs.html,INTEL_UHD,INTEGRATED,False,0.8,0.8,0.095505617977528,0.442215088282504,0.5842696629213483,0.0833333333333333,17.99,0.448,0.442,True,True,True,False,False,False,True,42.0,0.11864406779661017,0.45,0.11864406779661017,1,0.502,0.5019,0.3684755401901468,0.3030574762316335,0.3832254883318927,False,False,False,False
ASUS Zenbook S 16 Um5606ka Rk127ws RYZEN Ai 7,asus,AMD,Ryzen AI 7,350.0,2.0,24.0,LPDDR5X,,1024.0,16.0,2880 x 1800,120.0,AMD,1.5,"78WHrs, 2S2P, 4-cell Li-ion",42990000.0,data/cellphones/detail_htmls\asus_23_specs.html,AMD_RADEON_GRAPHICS,INTEGRATED,False,0.8,1.0,0.0581861958266452,0.6898073836276084,0.8487158908507223,0.2569444444444444,42.99,0.469,0.69,True,True,True,True,False,False,True,78.0,0.8652988403211418,0.5,0.8652988403211418,1,0.53725,0.5357000000000001,0.5332518150388936,0.4820162983084332,0.5005165764291888,False,False,False,False
ASUS Vivobook 15 Oled A1505va L1688w,asus,Intel,Core I7,13620.0,2.4,16.0,DDR4,,512.0,15.6,1920 x 1080,60.0,Intel,1.7,"50WHrs, 3S1P, 3-cell Li-ion",20990000.0,data/cellphones/detail_htmls\asus_22_specs.html,INTEL_UHD,INTEGRATED,False,0.8,0.8,0.095505617977528,0.442215088282504,0.5842696629213483,0.1041666666666666,20.99,0.448,0.442,True,True,True,False,False,False,True,50.0,0.25111507582515613,0.45,0.25111507582515613,1,0.502,0.5019,0.3838601555747623,0.3299805531547105,0.3955331806395851,False,False,False,False
ASUS Zenbook 14 Um3406ka Pp113ws RYZEN Ai 7,asus,AMD,Ryzen AI 7,350.0,2.0,16.0,LPDDR5X,,512.0,14.0,2880 x 1800,120.0,AMD,1.2,"75WHrs, 4S1P, 4-cell Li-ion",28990000.0,data/cellphones/detail_htmls\asus_25_specs.html,AMD_RADEON_GRAPHICS,INTEGRATED,False,0.8,0.8,0.0581861958266452,0.949438202247191,0.2114767255216693,0.1597222222222222,28.99,0.429,0.949,True,True,True,True,False,True,False,75.0,0.7979482604817127,0.5,0.7979482604817127,1,0.52725,0.5237,0.6003533707865167,0.7162018459069022,0.5635493860353129,False,False,True,True
ASUS Vivobook Go 15 E1504fa Bq1150w,asus,AMD,Ryzen5,7520.0,2.8,16.0,LPDDR5,,512.0,15.6,1920 x 1080,60.0,AMD,1.63,"42WHrs, 3S1P, 3-cell Li-ion",14190000.0,data/cellphones/detail_htmls\asus_26_specs.html,AMD_RADEON_GRAPHICS,INTEGRATED,False,0.8,0.8,0.1195826645264847,0.562199036918138,0.5842696629213483,0.0569444444444444,14.19,0.46,0.562,True,True,True,False,False,False,True,42.0,0.11864406779661017,0.5,0.11864406779661017,1,0.5349999999999999,0.533,0.4158699222126188,0.3570502531176688,0.4195515156192122,False,False,False,False
ASUS Vivobook 15 X1504va Bq2076w,asus,Intel,Core I5,1334.0,1.3,16.0,DDR4,,512.0,15.6,1920 x 1080,60.0,Intel,1.7,"42WHrs, 3S1P, 3-cell Li-ion",15990000.0,data/cellphones/detail_htmls\asus_28_specs.html,INTEL_IRIS_XE,INTEGRATED,False,0.8,0.8,0.0220706260032102,0.442215088282504,0.5842696629213483,0.0694444444444444,15.99,0.411,0.442,True,True,True,False,False,False,True,42.0,0.11864406779661017,0.55,0.11864406779661017,1,0.5527500000000001,0.5458000000000001,0.3518255401901469,0.3030574762316335,0.3627829883318928,False,False,False,False
ASUS Vivobook S 14 Oled M5406wa Pp071ws,asus,AMD,Ryzen AI 9,370.0,2.0,32.0,LPDDR5X,,1024.0,14.0,2880 x 1800,120.0,AMD,1.3,"75WHrs, 4S1P, 4-cell Li-ion",33990000.0,data/cellphones/detail_htmls\asus_27_specs.html,AMD_RADEON_GRAPHICS,INTEGRATED,False,1.0,1.0,0.0581861958266452,0.8900481540930979,0.2114767255216693,0.1944444444444444,33.99,0.529,0.89,True,True,True,True,False,True,False,75.0,0.7979482604817127,0.5,0.7979482604817127,1,0.58225,0.5837,0.6245668539325844,0.6894763242375601,0.604100349117175,False,False,True,True
ASUS Vivobook 15 X1504va Bq165w,asus,Intel,Core 5,120.0,1.4,16.0,DDR4,,512.0,15.6,1920 x 1080,60.0,Intel,1.7,"42WHrs, 3S1P, 3-cell Li-ion",16990000.0,data/cellphones/detail_htmls\asus_30_specs.html,INTEL_GRAPHICS,INTEGRATED,False,0.8,0.8,0.0292937399678972,0.442215088282504,0.5842696629213483,0.0763888888888889,16.99,0.415,0.442,True,True,True,False,False,False,True,42.0,0.11864406779661017,0.45,0.11864406779661017,1,0.49375,0.492,0.3536255401901468,0.3030574762316335,0.3649929883318927,False,False,False,False
ASUS Vivobook S16 S3607qa Sh040ws,asus,Qualcomm,Snapdragon X,,2.97,16.0,LPDDR5X,,512.0,16.0,1920 x 1200,60.0,Qualcomm,1.74,"70WHrs, 3S1P, 3-cell Li-ion",23490000.0,data/cellphones/detail_htmls\asus_31_specs.html,QUALCOMM_ADRENO,INTEGRATED_ARM,False,0.8,0.8,0.1300160513643659,0.4004815409309791,0.8487158908507223,0.1215277777777777,23.49,0.465,0.4,True,True,True,False,False,False,True,70.0,0.6882247992863515,0.45,0.6882247992863515,1,0.5062500000000001,0.507,0.415364952463267,0.3256189035683418,0.4147880093221385,False,False,False,False
ASUS Zenbook 14 Ux3405ca Pz188ws,asus,Intel,Core Ultra 7,255.0,2.0,32.0,LPDDR5X,,1024.0,14.0,2880 x 1800,120.0,Intel,1.28,"75WHrs, 2S2P, 4-cell Li-ion",35990000.0,data/cellphones/detail_htmls\asus_32_specs.html,INTEL_GRAPHICS,INTEGRATED,False,1.0,1.0,0.0581861958266452,0.9000802568218298,0.2114767255216693,0.2083333333333333,35.99,0.529,0.9,True,True,True,True,False,True,False,75.0,0.7979482604817127,0.45,0.7979482604817127,1,0.55225,0.5562,0.6280780898876404,0.6939907704654895,0.6065832945425361,False,False,True,True
ASUS Rog Zephyrus G14 Ga403wm Qs051ws RYZEN Ai 9,asus,AMD,Ryzen AI 9,370.0,2.0,32.0,LPDDR5X,7500.0,1024.0,14.0,2880 x 1800,120.0,NVIDIA,1.5,"73WHrs, 4S1P, 4-cell Li-ion Sạc lại từ 0-50% trong 30 phút",56940000.0,data/cellphones/detail_htmls\asus_33_specs.html,RTX 5060,DISCRETE_GAMING,False,1.0,1.0,0.0581861958266452,0.6898073836276084,0.2114767255216693,0.3538194444444444,56.94,0.529,0.69,True,True,True,True,False,True,False,73.0,0.7551293487957181,0.45,0.7551293487957181,1,0.55225,0.5562,0.5506364304235091,0.5926372082973207,0.5514638353500433,False,False,False,False
ASUS Rog Strix G18 G815lm S9088w,asus,Intel,Core Ultra 9,275.0,2.7,32.0,DDR5,5600.0,1024.0,18.0,2560 x 1600,240.0,NVIDIA,3.2,"90WHrs, 4S1P, 4-cell Li-ion, Sạc từ 0-50% trong 30 phút",52090000.0,data/cellphones/detail_htmls\asus_29_specs.html,RTX 5060,DISCRETE_GAMING,False,1.0,1.0,0.1167736757624398,0.006821829855537698,0.9951845906902088,0.3201388888888888,52.09,0.558,0.007,True,True,True,False,True,False,True,90.0,0.9402319357716324,0.45,0.9402319357716324,1,0.5595,0.5649000000000001,0.3581764909248056,0.1868471416224225,0.393848849240647,False,False,False,False
ASUS Vivobook S 16 Oled S5606ma Mx051w,asus,Intel,Core Ultra 7,155.0,1.4,16.0,LPDDR5X,,512.0,16.0,3200 x 2000,120.0,Intel,1.5,"75WHrs, 4S1P, 4-cell Li-ion",29990000.0,data/cellphones/detail_htmls\asus_34_specs.html,INTEL_GRAPHICS,INTEGRATED,False,0.8,0.8,0.0292937399678972,0.6898073836276084,0.8487158908507223,0.1666666666666666,29.99,0.415,0.69,True,True,True,True,False,False,True,75.0,0.7979482604817127,0.45,0.7979482604817127,1,0.49375,0.492,0.5031825842696629,0.4719201444622793,0.4660661918138041,False,False,False,False
ASUS Rog Strix G18 G815lp S9102w,asus,Intel,Core Ultra 9,275.0,2.7,32.0,DDR5,5600.0,1024.0,18.0,2560 x 1600,240.0,NVIDIA,3.2,"90WHrs, 4S1P, 4-cell Li-ion, Sạc từ 0-50% trong 30 phút",56990000.0,data/cellphones/detail_htmls\asus_35_specs.html,RTX 5070,DISCRETE_GAMING,False,1.0,1.0,0.1167736757624398,0.006821829855537698,0.9951845906902088,0.3541666666666667,56.99,0.558,0.007,True,True,True,False,True,False,True,90.0,0.9402319357716324,0.45,0.9402319357716324,1,0.5595,0.5649000000000001,0.3581764909248056,0.1868471416224225,0.393848849240647,False,False,False,False
ASUS Vivobook S14 S3407va Ly053w,asus,Intel,Core I7,13620.0,2.4,16.0,DDR5,,512.0,14.0,1920 x 1200,60.0,Intel,1.4,"70WHrs, 4S1P, 4-cell Li-ion",20990000.0,data/cellphones/detail_htmls\asus_38_specs.html,INTEL_UHD,INTEGRATED,False,0.8,0.8,0.095505617977528,0.7885232744783306,0.2114767255216693,0.1041666666666666,20.99,0.448,0.789,True,True,True,True,False,True,False,70.0,0.6882247992863515,0.45,0.6882247992863515,1,0.502,0.5019,0.5429677614520311,0.6269632053339919,0.5265281337202123,False,False,False,True
ASUS Gaming V16 V3607vu Rp216w,asus,Intel,Core 7,240.0,2.5,16.0,DDR5,,512.0,16.0,1920 x 1200,144.0,NVIDIA,1.95,"63WHrs, 3S1P, 3-cell Li-ion",27490000.0,data/cellphones/detail_htmls\asus_36_specs.html,RTX 4050,DISCRETE_GAMING,False,0.8,0.8,0.1039325842696629,0.271669341894061,0.8487158908507223,0.1493055555555555,27.49,0.452,0.272,True,True,True,False,False,False,True,63.0,0.6119536128456735,1.0,0.6119536128456735,1,0.833,0.8056,0.3509691443388072,0.2440957216940363,0.3649552592912705,True,True,False,False
ASUS Zenbook S 14 Oled Ux5406sa Pv140ws,asus,Intel,Core Ultra 7,258.0,1.8,32.0,LPDDR5X,,1024.0,14.0,2880 x 1800,120.0,Intel,1.2,"72WHrs, 2S2P, 4-cell Li-ion",44990000.0,data/cellphones/detail_htmls\asus_37_specs.html,INTEL_GRAPHICS,INTEGRATED,False,1.0,1.0,0.0453451043338683,0.949438202247191,0.2114767255216693,0.2708333333333333,44.99,0.523,0.949,True,True,True,True,False,True,False,72.0,0.724799286351472,0.45,0.724799286351472,1,0.5507500000000001,0.5544,0.636884140017286,0.7061056920607482,0.6108690014199284,False,False,True,True
ASUS Vivobook 15 X1504va Nj1969w,asus,Intel,Core I5,1334.0,1.3,16.0,DDR4,,512.0,15.6,1920 x 1080,60.0,Intel,1.7,"42WHrs, 3S1P, 3-cell Li-ion",15990000.0,data/cellphones/detail_htmls\asus_39_specs.html,INTEL_IRIS_XE,INTEGRATED,False,0.8,0.8,0.0220706260032102,0.442215088282504,0.5842696629213483,0.0694444444444444,15.99,0.411,0.442,True,True,True,False,False,False,True,42.0,0.11864406779661017,0.55,0.11864406779661017,1,0.5527500000000001,0.5458000000000001,0.3518255401901469,0.3030574762316335,0.3627829883318928,False,False,False,False
ASUS Tuf Gaming F15 Fx507zc4 Hn095w,asus,Intel,Core I5,12500.0,2.5,16.0,DDR4,3200.0,1024.0,15.6,1920 x 1080,144.0,NVIDIA,2.2,"56WHrs, 4S1P, 4-cell Li-ion",24990000.0,data/cellphones/detail_htmls\asus_40_specs.html,RTX 3050,DISCRETE_GAMING,False,0.8,1.0,0.1039325842696629,0.1761637239165329,0.5842696629213483,0.1319444444444444,24.99,0.492,0.176,True,True,True,False,False,False,True,56.0,0.41480820695807313,0.9,0.41480820695807313,1,0.783,0.7626000000000001,0.3223615384615385,0.2308109025805655,0.3634248728238054,True,True,False,False
ASUS Vivobook S 16 Oled M5606ka Ri016ws RYZEN Ai 7,asus,AMD,Ryzen AI 7,350.0,2.0,24.0,LPDDR5X,,512.0,16.0,2880 x 1800,120.0,AMD,1.5,"75WHrs, 4S1P, 4-cell Li-ion",30990000.0,data/cellphones/detail_htmls\asus_42_specs.html,AMD_RADEON_GRAPHICS,INTEGRATED,False,0.8,0.8,0.0581861958266452,0.6898073836276084,0.8487158908507223,0.1736111111111111,30.99,0.429,0.69,True,True,True,True,False,False,True,75.0,0.7979482604817127,0.5,0.7979482604817127,1,0.52725,0.5237,0.5094825842696629,0.4719201444622793,0.4738011918138042,False,False,False,False
ASUS Vivobook S16 S3607va Rp056w,asus,Intel,Core I7,13620.0,2.4,16.0,DDR5,,512.0,16.0,1920 x 1200,144.0,Intel,1.7,"70WHrs, 4S1P, 4-cell Li-ion",20490000.0,data/cellphones/detail_htmls\asus_41_specs.html,INTEL_UHD,INTEGRATED,False,0.8,0.8,0.095505617977528,0.442215088282504,0.8487158908507223,0.1006944444444444,20.49,0.448,0.442,True,True,True,False,False,False,True,70.0,0.6882247992863515,0.45,0.6882247992863515,1,0.502,0.5019,0.4223216940363007,0.344398999876528,0.4157245622916409,False,False,False,False
ASUS Zenbook 14 Ux3405ca Pz187ws,asus,Intel,Core Ultra 5,225.0,1.7,16.0,LPDDR5X,,512.0,14.0,2880 x 1800,120.0,Intel,1.28,"75WHrs, 2S2P, 4-cell Li-ion",31990000.0,data/cellphones/detail_htmls\asus_43_specs.html,INTEL_GRAPHICS,INTEGRATED,False,0.8,0.8,0.0381219903691813,0.9000802568218298,0.2114767255216693,0.1805555555555555,31.99,0.419,0.9,True,True,True,True,False,True,False,75.0,0.7979482604817127,0.45,0.7979482604817127,1,0.49475,0.4931999999999999,0.5785780898876405,0.6939907704654895,0.5458082945425361,False,False,False,True
ASUS Gaming V16 V3607vh Rp024w,asus,Intel,Core 5,210.0,2.2,16.0,DDR5,,512.0,16.0,1920 x 1200,144.0,NVIDIA,1.95,"63WHrs, 3S1P, 3-cell Li-ion",28990000.0,data/cellphones/detail_htmls\asus_44_specs.html,RTX 5050,DISCRETE_GAMING,False,0.8,0.8,0.081059390048154,0.271669341894061,0.8487158908507223,0.1597222222222222,28.99,0.441,0.272,True,True,True,False,False,False,True,63.0,0.6119536128456735,0.45,0.6119536128456735,1,0.5002500000000001,0.4998,0.3460191443388072,0.2440957216940363,0.3588777592912704,False,False,False,False
ASUS Tuf Gaming F16 Fx608jmr Rv048w,asus,Intel,Core I7,14650.0,2.2,16.0,DDR5,5600.0,1024.0,16.0,1920 x 1200,165.0,NVIDIA,2.2,"90WHrs, 4S1P, 4-cell Li-ion",40990000.0,data/cellphones/detail_htmls\asus_45_specs.html,RTX 5060,DISCRETE_GAMING,False,0.8,1.0,0.081059390048154,0.1761637239165329,0.8487158908507223,0.2430555555555555,40.99,0.481,0.176,True,True,True,False,False,False,True,90.0,0.9402319357716324,0.45,0.9402319357716324,1,0.51025,0.5118,0.3827961538461539,0.2923447339177676,0.3990772160143228,False,False,False,False
ASUS Gaming V16 V3607vh Rp025w,asus,Intel,Core 7,240.0,2.5,16.0,DDR5,,512.0,16.0,1920 x 1200,144.0,NVIDIA,1.95,"63WHrs, 3S1P, 3-cell Li-ion",30430000.0,data/cellphones/detail_htmls\asus_48_specs.html,RTX 5050,DISCRETE_GAMING,False,0.8,0.8,0.1039325842696629,0.271669341894061,0.8487158908507223,0.1697222222222222,30.43,0.452,0.272,True,True,True,False,False,False,True,63.0,0.6119536128456735,0.45,0.6119536128456735,1,0.503,0.5031,0.3509691443388072,0.2440957216940363,0.3649552592912705,False,False,False,False
ASUS Rog Flow Z13 Gz302ea Ru145ws,asus,AMD,Ryzenaimax,395.0,3.0,128.0,LPDDR5X,8000.0,1024.0,13.4,2560 x 1600,180.0,AMD,1.2,"70WHrs, 4S1P, 4-cell Li-ion Sạc lại từ 0-50% trong 30 phút",83490000.0,data/cellphones/detail_htmls\asus_47_specs.html,AMD_RADEON_GRAPHICS,INTEGRATED,False,1.0,1.0,0.1348314606741573,0.949438202247191,0.0361155698234349,0.5381944444444444,83.49,0.567,0.949,True,True,True,True,False,True,False,70.0,0.6882247992863515,0.5,0.6882247992863515,1,0.59175,0.5951,0.6528379861711322,0.734447153969626,0.6391165245709347,False,False,True,True
ASUS Vivobook S16 S5606ca Ri171ws,asus,Intel,Core Ultra 7,255.0,2.0,16.0,LPDDR5X,,512.0,16.0,2880 x 1800,120.0,Intel,1.5,"75WHrs, 4S1P, 4-cell Li-ion",31410000.0,data/cellphones/detail_htmls\asus_46_specs.html,INTEL_GRAPHICS,INTEGRATED,False,0.8,0.8,0.0581861958266452,0.6898073836276084,0.8487158908507223,0.1765277777777777,31.41,0.429,0.69,True,True,True,True,False,False,True,75.0,0.7979482604817127,0.45,0.7979482604817127,1,0.49725,0.4962,0.5094825842696629,0.4719201444622793,0.4738011918138042,False,False,False,False
ASUS Vivobook S14 S3407ca Ly095ws,asus,Intel,Core Ultra 5,225.0,1.7,16.0,DDR5,,512.0,14.0,1920 x 1200,60.0,Intel,1.4,"70WHrs, 4S1P, 4-cell Li-ion",22990000.0,data/cellphones/detail_htmls\asus_49_specs.html,INTEL_UHD,INTEGRATED,False,0.8,0.8,0.0381219903691813,0.7885232744783306,0.2114767255216693,0.1180555555555555,22.99,0.419,0.789,True,True,True,True,False,True,False,70.0,0.6882247992863515,0.45,0.6882247992863515,1,0.49475,0.4931999999999999,0.5299177614520311,0.6269632053339919,0.5105056337202123,False,False,False,True
ASUS Rog Strix G16 G615jhr S5069w,asus,Intel,Core I7,14650.0,2.2,32.0,DDR5,,1024.0,16.0,2560 x 1600,240.0,NVIDIA,2.65,"90WHrs, 4S1P, 4-cell Li-ion",44170000.0,data/cellphones/detail_htmls\asus_53_specs.html,RTX 5050,DISCRETE_GAMING,False,1.0,1.0,0.081059390048154,0.027688603531300204,0.8487158908507223,0.2651388888888888,44.17,0.541,0.028,True,True,True,False,True,False,True,90.0,0.9402319357716324,0.45,0.9402319357716324,1,0.55525,0.5598000000000001,0.3578298617113223,0.2255309297444128,0.3954796237189776,False,False,False,False
ASUS Rog Zephyrus G16 Gu605cm Qr078w,asus,Intel,Core Ultra 9,285.0,2.9,32.0,LPDDR5X,7467.0,1024.0,16.0,2560 x 1600,240.0,NVIDIA,1.85,"90WHrs, 4S1P, 4-cell Li-ion Sạc lại từ 0-50% trong 30 phút",62990000.0,data/cellphones/detail_htmls\asus_50_specs.html,RTX 5060,DISCRETE_GAMING,False,1.0,1.0,0.1235955056179775,0.3278491171749599,0.8487158908507223,0.3958333333333333,62.99,0.562,0.328,True,True,True,False,False,False,True,90.0,0.9402319357716324,0.45,0.9402319357716324,1,0.5605,0.5661,0.4720551426101988,0.3602420051858254,0.4811732152117545,False,False,False,False
ASUS Tuf Gaming F16 Fx608jh Rv039w,asus,Intel,Core I5,13450.0,2.4,16.0,DDR5,,1024.0,16.0,1920 x 1200,165.0,NVIDIA,2.2,"90WHrs, 4S1P, 4-cell Li-ion",33370000.0,data/cellphones/detail_htmls\asus_52_specs.html,RTX 5050,DISCRETE_GAMING,False,0.8,1.0,0.095505617977528,0.1761637239165329,0.8487158908507223,0.1901388888888888,33.37,0.488,0.176,True,True,True,False,False,False,True,90.0,0.9402319357716324,0.45,0.9402319357716324,1,0.512,0.5139,0.3859461538461539,0.2923447339177676,0.4029447160143227,False,False,False,False
ASUS Vivobook S14 S3407va Ly146w,asus,Intel,Core 5,210.0,2.2,16.0,DDR5,,512.0,14.0,1920 x 1200,60.0,Intel,1.4,"70WHrs, 4S1P, 4-cell Li-ion",19490000.0,data/cellphones/detail_htmls\asus_51_specs.html,INTEL_UHD,INTEGRATED,False,0.8,0.8,0.081059390048154,0.7885232744783306,0.2114767255216693,0.09375,19.49,0.441,0.789,True,True,True,True,False,True,False,70.0,0.6882247992863515,0.45,0.6882247992863515,1,0.5002500000000001,0.4998,0.5398177614520311,0.6269632053339919,0.5226606337202123,False,False,False,True
ASUS Zenbook Duo Ux8406ca Pz109ws,asus,Intel,Core Ultra 9,285.0,2.9,32.0,LPDDR5X,,1024.0,14.0,2880 x 1800,120.0,Intel,1.65,"75WHrs, 4S1P, 4-cell Li-ion",61990000.0,data/cellphones/detail_htmls\asus_54_specs.html,INTEL_GRAPHICS,INTEGRATED,False,1.0,1.0,0.1235955056179775,0.5417335473515249,0.2114767255216693,0.3888888888888889,61.99,0.562,0.542,True,True,True,False,False,True,False,75.0,0.7979482604817127,0.45,0.7979482604817127,1,0.5605,0.5661,0.5180685393258426,0.533457062600321,0.5365222552166934,False,False,False,False
ASUS Zenbook 14 Um3406ka Pp590ws RYZEN Ai 7,asus,AMD,Ryzen AI 7,350.0,2.0,32.0,LPDDR5X,,1024.0,14.0,2880 x 1800,120.0,AMD,1.2,"75WHrs, 4S1P, 4-cell Li-ion",31990000.0,data/cellphones/detail_htmls\asus_55_specs.html,AMD_RADEON_GRAPHICS,INTEGRATED,False,1.0,1.0,0.0581861958266452,0.949438202247191,0.2114767255216693,0.1805555555555555,31.99,0.529,0.949,True,True,True,True,False,True,False,75.0,0.7979482604817127,0.5,0.7979482604817127,1,0.58225,0.5837,0.6453533707865169,0.7162018459069022,0.6187993860353131,False,False,True,True
ASUS Vivobook S14 M3407ka Sf032ws RYZEN Ai 7,asus,AMD,Ryzen AI 7,350.0,2.0,32.0,DDR5,,512.0,14.0,1920 x 1200,60.0,AMD,1.4,"70WHrs, 4S1P, 4-cell Li-ion",25990000.0,data/cellphones/detail_htmls\asus_57_specs.html,AMD_RADEON_GRAPHICS,INTEGRATED,False,1.0,0.8,0.0581861958266452,0.7885232744783306,0.2114767255216693,0.1388888888888889,25.99,0.489,0.789,True,True,True,True,False,True,False,70.0,0.6882247992863515,0.5,0.6882247992863515,1,0.57225,0.5717,0.561417761452031,0.6269632053339919,0.5491806337202123,False,False,False,True
ASUS Zenbook 14 Ux3405ca Pz204ws,asus,Intel,Core Ultra 9,285.0,2.9,32.0,LPDDR5X,,1024.0,14.0,2880 x 1800,120.0,Intel,1.28,"75WHrs, 2S2P, 4-cell Li-ion",38990000.0,data/cellphones/detail_htmls\asus_56_specs.html,INTEL_GRAPHICS,INTEGRATED,False,1.0,1.0,0.1235955056179775,0.9000802568218298,0.2114767255216693,0.2291666666666666,38.99,0.562,0.9,True,True,True,True,False,True,False,75.0,0.7979482604817127,0.45,0.7979482604817127,1,0.5605,0.5661,0.6429280898876404,0.6939907704654895,0.6248157945425361,False,False,True,True
ASUS Vivobook S14 M3407ka Sf034ws RYZEN Ai 5,asus,AMD,Ryzen AI 5,330.0,4.6,16.0,DDR5,,512.0,14.0,1920 x 1200,60.0,AMD,1.4,"70WHrs, 4S1P, 4-cell Li-ion",22990000.0,data/cellphones/detail_htmls\asus_58_specs.html,AMD_RADEON_GRAPHICS,INTEGRATED,False,0.8,0.8,0.4534510433386838,0.7885232744783306,0.2114767255216693,0.1180555555555555,22.99,0.627,0.789,True,True,True,True,False,True,False,70.0,0.6882247992863515,0.5,0.6882247992863515,1,0.57675,0.5831,0.6235177614520311,0.6269632053339919,0.6254256337202123,False,False,True,True
ASUS Vivobook S 16 S5606ca Ri114ws,asus,Intel,Core Ultra 5,225.0,1.7,16.0,LPDDR5X,,512.0,16.0,2880 x 1800,120.0,Intel,1.5,"75WHrs, 4S1P, 4-cell Li-ion",28990000.0,data/cellphones/detail_htmls\asus_59_specs.html,INTEL_GRAPHICS,INTEGRATED,False,0.8,0.8,0.0381219903691813,0.6898073836276084,0.8487158908507223,0.1597222222222222,28.99,0.419,0.69,True,True,True,True,False,False,True,75.0,0.7979482604817127,0.45,0.7979482604817127,1,0.49475,0.4931999999999999,0.5049825842696629,0.4719201444622793,0.4682761918138042,False,False,False,False
ASUS Tuf Gaming A14 Fa401km Rg010ws RYZEN Ai 7,asus,AMD,Ryzen AI 7,350.0,2.0,32.0,LPDDR5X,,1024.0,14.0,2560 x 1600,165.0,NVIDIA,1.46,"73WHrs, 4S1P, 4-cell Li-ion Sạc lại từ 0-50% trong 30 phút",45150000.0,data/cellphones/detail_htmls\asus_60_specs.html,RTX 5060,DISCRETE_GAMING,False,1.0,1.0,0.0581861958266452,0.7323434991974318,0.2114767255216693,0.2719444444444444,45.15,0.529,0.732,True,True,True,True,False,True,False,73.0,0.7551293487957181,0.45,0.7551293487957181,1,0.55225,0.5562,0.5655240708729472,0.6117784603037413,0.5619915239535745,False,False,False,True
ASUS Vivobook S14 S3407ca Ly096ws,asus,Intel,Core Ultra 7,255.0,2.0,16.0,DDR5,,512.0,14.0,1920 x 1200,60.0,Intel,1.4,"70WHrs, 4S1P, 4-cell Li-ion",25990000.0,data/cellphones/detail_htmls\asus_62_specs.html,INTEL_UHD,INTEGRATED,False,0.8,0.8,0.0581861958266452,0.7885232744783306,0.2114767255216693,0.1388888888888889,25.99,0.429,0.789,True,True,True,True,False,True,False,70.0,0.6882247992863515,0.45,0.6882247992863515,1,0.49725,0.4962,0.5344177614520311,0.6269632053339919,0.5160306337202123,False,False,False,True
ASUS Rog Strix G16 G615jpr S5107w,asus,Intel,Core I7,14650.0,2.2,32.0,DDR5,5600.0,1024.0,16.0,2560 x 1600,240.0,NVIDIA,2.65,"90WHrs, 4S1P, 4-cell Li-ion",51090000.0,data/cellphones/detail_htmls\asus_63_specs.html,RTX 5070,DISCRETE_GAMING,False,1.0,1.0,0.081059390048154,0.027688603531300204,0.8487158908507223,0.3131944444444444,51.09,0.541,0.028,True,True,True,False,True,False,True,90.0,0.9402319357716324,0.45,0.9402319357716324,1,0.55525,0.5598000000000001,0.3578298617113223,0.2255309297444128,0.3954796237189776,False,False,False,False
ASUS Rog Strix G16 G615lr S5289w,asus,Intel,Core Ultra 7,255.0,2.4,16.0,DDR5,5600.0,1024.0,16.0,2560 x 1600,240.0,NVIDIA,2.65,"90WHrs, 4S1P, 4-cell Li-ion, Sạc từ 0-50% trong 30 phút",57990000.0,data/cellphones/detail_htmls\asus_61_specs.html,RTX 5070,DISCRETE_GAMING,False,0.8,1.0,0.095505617977528,0.027688603531300204,0.8487158908507223,0.3611111111111111,57.99,0.488,0.028,True,True,True,False,True,False,True,90.0,0.9402319357716324,0.45,0.9402319357716324,1,0.512,0.5139,0.3339798617113223,0.2255309297444128,0.3661971237189775,False,False,False,False
ASUS Rog Zephyrus G14 Ga403wr Qs156ws,asus,AMD,Ryzen AI 9,370.0,2.0,32.0,LPDDR5X,8000.0,1024.0,14.0,2880 x 1800,120.0,NVIDIA,1.57,"73WHrs, 4S1P, 4-cell Li-ion Sạc lại từ 0-50% trong 30 phút",71690000.0,data/cellphones/detail_htmls\asus_65_specs.html,RTX 5070,DISCRETE_GAMING,False,1.0,1.0,0.0581861958266452,0.6284109149277688,0.2114767255216693,0.45625,71.69,0.529,0.628,True,True,True,True,False,True,False,73.0,0.7551293487957181,0.45,0.7551293487957181,1,0.55225,0.5562,0.5297094641313742,0.5657311087788617,0.5366654806148907,False,False,False,False
ASUS Zenbook S 13 Oled Ux5304va Nq125w,asus,Intel,Core I7,1355.0,1.7,16.0,LPDDR5,,512.0,13.3,2880 x 1800,60.0,Intel,1.0,"63WHrs, 2S2P, 4-cell Li-ion",39990000.0,data/cellphones/detail_htmls\asus_66_specs.html,INTEL_IRIS_XE,INTEGRATED,False,0.8,0.8,0.0381219903691813,0.9823434991974318,0.0176565008025682,0.2361111111111111,39.99,0.419,0.982,True,True,True,True,False,True,False,63.0,0.6119536128456735,0.55,0.6119536128456735,1,0.5547500000000001,0.5482,0.5842933016421781,0.7293886590937153,0.5554597175577232,False,False,False,True
ASUS Vivobook 14 A1407ca Ly008ws,asus,Intel,Core Ultra 5,225.0,1.7,16.0,DDR5,,512.0,14.0,1920 x 1200,60.0,Intel,1.46,"42WHrs, 3S1P, 3-cell Li-ion",22490000.0,data/cellphones/detail_htmls\asus_64_specs.html,INTEL_GRAPHICS,INTEGRATED,False,0.8,0.8,0.0381219903691813,0.7323434991974318,0.2114767255216693,0.1145833333333333,22.49,0.419,0.732,True,True,True,True,False,True,False,42.0,0.11864406779661017,0.45,0.11864406779661017,1,0.49475,0.4931999999999999,0.4564086862575626,0.5074515372268181,0.4535242162612667,False,False,False,False
ASUS Rog Zephyrus G16 Gu605cr Qr107w,asus,Intel,Core Ultra 9,285.0,2.9,32.0,LPDDR5X,7467.0,1024.0,16.0,2560 x 1600,240.0,NVIDIA,1.95,"90WHrs, 4S1P, 4-cell Li-ion Sạc lại từ 0-50% trong 30 phút",76590000.0,data/cellphones/detail_htmls\asus_67_specs.html,RTX 5070,DISCRETE_GAMING,False,1.0,1.0,0.1235955056179775,0.271669341894061,0.8487158908507223,0.4902777777777777,76.59,0.562,0.272,True,True,True,False,False,False,True,90.0,0.9402319357716324,0.45,0.9402319357716324,1,0.5605,0.5661,0.4523922212618842,0.3349611063094209,0.4672687208297321,False,False,False,False
ASUS Tuf Gaming F16 Fx608jpr Rv044w,asus,Intel,Core I7,14650.0,2.2,16.0,DDR5,,1024.0,16.0,1920 x 1200,165.0,NVIDIA,2.2,"90WHrs, 4S1P, 4-cell Li-ion",45190000.0,data/cellphones/detail_htmls\asus_68_specs.html,RTX 5070,DISCRETE_GAMING,False,0.8,1.0,0.081059390048154,0.1761637239165329,0.8487158908507223,0.2722222222222222,45.19,0.481,0.176,True,True,True,False,False,False,True,90.0,0.9402319357716324,0.45,0.9402319357716324,1,0.51025,0.5118,0.3827961538461539,0.2923447339177676,0.3990772160143228,False,False,False,False
ASUS Zenbook 14 Ux3405ca Pz368ws,asus,Intel,Core Ultra 7,255.0,2.0,16.0,LPDDR5X,,512.0,14.0,2880 x 1800,120.0,Intel,1.28,"75WHrs, 2S2P, 4-cell Li-ion",34990000.0,data/cellphones/detail_htmls\asus_72_specs.html,INTEL_GRAPHICS,INTEGRATED,False,0.8,0.8,0.0581861958266452,0.9000802568218298,0.2114767255216693,0.2013888888888889,34.99,0.429,0.9,True,True,True,True,False,True,False,75.0,0.7979482604817127,0.45,0.7979482604817127,1,0.49725,0.4962,0.5830780898876404,0.6939907704654895,0.5513332945425361,False,False,False,True
ASUS Vivobook S14 S5406sa Pp168ws,asus,Intel,Core Ultra 5,226.0,2.1,16.0,LPDDR5X,,512.0,14.0,2880 x 1800,120.0,Intel,1.3,"75WHrs, 4S1P, 4-cell Li-ion",28490000.0,data/cellphones/detail_htmls\asus_69_specs.html,INTEL_GRAPHICS,INTEGRATED,False,0.8,0.8,0.0718298555377207,0.8900481540930979,0.2114767255216693,0.15625,28.49,0.436,0.89,True,True,True,True,False,True,False,75.0,0.7979482604817127,0.45,0.7979482604817127,1,0.499,0.4983,0.5827168539325842,0.6894763242375601,0.5527178491171749,False,False,False,True
ASUS Vivobook S16 S3607ca Sh082ws,asus,Intel,Core Ultra 5,225.0,1.7,16.0,DDR5,,512.0,16.0,1920 x 1200,60.0,Intel,1.7,"70WHrs, 4S1P, 4-cell Li-ion",23990000.0,data/cellphones/detail_htmls\asus_70_specs.html,INTEL_GRAPHICS,INTEGRATED,False,0.8,0.8,0.0381219903691813,0.442215088282504,0.8487158908507223,0.125,23.99,0.419,0.442,True,True,True,False,False,False,True,70.0,0.6882247992863515,0.45,0.6882247992863515,1,0.49475,0.4931999999999999,0.4092716940363007,0.344398999876528,0.3997020622916408,False,False,False,False
ASUS Vivobook S16 S3607ca Sh083ws,asus,Intel,Core Ultra 7,255.0,2.0,16.0,DDR5,,512.0,16.0,1920 x 1200,60.0,Intel,1.7,"70WHrs, 4S1P, 4-cell Li-ion",26990000.0,data/cellphones/detail_htmls\asus_71_specs.html,INTEL_GRAPHICS,INTEGRATED,False,0.8,0.8,0.0581861958266452,0.442215088282504,0.8487158908507223,0.1458333333333333,26.99,0.429,0.442,True,True,True,False,False,False,True,70.0,0.6882247992863515,0.45,0.6882247992863515,1,0.49725,0.4962,0.4137716940363007,0.344398999876528,0.4052270622916409,False,False,False,False
ASUS Tuf Gaming F15 Fx507zc4 Hn074w,asus,Intel,Core I5,12500.0,2.5,8.0,DDR4,3200.0,1024.0,15.6,1920 x 1080,144.0,NVIDIA,2.2,"56WHrs, 4S1P, 4-cell Li-ion",25990000.0,data/cellphones/detail_htmls\asus_73_specs.html,RTX 3050,DISCRETE_GAMING,False,0.6,1.0,0.1039325842696629,0.1761637239165329,0.5842696629213483,0.1388888888888889,25.99,0.432,0.176,True,True,True,False,False,False,True,56.0,0.41480820695807313,0.9,0.41480820695807313,1,0.738,0.7146,0.2953615384615384,0.2308109025805655,0.3302748728238054,True,True,False,False
ASUS Vivobook 15 Oled A1505va Ma468w,asus,Intel,Core I5,13500.0,2.6,16.0,DDR4,,512.0,15.6,2880 x 1620,120.0,Intel,1.7,"50WHrs, 3S1P, 3-cell Li-ion",20990000.0,data/cellphones/detail_htmls\asus_76_specs.html,INTEL_IRIS_XE,INTEGRATED,False,0.8,0.8,0.1111556982343499,0.442215088282504,0.5842696629213483,0.1041666666666666,20.99,0.456,0.442,True,True,True,False,False,False,True,50.0,0.25111507582515613,0.55,0.25111507582515613,1,0.5640000000000001,0.5593,0.3874601555747623,0.3299805531547105,0.3999531806395852,False,False,False,False
ASUS Vivoboook S 14 Oled S5406ma Pp046ws,asus,Intel,Core Ultra 5,125.0,1.2,16.0,LPDDR5X,,512.0,14.0,2880 x 1800,120.0,Intel,1.3,"75WHrs, 4S1P, 4-cell Li-ion",26990000.0,data/cellphones/detail_htmls\asus_77_specs.html,INTEL_GRAPHICS,INTEGRATED,False,0.8,0.8,0.0128410914927768,0.8900481540930979,0.2114767255216693,0.1458333333333333,26.99,0.406,0.89,True,True,True,True,False,True,False,75.0,0.7979482604817127,0.45,0.7979482604817127,1,0.4915,0.4893,0.5692168539325844,0.6894763242375601,0.536142849117175,False,False,False,True
ASUS Rog Strix G16 G614ju N3135w,asus,Intel,Core I5,13450.0,2.4,16.0,DDR5,4800.0,1024.0,16.0,1920 x 1200,165.0,NVIDIA,2.5,"90WHrs, 4S1P, 4-cell Li-ion",33990000.0,data/cellphones/detail_htmls\asus_75_specs.html,RTX 4050,DISCRETE_GAMING,False,0.8,1.0,0.095505617977528,0.052969502407704705,0.8487158908507223,0.1944444444444444,33.99,0.488,0.053,True,True,True,False,True,False,True,90.0,0.9402319357716324,1.0,0.9402319357716324,1,0.842,0.8164,0.3428281763180639,0.2369073342387949,0.3724541461908878,True,True,False,False
ASUS Vivobook S 15 S5507qa Ma092ws Copilot X Plus,asus,Qualcomm,Snapdragon X Lus,,3.4,16.0,LPDDR5X,,512.0,15.6,2880 x 1620,120.0,Qualcomm,1.42,"70WHrs, 3S1P, 3-cell Li-ion",26990000.0,data/cellphones/detail_htmls\asus_74_specs.html,QUALCOMM_ADRENO,INTEGRATED_ARM,False,0.8,0.8,0.1565008025682183,0.7620385232744783,0.5842696629213483,0.1458333333333333,26.99,0.478,0.762,True,True,True,True,False,False,True,70.0,0.6882247992863515,0.45,0.6882247992863515,1,0.5095000000000001,0.5109,0.5471980985306828,0.5404864798123225,0.5216364403012718,False,False,False,True
ASUS Vivobook 15 Oled A1505va Ma469w,asus,Intel,Core I9,13900.0,2.6,16.0,DDR4,,512.0,15.6,2880 x 1620,120.0,Intel,1.7,"50WHrs, 3S1P, 3-cell Li-ion",24990000.0,data/cellphones/detail_htmls\asus_78_specs.html,INTEL_IRIS_XE,INTEGRATED,False,0.8,0.8,0.1111556982343499,0.442215088282504,0.5842696629213483,0.1319444444444444,24.99,0.456,0.442,True,True,True,False,False,False,True,50.0,0.25111507582515613,0.55,0.25111507582515613,1,0.5640000000000001,0.5593,0.3874601555747623,0.3299805531547105,0.3999531806395852,False,False,False,False
ASUS Vivobook 15 Oled S5507qa Ma090ws,asus,Qualcomm,Snapdragon X Lite,,3.4,32.0,LPDDR5X,,1024.0,15.6,2880 x 1620,120.0,Qualcomm,1.42,"70WHrs, 3S1P, 3-cell Li-ion",34990000.0,data/cellphones/detail_htmls\asus_79_specs.html,QUALCOMM_ADRENO,INTEGRATED_ARM,False,1.0,1.0,0.1565008025682183,0.7620385232744783,0.5842696629213483,0.2013888888888889,34.99,0.578,0.762,True,True,True,True,False,False,True,70.0,0.6882247992863515,0.45,0.6882247992863515,1,0.5645,0.5709,0.5921980985306827,0.5404864798123225,0.5768864403012717,False,False,False,True
ASUS Rog Strix G16 G614ju N3480w,asus,Intel,Core I5,13450.0,2.4,32.0,DDR5,4800.0,2048.0,16.0,1920 x 1200,165.0,NVIDIA,2.5,"90WHrs, 4S1P, 4-cell Li-ion Sạc lại từ 0-50% trong 30 phút",37990000.0,data/cellphones/detail_htmls\asus_80_specs.html,RTX 4050,DISCRETE_GAMING,False,1.0,1.0,0.095505617977528,0.052969502407704705,0.8487158908507223,0.2222222222222222,37.99,0.548,0.053,True,True,True,False,True,False,True,90.0,0.9402319357716324,1.0,0.9402319357716324,1,0.887,0.8644000000000001,0.369828176318064,0.2369073342387949,0.4056041461908878,True,True,False,False
ASUS Vivobook 16 M1607ka Mb091ws RYZEN Ai 7,asus,AMD,Ryzen AI 7,350.0,2.0,16.0,DDR5,,512.0,16.0,1920 x 1200,60.0,AMD,1.88,"42WHrs, 3S1P, 3-cell Li-ion",22990000.0,data/cellphones/detail_htmls\asus_81_specs.html,AMD_RADEON_GRAPHICS,INTEGRATED,False,0.8,0.8,0.0581861958266452,0.3126003210272873,0.8487158908507223,0.1180555555555555,22.99,0.429,0.313,True,True,True,False,False,False,True,42.0,0.11864406779661017,0.5,0.11864406779661017,1,0.52725,0.5237,0.314560371650821,0.1918415853809111,0.3300704843190517,False,False,False,False
ASUS Gaming Vivobook K3605zf Rp634w,asus,Intel,Core I5,12500.0,2.5,16.0,DDR4,,512.0,16.0,1920 x 1200,144.0,NVIDIA,1.8,"50WHrs, 3S1P, 3-cell Li-ion",20990000.0,data/cellphones/detail_htmls\asus_82_specs.html,RTX 2050,DISCRETE_GAMING,False,0.8,0.8,0.1039325842696629,0.3591492776886035,0.8487158908507223,0.1041666666666666,20.99,0.452,0.359,True,True,True,False,False,False,True,50.0,0.25111507582515613,0.8,0.25111507582515613,1,0.713,0.6956000000000001,0.3565871218668971,0.2397116928015804,0.3666065434004198,True,True,False,False
ASUS Vivoboook S 14 Oled S5406ma Pp198ws,asus,Intel,Core Ultra 7,155.0,1.4,16.0,LPDDR5X,,512.0,14.0,2880 x 1800,120.0,Intel,1.3,"75WHrs, 4S1P, 4-cell Li-ion",29990000.0,data/cellphones/detail_htmls\asus_83_specs.html,INTEL_GRAPHICS,INTEGRATED,False,0.8,0.8,0.0292937399678972,0.8900481540930979,0.2114767255216693,0.1666666666666666,29.99,0.415,0.89,True,True,True,True,False,True,False,75.0,0.7979482604817127,0.45,0.7979482604817127,1,0.49375,0.492,0.5732668539325843,0.6894763242375601,0.541115349117175,False,False,False,True
ASUS Tuf Gaming F15 Fx506hf Hn078w,asus,Intel,Core I5,11260.0,2.9,16.0,DDR4,3200.0,1024.0,15.6,1920 x 1080,144.0,NVIDIA,2.3,"48WHrs, 3S1P, 3-cell Li-ion",20990000.0,data/cellphones/detail_htmls\asus_84_specs.html,RTX 2050,DISCRETE_GAMING,False,0.8,1.0,0.1235955056179775,0.1211878009630819,0.5842696629213483,0.1041666666666666,20.99,0.502,0.121,True,True,True,False,False,False,True,48.0,0.2149866190900981,0.8,0.2149866190900981,1,0.7254999999999999,0.7106,0.2922353500432151,0.1791486603284355,0.3430356395851339,True,True,False,False
ASUS Gaming Vivobook K3605zu Rp296w,asus,Intel,Core I5,12500.0,2.5,16.0,DDR4,,512.0,16.0,1920 x 1200,144.0,NVIDIA,1.8,"70WHrs, 3S1P, 3-cell Li-ion",28490000.0,data/cellphones/detail_htmls\asus_85_specs.html,RTX 4050,DISCRETE_GAMING,False,0.8,0.8,0.1039325842696629,0.3591492776886035,0.8487158908507223,0.15625,28.49,0.452,0.359,True,True,True,False,False,False,True,70.0,0.6882247992863515,1.0,0.6882247992863515,1,0.833,0.8056,0.3950486603284355,0.3070193851092727,0.3973757741696506,True,True,False,False
ASUS Vivobook S 14 Oled S5406ma Pp136w,asus,Intel,Core Ultra 5,125.0,1.2,16.0,LPDDR5X,,1024.0,14.0,2880 x 1800,120.0,Intel,1.3,"75WHrs, 4S1P, 4-cell Li-ion",26990000.0,data/cellphones/detail_htmls\asus_86_specs.html,INTEL_GRAPHICS,INTEGRATED,False,0.8,1.0,0.0128410914927768,0.8900481540930979,0.2114767255216693,0.1458333333333333,26.99,0.446,0.89,True,True,True,True,False,True,False,75.0,0.7979482604817127,0.45,0.7979482604817127,1,0.5015000000000001,0.5013000000000001,0.5872168539325844,0.6894763242375601,0.558242849117175,False,False,False,True
ASUS Vivobook 14 Oled A1405va Km257w,asus,Intel,Core I5,13500.0,2.6,16.0,DDR4,,512.0,14.0,2880 x 1800,90.0,Intel,1.6,"50WHrs, 3S1P, 3-cell Li-ion",20990000.0,data/cellphones/detail_htmls\asus_87_specs.html,INTEL_IRIS_XE,INTEGRATED,False,0.8,0.8,0.1111556982343499,0.6071428571428572,0.2114767255216693,0.1041666666666666,20.99,0.456,0.607,True,True,True,False,False,True,False,50.0,0.25111507582515613,0.55,0.25111507582515613,1,0.5640000000000001,0.5593,0.4451848746758859,0.4787566366218052,0.4556845209285097,False,False,False,False
ASUS Expertbook B1402cba Nk2669w,asus,Intel,Core I5,1235.0,1.7,16.0,DDR4,,512.0,14.0,1920 x 1080,60.0,Intel,1.49,"42WHrs, 3S1P, 3-cell Li-ion",19990000.0,data/cellphones/detail_htmls\asus_88_specs.html,INTEL_UHD,INTEGRATED,False,0.8,0.8,0.0381219903691813,0.7150882825040128,0.2114767255216693,0.0972222222222222,19.99,0.419,0.715,True,True,True,True,False,True,False,42.0,0.11864406779661017,0.45,0.11864406779661017,1,0.49475,0.4931999999999999,0.4503693604148659,0.4996866897147796,0.4492535501296456,False,False,False,False
ASUS Vivobook 15 X1504za Nj517w,asus,Intel,Core I5,1235.0,1.3,16.0,DDR4,,512.0,15.6,1920 x 1080,60.0,Intel,1.7,"42WHrs, 3S1P, 3-cell Li-ion",16490000.0,data/cellphones/detail_htmls\asus_89_specs.html,INTEL_IRIS_XE,INTEGRATED,False,0.8,0.8,0.0220706260032102,0.442215088282504,0.5842696629213483,0.0729166666666666,16.49,0.411,0.442,True,True,True,False,False,False,True,42.0,0.11864406779661017,0.55,0.11864406779661017,1,0.5527500000000001,0.5458000000000001,0.3518255401901469,0.3030574762316335,0.3627829883318928,False,False,False,False
ASUS Vivobook 15 Oled A1505va L1201w,asus,Intel,Core I9,13900.0,2.6,16.0,DDR4,,512.0,15.6,1920 x 1080,60.0,Intel,1.7,"50WHrs, 3S1P, 3-cell Li-ion",24990000.0,data/cellphones/detail_htmls\asus_92_specs.html,INTEL_IRIS_XE,INTEGRATED,False,0.8,0.8,0.1111556982343499,0.442215088282504,0.5842696629213483,0.1319444444444444,24.99,0.456,0.442,True,True,True,False,False,False,True,50.0,0.25111507582515613,0.55,0.25111507582515613,1,0.5640000000000001,0.5593,0.3874601555747623,0.3299805531547105,0.3999531806395852,False,False,False,False
ASUS Vivobook 14 Oled A1405za Km264w,asus,Intel,Core I5,12500.0,2.5,16.0,DDR4,,512.0,14.0,2880 x 1800,90.0,Intel,1.6,"50WHrs, 3S1P, 3-cell Li-ion",17990000.0,data/cellphones/detail_htmls\asus_91_specs.html,INTEL_IRIS_XE,INTEGRATED,False,0.8,0.8,0.1039325842696629,0.6071428571428572,0.2114767255216693,0.0833333333333333,17.99,0.452,0.607,True,True,True,False,False,True,False,50.0,0.25111507582515613,0.55,0.25111507582515613,1,0.563,0.5581,0.4433848746758859,0.4787566366218052,0.4534745209285097,False,False,False,False
ASUS Tuf Gaming A15 Fa507nu Lp140w,asus,AMD,Ryzen5,7535.0,4.5,16.0,DDR5,4800.0,2048.0,15.6,1920 x 1080,144.0,NVIDIA,2.2,"90WHrs, 4S1P, 4-cell Li-ion",25990000.0,data/cellphones/detail_htmls\asus_94_specs.html,RTX 4050,DISCRETE_GAMING,False,0.8,1.0,0.3029695024077046,0.1761637239165329,0.5842696629213483,0.1388888888888889,25.99,0.591,0.176,True,True,True,False,False,False,True,90.0,0.9402319357716324,1.0,0.9402319357716324,1,0.8677499999999999,0.8473,0.4322961538461539,0.3452339795036424,0.4704300651314977,True,True,False,False
ASUS Vivobook 15 X1504za Nj1039w,asus,Intel,Core I7,1255.0,1.7,16.0,DDR4,,512.0,15.6,1920 x 1080,60.0,Intel,1.7,"42WHrs, 3S1P, 3-cell Li-ion",17990000.0,data/cellphones/detail_htmls\asus_93_specs.html,INTEL_IRIS_XE,INTEGRATED,False,0.8,0.8,0.0381219903691813,0.442215088282504,0.5842696629213483,0.0833333333333333,17.99,0.419,0.442,True,True,True,False,False,False,True,42.0,0.11864406779661017,0.55,0.11864406779661017,1,0.5547500000000001,0.5482,0.3554255401901468,0.3030574762316335,0.3672029883318927,False,False,False,False
ASUS Rog Strix G16 G614jv N4156w,asus,Intel,Core I7,13650.0,2.6,16.0,DDR5,4800.0,2048.0,16.0,2560x1600,240.0,NVIDIA,2.5,"90WHrs, 4S1P, 4-cell Li-ion",40990000.0,data/cellphones/detail_htmls\asus_97_specs.html,RTX 4060,DISCRETE_GAMING,False,0.8,1.0,0.1111556982343499,0.052969502407704705,0.8487158908507223,0.2430555555555555,40.99,0.496,0.053,True,True,True,False,True,False,True,90.0,0.9402319357716324,1.0,0.9402319357716324,1,0.844,0.8188000000000001,0.346428176318064,0.2369073342387949,0.3768741461908877,True,True,False,False
ASUS Vivobook Flip 14 Tp470ea Ec346w,asus,Intel,Core I3,1115.0,4.6,4.0,LPDDR4X,3200.0,512.0,14.0,1920 x 1080,,Intel,1.5,3 Cells 42WHrs,16590000.0,data/cellphones/detail_htmls\asus_96_specs.html,INTEL_UHD,INTEGRATED,False,0.4,0.8,0.4534510433386838,0.6898073836276084,0.2114767255216693,0.0736111111111111,16.59,0.507,0.69,True,True,True,True,False,True,False,42.0,0.11864406779661017,0.45,0.11864406779661017,1,0.45675,0.4596,0.4811210458081244,0.4883102852203976,0.4916165276577355,False,False,False,False
ASUS Tuf Gaming A15 Fa506nf Hn005w,asus,AMD,Ryzen5,7535.0,3.3,8.0,DDR5,4800.0,512.0,15.6,1920 x 1080,144.0,NVIDIA,2.3,"48WHrs, 3S1P, 3-cell Li-ion",19990000.0,data/cellphones/detail_htmls\asus_95_specs.html,RTX 2050,DISCRETE_GAMING,False,0.6,0.8,0.1432584269662921,0.1211878009630819,0.5842696629213483,0.0972222222222222,19.99,0.412,0.121,True,True,True,False,False,False,True,48.0,0.2149866190900981,0.8,0.2149866190900981,1,0.6729999999999999,0.6536000000000001,0.2517353500432152,0.1791486603284355,0.293310639585134,True,True,False,False
ASUS Vivobook Pro M3401qa Km025w,asus,AMD,Ryzen7,5800.0,4.6,8.0,DDR4,3200.0,512.0,14.0,2880 x 1800,90.0,AMD,1.45,3 Cells 63WHrs,18600000.0,data/cellphones/detail_htmls\asus_99_specs.html,AMD_RADEON_GRAPHICS,INTEGRATED,False,0.6,0.8,0.4534510433386838,0.7387640449438202,0.2114767255216693,0.0875694444444444,18.6,0.567,0.739,True,True,True,True,False,True,False,63.0,0.6119536128456735,0.5,0.6119536128456735,1,0.53175,0.5351,0.565640492653414,0.5810138597357699,0.5691909936411902,False,False,False,True
ASUS Zenbook Duo Ux8406ma Pz307w,asus,Intel,Core Ultra 7,155.0,1.4,16.0,LPDDR5X,,512.0,14.0,2880 x 1800,120.0,Intel,1.65,"75WHrs, 4S1P, 4-cell Li-ion",49990000.0,data/cellphones/detail_htmls\asus_98_specs.html,INTEL_GRAPHICS,INTEGRATED,False,0.8,0.8,0.0292937399678972,0.5417335473515249,0.2114767255216693,0.3055555555555556,49.99,0.415,0.542,True,True,True,False,False,True,False,75.0,0.7979482604817127,0.45,0.7979482604817127,1,0.49375,0.492,0.4519185393258427,0.533457062600321,0.4553047552166934,False,False,False,False
ASUS Vivobook Pro M3401qa Km006w,asus,AMD,Ryzen5,5600.0,4.6,8.0,DDR4,3200.0,512.0,14.0,2880 x 1800,,AMD,1.4,"3-cell Li-ion, 63 Wh",17800000.0,data/cellphones/detail_htmls\asus_101_specs.html,AMD_RADEON_GRAPHICS,INTEGRATED,False,0.6,0.8,0.4534510433386838,0.7885232744783306,0.2114767255216693,0.0820138888888888,17.8,0.567,0.789,True,True,True,True,False,True,False,63.0,0.6119536128456735,0.5,0.6119536128456735,1,0.53175,0.5351,0.5830562229904926,0.6034055130262996,0.5815064029509815,False,False,False,True
ASUS Expertbook B1 B1502cva Nj0149w,asus,Intel,Core I3,1315.0,1.2,8.0,DDR4,,512.0,15.6,1920 x 1080,60.0,Intel,1.69,"42WHrs, 3S1P, 3-cell Li-ion",12490000.0,data/cellphones/detail_htmls\asus_111_specs.html,INTEL_UHD,INTEGRATED,False,0.6,0.8,0.0128410914927768,0.4719101123595506,0.5842696629213483,0.0451388888888888,12.49,0.346,0.472,True,True,True,False,False,False,True,42.0,0.11864406779661017,0.45,0.11864406779661017,1,0.4465,0.4413,0.3329687986171131,0.3164202370663044,0.3342200067909617,False,False,False,False
ASUS Rog Strix G16 G614ji N4125w,asus,Intel,Core I7,13650.0,2.6,16.0,DDR5,4800.0,2048.0,16.0,2560 x 1600,240.0,NVIDIA,2.5,"90WHrs, 4S1P, 4-cell Li-ion",46990000.0,data/cellphones/detail_htmls\asus_119_specs.html,RTX 4070,DISCRETE_GAMING,False,0.8,1.0,0.1111556982343499,0.052969502407704705,0.8487158908507223,0.2847222222222222,46.99,0.496,0.053,True,True,True,False,True,False,True,90.0,0.9402319357716324,1.0,0.9402319357716324,1,0.844,0.8188000000000001,0.346428176318064,0.2369073342387949,0.3768741461908877,True,True,False,False
ACER Aspire Lite 16 Gen 2 Al16 52p 572a,acer,Intel,Core I5,1334.0,3.4,16.0,DDR5,4800.0,2048.0,16.0,1920 x 1200,60.0,Intel,1.7,58Whr 3-cell 65W PD Type-C Adapter,14790000.0,data/cellphones/detail_htmls\acer_1_specs.html,INTEL_IRIS_XE,INTEGRATED,False,0.8,1.0,0.1565008025682183,0.442215088282504,0.8487158908507223,0.0611111111111111,14.79,0.518,0.442,True,True,True,False,False,False,True,58.0,0.5156110615521855,0.55,0.5156110615521855,1,0.5795,0.5779000000000001,0.4307447709593777,0.3040143844919126,0.4359380238301025,False,False,False,False
ACER Gaming Nitro Lite 16 Nl16 71g 71uj,acer,Intel,Core I7,13620.0,3.6,16.0,DDR5,4800.0,2048.0,16.0,1920 x 1200,165.0,NVIDIA,1.95,53Wh 3-cell Li-ion battery 100W Type C adapter,23990000.0,data/cellphones/detail_htmls\acer_4_specs.html,RTX 3050,DISCRETE_GAMING,False,0.8,1.0,0.1761637239165329,0.271669341894061,0.8487158908507223,0.125,23.99,0.528,0.272,True,True,True,False,False,False,True,53.0,0.32292595896520965,0.9,0.32292595896520965,1,0.792,0.7734000000000001,0.365938375108038,0.2104418755401901,0.3915606439066551,True,True,False,False
Gaming ACER Nitro V Anv15 51 57b2,acer,Intel,Core I5,13420.0,4.6,16.0,DDR5,5200.0,2048.0,15.6,1920 x 1080,144.0,NVIDIA,2.1,"4 Cell, 57 Whr",26990000.0,data/cellphones/detail_htmls\acer_3_specs.html,RTX 4050,DISCRETE_GAMING,False,0.8,1.0,0.4534510433386838,0.2215088282504013,0.5842696629213483,0.1458333333333333,26.99,0.667,0.222,True,True,True,False,False,False,True,57.0,0.4683318465655665,1.0,0.4683318465655665,1,0.88675,0.8701,0.4186245030250648,0.2542204284479565,0.4726751120508705,True,True,False,False
Gaming ACER Nitro V Anv15 41 R7ap,acer,AMD,Ryzen5,7535.0,3.3,16.0,DDR5,4800.0,4096.0,15.6,1920 x 1080,180.0,NVIDIA,2.1,57Whr 4-cell Adapter: 135W AC adapter,22990000.0,data/cellphones/detail_htmls\acer_2_specs.html,RTX 2050,DISCRETE_GAMING,False,0.8,1.0,0.1432584269662921,0.2215088282504013,0.5842696629213483,0.1180555555555555,22.99,0.512,0.222,True,True,True,False,False,False,True,57.0,0.4683318465655665,0.8,0.4683318465655665,1,0.728,0.7136,0.3488745030250648,0.2542204284479565,0.3870376120508705,True,True,False,False
ACER Gaming Aspire 7 A715 59g 57tu,acer,Intel,Core I5,12450.0,3.3,16.0,DDR4,3200.0,4096.0,15.6,1920 x 1080,144.0,NVIDIA,1.99,"Pin Li-ion 3 cell 54,8Wh Bộ đổi nguồn AC 150W",20490000.0,data/cellphones/detail_htmls\acer_0_specs.html,RTX 3050,DISCRETE_GAMING,False,0.8,1.0,0.1432584269662921,0.2520064205457464,0.5842696629213483,0.1006944444444444,20.49,0.512,0.252,True,True,True,False,False,False,True,54.8,0.3800178412132025,0.9,0.3800178412132025,1,0.788,0.7686000000000001,0.3553178910976663,0.2605404988270156,0.391201150759353,True,True,False,False
ACER Aspire Go 15 Ag15 51p 3151,acer,Intel,Core I3,1215.0,1.2,8.0,DDR5,5600.0,2048.0,15.3,1920 x 1200,60.0,Intel,1.7,"53 Wh 3-cell, 65W PD PCR 50%, TCO 9.0 AC adapter",10990000.0,data/cellphones/detail_htmls\acer_6_specs.html,INTEL_UHD,INTEGRATED,False,0.6,1.0,0.0128410914927768,0.442215088282504,0.4297752808988764,0.0347222222222222,10.99,0.386,0.442,True,True,True,False,False,False,False,53.0,0.32292595896520965,0.45,0.32292595896520965,1,0.4565,0.4533,0.3617293863439931,0.3709755834053587,0.3720733405358686,False,False,False,False
Gaming ACER Nitro V Anv15 51 72vs,acer,Intel,Core I7,13620.0,4.9,16.0,DDR5,5200.0,2048.0,15.6,1920 x 1080,144.0,NVIDIA,2.1,"4 cell, 57Wh",25990000.0,data/cellphones/detail_htmls\acer_8_specs.html,RTX 2050,DISCRETE_GAMING,False,0.8,1.0,0.7391653290529695,0.2215088282504013,0.5842696629213483,0.1388888888888889,25.99,0.81,0.222,True,True,True,False,False,False,True,57.0,0.4683318465655665,0.8,0.4683318465655665,1,0.8025,0.803,0.4829745030250648,0.2542204284479565,0.5516826120508704,True,True,False,False
ACER Gaming Nitro Lite 16 Nl16 71g 56wq,acer,Intel,Core I5,13420.0,3.4,16.0,DDR5,4800.0,2048.0,16.0,1920 x 1200,165.0,NVIDIA,1.95,Pin Li-ion 3 cell 53Wh Bộ chuyển đổi TypeC 100W,21990000.0,data/cellphones/detail_htmls\acer_9_specs.html,RTX 3050,DISCRETE_GAMING,False,0.8,1.0,0.1565008025682183,0.271669341894061,0.8487158908507223,0.1111111111111111,21.99,0.518,0.272,True,True,True,False,False,False,True,53.0,0.32292595896520965,0.9,0.32292595896520965,1,0.7895,0.7704000000000001,0.361438375108038,0.2104418755401901,0.3860356439066551,True,True,False,False
ACER Nitro V Anv15 41 R2up,acer,AMD,Ryzen5,6600.0,3.3,16.0,DDR5,4800.0,4096.0,15.6,1920 x 1080,165.0,NVIDIA,2.1,"57Whr 4-cell, 135W AC Adapter",18690000.0,data/cellphones/detail_htmls\acer_5_specs.html,RTX 2050,DISCRETE_GAMING,False,0.8,1.0,0.1432584269662921,0.2215088282504013,0.5842696629213483,0.0881944444444444,18.69,0.512,0.222,True,True,True,False,False,False,True,57.0,0.4683318465655665,0.8,0.4683318465655665,1,0.728,0.7136,0.3488745030250648,0.2542204284479565,0.3870376120508705,True,True,False,False
ACER Gaming Nitro V 15 Propanel Anv15 41 R7cr,acer,AMD,Ryzen5,7535.0,3.3,16.0,DDR5,4800.0,4096.0,15.6,1920 x 1080,180.0,NVIDIA,2.1,"57Whr 4-cell Li-ion Battery, 135W AC Adapter",26990000.0,data/cellphones/detail_htmls\acer_7_specs.html,RTX 4050,DISCRETE_GAMING,False,0.8,1.0,0.1432584269662921,0.2215088282504013,0.5842696629213483,0.1458333333333333,26.99,0.512,0.222,True,True,True,False,False,False,True,57.0,0.4683318465655665,1.0,0.4683318465655665,1,0.848,0.8236,0.3488745030250648,0.2542204284479565,0.3870376120508705,True,True,False,False
ACER Aspire Lite 14 Al14 71m 52gq,acer,Intel,Core I5,12500.0,4.5,16.0,DDR5,4800.0,2048.0,14.0,1920 x 1200,60.0,Intel,1.55,3 cell 58WHrs,15990000.0,data/cellphones/detail_htmls\acer_10_specs.html,INTEL_IRIS_XE,INTEGRATED,False,0.8,1.0,0.3029695024077046,0.6408507223113964,0.2114767255216693,0.0694444444444444,15.99,0.591,0.641,True,True,True,True,False,True,False,58.0,0.5156110615521855,0.55,0.5156110615521855,1,0.59775,0.5998,0.5328363439930855,0.5204870971724904,0.5507237742313866,False,False,False,False
Gaming ACER Nitro V 15 Propanel Anv15 51 73bt,acer,Intel,Core I7,13620.0,3.6,16.0,DDR5,5200.0,4096.0,15.6,1920 x 1080,180.0,NVIDIA,2.1,57Whr 4-cell 135W 5.5 PHY Adapter,27990000.0,data/cellphones/detail_htmls\acer_12_specs.html,RTX 2050,DISCRETE_GAMING,False,0.8,1.0,0.1761637239165329,0.2215088282504013,0.5842696629213483,0.1527777777777778,27.99,0.528,0.222,True,True,True,False,False,False,True,57.0,0.4683318465655665,0.8,0.4683318465655665,1,0.732,0.7184,0.3560745030250648,0.2542204284479565,0.3958776120508704,True,True,False,False
ACER Gaming Nitro V 15 Propanel Anv15 41 R9m1,acer,AMD,Ryzen5,7535.0,3.3,16.0,DDR5,4800.0,4096.0,15.6,1920 x 1080,180.0,NVIDIA,2.1,Pin Li-ion 4 cell 57Whr Bộ đổi nguồn AC 135W,21990000.0,data/cellphones/detail_htmls\acer_11_specs.html,RTX 3050,DISCRETE_GAMING,False,0.8,1.0,0.1432584269662921,0.2215088282504013,0.5842696629213483,0.1111111111111111,21.99,0.512,0.222,True,True,True,False,False,False,True,57.0,0.4683318465655665,0.9,0.4683318465655665,1,0.788,0.7686000000000001,0.3488745030250648,0.2542204284479565,0.3870376120508705,True,True,False,False
ACER Aspire 3 A315 58 53s6,acer,Intel,Core I5,1135.0,2.4,8.0,DDR4,2400.0,2048.0,15.6,1920 x 1080,60.0,Intel,1.7,36.7 Wh 2-cell Li-ion battery,15990000.0,data/cellphones/detail_htmls\acer_14_specs.html,INTEL_IRIS_XE,INTEGRATED,False,0.6,1.0,0.095505617977528,0.442215088282504,0.5842696629213483,0.0694444444444444,15.99,0.428,0.442,True,True,True,False,False,False,True,36.7,0.001784121320249777,0.55,0.001784121320249777,1,0.527,0.5209,0.3492832324978391,0.285220937770095,0.3640216421780466,False,False,False,False
ACER Aspire Lite Gen 2 Al14 52m 32kv,acer,Intel,Core I3,1305.0,3.3,8.0,DDR5,4800.0,2048.0,14.0,1920 x 1200,60.0,Intel,1.5,Pin Li-ion 3 cell 58Wh Bộ chuyển đổi 65W PD Type C,9990000.0,data/cellphones/detail_htmls\acer_13_specs.html,INTEL_UHD,INTEGRATED,False,0.6,1.0,0.1432584269662921,0.6898073836276084,0.2114767255216693,0.0277777777777777,9.99,0.452,0.69,True,True,True,True,False,True,False,58.0,0.5156110615521855,0.45,0.5156110615521855,1,0.473,0.4730999999999999,0.4871402765773552,0.5421564390665514,0.4858444122731202,False,False,False,False
ACER Aspire Lite 15 Al15 41p R3u5,acer,AMD,Ryzen7,5700.0,1.8,16.0,DDR4,3200.0,2048.0,15.6,1920 x 1080,60.0,AMD,1.7,"Pin Li-ion 3 cell 58Wh, Bộ chuyển đổi 65W PD Type C",12990000.0,data/cellphones/detail_htmls\acer_15_specs.html,AMD_RADEON_GRAPHICS,INTEGRATED,False,0.8,1.0,0.0453451043338683,0.442215088282504,0.5842696629213483,0.0486111111111111,12.99,0.463,0.442,True,True,True,False,False,False,True,58.0,0.5156110615521855,0.5,0.5156110615521855,1,0.53575,0.5339,0.4059947709593777,0.3569036300777873,0.4161283729472774,False,False,False,False
ACER Aspire Lite 16 Al16 51p 72s2,acer,Intel,Core I7,1255.0,3.5,24.0,DDR5,4800.0,2048.0,16.0,1920 x 1200,60.0,Intel,1.8,Li-ion Battery 58Whr 3-cell 65W PD Type-C Adapter,16990000.0,data/cellphones/detail_htmls\acer_17_specs.html,INTEL_IRIS_XE,INTEGRATED,False,0.8,1.0,0.1689406099518459,0.3591492776886035,0.8487158908507223,0.0763888888888889,16.99,0.524,0.359,True,True,True,False,False,False,True,58.0,0.5156110615521855,0.55,0.5156110615521855,1,0.581,0.5797000000000001,0.4043717372515125,0.2666347697246573,0.4186942357081121,False,False,False,False
ACER Aspire Lite 15 Al15 42p R08m,acer,AMD,Ryzen7,7730.0,2.0,16.0,DDR4,3200.0,2048.0,15.6,1920 x 1080,60.0,AMD,1.7,58Wh 3-cell Li-ion battery 65W Type-C Adapter,15490000.0,data/cellphones/detail_htmls\acer_16_specs.html,AMD_RADEON_GRAPHICS,INTEGRATED,False,0.8,1.0,0.0581861958266452,0.442215088282504,0.5842696629213483,0.0659722222222222,15.49,0.469,0.442,True,True,True,False,False,False,True,58.0,0.5156110615521855,0.5,0.5156110615521855,1,0.53725,0.5357000000000001,0.4086947709593777,0.3569036300777873,0.4194433729472774,False,False,False,False
ACER Aspire Lite 15 Al15 71p 517d,acer,Intel,Core I5,12450.0,4.4,16.0,,4800.0,512.0,15.6,1920 x 1080,60.0,Intel,1.79,58Wh 3-cell Li-ion battery,15490000.0,data/cellphones/detail_htmls\acer_19_specs.html,INTEL_UHD,INTEGRATED,False,0.8,0.8,0.2451845906902086,0.372792937399679,0.5842696629213483,0.0659722222222222,15.49,0.523,0.373,True,True,True,False,False,False,True,58.0,0.5156110615521855,0.45,0.5156110615521855,1,0.52075,0.5244,0.4086970181503889,0.3256636621805161,0.4320963906037782,False,False,False,False
ACER Gaming Aspire 7 A715 59g 73lb,acer,Intel,Core I7,12650.0,3.5,16.0,DDR4,3200.0,4096.0,15.6,1920 x 1080,144.0,NVIDIA,1.99,"Pin Li-ion 3 cell 54,8Wh Bộ đổi nguồn AC 150W",23990000.0,data/cellphones/detail_htmls\acer_18_specs.html,RTX 3050,DISCRETE_GAMING,False,0.8,1.0,0.1689406099518459,0.2520064205457464,0.5842696629213483,0.125,23.99,0.524,0.252,True,True,True,False,False,False,True,54.8,0.3800178412132025,0.9,0.3800178412132025,1,0.791,0.7722000000000001,0.3607178910976664,0.2605404988270156,0.397831150759353,True,True,False,False
ACER Gaming Nitro V 15 Propanel Anv15 41 R0fe,acer,AMD,Ryzen7,7735.0,3.2,16.0,DDR5,4800.0,4096.0,15.6,1920 x 1080,180.0,NVIDIA,2.1,"57Whr 4-cell Li-ion Battery, 135W AC Adapter",25990000.0,data/cellphones/detail_htmls\acer_22_specs.html,RTX 3050,DISCRETE_GAMING,False,0.8,1.0,0.1380417335473515,0.2215088282504013,0.5842696629213483,0.1388888888888889,25.99,0.509,0.222,True,True,True,False,False,False,True,57.0,0.4683318465655665,0.9,0.4683318465655665,1,0.78725,0.7677,0.3475245030250647,0.2542204284479565,0.3853801120508704,True,True,False,False
ACER Aspire Lite Al16 51p 55n7,acer,Intel,Core I5,1235.0,3.3,16.0,DDR5,4800.0,2048.0,16.0,1920 x 1200,60.0,Intel,1.8,58Whr 3-cell 65W PD Type-C Adapter,14990000.0,data/cellphones/detail_htmls\acer_21_specs.html,INTEL_GRAPHICS,INTEGRATED,False,0.8,1.0,0.1432584269662921,0.3591492776886035,0.8487158908507223,0.0625,14.99,0.512,0.359,True,True,True,False,False,False,True,58.0,0.5156110615521855,0.45,0.5156110615521855,1,0.518,0.5211,0.3989717372515125,0.2666347697246573,0.4120642357081121,False,False,False,False
ACER Nitro V 15 Propanel Anv15 51 73uu,acer,Intel,Core I7,13620.0,3.6,16.0,DDR5,5200.0,4096.0,15.6,1920 x 1080,180.0,NVIDIA,2.1,"57Whr 4-cell, 135W 5.5 PHY Adapter",27990000.0,data/cellphones/detail_htmls\acer_20_specs.html,RTX 3050,DISCRETE_GAMING,False,0.8,1.0,0.1761637239165329,0.2215088282504013,0.5842696629213483,0.1527777777777778,27.99,0.528,0.222,True,True,True,False,False,False,True,57.0,0.4683318465655665,0.9,0.4683318465655665,1,0.792,0.7734000000000001,0.3560745030250648,0.2542204284479565,0.3958776120508704,True,True,False,False
ACER Gaming Predator Helios Neo 16 Ai Phn16 73 757w,acer,Intel,Core Ultra 7,255.0,4.5,32.0,DDR5,6400.0,1024.0,16.0,2560 x 1600,240.0,NVIDIA,2.7,Pin Li-ion 4 cell 90Wh Bộ đổi nguồn AC 230W,54990000.0,data/cellphones/detail_htmls\acer_23_specs.html,RTX 5060,DISCRETE_GAMING,False,1.0,1.0,0.3029695024077046,0.0200642054574639,0.8487158908507223,0.3402777777777778,54.99,0.651,0.02,True,True,True,False,True,False,True,90.0,0.9402319357716324,0.45,0.9402319357716324,1,0.58275,0.5928,0.4046613223854797,0.2220999506111865,0.4543675851957032,False,False,False,False
ACER Gaming Nitro V 15 Propanel Anv15 52 59aa,acer,Intel,Core I5,13420.0,3.4,16.0,DDR4,3200.0,2048.0,15.6,1920 x 1080,180.0,NVIDIA,2.1,Pin Li-ion 4 cell 76Wh Bộ chuyển đổi 135W 5.5PHY,28990000.0,data/cellphones/detail_htmls\acer_24_specs.html,RTX 5050,DISCRETE_GAMING,False,0.8,1.0,0.1565008025682183,0.2215088282504013,0.5842696629213483,0.1597222222222222,28.99,0.518,0.222,True,True,True,False,False,False,True,76.0,0.844335414808207,0.45,0.844335414808207,1,0.5195000000000001,0.5229,0.3881129645635263,0.3181627361402642,0.4195833812816397,False,False,False,False
ACER Aspire Lite 15 Al15 72p 581v,acer,Intel,Core I5,13500.0,3.5,16.0,DDR5,4800.0,2048.0,15.6,1920 x 1080,60.0,Intel,1.79,Pin Li-ion 3 cell 58Wh Bộ đổi nguồn AC 90W,15990000.0,data/cellphones/detail_htmls\acer_27_specs.html,INTEL_UHD,INTEGRATED,False,0.8,1.0,0.1689406099518459,0.372792937399679,0.5842696629213483,0.0694444444444444,15.99,0.524,0.373,True,True,True,False,False,False,True,58.0,0.5156110615521855,0.45,0.5156110615521855,1,0.521,0.5247,0.4091470181503889,0.3256636621805161,0.4326488906037782,False,False,False,False
ACER Aspire Lite 15 Al15 72p 7232,acer,Intel,Core I7,13620.0,3.6,16.0,DDR5,4800.0,2048.0,15.6,1920 x 1080,60.0,Intel,1.79,58Wh 3-cell Li-ion battery 90W AC adapter,16990000.0,data/cellphones/detail_htmls\acer_25_specs.html,INTEL_UHD,INTEGRATED,False,0.8,1.0,0.1761637239165329,0.372792937399679,0.5842696629213483,0.0763888888888889,16.99,0.528,0.373,True,True,True,False,False,False,True,58.0,0.5156110615521855,0.45,0.5156110615521855,1,0.522,0.5259,0.410947018150389,0.3256636621805161,0.4348588906037783,False,False,False,False
ACER Gaming Nitro V 15 Propanel Anv15 41 R0y4,acer,AMD,Ryzen7,7735.0,3.2,16.0,DDR5,4800.0,4096.0,15.6,1920 x 1080,180.0,NVIDIA,2.1,Pin Li-ion 4 cell 57Whr Bộ đổi nguồn AC 135W,26990000.0,data/cellphones/detail_htmls\acer_26_specs.html,RTX 4050,DISCRETE_GAMING,False,0.8,1.0,0.1380417335473515,0.2215088282504013,0.5842696629213483,0.1458333333333333,26.99,0.509,0.222,True,True,True,False,False,False,True,57.0,0.4683318465655665,1.0,0.4683318465655665,1,0.84725,0.8227000000000001,0.3475245030250647,0.2542204284479565,0.3853801120508704,True,True,False,False
ACER Gaming Nitro V 15 Propanel Anv15 52 72bm,acer,Intel,Core I7,13620.0,3.6,16.0,DDR4,3200.0,2048.0,15.6,1920 x 1080,180.0,NVIDIA,2.1,Pin Li-ion 4 cell 76Wh Bộ chuyển đổi 135W 5.5PHY,30990000.0,data/cellphones/detail_htmls\acer_28_specs.html,RTX 5050,DISCRETE_GAMING,False,0.8,1.0,0.1761637239165329,0.2215088282504013,0.5842696629213483,0.1736111111111111,30.99,0.528,0.222,True,True,True,False,False,False,True,76.0,0.844335414808207,0.45,0.844335414808207,1,0.522,0.5259,0.3926129645635264,0.3181627361402642,0.4251083812816397,False,False,False,False
ACER Swift Lite 14 Ai Sfl14 51m 56hs,acer,Intel,Core Ultra 5,125.0,3.6,16.0,DDR5,4800.0,2048.0,14.0,1920 x 1200,60.0,Intel,1.27,58Whr 3-cell 65W PD Type-C Adapter,19990000.0,data/cellphones/detail_htmls\acer_29_specs.html,INTEL_GRAPHICS,INTEGRATED,False,0.8,1.0,0.1761637239165329,0.9073033707865168,0.2114767255216693,0.0972222222222222,19.99,0.528,0.907,True,True,True,True,False,True,False,58.0,0.5156110615521855,0.45,0.5156110615521855,1,0.522,0.5259,0.5974638720829731,0.6400296332880602,0.58166466909495,False,False,False,False
ACER Swift Lite 14 Ai Sfl14 51m 78xz,acer,Intel,Core Ultra 7,155.0,3.8,16.0,DDR5,5600.0,2048.0,14.0,1920 x 1200,60.0,Intel,1.27,58Whr 3-cell 65W PD Type-C Adapter,22990000.0,data/cellphones/detail_htmls\acer_32_specs.html,INTEL_GRAPHICS,INTEGRATED,False,0.8,1.0,0.1865971107544141,0.9073033707865168,0.2114767255216693,0.1180555555555555,22.99,0.533,0.907,True,True,True,True,False,True,False,58.0,0.5156110615521855,0.45,0.5156110615521855,1,0.52325,0.5274000000000001,0.5997138720829731,0.6400296332880602,0.58442716909495,False,False,False,False
ACER Aspire Go 14 Ai Ag14 71m 57wr,acer,Intel,Core Ultra 5,125.0,3.6,16.0,DDR5,5600.0,2048.0,14.0,1920 x 1200,60.0,Intel,1.5,Pin Li-ion 3 cell 55 Wh Bộ chuyển đổi AC USB Type-C 65 W PD,18990000.0,data/cellphones/detail_htmls\acer_30_specs.html,INTEL_GRAPHICS,INTEGRATED,False,0.8,1.0,0.1761637239165329,0.6898073836276084,0.2114767255216693,0.0902777777777777,18.99,0.528,0.69,True,True,True,True,False,True,False,55.0,0.3862622658340767,0.45,0.3862622658340767,1,0.522,0.5259,0.5155710458081244,0.5320602852203975,0.5232190276577355,False,False,False,False
ACER Swift 14 Ai Sf14 51 53p9,acer,Intel,Core Ultra 5,226.0,3.5,16.0,LPDDR5X,8533.0,1024.0,14.0,2880 x 1800,90.0,Intel,1.26,"Pin Li-ion 3 cell 65 Wh 3 pin USB Type-C 65 W PD PCR 50%, Bộ đổi nguồn AC TCO 9.0",34990000.0,data/cellphones/detail_htmls\acer_31_specs.html,INTEL_GRAPHICS,INTEGRATED,False,0.8,1.0,0.1689406099518459,0.913322632423756,0.2114767255216693,0.2013888888888889,34.99,0.524,0.913,True,True,True,True,False,True,False,65.0,0.6418376449598573,0.45,0.6418376449598573,1,0.521,0.5247,0.6112321521175454,0.6662959933325101,0.5917136671193974,False,False,True,True
ACER Gaming Nitro V 16 Ai Propanel Anv16s 61 R9zv,acer,AMD,Ryzen AI 7,350.0,5.0,32.0,DDR5,5600.0,4096.0,16.0,2560 x 1600,180.0,NVIDIA,2.1,Pin Li-ion 4 cell 76Wh Bộ đổi nguồn AC 135W,44990000.0,data/cellphones/detail_htmls\acer_34_specs.html,RTX 5060,DISCRETE_GAMING,False,1.0,1.0,0.8138041733547352,0.2215088282504013,0.8487158908507223,0.2708333333333333,44.99,0.907,0.222,True,True,True,False,False,False,True,76.0,0.844335414808207,0.45,0.844335414808207,1,0.64675,0.6696000000000001,0.5631629645635263,0.2652734905543894,0.6239280321644648,True,True,False,False
ACER Swift 14 Ai Sf14 51 75vp,acer,Intel,Core Ultra 7,258.0,3.7,32.0,LPDDR5X,8533.0,1024.0,14.0,2880 x 1800,90.0,Intel,1.26,"Pin Li-ion 3 cell 65 Wh 3 pin USB Type-C 65 W PD PCR 50%, Bộ đổi nguồn AC TCO 9.0",39990000.0,data/cellphones/detail_htmls\acer_33_specs.html,INTEL_GRAPHICS,INTEGRATED,False,1.0,1.0,0.1813804173354735,0.913322632423756,0.2114767255216693,0.2361111111111111,39.99,0.591,0.913,True,True,True,True,False,True,False,65.0,0.6418376449598573,0.45,0.6418376449598573,1,0.56775,0.5748,0.6413821521175453,0.6662959933325101,0.6287311671193974,False,False,True,True
ACER Gaming Nitro 16 Ai Propanel An16s 61 R5f4,acer,AMD,Ryzen AI 7,350.0,3.5,16.0,DDR5,5600.0,4096.0,16.0,1920 x 1200,180.0,NVIDIA,2.18,Pin Li-ion 4 cell 76Wh Bộ đổi nguồn AC 230W,42990000.0,data/cellphones/detail_htmls\acer_42_specs.html,RTX 5060,DISCRETE_GAMING,False,0.8,1.0,0.1689406099518459,0.1886035313001605,0.8487158908507223,0.2569444444444444,42.99,0.524,0.189,True,True,True,False,False,False,True,76.0,0.844335414808207,0.45,0.844335414808207,1,0.521,0.5247,0.3795770095073466,0.2508272626250154,0.404375106803309,False,False,False,False
ACER Gaming Nitro V 16 Ai Propanel Anv16s 61 R0b8,acer,AMD,Ryzen AI 5,340.0,4.8,16.0,DDR5,5600.0,4096.0,16.0,1920 x 1200,180.0,NVIDIA,2.1,Pin Li-ion 4 cell 76Wh Bộ đổi nguồn AC 135W,34990000.0,data/cellphones/detail_htmls\acer_47_specs.html,RTX 5050,DISCRETE_GAMING,False,0.8,1.0,0.6460674157303371,0.2215088282504013,0.8487158908507223,0.2013888888888889,34.99,0.763,0.222,True,True,True,False,False,False,True,76.0,0.844335414808207,0.45,0.844335414808207,1,0.58075,0.5964,0.4983629645635263,0.2652734905543894,0.5443680321644648,False,False,False,False
Gaming ACER Nitro 5 Tiger An515 58 52sp,acer,Intel,Core I5,12500.0,4.5,16.0,DDR4,3200.0,2048.0,15.6,1920 x 1080,144.0,NVIDIA,2.5,"4-cell, 57.5 Wh",27990000.0,data/cellphones/detail_htmls\acer_50_specs.html,RTX 3050,DISCRETE_GAMING,False,0.8,1.0,0.3029695024077046,0.052969502407704705,0.5842696629213483,0.1527777777777778,27.99,0.591,0.053,True,True,True,False,True,False,True,57.5,0.5004460303300624,0.9,0.5004460303300624,1,0.8077500000000001,0.7923,0.3266781763180639,0.1804215798246697,0.3899394953080627,True,True,False,False
ACER Gaming Aspire 7 A715 76 53pj,acer,Intel,Core I5,12450.0,4.4,16.0,DDR4,3200.0,1024.0,15.6,1920 x 1080,60.0,Intel,2.1,"3-cell, 50Wh",16990000.0,data/cellphones/detail_htmls\acer_51_specs.html,INTEL_UHD,INTEGRATED,False,0.8,1.0,0.2451845906902086,0.2215088282504013,0.5842696629213483,0.0763888888888889,16.99,0.563,0.222,True,True,True,False,False,False,True,50.0,0.25111507582515613,0.45,0.25111507582515613,1,0.53075,0.5364,0.3583629645635263,0.2306627361402642,0.4044458812816397,False,False,False,False
ACER Swift Go 14 Ai Sfg14 73 71zx,acer,Intel,Core Ultra 7,155.0,3.8,16.0,LPDDR5X,6400.0,512.0,14.0,2880 x 1800,120.0,Intel,1.3,"4 cell 65 Wh , Pin liền",26990000.0,data/cellphones/detail_htmls\acer_52_specs.html,INTEL_GRAPHICS,INTEGRATED,False,0.8,0.8,0.1865971107544141,0.8900481540930979,0.2114767255216693,0.1458333333333333,26.99,0.493,0.89,True,True,True,True,False,True,False,65.0,0.6418376449598573,0.45,0.6418376449598573,1,0.51325,0.5154000000000001,0.589136084701815,0.6558224780837141,0.5688257337325595,False,False,False,True
ACER Gaming Aspire 5 A515 58gm 53pz,acer,Intel,Core I5,13420.0,3.4,16.0,DDR4,3200.0,2048.0,15.6,1920 x 1080,60.0,NVIDIA,1.7,50Wh Li-ion,20490000.0,data/cellphones/detail_htmls\acer_53_specs.html,RTX 2050,DISCRETE_GAMING,False,0.8,1.0,0.1565008025682183,0.442215088282504,0.5842696629213483,0.1006944444444444,20.49,0.518,0.442,True,True,True,False,False,False,True,50.0,0.25111507582515613,0.8,0.25111507582515613,1,0.7294999999999999,0.7154,0.4153601555747623,0.3299805531547105,0.4342081806395851,True,True,False,False
ACER Aspire 7 A715 76g 5806,acer,Intel,Core I5,12450.0,2.0,16.0,DDR4,3200.0,1024.0,15.6,1920 x 1080,144.0,NVIDIA,2.1,"3-cell Li-ion, 50 Wh",22990000.0,data/cellphones/detail_htmls\acer_54_specs.html,RTX 3050,DISCRETE_GAMING,False,0.8,1.0,0.0581861958266452,0.2215088282504013,0.5842696629213483,0.1180555555555555,22.99,0.469,0.222,True,True,True,False,False,False,True,50.0,0.25111507582515613,0.9,0.25111507582515613,1,0.77725,0.7557,0.3160629645635263,0.2306627361402642,0.3525108812816396,True,True,False,False
Gaming ACER Nitro V Anv15 51 55ca,acer,Intel,Core I5,13420.0,4.6,16.0,DDR5,5200.0,2048.0,15.6,1920 x 1080,144.0,NVIDIA,2.1,"4 cell, 57Wh",27990000.0,data/cellphones/detail_htmls\acer_56_specs.html,RTX 4050,DISCRETE_GAMING,False,0.8,1.0,0.4534510433386838,0.2215088282504013,0.5842696629213483,0.1527777777777778,27.99,0.667,0.222,True,True,True,False,False,False,True,57.0,0.4683318465655665,1.0,0.4683318465655665,1,0.88675,0.8701,0.4186245030250648,0.2542204284479565,0.4726751120508705,True,True,False,False
Gaming ACER Nitro V Anv15 51 58an,acer,Intel,Core I5,13420.0,4.6,16.0,DDR5,5200.0,2048.0,15.6,1920 x 1080,144.0,NVIDIA,2.1,4 cell - 57 Wh,21490000.0,data/cellphones/detail_htmls\acer_55_specs.html,RTX 2050,DISCRETE_GAMING,False,0.8,1.0,0.4534510433386838,0.2215088282504013,0.5842696629213483,0.1076388888888889,21.49,0.667,0.222,True,True,True,False,False,False,True,57.0,0.4683318465655665,0.8,0.4683318465655665,1,0.7667499999999999,0.7601000000000001,0.4186245030250648,0.2542204284479565,0.4726751120508705,True,True,False,False
Gaming ACER Nitro 5 Eagle An515 57 54mv,acer,Intel,Core I5,11400.0,2.6,8.0,DDR4,3200.0,2048.0,15.6,1920 x 1080,144.0,NVIDIA,2.2,"4-cell, 57.5 Wh",26490000.0,data/cellphones/detail_htmls\acer_57_specs.html,RTX 3050,DISCRETE_GAMING,False,0.6,1.0,0.1111556982343499,0.1761637239165329,0.5842696629213483,0.1423611111111111,26.49,0.436,0.176,True,True,True,False,False,False,True,57.5,0.5004460303300624,0.9,0.5004460303300624,1,0.739,0.7158,0.3000461538461538,0.2358589795036424,0.3347925651314977,True,True,False,False
ACER Aspire 3 A314 42p R3b3,acer,AMD,Ryzen7,5700.0,4.3,16.0,LPDDR4X,,1024.0,14.0,1920 x 1200,60.0,AMD,1.4,3 cell 50 Wh,13990000.0,data/cellphones/detail_htmls\acer_59_specs.html,AMD_RADEON_GRAPHICS,INTEGRATED,False,0.8,1.0,0.2146869983948635,0.7885232744783306,0.2114767255216693,0.0555555555555555,13.99,0.547,0.789,True,True,True,True,False,True,False,50.0,0.25111507582515613,0.5,0.25111507582515613,1,0.55675,0.5591,0.5490562229904926,0.5596555130262996,0.5504564029509816,False,False,False,False
ACER Aspire 3 Spin 14 A3sp14 31pt 387z,acer,Intel,Core I3,305.0,4.6,8.0,LPDDR5,,512.0,14.0,1920 x 1200,60.0,Intel,1.5,40Wh Li-ion battery,14990000.0,data/cellphones/detail_htmls\acer_61_specs.html,INTEL_UHD,INTEGRATED,False,0.6,0.8,0.4534510433386838,0.6898073836276084,0.2114767255216693,0.0625,14.99,0.567,0.69,True,True,True,True,False,True,False,40.0,0.0231935771632471,0.45,0.0231935771632471,1,0.50175,0.5075999999999999,0.5042748919619706,0.4815795159896283,0.5216896045808125,False,False,False,False
ACER Gaming Aspire 7 A715 76g 73fm,acer,Intel,Core I7,12650.0,4.6,16.0,DDR4,3200.0,1024.0,15.6,1920 x 1080,144.0,NVIDIA,2.1,50 Wh 3-cell Li-ion battery,23990000.0,data/cellphones/detail_htmls\acer_58_specs.html,RTX 2050,DISCRETE_GAMING,False,0.8,1.0,0.4534510433386838,0.2215088282504013,0.5842696629213483,0.125,23.99,0.667,0.222,True,True,True,False,False,False,True,50.0,0.25111507582515613,0.8,0.25111507582515613,1,0.7667499999999999,0.7601000000000001,0.4051629645635264,0.2306627361402642,0.4619058812816397,True,True,False,False
Gaming ACER Nitro 5 An515 58 52sp 43910,acer,Intel,Core I5,12500.0,3.3,8.0,DDR4,3200.0,2048.0,15.6,1920 x 1080,144.0,NVIDIA,2.5,"4-cell, 57.5 Wh",27990000.0,data/cellphones/detail_htmls\acer_60_specs.html,RTX 3050,DISCRETE_GAMING,False,0.6,1.0,0.1432584269662921,0.052969502407704705,0.5842696629213483,0.1527777777777778,27.99,0.452,0.053,True,True,True,False,True,False,True,57.5,0.5004460303300624,0.9,0.5004460303300624,1,0.743,0.7206,0.2641281763180639,0.1804215798246697,0.3131419953080627,True,True,False,False
Gaming ACER Nitro V Anv16 41 R6na,acer,AMD,Ryzen7,8845.0,3.8,16.0,DDR5,5600.0,2048.0,16.0,1920 x 1200,165.0,NVIDIA,2.5,57Whr 4-cell Adapter: 135W AC adapter,34990000.0,data/cellphones/detail_htmls\acer_65_specs.html,RTX 4060,DISCRETE_GAMING,False,0.8,1.0,0.1865971107544141,0.052969502407704705,0.8487158908507223,0.2013888888888889,34.99,0.533,0.053,True,True,True,False,True,False,True,57.0,0.4683318465655665,1.0,0.4683318465655665,1,0.85325,0.8299000000000001,0.2996166378565255,0.1258496419311026,0.3465474154216569,True,True,False,False
Gaming ACER Nitro V Anv16 41 R7en,acer,AMD,Ryzen7,8845.0,3.8,16.0,DDR5,5600.0,4096.0,16.0,1920 x 1200,165.0,NVIDIA,2.5,57Whr 4-cell Adapter: 135W AC adapter,28790000.0,data/cellphones/detail_htmls\acer_63_specs.html,RTX 3050,DISCRETE_GAMING,False,0.8,1.0,0.1865971107544141,0.052969502407704705,0.8487158908507223,0.1583333333333333,28.79,0.533,0.053,True,True,True,False,True,False,True,57.0,0.4683318465655665,0.9,0.4683318465655665,1,0.79325,0.7749,0.2996166378565255,0.1258496419311026,0.3465474154216569,True,True,False,False
Gaming ACER Nitro V Anv16 41 R36y,acer,AMD,Ryzen7,8845.0,3.8,16.0,DDR5,5600.0,2048.0,16.0,1920 x 1200,165.0,NVIDIA,2.5,57Whr 4-cell Adapter: 135W AC adapter,31990000.0,data/cellphones/detail_htmls\acer_66_specs.html,RTX 4050,DISCRETE_GAMING,False,0.8,1.0,0.1865971107544141,0.052969502407704705,0.8487158908507223,0.1805555555555555,31.99,0.533,0.053,True,True,True,False,True,False,True,57.0,0.4683318465655665,1.0,0.4683318465655665,1,0.85325,0.8299000000000001,0.2996166378565255,0.1258496419311026,0.3465474154216569,True,True,False,False
Gaming ACER Nitro V Anv16 41 R6zy,acer,AMD,Ryzen5,8645.0,4.3,16.0,DDR5,5600.0,4096.0,16.0,1920 x 1200,165.0,NVIDIA,2.5,57Whr 4-cell Adapter: 135W AC adapter,27490000.0,data/cellphones/detail_htmls\acer_79_specs.html,RTX 3050,DISCRETE_GAMING,False,0.8,1.0,0.2146869983948635,0.052969502407704705,0.8487158908507223,0.1493055555555555,27.49,0.547,0.053,True,True,True,False,True,False,True,57.0,0.4683318465655665,0.9,0.4683318465655665,1,0.7967500000000001,0.7791,0.3059166378565255,0.1258496419311026,0.354282415421657,True,True,False,False
ACER Gaming Aspire 7 A715 76 728x,acer,Intel,Core I7,12650.0,3.5,16.0,DDR4,,512.0,15.6,1920 x 1080,60.0,Intel,2.1,,19990000.0,data/cellphones/detail_htmls\acer_82_specs.html,INTEL_UHD,INTEGRATED,False,0.8,0.8,0.1689406099518459,0.2215088282504013,0.5842696629213483,0.0972222222222222,19.99,0.484,0.222,True,True,True,False,False,False,True,,,0.45,,0,0.511,0.5127,0.3958898876404494,0.3585473515248796,0.4192599197431781,False,False,False,False
ACER Aspire 5 A515 58p 56rp,acer,Intel,Core I5,1335.0,3.4,16.0,LPDDR5,,2048.0,15.6,1920 x 1080,,Intel,1.7,50Wh Li-ion battery,16990000.0,data/cellphones/detail_htmls\acer_85_specs.html,INTEL_UHD,INTEGRATED,False,0.8,1.0,0.1565008025682183,0.442215088282504,0.5842696629213483,0.0763888888888889,16.99,0.518,0.442,True,True,True,False,False,False,True,50.0,0.25111507582515613,0.45,0.25111507582515613,1,0.5195000000000001,0.5229,0.4153601555747623,0.3299805531547105,0.4342081806395851,False,False,False,False
ACER Aspire 5 A514 56p 55k5,acer,Intel,Core I5,1335.0,1.3,16.0,LPDDR5,6400.0,512.0,14.0,1200 x 1920,,Intel,1.5,"3 cell 50 Wh , Pin liền",16990000.0,data/cellphones/detail_htmls\acer_87_specs.html,INTEL_IRIS_XE,INTEGRATED,False,0.8,0.8,0.0220706260032102,0.6898073836276084,0.2114767255216693,0.0763888888888889,16.99,0.411,0.69,True,True,True,True,False,True,False,50.0,0.25111507582515613,0.55,0.25111507582515613,1,0.5527500000000001,0.5458000000000001,0.4533056611927398,0.5152333621434746,0.4508842199654278,False,False,False,False
MSI Katana 15 B13vfk 676vn,msi,Intel,Core I7,13620.0,3.6,16.0,DDR5,5200.0,1024.0,15.6,1920 x 1080,144.0,NVIDIA,2.25,"3 cell, 53.5Whr",30990000.0,data/cellphones/detail_htmls\msi_1_specs.html,RTX 4060,DISCRETE_GAMING,False,0.8,1.0,0.1761637239165329,0.1468699839486356,0.5842696629213483,0.1736111111111111,30.99,0.528,0.147,True,True,True,False,False,False,True,53.5,0.33719892952720787,1.0,0.33719892952720787,1,0.852,0.8284,0.3235010371650821,0.2092152580565501,0.372218518335597,True,True,False,False
MSI Katana 15 B13udxk 2270vn 16gb,msi,Intel,Core I5,13500.0,2.6,16.0,DDR5,5200.0,1024.0,15.6,1920 x 1080,144.0,NVIDIA,2.25,3-Cell,22990000.0,data/cellphones/detail_htmls\msi_0_specs.html,RTX 3050,DISCRETE_GAMING,False,0.8,1.0,0.1111556982343499,0.1468699839486356,0.5842696629213483,0.1180555555555555,22.99,0.496,0.147,True,True,True,False,False,False,True,,,0.9,,0,0.784,0.7638,0.3754471910112359,0.3253210272873194,0.40761544141252,True,True,False,False
MSI Modern 14 C12mo 660vn,msi,Intel,Core I5,1235.0,4.4,16.0,DDR4,3200.0,512.0,14.0,1920 x 1080,,Intel,1.4,39Wh,15990000.0,data/cellphones/detail_htmls\msi_4_specs.html,INTEL_IRIS_XE,INTEGRATED,False,0.8,0.8,0.2451845906902086,0.7885232744783306,0.2114767255216693,0.0694444444444444,15.99,0.523,0.789,True,True,True,True,False,True,False,39.0,0.01784121320249777,0.55,0.01784121320249777,1,0.58075,0.5794,0.5171023768366465,0.5226362822570687,0.5202733260279047,False,False,False,False
MSI Gaming Katana A15 Ai B8ve 402vn,msi,AMD,Ryzenr7,8845.0,4.6,16.0,DDR5,5600.0,512.0,15.6,1920 x 1080,144.0,NVIDIA,2.25,3-Cell 53.5 Battery (Whr),28990000.0,data/cellphones/detail_htmls\msi_2_specs.html,RTX 4050,DISCRETE_GAMING,False,0.8,0.8,0.4534510433386838,0.1468699839486356,0.5842696629213483,0.1597222222222222,28.99,0.627,0.147,True,True,True,False,False,False,True,53.5,0.33719892952720787,1.0,0.33719892952720787,1,0.87675,0.8581,0.3680510371650821,0.2092152580565501,0.4269160183355969,True,True,False,False
MSI Katana 15 Hx B14wek 286vn,msi,Intel,Core I5,14450.0,4.6,16.0,DDR5,5600.0,4096.0,15.6,2560 x 1440,165.0,NVIDIA,2.4,4 cell 75 Whrs,33690000.0,data/cellphones/detail_htmls\msi_3_specs.html,RTX 5050,DISCRETE_GAMING,False,0.8,1.0,0.4534510433386838,0.0806581059390048,0.5842696629213483,0.1923611111111111,33.69,0.667,0.081,True,True,True,False,True,False,True,75.0,0.7979482604817127,0.45,0.7979482604817127,1,0.5567500000000001,0.5676,0.4042230337078652,0.2517756821829855,0.4657055016051364,False,False,False,False
MSI Modern 14 F13mg 240vncp,msi,Intel,Core I5,1335.0,4.6,16.0,DDR4,3200.0,512.0,14.0,1920 x 1080,60.0,Intel,1.5,3 Cell Int (46.8Wh),14590000.0,data/cellphones/detail_htmls\msi_8_specs.html,INTEL_GRAPHICS,INTEGRATED,False,0.8,0.8,0.4534510433386838,0.6898073836276084,0.2114767255216693,0.0597222222222222,14.59,0.627,0.69,True,True,True,True,False,True,False,46.8,0.1694915254237288,0.45,0.1694915254237288,1,0.5467500000000001,0.5556,0.5443518150388937,0.5044641313742437,0.5653011430423509,False,False,False,False
MSI Gaming Thin 15 B13uc 3247vn,msi,Intel,Core I5,13420.0,4.6,16.0,DDR4,3200.0,4096.0,15.6,1920 x 1080,144.0,NVIDIA,1.86,3CELLS/3S1P,19590000.0,data/cellphones/detail_htmls\msi_5_specs.html,RTX 3050,DISCRETE_GAMING,False,0.8,1.0,0.4534510433386838,0.3214285714285714,0.5842696629213483,0.0944444444444444,19.59,0.667,0.321,True,True,True,False,False,False,True,,,0.9,,0,0.82675,0.8151,0.513211797752809,0.4035112359550561,0.5450975561797753,True,True,False,False
MSI Katana 15 B13vek 2256vn,msi,Intel,Core I7,13620.0,4.6,16.0,DDR5,5200.0,512.0,15.6,1920 x 1080,144.0,NVIDIA,2.25,"3-cell, 53.5WHr",26990000.0,data/cellphones/detail_htmls\msi_7_specs.html,RTX 4050,DISCRETE_GAMING,False,0.8,0.8,0.4534510433386838,0.1468699839486356,0.5842696629213483,0.1458333333333333,26.99,0.627,0.147,True,True,True,False,False,False,True,53.5,0.33719892952720787,1.0,0.33719892952720787,1,0.87675,0.8581,0.3680510371650821,0.2092152580565501,0.4269160183355969,True,True,False,False
MSI Stealth A16 Ai A3xwfg 018vn RYZEN Ai 9,msi,AMD,Ryzen AI 9,370.0,2.0,32.0,DDR5,5600.0,1024.0,16.0,2560 x 1600,240.0,NVIDIA,2.1,4 cell / 99.9 Whr,63690000.0,data/cellphones/detail_htmls\msi_6_specs.html,RTX 5060,DISCRETE_GAMING,False,1.0,1.0,0.0581861958266452,0.2215088282504013,0.8487158908507223,0.4006944444444444,63.69,0.529,0.222,True,True,True,False,False,False,True,99.9,0.983942908117752,0.45,0.983942908117752,1,0.55225,0.5562,0.4390245030250648,0.3457061828620817,0.4518522629336955,False,False,False,False
MSI Gaming Thin 15 B13uc 2081vn,msi,Intel,Core I5,13420.0,4.6,16.0,DDR4,3200.0,512.0,15.6,1920 x 1080,144.0,NVIDIA,1.86,3-Cell 52.4 Battery (Whr),20990000.0,data/cellphones/detail_htmls\msi_9_specs.html,RTX 3050,DISCRETE_GAMING,False,0.8,0.8,0.4534510433386838,0.3214285714285714,0.5842696629213483,0.1041666666666666,20.99,0.627,0.321,True,True,True,False,False,False,True,52.4,0.2925958965209634,0.9,0.2925958965209634,1,0.81675,0.8031,0.4267502592912705,0.2837035436473638,0.4682283254105445,True,True,False,False
MSI Stealth A16 Ai A3xwhg 085vn RYZEN Ai 9,msi,AMD,Ryzen AI 9,370.0,4.6,32.0,LPDDR5X,,1024.0,16.0,2560 x 1600,240.0,NVIDIA,2.1,"4-cell, 99.9 Whr",73990000.0,data/cellphones/detail_htmls\msi_12_specs.html,RTX 5070,DISCRETE_GAMING,False,1.0,1.0,0.4534510433386838,0.2215088282504013,0.8487158908507223,0.4722222222222222,73.99,0.727,0.222,True,True,True,False,False,False,True,99.9,0.983942908117752,0.45,0.983942908117752,1,0.60175,0.6156,0.5281245030250649,0.3457061828620817,0.5612472629336955,True,True,False,False
MSI Cyborg 15 A13uc 2082vn,msi,Intel,Core I7,13620.0,4.6,16.0,DDR5,5600.0,4096.0,15.6,1920 x 1080,144.0,NVIDIA,1.98,3 Cells 53.5 Whrs,20990000.0,data/cellphones/detail_htmls\msi_11_specs.html,RTX 3050,DISCRETE_GAMING,False,0.8,1.0,0.4534510433386838,0.2588282504012841,0.5842696629213483,0.1041666666666666,20.99,0.667,0.259,True,True,True,False,False,False,True,53.5,0.33719892952720787,0.9,0.33719892952720787,1,0.82675,0.8151,0.4249555315471046,0.2592353222620076,0.4765270536485986,True,True,False,False
MSI Modern 14 F13mg 466vn,msi,Intel,Core I5,1334.0,1.3,24.0,DDR4,3200.0,512.0,14.0,1920 x 1080,60.0,Intel,1.5,"3-cell, 46.8 Wh",15990000.0,data/cellphones/detail_htmls\msi_10_specs.html,INTEL_IRIS_XE,INTEGRATED,False,0.8,0.8,0.0220706260032102,0.6898073836276084,0.2114767255216693,0.0694444444444444,15.99,0.411,0.69,True,True,True,True,False,True,False,46.8,0.1694915254237288,0.55,0.1694915254237288,1,0.5527500000000001,0.5458000000000001,0.4471518150388937,0.5044641313742437,0.4459611430423509,False,False,False,False
MSI Gaming Thin 15 B13ve 2824vn,msi,Intel,Core I5,13420.0,4.6,16.0,DDR4,3200.0,512.0,15.6,1920 x 1080,144.0,NVIDIA,1.86,"3-cell, 52.4WHr",22990000.0,data/cellphones/detail_htmls\msi_13_specs.html,RTX 4050,DISCRETE_GAMING,False,0.8,0.8,0.4534510433386838,0.3214285714285714,0.5842696629213483,0.1180555555555555,22.99,0.627,0.321,True,True,True,False,False,False,True,52.4,0.2925958965209634,1.0,0.2925958965209634,1,0.87675,0.8581,0.4267502592912705,0.2837035436473638,0.4682283254105445,True,True,False,False
MSI Katana 15 B13udxk 2411vn,msi,Intel,Core I7,13620.0,4.9,16.0,DDR5,5200.0,512.0,15.6,1920 x 1080,144.0,NVIDIA,2.304,3 Cell Int (53.5Wh),24490000.0,data/cellphones/detail_htmls\msi_14_specs.html,RTX 3050,DISCRETE_GAMING,False,0.8,0.8,0.7391653290529695,0.1131621187800963,0.5842696629213483,0.1284722222222222,24.49,0.77,0.113,True,True,True,False,True,False,True,53.5,0.33719892952720787,0.9,0.33719892952720787,1,0.8525,0.846,0.4206032843560934,0.1940467187307075,0.4975808217063835,True,True,False,False
MSI Katana 15 B13udxk 2269vn 16gb,msi,Intel,Core I7,13620.0,2.4,16.0,DDR5,5200.0,1024.0,15.6,1920 x 1080,144.0,NVIDIA,2.25,3-Cell,24990000.0,data/cellphones/detail_htmls\msi_17_specs.html,RTX 3050,DISCRETE_GAMING,False,0.8,1.0,0.095505617977528,0.1468699839486356,0.5842696629213483,0.1319444444444444,24.99,0.488,0.147,True,True,True,False,False,False,True,,,0.9,,0,0.782,0.7614000000000001,0.371847191011236,0.3253210272873194,0.40319544141252,True,True,False,False
MSI Cyborg 15 B2rwekg 402vn,msi,Intel,Core 5,210.0,4.8,16.0,DDR5,5200.0,512.0,15.6,1920 x 1080,144.0,NVIDIA,2.207,4 Cell Int (55.2Wh),27690000.0,data/cellphones/detail_htmls\msi_16_specs.html,RTX 5050,DISCRETE_GAMING,False,0.8,0.8,0.6460674157303371,0.1653290529695024,0.5842696629213483,0.1506944444444444,27.69,0.723,0.165,True,True,True,False,False,False,True,55.2,0.39295272078501337,0.45,0.39295272078501337,1,0.57075,0.5844,0.4209809420916162,0.2232429929620941,0.4871400225336461,False,False,False,False
MSI Katana 15 B13udxk 2213vn,msi,Intel,Core I5,13500.0,3.5,16.0,DDR5,5200.0,1024.0,15.6,1920 x 1080,144.0,NVIDIA,2.25,"3 cell, 53.5Whr",23490000.0,data/cellphones/detail_htmls\msi_18_specs.html,RTX 3050,DISCRETE_GAMING,False,0.8,1.0,0.1689406099518459,0.1468699839486356,0.5842696629213483,0.1215277777777777,23.49,0.524,0.147,True,True,True,False,False,False,True,53.5,0.33719892952720787,0.9,0.33719892952720787,1,0.791,0.7722000000000001,0.3217010371650821,0.2092152580565501,0.370008518335597,True,True,False,False
MSI Katana 15 Hx B14wek 027vn,msi,Intel,Core I7,14650.0,2.2,32.0,DDR5,5600.0,512.0,15.6,2560 x 1440,165.0,NVIDIA,2.4,"4 cell 75 Wh , Pin liền",37690000.0,data/cellphones/detail_htmls\msi_15_specs.html,INTEL_UHD,INTEGRATED,False,1.0,0.8,0.081059390048154,0.0806581059390048,0.5842696629213483,0.2201388888888888,37.69,0.501,0.081,True,True,True,False,True,False,True,75.0,0.7979482604817127,0.45,0.7979482604817127,1,0.54525,0.5478000000000001,0.3295230337078652,0.2517756821829855,0.3739905016051364,False,False,False,False
MSI Gaming Thin 15 B13uc 1411vn 24gb,msi,Intel,Core I7,13620.0,4.6,24.0,DDR4,3200.0,512.0,15.6,1920 x 1080,144.0,NVIDIA,1.86,"3-cell, 52.4WHr",20990000.0,data/cellphones/detail_htmls\msi_19_specs.html,RTX 3050,DISCRETE_GAMING,False,0.8,0.8,0.4534510433386838,0.3214285714285714,0.5842696629213483,0.1041666666666666,20.99,0.627,0.321,True,True,True,False,False,False,True,52.4,0.2925958965209634,0.9,0.2925958965209634,1,0.81675,0.8031,0.4267502592912705,0.2837035436473638,0.4682283254105445,True,True,False,False
MSI Cyborg 14 A13udx 099vn,msi,Intel,Core I7,13620.0,4.9,16.0,DDR5,5200.0,512.0,14.0,1920 x 1200,144.0,NVIDIA,1.6,"3 cell, 53.5Whr",25390000.0,data/cellphones/detail_htmls\msi_20_specs.html,RTX 3050,DISCRETE_GAMING,False,0.8,0.8,0.7391653290529695,0.6071428571428572,0.2114767255216693,0.1347222222222222,25.39,0.77,0.607,True,True,True,False,False,True,False,53.5,0.33719892952720787,0.9,0.33719892952720787,1,0.8525,0.846,0.5932156439066552,0.4905354827756513,0.6345541363131251,True,True,False,False
MSI Modern 14 C12m 241vn,msi,Intel,Core I7,1255.0,4.7,8.0,DDR4,3200.0,512.0,14.0,1920 x 1080,60.0,Intel,1.4,39 Wh,19990000.0,data/cellphones/detail_htmls\msi_21_specs.html,INTEL_IRIS_XE,INTEGRATED,False,0.6,0.8,0.5714285714285714,0.7885232744783306,0.2114767255216693,0.0972222222222222,19.99,0.626,0.789,True,True,True,True,False,True,False,39.0,0.01784121320249777,0.55,0.01784121320249777,1,0.5765,0.5803,0.5634523768366464,0.5226362822570687,0.5771808260279045,False,False,False,False
MSI Venture 14 Ai A1mg 005vn,msi,Intel,Core Ultra 5,125.0,4.6,16.0,DDR5,5600.0,512.0,14.0,2880 x 1800,120.0,Intel,1.7,"4-cell, 55.2WHr",24490000.0,data/cellphones/detail_htmls\msi_23_specs.html,INTEL_GRAPHICS,INTEGRATED,False,0.8,0.8,0.4534510433386838,0.442215088282504,0.2114767255216693,0.1284722222222222,24.49,0.627,0.442,True,True,True,False,False,True,False,55.2,0.39295272078501337,0.45,0.39295272078501337,1,0.5467500000000001,0.5556,0.4744101555747623,0.4220391406346462,0.5173423981355723,False,False,False,False
MSI Katana 15 Hx B14wek 295vn,msi,Intel,Core I9,14900.0,1.6,16.0,DDR5,5600.0,512.0,15.6,2560 x 1440,165.0,NVIDIA,2.4,4 cell / 75 Whr,37690000.0,data/cellphones/detail_htmls\msi_22_specs.html,RTX 5050,DISCRETE_GAMING,False,0.8,0.8,0.0329052969502407,0.0806581059390048,0.5842696629213483,0.2201388888888888,37.69,0.416,0.081,True,True,True,False,True,False,True,75.0,0.7979482604817127,0.45,0.7979482604817127,1,0.494,0.4923,0.2912730337078651,0.2517756821829855,0.3270280016051364,False,False,False,False
MSI Katana 15 Hx B14wfk 294vn,msi,Intel,Core I9,14900.0,1.6,16.0,DDR5,5600.0,512.0,15.6,2560 x 1440,165.0,NVIDIA,2.4,4 cell / 75 Whr,40190000.0,data/cellphones/detail_htmls\msi_24_specs.html,RTX 5060,DISCRETE_GAMING,False,0.8,0.8,0.0329052969502407,0.0806581059390048,0.5842696629213483,0.2375,40.19,0.416,0.081,True,True,True,False,True,False,True,75.0,0.7979482604817127,0.45,0.7979482604817127,1,0.494,0.4923,0.2912730337078651,0.2517756821829855,0.3270280016051364,False,False,False,False
MSI Prestige 14 Ai Studio C1udxg 058vn,msi,Intel,Core Ultra 7,155.0,4.8,16.0,DDR5,5600.0,1024.0,14.0,1920 x 1200,144.0,NVIDIA,1.7,4-Cell 90 Whrs,30990000.0,data/cellphones/detail_htmls\msi_25_specs.html,RTX 3050,DISCRETE_GAMING,False,0.8,1.0,0.6460674157303371,0.442215088282504,0.2114767255216693,0.1736111111111111,30.99,0.763,0.442,True,True,True,False,False,True,False,90.0,0.9402319357716324,0.9,0.9402319357716324,1,0.85075,0.8439,0.6025332324978392,0.5391545252500309,0.6460208596740338,True,True,True,False
MSI Katana 15 Hx B14wgk 022vn,msi,Intel,Core I9,14900.0,1.6,32.0,DDR5,5600.0,1024.0,15.6,2560 x 1440,165.0,NVIDIA,2.4,4 cell / 75 Whr,48090000.0,data/cellphones/detail_htmls\msi_26_specs.html,RTX 5070,DISCRETE_GAMING,False,1.0,1.0,0.0329052969502407,0.0806581059390048,0.5842696629213483,0.2923611111111111,48.09,0.516,0.081,True,True,True,False,True,False,True,75.0,0.7979482604817127,0.45,0.7979482604817127,1,0.549,0.5523,0.3362730337078652,0.2517756821829855,0.3822780016051364,False,False,False,False
MSI Vector 16 Hx Ai A2xwhg 010vn,msi,Intel,Core Ultra 7,255.0,5.2,16.0,DDR5,5600.0,512.0,16.0,2560 x 1600,240.0,NVIDIA,2.7,4-Cell 90 Whrs (Whr),54990000.0,data/cellphones/detail_htmls\msi_29_specs.html,RTX 5070,DISCRETE_GAMING,False,0.8,0.8,0.914526484751204,0.0200642054574639,0.8487158908507223,0.3402777777777778,54.99,0.857,0.02,True,True,True,False,True,False,True,90.0,0.9402319357716324,0.45,0.9402319357716324,1,0.60425,0.6246,0.4973613223854797,0.2220999506111865,0.5681825851957032,True,True,False,False
MSI Prestige 16 Ai Evo B2vmg 016vn,msi,Intel,Core Ultra 9,288.0,4.6,32.0,LPDDR5X,8533.0,1024.0,16.0,3840 x 2400,60.0,Intel,1.5,"4-cell, 99.9WHr",45990000.0,data/cellphones/detail_htmls\msi_27_specs.html,INTEL_GRAPHICS,INTEGRATED,False,1.0,1.0,0.4534510433386838,0.6898073836276084,0.8487158908507223,0.2777777777777778,45.99,0.727,0.69,True,True,True,True,False,False,True,99.9,0.983942908117752,0.45,0.983942908117752,1,0.60175,0.6156,0.6914671996542783,0.5557182213853562,0.6767538841214964,True,True,True,False
MSI Sword 16 Hx B14vfkg 045vn,msi,Intel,Core I7,14700.0,2.1,16.0,DDR5,5600.0,1024.0,16.0,2560 x 1600,240.0,NVIDIA,2.3,"4 cell 65 Wh, pin liền",38990000.0,data/cellphones/detail_htmls\msi_28_specs.html,RTX 4060,DISCRETE_GAMING,False,0.8,1.0,0.0718298555377207,0.1211878009630819,0.8487158908507223,0.2291666666666666,38.99,0.476,0.121,True,True,True,False,False,False,True,65.0,0.6418376449598573,1.0,0.6418376449598573,1,0.839,0.8128000000000001,0.3132276577355228,0.1834709532040992,0.3442466366218051,True,True,False,False
MSI Prestige 13 Ai Ukiyoe Edition A2vmg 075vn,msi,Intel,Core Ultra 9,288.0,5.1,32.0,LPDDR5X,8533.0,2048.0,13.3,2880 x 1800,60.0,Intel,0.976,4 Cell Int (75Wh),47990000.0,data/cellphones/detail_htmls\msi_30_specs.html,INTEL_GRAPHICS,INTEGRATED,False,1.0,1.0,0.8743980738362761,0.992776886035313,0.0176565008025682,0.2916666666666667,47.99,0.937,0.993,True,True,True,True,False,True,False,75.0,0.7979482604817127,0.45,0.7979482604817127,1,0.6542500000000001,0.6786000000000001,0.8441219101123596,0.7744682985553771,0.8626985192616372,True,True,True,True
MSI Venture A16 Ai A3hmg 017vn RYZEN Ai 7,msi,AMD,Ryzen AI 7,350.0,4.6,16.0,DDR5,5600.0,512.0,16.0,2048 x 1280,120.0,AMD,1.9,"4-cell, 75WHr",29990000.0,data/cellphones/detail_htmls\msi_31_specs.html,AMD_RADEON_GRAPHICS,INTEGRATED,False,0.8,0.8,0.4534510433386838,0.2969502407704655,0.8487158908507223,0.1666666666666666,29.99,0.627,0.297,True,True,True,False,False,False,True,75.0,0.7979482604817127,0.5,0.7979482604817127,1,0.57675,0.5831,0.4616443820224719,0.2958567415730337,0.486361320224719,False,False,False,False
MSI Venture Pro 16 Ai A1veg 003vn,msi,Intel,Core Ultra 7,155.0,0.9,16.0,DDR5,5600.0,512.0,16.0,2048 x 1280,120.0,NVIDIA,1.9,"4 cell, 55.2Whr",35990000.0,data/cellphones/detail_htmls\msi_34_specs.html,RTX 4050,DISCRETE_GAMING,False,0.8,0.8,0.0048154093097913,0.2969502407704655,0.8487158908507223,0.2083333333333333,35.99,0.402,0.297,True,True,True,False,False,False,True,55.2,0.39295272078501337,1.0,0.39295272078501337,1,0.8205,0.7906000000000001,0.3223174589455488,0.2292221261884183,0.3315872817631807,True,True,False,False
MSI Katana 15 Hx B14wfk 025vn,msi,Intel,Core I7,14650.0,4.6,16.0,DDR5,5600.0,4096.0,15.6,2560 x 1440,165.0,NVIDIA,2.4,4 cell 75 Whrs,38190000.0,data/cellphones/detail_htmls\msi_35_specs.html,RTX 5060,DISCRETE_GAMING,False,0.8,1.0,0.4534510433386838,0.0806581059390048,0.5842696629213483,0.2236111111111111,38.19,0.667,0.081,True,True,True,False,True,False,True,75.0,0.7979482604817127,0.45,0.7979482604817127,1,0.5567500000000001,0.5676,0.4042230337078652,0.2517756821829855,0.4657055016051364,False,False,False,False
MSI Modern 14 C13m 458vn,msi,Intel,Core I5,1335.0,1.3,8.0,DDR4,3200.0,512.0,14.0,1920 x 1080,60.0,Intel,1.4,"3 cell, 39.3Whr",17990000.0,data/cellphones/detail_htmls\msi_32_specs.html,INTEL_IRIS_XE,INTEGRATED,False,0.6,0.8,0.0220706260032102,0.7885232744783306,0.2114767255216693,0.0833333333333333,17.99,0.351,0.789,True,True,True,True,False,True,False,39.3,0.021409455842997322,0.55,0.021409455842997322,1,0.50775,0.4978,0.4402792999135695,0.5236458976416842,0.4257048644894431,False,False,False,False
MSI Crosshair 16 Hx D2xwfkg 070vn,msi,Intel,Core Ultra 9,275.0,5.4,16.0,DDR5,5600.0,1024.0,16.0,2560 x 1600,240.0,NVIDIA,2.5,4 Cell int (240W),46990000.0,data/cellphones/detail_htmls\msi_33_specs.html,RTX 5060,DISCRETE_GAMING,False,0.8,1.0,0.9542536115569824,0.052969502407704705,0.8487158908507223,0.2847222222222222,46.99,0.917,0.053,True,True,True,False,True,False,True,,,0.45,,0,0.6192500000000001,0.6426000000000001,0.5320320224719102,0.2301765650080256,0.6063997231139647,True,True,False,False
MSI Sword 16 Hx B14vekg 459vn,msi,Intel,Core I7,14700.0,4.6,16.0,DDR5,5600.0,1024.0,16.0,1920 x 1200,144.0,NVIDIA,2.3,"4-cell, 65WHr",35990000.0,data/cellphones/detail_htmls\msi_36_specs.html,RTX 4050,DISCRETE_GAMING,False,0.8,1.0,0.4534510433386838,0.1211878009630819,0.8487158908507223,0.2083333333333333,35.99,0.667,0.121,True,True,True,False,False,False,True,65.0,0.6418376449598573,1.0,0.6418376449598573,1,0.88675,0.8701,0.3991776577355229,0.1834709532040992,0.4497741366218051,True,True,False,False
MSI Sword 16 Hx B14vekg 856vn,msi,Intel,Core I7,14700.0,5.5,16.0,DDR5,5600.0,1024.0,16.0,1920 x 1200,165.0,NVIDIA,2.3,"4-cell, 65WHr",35990000.0,data/cellphones/detail_htmls\msi_37_specs.html,RTX 4050,DISCRETE_GAMING,False,0.8,1.0,0.9787319422150884,0.1211878009630819,0.8487158908507223,0.2083333333333333,35.99,0.929,0.121,True,True,True,False,False,False,True,65.0,0.6418376449598573,1.0,0.6418376449598573,1,0.95225,0.9487,0.5170776577355229,0.1834709532040992,0.5945291366218051,True,True,False,False
MSI Prestige 13 Ai Evo A2vmg 040vn,msi,Intel,Core Ultra 7,258.0,4.6,32.0,LPDDR5X,8533.0,1024.0,13.3,2880 x 1800,60.0,Intel,0.99,"4-cell, 75WHr",38990000.0,data/cellphones/detail_htmls\msi_38_specs.html,INTEL_GRAPHICS,INTEGRATED,False,1.0,1.0,0.4534510433386838,0.9871589085072231,0.0176565008025682,0.2291666666666666,38.99,0.727,0.987,True,True,True,True,False,True,False,75.0,0.7979482604817127,0.45,0.7979482604817127,1,0.60175,0.6156,0.747655617977528,0.7719402086677368,0.745283069823435,True,True,True,True
MSI Crosshair 16 Hx D2xwfkg 036vn,msi,Intel,Core Ultra 7,255.0,5.2,16.0,DDR5,5600.0,1024.0,16.0,2560 x 1600,240.0,NVIDIA,2.5,4 Cell int (240W),44990000.0,data/cellphones/detail_htmls\msi_40_specs.html,RTX 5060,DISCRETE_GAMING,False,0.8,1.0,0.914526484751204,0.052969502407704705,0.8487158908507223,0.2708333333333333,44.99,0.897,0.053,True,True,True,False,True,False,True,,,0.45,,0,0.61425,0.6366,0.5230320224719102,0.2301765650080256,0.5953497231139647,True,True,False,False
MSI Prestige 13 Ai Evo A2vmg 062vn,msi,Intel,Core Ultra 9,288.0,1.0,32.0,LPDDR5X,8533.0,1024.0,13.3,2880 x 1800,60.0,Intel,0.97,4 Cell Int (75Wh),36990000.0,data/cellphones/detail_htmls\msi_39_specs.html,INTEL_GRAPHICS,INTEGRATED,False,1.0,1.0,0.0064205457463884,0.9935794542536116,0.0176565008025682,0.2152777777777778,36.99,0.503,0.994,True,True,True,True,False,True,False,75.0,0.7979482604817127,0.45,0.7979482604817127,1,0.5457500000000001,0.5484,0.649102808988764,0.7748294542536115,0.6231121548956662,False,False,True,True
MSI Raider 18 Hx Ai A2xwig 033vn,msi,Intel,Core Ultra 9,,2.8,64.0,DDR5,6400.0,4096.0,18.0,3840 x 2400,120.0,NVIDIA,3.6,4-Cell  99.9 Whrs (Whr),129990000.0,data/cellphones/detail_htmls\msi_41_specs.html,RTX 5080,DISCRETE_GAMING,False,1.0,1.0,0.1195826645264847,0.0,0.9951845906902088,0.8611111111111112,129.99,0.56,0.0,True,True,True,False,True,False,True,99.9,0.983942908117752,0.45,0.983942908117752,1,0.56,0.5655,0.3757273120138289,0.2170946258797382,0.4084962155821707,False,False,False,False
MSI Gaming Thin 15 B12uc 1416vn 16gb,msi,Intel,Core I5,12450.0,4.6,16.0,DDR4,3200.0,512.0,15.6,1920 x 1080,144.0,NVIDIA,1.86,"3-cell, 52.4WHr",19490000.0,data/cellphones/detail_htmls\msi_42_specs.html,RTX 3050,DISCRETE_GAMING,False,0.8,0.8,0.4534510433386838,0.3214285714285714,0.5842696629213483,0.09375,19.49,0.627,0.321,True,True,True,False,False,False,True,52.4,0.2925958965209634,0.9,0.2925958965209634,1,0.81675,0.8031,0.4267502592912705,0.2837035436473638,0.4682283254105445,True,True,False,False
MSI Katana 15 B13vfk 2099vn,msi,Intel,Core I7,13620.0,1.8,32.0,DDR5,5200.0,1024.0,15.6,1920 x 1080,144.0,NVIDIA,2.25,3 cell / 53.5 Whr,32990000.0,data/cellphones/detail_htmls\msi_43_specs.html,INTEL_GRAPHICS,INTEGRATED,False,1.0,1.0,0.0453451043338683,0.1468699839486356,0.5842696629213483,0.1875,32.99,0.523,0.147,True,True,True,False,False,False,True,53.5,0.33719892952720787,0.45,0.33719892952720787,1,0.5507500000000001,0.5544,0.3212510371650821,0.2092152580565501,0.369456018335597,False,False,False,False
MSI Katana 15 Hx B14wfk 267vn,msi,Intel,Core I7,14650.0,4.6,32.0,DDR5,5600.0,4096.0,15.6,2560 x 1440,165.0,NVIDIA,2.4,4 cell 75 Whrs,40190000.0,data/cellphones/detail_htmls\msi_44_specs.html,RTX 5060,DISCRETE_GAMING,False,1.0,1.0,0.4534510433386838,0.0806581059390048,0.5842696629213483,0.2375,40.19,0.727,0.081,True,True,True,False,True,False,True,75.0,0.7979482604817127,0.45,0.7979482604817127,1,0.60175,0.6156,0.4312230337078652,0.2517756821829855,0.4988555016051364,True,True,False,False
MSI Prestige 14 Evo B13m 401vn,msi,Intel,Core I5,13500.0,2.6,16.0,LPDDR5,4800.0,512.0,14.0,1920 x 1200,60.0,Intel,1.49,4-Cell 72 Battery (Whr),19990000.0,data/cellphones/detail_htmls\msi_45_specs.html,INTEL_IRIS_XE,INTEGRATED,False,0.8,0.8,0.1111556982343499,0.7150882825040128,0.2114767255216693,0.0972222222222222,19.99,0.456,0.715,True,True,True,True,False,True,False,72.0,0.724799286351472,0.55,0.724799286351472,1,0.5640000000000001,0.5593,0.5247116681071737,0.600648228176318,0.5158498962834918,False,False,False,True
MSI Gaming Gf63 Thin 11uc 1228vn,msi,Intel,Core I7,11800.0,2.3,8.0,DDR4,3200.0,512.0,15.6,1920 x 1080,144.0,NVIDIA,1.85,3-Cell 52.4 (Whr),20990000.0,data/cellphones/detail_htmls\msi_47_specs.html,RTX 3050,DISCRETE_GAMING,False,0.6,0.8,0.088282504012841,0.3278491171749599,0.5842696629213483,0.1041666666666666,20.99,0.384,0.328,True,True,True,False,False,False,True,52.4,0.2925958965209634,0.9,0.2925958965209634,1,0.726,0.7002,0.3196474503025064,0.2865927892332386,0.3355599104827756,True,True,False,False
MSI Prestige 13 Ai Evo A1mg 240vn,msi,Intel,Core Ultra 5,125.0,50.0,32.0,LPDDR5X,8533.0,512.0,13.3,2880 x 1800,60.0,Intel,0.96,4 Cell Int (75Wh),30990000.0,data/cellphones/detail_htmls\msi_46_specs.html,INTEL_GRAPHICS,INTEGRATED,False,1.0,0.8,0.9983948635634028,0.9943820224719101,0.0176565008025682,0.1736111111111111,30.99,0.959,0.994,True,True,True,True,False,True,False,75.0,0.7979482604817127,0.45,0.7979482604817127,1,0.6597500000000001,0.6852,0.8545837078651684,0.7751906099518459,0.8752507905296949,True,True,True,True
MSI Modern 14 B11mou 1033vn,msi,Intel,Core I7,1195.0,2.9,8.0,DDR4,3200.0,512.0,14.0,1920 x 1080,60.0,Intel,1.3,3-Cell 39WHrs,21990000.0,data/cellphones/detail_htmls\msi_50_specs.html,INTEL_IRIS_XE,INTEGRATED,False,0.6,0.8,0.1235955056179775,0.8900481540930979,0.2114767255216693,0.1111111111111111,21.99,0.402,0.89,True,True,True,True,False,True,False,39.0,0.01784121320249777,0.55,0.01784121320249777,1,0.5205,0.5131,0.498186084701815,0.5683224780837139,0.4785482337325595,False,False,False,False
MSI Prestige 14 Ai Studio C1veg 056vn,msi,Intel,Core Ultra 7,155.0,4.8,32.0,DDR5,5600.0,1024.0,14.0,2880 x 1800,60.0,NVIDIA,1.7,4-Cell 90 Whrs,36990000.0,data/cellphones/detail_htmls\msi_49_specs.html,RTX 4050,DISCRETE_GAMING,False,1.0,1.0,0.6460674157303371,0.442215088282504,0.2114767255216693,0.2152777777777778,36.99,0.823,0.442,True,True,True,False,False,True,False,90.0,0.9402319357716324,1.0,0.9402319357716324,1,0.95575,0.9469,0.6295332324978393,0.5391545252500309,0.6791708596740338,True,True,True,False
MSI Katana 15 B13vek 2256vn 32gb,msi,Intel,Core I7,13620.0,4.6,32.0,DDR5,5200.0,512.0,15.6,1920 x 1080,144.0,NVIDIA,2.25,"3-cell, 53.5WHr",26990000.0,data/cellphones/detail_htmls\msi_48_specs.html,RTX 4050,DISCRETE_GAMING,False,1.0,0.8,0.4534510433386838,0.1468699839486356,0.5842696629213483,0.1458333333333333,26.99,0.687,0.147,True,True,True,False,False,False,True,53.5,0.33719892952720787,1.0,0.33719892952720787,1,0.92175,0.9061,0.3950510371650821,0.2092152580565501,0.4600660183355969,True,True,False,False
MSI Crosshair 16 Hx D2xwfkg 078vn,msi,Intel,Core Ultra 7,255.0,5.2,32.0,DDR5,5600.0,1024.0,16.0,2560 x 1600,240.0,NVIDIA,2.5,4 Cell int (240W),46990000.0,data/cellphones/detail_htmls\msi_51_specs.html,RTX 5060,DISCRETE_GAMING,False,1.0,1.0,0.914526484751204,0.052969502407704705,0.8487158908507223,0.2847222222222222,46.99,0.957,0.053,True,True,True,False,True,False,True,,,0.45,,0,0.65925,0.6846,0.5500320224719101,0.2301765650080256,0.6284997231139646,True,True,False,False
MSI Modern 14 B11mou 1065vn,msi,Intel,Core I7,1195.0,2.9,8.0,DDR4,3200.0,512.0,14.0,1920 x 1080,60.0,Intel,1.3,"3 Cell, 39Whr",16100000.0,data/cellphones/detail_htmls\msi_52_specs.html,INTEL_IRIS_XE,INTEGRATED,False,0.6,0.8,0.1235955056179775,0.8900481540930979,0.2114767255216693,0.0702083333333333,16.1,0.402,0.89,True,True,True,True,False,True,False,39.0,0.01784121320249777,0.55,0.01784121320249777,1,0.5205,0.5131,0.498186084701815,0.5683224780837139,0.4785482337325595,False,False,False,False
MSI Modern 14 B11mou 1030vn,msi,Intel,Core I3,1115.0,4.6,8.0,DDR4,3200.0,256.0,14.0,1920 x 1080,,Intel,1.3,"3 cell , 39Whr",14990000.0,data/cellphones/detail_htmls\msi_53_specs.html,INTEL_UHD,INTEGRATED,False,0.6,0.6,0.4534510433386838,0.8900481540930979,0.2114767255216693,0.0625,14.99,0.527,0.89,True,True,True,True,False,True,False,39.0,0.01784121320249777,0.45,0.01784121320249777,1,0.49175,0.4956,0.554436084701815,0.5683224780837139,0.5476107337325595,False,False,False,False
MSI Katana 15 B13udxk 2269vn,msi,Intel,Core I7,13620.0,2.4,8.0,DDR5,5200.0,1024.0,15.6,1920 x 1080,144.0,NVIDIA,2.25,3-Cell,25990000.0,data/cellphones/detail_htmls\msi_60_specs.html,RTX 3050,DISCRETE_GAMING,False,0.6,1.0,0.095505617977528,0.1468699839486356,0.5842696629213483,0.1388888888888889,25.99,0.428,0.147,True,True,True,False,False,False,True,,,0.9,,0,0.737,0.7134,0.3448471910112359,0.3253210272873194,0.37004544141252,True,True,False,False
MSI Stealth 16 Ai Studio A1vgg 240vn,msi,Intel,Core Ultra 7,155.0,3.8,32.0,DDR5,5600.0,2048.0,16.0,2560x1600,240.0,NVIDIA,1.99,4-Cell 99.9 Battery (Whr),64990000.0,data/cellphones/detail_htmls\msi_65_specs.html,RTX 4070,DISCRETE_GAMING,False,1.0,1.0,0.1865971107544141,0.2520064205457464,0.8487158908507223,0.4097222222222222,64.99,0.593,0.252,True,True,True,False,False,False,True,99.9,0.983942908117752,1.0,0.983942908117752,1,0.89825,0.8779,0.4784986603284356,0.359430099394987,0.4947604170267934,True,True,False,False
Lg Gram 2024 14z90s G Ah75a5,lg,Intel,Coreultrau7,155.0,4.6,16.0,LPDDR5X,6400.0,512.0,14.0,1920 x 1200,60.0,Intel,0.12,"72 Wh Li-Ion Phát lại video: 29,5 giờ JEITA 3.0 (Phát lại video) : 14 giờ JEITA 3.0 (Không hoạt động) : 31 giờ",41390000.0,data/cellphones/detail_htmls\lg_3_specs.html,INTEL_GRAPHICS,INTEGRATED,False,0.8,0.8,0.4534510433386838,0.9987961476725522,0.2114767255216693,0.2458333333333333,41.39,0.627,0.999,True,True,True,True,False,True,False,72.0,0.724799286351472,0.45,0.724799286351472,1,0.5467500000000001,0.5556,0.7009594209161625,0.7283167675021609,0.6805450929127053,False,False,True,True
Lg Gram 2024 Pro 16z90sp K Ah75a5,lg,Intel,Core Ultra 7,155.0,4.6,16.0,LPDDR5X,7467.0,512.0,16.0,2880 x 1800,120.0,Intel,1.19,"77 Wh Li-Ion (GM), 90Wh Li-Ion (PM)",51400000.0,data/cellphones/detail_htmls\lg_2_specs.html,INTEL_GRAPHICS,INTEGRATED,False,0.8,0.8,0.4534510433386838,0.9602728731942215,0.8487158908507223,0.3153472222222222,51.4,0.627,0.96,True,True,True,True,False,False,True,77.0,0.8621766280107047,0.45,0.8621766280107047,1,0.5467500000000001,0.5556,0.6970916594641314,0.6003603839980245,0.6532133235584641,False,False,True,True
Lg Gram 2024 14z90s G Ah55a5,lg,Intel,Core Ultra 5,125.0,4.6,16.0,LPDDR5X,6400.0,512.0,14.0,1920 x 1200,60.0,Intel,0.12,"72 Wh Li-Ion Phát lại video: 29,5 giờ JEITA 3.0 (Phát lại video) : 14 giờ JEITA 3.0 (Không hoạt động) : 31 giờ",36290000.0,data/cellphones/detail_htmls\lg_1_specs.html,INTEL_GRAPHICS,INTEGRATED,False,0.8,0.8,0.4534510433386838,0.9987961476725522,0.2114767255216693,0.2104166666666666,36.29,0.627,0.999,True,True,True,True,False,True,False,72.0,0.724799286351472,0.45,0.724799286351472,1,0.5467500000000001,0.5556,0.7009594209161625,0.7283167675021609,0.6805450929127053,False,False,True,True
Lg Gram Book 15u50t G Av56a5,lg,Intel,Core I5,1334.0,4.6,16.0,DDR4,3200.0,512.0,15.6,1920 x 1080,60.0,Intel,1.7,51 Wh Li-Ion,16990000.0,data/cellphones/detail_htmls\lg_0_specs.html,INTEL_IRIS_XE,INTEGRATED,False,0.8,0.8,0.4534510433386838,0.442215088282504,0.5842696629213483,0.0763888888888889,16.99,0.627,0.442,True,True,True,False,False,False,True,51.0,0.28055307760927745,0.55,0.28055307760927745,1,0.60675,0.6106,0.4663332324978392,0.333345937770095,0.4959691421780466,True,True,False,False
Samsung Galaxy Chromebook Go Xe340xda Ka1vn,samsung,Intel,Celeron,4500.0,1.1,4.0,LPDDR4X,,32.0,14.0,1366 x 768,60.0,Intel,1.145,42.3 Wh (Giá trị điển hình),7290000.0,data/cellphones/detail_htmls\samsung_1_specs.html,INTEL_UHD,INTEGRATED,False,0.4,0.4,0.0076243980738362,0.9662921348314607,0.2114767255216693,0.0090277777777777,7.29,0.204,0.966,True,True,True,True,False,True,False,42.3,0.14451382694023193,0.45,0.14451382694023193,1,0.381,0.3687,0.4421176318063958,0.6137380386467466,0.3931005420422274,False,False,False,False
Samsung Galaxy Chromebook Go Xe310xda Ka1vn,samsung,Intel,Celeron,4500.0,1.1,4.0,LPDDR4X,,32.0,11.6,1366 x 768,60.0,Intel,1.06,40.2 Wh (Giá trị điển hình),5990000.0,data/cellphones/detail_htmls\samsung_0_specs.html,INTEL_UHD,INTEGRATED,False,0.4,0.4,0.0076243980738362,0.9759229534510433,0.0016051364365971,0.0,5.99,0.204,0.976,True,True,True,True,False,True,False,40.2,0.02408563782337199,0.45,0.02408563782337199,1,0.381,0.3687,0.4414499567847881,0.6529789171502655,0.4006482639832077,False,False,False,False
Apple MACBOOK Air 13 M4 10cpu 8gpu 16gb 256gb 2025,macbook,Apple,,,4.6,16.0,,,256.0,13.6,2560 x 1664,,Apple,1.24,Thời gian xem video trực tuyến lên đến 18 giờ Thời gian duyệt web trên mạng không dây lên đến 15 giờ Pin Li-Po 53.8 watt‑giờ tích hợp,26990000.0,data/cellphones/detail_htmls\macbook_1_specs.html,APPLE_GPU,APPLE,False,0.8,0.6,0.4534510433386838,0.9249598715890851,0.0481540930979133,0.1458333333333333,26.99,0.587,0.925,True,True,True,True,False,True,False,53.8,0.3519179304192685,0.6,0.3519179304192685,1,0.62675,0.6261,0.622116724286949,0.6665049697493519,0.6187035198789974,True,True,True,False
MACBOOK Air M2 2022 16gb,macbook,Apple,M2,2.0,4.6,16.0,,,256.0,13.6,2560 x 1664,,Apple,1.27,"52,6 Wh",24990000.0,data/cellphones/detail_htmls\macbook_0_specs.html,APPLE_GPU,APPLE,False,0.8,0.6,0.4534510433386838,0.9073033707865168,0.0481540930979133,0.1319444444444444,24.99,0.587,0.907,True,True,True,True,False,True,False,52.6,0.31891168599464764,0.6,0.31891168599464764,1,0.62675,0.6261,0.6136292566983578,0.6545210828497345,0.6124873820842078,True,True,True,False
MACBOOK Pro 14 Inch M4 Pro 24gb 512gb,macbook,Apple,M4 Pro,4.0,4.6,24.0,,,512.0,14.2,3024 x 1964,120.0,Apple,1.6,Pin Li-Po 72.4 watt-giờ Thời gian xem video trực tuyến lên đến 22 giờ Thời gian duyệt web trên mạng không dây lên đến 14 giờ,51990000.0,data/cellphones/detail_htmls\macbook_4_specs.html,APPLE_GPU,APPLE,False,0.8,0.8,0.4534510433386838,0.6071428571428572,0.3768057784911717,0.3194444444444444,51.99,0.627,0.607,True,True,True,False,False,False,False,72.4,0.7386262265834077,0.6,0.7386262265834077,1,0.63675,0.6381,0.5652117977528089,0.52107544141252,0.578010397271268,True,True,False,False
Apple MACBOOK Air 13 M4 10cpu 8gpu 16gb 256gb 2025 Sac 70w,macbook,Apple,,,4.6,16.0,,,256.0,13.6,2560 x 1664,,Apple,1.24,Thời gian xem video trực tuyến lên đến 18 giờ Thời gian duyệt web trên mạng không dây lên đến 15 giờ Pin Li-Po 53.8 watt‑giờ tích hợp,27990000.0,data/cellphones/detail_htmls\macbook_3_specs.html,APPLE_GPU,APPLE,False,0.8,0.6,0.4534510433386838,0.9249598715890851,0.0481540930979133,0.1527777777777778,27.99,0.587,0.925,True,True,True,True,False,True,False,53.8,0.3519179304192685,0.6,0.3519179304192685,1,0.62675,0.6261,0.622116724286949,0.6665049697493519,0.6187035198789974,True,True,True,False
Apple MACBOOK Air 13 M4 10cpu 10gpu 16gb 512gb 2025,macbook,Apple,,,4.6,16.0,,,512.0,13.6,2560 x 1664,,Apple,1.24,Thời gian xem video trực tuyến lên đến 18 giờ Thời gian duyệt web trên mạng không dây lên đến 15 giờ Pin Li-Po 53.8 watt‑giờ tích hợp,31990000.0,data/cellphones/detail_htmls\macbook_2_specs.html,APPLE_GPU,APPLE,False,0.8,0.8,0.4534510433386838,0.9249598715890851,0.0481540930979133,0.1805555555555555,31.99,0.627,0.925,True,True,True,True,False,True,False,53.8,0.3519179304192685,0.6,0.3519179304192685,1,0.63675,0.6381,0.640116724286949,0.6665049697493519,0.6408035198789974,True,True,True,False
Apple MACBOOK Air 13 M4 10cpu 10gpu 16gb 512gb 2025 Sac 70w,macbook,Apple,,,4.6,16.0,,,512.0,13.6,2560 x 1664,,Apple,1.24,Thời gian xem video trực tuyến lên đến 18 giờ Thời gian duyệt web trên mạng không dây lên đến 15 giờ Pin Li-Po 53.8 watt‑giờ tích hợp,32990000.0,data/cellphones/detail_htmls\macbook_5_specs.html,APPLE_GPU,APPLE,False,0.8,0.8,0.4534510433386838,0.9249598715890851,0.0481540930979133,0.1875,32.99,0.627,0.925,True,True,True,True,False,True,False,53.8,0.3519179304192685,0.6,0.3519179304192685,1,0.63675,0.6381,0.640116724286949,0.6665049697493519,0.6408035198789974,True,True,True,False
Apple MACBOOK Air 13 M4 10cpu 10gpu 24gb 512gb 2025,macbook,Apple,,,4.6,24.0,,,512.0,13.6,2560 x 1664,,Apple,1.24,Thời gian xem video trực tuyến lên đến 18 giờ Thời gian duyệt web trên mạng không dây lên đến 15 giờ Pin Li-Po 53.8 watt‑giờ tích hợp,36990000.0,data/cellphones/detail_htmls\macbook_7_specs.html,APPLE_GPU,APPLE,False,0.8,0.8,0.4534510433386838,0.9249598715890851,0.0481540930979133,0.2152777777777778,36.99,0.627,0.925,True,True,True,True,False,True,False,53.8,0.3519179304192685,0.6,0.3519179304192685,1,0.63675,0.6381,0.640116724286949,0.6665049697493519,0.6408035198789974,True,True,True,False
Apple MACBOOK Air 15 M4 10cpu 10gpu 16gb 256gb 2025,macbook,Apple,,,4.6,16.0,,,256.0,15.3,2880 x 1864,,Apple,1.51,Thời gian xem video trực tuyến lên đến 18 giờ Thời gian duyệt web trên mạng không dây lên đến 15 giờ Pin Li-Po 66.5 watt‑giờ tích hợp,31990000.0,data/cellphones/detail_htmls\macbook_6_specs.html,APPLE_GPU,APPLE,False,0.8,0.6,0.4534510433386838,0.6645264847512038,0.4297752808988764,0.1805555555555555,31.99,0.587,0.665,True,True,True,True,False,False,False,66.5,0.655664585191793,0.6,0.655664585191793,1,0.62675,0.6261,0.5553881158167675,0.5157260927274971,0.5585198706630448,True,True,False,False
Apple MACBOOK Air 15 M4 10cpu 10gpu 16gb 512gb 2025,macbook,Apple,,,4.6,16.0,,,512.0,15.3,2880 x 1864,,Apple,1.51,Thời gian xem video trực tuyến lên đến 18 giờ Thời gian duyệt web trên mạng không dây lên đến 15 giờ Pin Li-Po 66.5 watt‑giờ tích hợp,36990000.0,data/cellphones/detail_htmls\macbook_9_specs.html,APPLE_GPU,APPLE,False,0.8,0.8,0.4534510433386838,0.6645264847512038,0.4297752808988764,0.2152777777777778,36.99,0.627,0.665,True,True,True,True,False,False,False,66.5,0.655664585191793,0.6,0.655664585191793,1,0.63675,0.6381,0.5733881158167675,0.5157260927274971,0.5806198706630448,True,True,False,False
MACBOOK Air M3 13 Inch 2024,macbook,Apple,M3,3.0,4.6,8.0,,,256.0,13.6,,,Apple,1.66,,27990000.0,data/cellphones/detail_htmls\macbook_8_specs.html,APPLE_GPU,APPLE,False,0.6,0.6,0.4534510433386838,0.5056179775280899,0.0481540930979133,0.1527777777777778,27.99,0.527,0.506,True,True,True,False,False,True,False,,,0.6,,0,0.58175,0.5781,0.5146780898876404,0.5936195826645265,0.5347790569823435,False,False,False,False
MACBOOK Pro 14 Inch M4 24gb 1tb,macbook,Apple,M4,4.0,4.6,24.0,,,1024.0,14.2,3024 x 1964,120.0,Apple,1.55,Pin Li-Po 72.4 watt-giờ Thời gian xem video trực tuyến lên đến 24 giờ Thời gian duyệt web trên mạng không dây lên đến 16 giờ,49990000.0,data/cellphones/detail_htmls\macbook_12_specs.html,APPLE_GPU,APPLE,False,0.8,1.0,0.4534510433386838,0.6408507223113964,0.3768057784911717,0.3055555555555556,49.99,0.667,0.641,True,True,True,True,False,False,False,72.4,0.7386262265834077,0.6,0.7386262265834077,1,0.64675,0.6501,0.5947286516853932,0.5358828250401284,0.6082544582664526,True,True,False,False
MACBOOK Pro 16 Inch M4 Max 48gb 1tb,macbook,Apple,M4 Max,4.0,4.6,48.0,,,1024.0,16.2,3456 x 2234,120.0,Apple,2.15,Pin Li-Po 100 watt-giờ Thời gian xem video trực tuyến lên đến 21 giờ Thời gian duyệt web trên mạng không dây lên đến 14 giờ,103740000.0,data/cellphones/detail_htmls\macbook_11_specs.html,APPLE_GPU,APPLE,False,1.0,1.0,0.4534510433386838,0.1914125200642055,0.9835473515248796,0.6788194444444444,103.74,0.727,0.191,True,True,True,False,False,False,True,100.0,0.995985727029438,0.6,0.995985727029438,1,0.69175,0.6981,0.517783102852204,0.3055330905050006,0.5485590143844918,True,True,False,False
Apple MACBOOK Air 13 M4 10cpu 10gpu 24gb 512gb 2025 Sac 70w,macbook,Apple,,,4.6,24.0,,,512.0,13.6,2560 x 1664,,Apple,1.66,Thời gian xem video trực tuyến lên đến 18 giờ Thời gian duyệt web trên mạng không dây lên đến 15 giờ Pin Li-Po 53.8 watt‑giờ tích hợp,37990000.0,data/cellphones/detail_htmls\macbook_10_specs.html,APPLE_GPU,APPLE,False,0.8,0.8,0.4534510433386838,0.5056179775280899,0.0481540930979133,0.2222222222222222,37.99,0.627,0.506,True,True,True,False,False,True,False,53.8,0.3519179304192685,0.6,0.3519179304192685,1,0.63675,0.6381,0.4939088591184097,0.4785234288183726,0.5374136723669589,True,True,False,False
MACBOOK Pro 14 Inch M4 Pro 12 Cpu 16 Gpu 24gb 512gb Sac 96w,macbook,Apple,M4 Pro,4.0,4.6,24.0,,,512.0,14.2,3024 x 1964,120.0,Apple,1.6,Pin Li-Po 72.4 watt-giờ Thời gian xem video trực tuyến lên đến 22 giờ Thời gian duyệt web trên mạng không dây lên đến 14 giờ,52490000.0,data/cellphones/detail_htmls\macbook_13_specs.html,APPLE_GPU,APPLE,False,0.8,0.8,0.4534510433386838,0.6071428571428572,0.3768057784911717,0.3229166666666667,52.49,0.627,0.607,True,True,True,False,False,False,False,72.4,0.7386262265834077,0.6,0.7386262265834077,1,0.63675,0.6381,0.5652117977528089,0.52107544141252,0.578010397271268,True,True,False,False
Apple MACBOOK Air 15 M4 10cpu 10gpu 16gb 256gb 2025 Sac 70w,macbook,Apple,,,4.6,16.0,,,256.0,15.3,2880 x 1864,,Apple,1.51,Thời gian xem video trực tuyến lên đến 18 giờ Thời gian duyệt web trên mạng không dây lên đến 15 giờ Pin Li-Po 66.5 watt‑giờ tích hợp,32990000.0,data/cellphones/detail_htmls\macbook_17_specs.html,APPLE_GPU,APPLE,False,0.8,0.6,0.4534510433386838,0.6645264847512038,0.4297752808988764,0.1875,32.99,0.587,0.665,True,True,True,True,False,False,False,66.5,0.655664585191793,0.6,0.655664585191793,1,0.62675,0.6261,0.5553881158167675,0.5157260927274971,0.5585198706630448,True,True,False,False
MACBOOK Pro 16 M4 Pro 14 Cpu 20 Gpu 24gb 1tb 2024 Sac 140w,macbook,Apple,M4 Pro,4.0,4.6,24.0,,,1024.0,16.2,3456 x 2234,120.0,Apple,2.14,Pin Li-Po 100 watt-giờ Thời gian xem video trực tuyến lên đến 24 giờ Thời gian duyệt web trên mạng không dây lên đến 17 giờ,71890000.0,data/cellphones/detail_htmls\macbook_18_specs.html,APPLE_GPU,APPLE,False,0.8,1.0,0.4534510433386838,0.1954253611556982,0.9835473515248796,0.4576388888888889,71.89,0.667,0.195,True,True,True,False,False,False,True,100.0,0.995985727029438,0.6,0.995985727029438,1,0.64675,0.6501,0.4921875972342264,0.3073388689961723,0.5164021925546364,True,True,False,False
Apple MACBOOK Air 15 M4 10cpu 10gpu 24gb 512gb 2025 Sac 70w,macbook,Apple,,,4.6,24.0,,,512.0,15.3,2880 x 1864,,Apple,1.51,Thời gian xem video trực tuyến lên đến 18 giờ Thời gian duyệt web trên mạng không dây lên đến 15 giờ Pin Li-Po 66.5 watt‑giờ tích hợp,42990000.0,data/cellphones/detail_htmls\macbook_15_specs.html,APPLE_GPU,APPLE,False,0.8,0.8,0.4534510433386838,0.6645264847512038,0.4297752808988764,0.2569444444444444,42.99,0.627,0.665,True,True,True,True,False,False,False,66.5,0.655664585191793,0.6,0.655664585191793,1,0.63675,0.6381,0.5733881158167675,0.5157260927274971,0.5806198706630448,True,True,False,False
MACBOOK Pro 14 Inch M4 16gb 1tb,macbook,Apple,M4,4.0,4.6,16.0,,,1024.0,14.2,3024 x 1964,120.0,Apple,1.55,Pin Li-Po 72.4 watt-giờ Thời gian xem video trực tuyến lên đến 24 giờ Thời gian duyệt web trên mạng không dây lên đến 16 giờ,44990000.0,data/cellphones/detail_htmls\macbook_14_specs.html,APPLE_GPU,APPLE,False,0.8,1.0,0.4534510433386838,0.6408507223113964,0.3768057784911717,0.2708333333333333,44.99,0.667,0.641,True,True,True,True,False,False,False,72.4,0.7386262265834077,0.6,0.7386262265834077,1,0.64675,0.6501,0.5947286516853932,0.5358828250401284,0.6082544582664526,True,True,False,False
Apple MACBOOK Air 15 M4 10cpu 10gpu 16gb 512gb 2025 Sac 70w,macbook,Apple,,,4.6,16.0,,,512.0,15.3,2880 x 1864,,Apple,1.51,Thời gian xem video trực tuyến lên đến 18 giờ Thời gian duyệt web trên mạng không dây lên đến 15 giờ Pin Li-Po 66.5 watt‑giờ tích hợp,37990000.0,data/cellphones/detail_htmls\macbook_16_specs.html,APPLE_GPU,APPLE,False,0.8,0.8,0.4534510433386838,0.6645264847512038,0.4297752808988764,0.2222222222222222,37.99,0.627,0.665,True,True,True,True,False,False,False,66.5,0.655664585191793,0.6,0.655664585191793,1,0.63675,0.6381,0.5733881158167675,0.5157260927274971,0.5806198706630448,True,True,False,False
MACBOOK Pro 16 Inch M4 Pro 24gb 512gb,macbook,Apple,M4 Pro,4.0,4.6,24.0,,,512.0,16.2,3456 x 2234,120.0,Apple,2.14,Pin Li-Po 100 watt-giờ Thời gian xem video trực tuyến lên đến 24 giờ Thời gian duyệt web trên mạng không dây lên đến 17 giờ,66990000.0,data/cellphones/detail_htmls\macbook_19_specs.html,APPLE_GPU,APPLE,False,0.8,0.8,0.4534510433386838,0.1954253611556982,0.9835473515248796,0.4236111111111111,66.99,0.627,0.195,True,True,True,False,False,False,True,100.0,0.995985727029438,0.6,0.995985727029438,1,0.63675,0.6381,0.4741875972342264,0.3073388689961723,0.4943021925546363,True,True,False,False
MACBOOK Pro M4 Pro 14 Inch 12cpu 16gpu 24gb 512gb Nano,macbook,Apple,M4 Pro,4.0,4.6,24.0,,,512.0,14.2,3024 x 1964,120.0,Apple,1.6,Pin Li-Po 72.4 watt-giờ Thời gian xem video trực tuyến lên đến 22 giờ Thời gian duyệt web trên mạng không dây lên đến 14 giờ,55660000.0,data/cellphones/detail_htmls\macbook_22_specs.html,APPLE_GPU,APPLE,False,0.8,0.8,0.4534510433386838,0.6071428571428572,0.3768057784911717,0.3449305555555556,55.66,0.627,0.607,True,True,True,False,False,False,False,72.4,0.7386262265834077,0.6,0.7386262265834077,1,0.63675,0.6381,0.5652117977528089,0.52107544141252,0.578010397271268,True,True,False,False
MACBOOK Pro 16 Inch M4 Pro 48gb 512gb,macbook,Apple,M4 Pro,4.0,4.6,48.0,,,512.0,16.2,3456 x 2234,120.0,Apple,2.14,Pin Li-Po 100 watt-giờ Thời gian xem video trực tuyến lên đến 24 giờ Thời gian duyệt web trên mạng không dây lên đến 17 giờ,76790000.0,data/cellphones/detail_htmls\macbook_20_specs.html,APPLE_GPU,APPLE,False,1.0,0.8,0.4534510433386838,0.1954253611556982,0.9835473515248796,0.4916666666666666,76.79,0.687,0.195,True,True,True,False,False,False,True,100.0,0.995985727029438,0.6,0.995985727029438,1,0.68175,0.6861,0.5011875972342265,0.3073388689961723,0.5274521925546364,True,True,False,False
MACBOOK Pro M4 Pro 14 Inch 14cpu 20gpu 24gb 1tb Nano,macbook,Apple,M4 Pro,4.0,4.6,24.0,,,1024.0,14.2,3024 x 1964,120.0,Apple,1.6,Pin Li-Po 72.4 watt-giờ Thời gian xem video trực tuyến lên đến 22 giờ Thời gian duyệt web trên mạng không dây lên đến 14 giờ,65460000.0,data/cellphones/detail_htmls\macbook_23_specs.html,APPLE_GPU,APPLE,False,0.8,1.0,0.4534510433386838,0.6071428571428572,0.3768057784911717,0.4129861111111111,65.46,0.667,0.607,True,True,True,False,False,False,False,72.4,0.7386262265834077,0.6,0.7386262265834077,1,0.64675,0.6501,0.583211797752809,0.52107544141252,0.600110397271268,True,True,False,False
MACBOOK Pro M4 Max 14 Inch 14cpu 32gpu 36gb 1tb Nano,macbook,Apple,M4 Max,4.0,4.6,36.0,,,1024.0,14.2,3024 x 1964,120.0,Apple,1.62,Pin Li-Po 72.4 watt-giờ Thời gian xem video trực tuyến lên đến 18 giờ Thời gian duyệt web trên mạng không dây lên đến 13 giờ,85060000.0,data/cellphones/detail_htmls\macbook_24_specs.html,APPLE_GPU,APPLE,False,1.0,1.0,0.4534510433386838,0.579454253611557,0.3768057784911717,0.5490972222222222,85.06,0.727,0.579,True,True,True,False,False,False,False,72.4,0.7386262265834077,0.6,0.7386262265834077,1,0.69175,0.6981,0.6005207865168539,0.508615569823435,0.6264074678972713,True,True,True,False
MACBOOK Pro M4 Pro 14 Inch 14cpu 20gpu 24gb 512gb Nano,macbook,Apple,M4 Pro,4.0,4.6,24.0,,,512.0,14.2,3024 x 1964,120.0,Apple,1.6,Pin Li-Po 72.4 watt-giờ Thời gian xem video trực tuyến lên đến 22 giờ Thời gian duyệt web trên mạng không dây lên đến 14 giờ,60560000.0,data/cellphones/detail_htmls\macbook_34_specs.html,APPLE_GPU,APPLE,False,0.8,0.8,0.4534510433386838,0.6071428571428572,0.3768057784911717,0.3789583333333333,60.56,0.627,0.607,True,True,True,False,False,False,False,72.4,0.7386262265834077,0.6,0.7386262265834077,1,0.63675,0.6381,0.5652117977528089,0.52107544141252,0.578010397271268,True,True,False,False
MACBOOK Air M2 2022,macbook,Apple,M2,2.0,4.6,8.0,,,256.0,13.6,2560 x 1664,,Apple,1.27,"52,6 Wh",24990000.0,data/cellphones/detail_htmls\macbook_36_specs.html,APPLE_GPU,APPLE,False,0.6,0.6,0.4534510433386838,0.9073033707865168,0.0481540930979133,0.1319444444444444,24.99,0.527,0.907,True,True,True,True,False,True,False,52.6,0.31891168599464764,0.6,0.31891168599464764,1,0.58175,0.5781,0.5866292566983577,0.6545210828497345,0.5793373820842079,False,False,False,False
MACBOOK Pro 14 Inch M3 Max 96gb 512gb Sac 96w,macbook,Apple,M3 Max,3.0,4.6,96.0,,,512.0,14.2,3024 x 1964,120.0,Apple,1.55,"Pin Li-Po 72,4 watt-giờ",95990000.0,data/cellphones/detail_htmls\macbook_38_specs.html,APPLE_GPU,APPLE,False,1.0,0.8,0.4534510433386838,0.6408507223113964,0.3768057784911717,0.625,95.99,0.687,0.641,True,True,True,True,False,False,False,72.4,0.7386262265834077,0.6,0.7386262265834077,1,0.68175,0.6861,0.6037286516853932,0.5358828250401284,0.6193044582664526,True,True,True,False
MACBOOK Pro 14 Inch M4 16gb 512gb,macbook,Apple,M4,4.0,4.6,16.0,,,512.0,14.2,3024 x 1964,120.0,Apple,1.55,Pin Li-Po 72.4 watt-giờ Thời gian xem video trực tuyến lên đến 24 giờ Thời gian duyệt web trên mạng không dây lên đến 16 giờ,39990000.0,data/cellphones/detail_htmls\macbook_35_specs.html,APPLE_GPU,APPLE,False,0.8,0.8,0.4534510433386838,0.6408507223113964,0.3768057784911717,0.2361111111111111,39.99,0.627,0.641,True,True,True,True,False,False,False,72.4,0.7386262265834077,0.6,0.7386262265834077,1,0.63675,0.6381,0.5767286516853932,0.5358828250401284,0.5861544582664526,True,True,False,False
MACBOOK Pro M4 14 Inch 10cpu 10gpu 24gb 512gb,macbook,Apple,M4,4.0,4.6,24.0,,,512.0,14.2,3024 x 1964,120.0,Apple,1.55,Pin Li-Po 72.4 watt-giờ Thời gian xem video trực tuyến lên đến 24 giờ Thời gian duyệt web trên mạng không dây lên đến 16 giờ,44990000.0,data/cellphones/detail_htmls\macbook_37_specs.html,APPLE_GPU,APPLE,False,0.8,0.8,0.4534510433386838,0.6408507223113964,0.3768057784911717,0.2708333333333333,44.99,0.627,0.641,True,True,True,True,False,False,False,72.4,0.7386262265834077,0.6,0.7386262265834077,1,0.63675,0.6381,0.5767286516853932,0.5358828250401284,0.5861544582664526,True,True,False,False
MACBOOK Air 2020 M1,macbook,Apple,,,4.6,8.0,LPDDR4,,256.0,13.3,2560 x 1600,,Apple,1.29,"49.9-watt lithium-polymer, củ sạc công suất 30W",22990000.0,data/cellphones/detail_htmls\macbook_39_specs.html,APPLE_GPU,APPLE,False,0.6,0.6,0.4534510433386838,0.8980738362760835,0.0176565008025682,0.1180555555555555,22.99,0.527,0.898,True,True,True,True,False,True,False,,,0.6,,0,0.58175,0.5781,0.6514758426966293,0.7756019261637239,0.632734514446228,False,False,True,False
MACBOOK Air M2 2022 16gb 256gb 10gpu,macbook,Apple,M2,2.0,4.6,16.0,,,256.0,13.6,2560 x 1664,,Apple,1.24,"52,6 Wh",27490000.0,data/cellphones/detail_htmls\macbook_41_specs.html,APPLE_GPU,APPLE,False,0.8,0.6,0.4534510433386838,0.9249598715890851,0.0481540930979133,0.1493055555555555,27.49,0.587,0.925,True,True,True,True,False,True,False,52.6,0.31891168599464764,0.6,0.31891168599464764,1,0.62675,0.6261,0.6198090319792567,0.6624665082108903,0.6168573660328436,True,True,True,False
MACBOOK Air M2 2022 16gb 512gb Sac 70w,macbook,Apple,M2,2.0,4.6,16.0,,,512.0,13.6,2560 x 1664,,Apple,1.27,"52,6 Wh",29990000.0,data/cellphones/detail_htmls\macbook_40_specs.html,APPLE_GPU,APPLE,False,0.8,0.8,0.4534510433386838,0.9073033707865168,0.0481540930979133,0.1666666666666666,29.99,0.627,0.907,True,True,True,True,False,True,False,52.6,0.31891168599464764,0.6,0.31891168599464764,1,0.63675,0.6381,0.6316292566983578,0.6545210828497345,0.634587382084208,True,True,True,False
Apple MACBOOK Pro 14 M4 10 Cpu 10 Gpu 16gb 512gb 2024 Nano,macbook,Apple,M4,4.0,4.6,16.0,,,512.0,14.2,3024 x 1964,120.0,Apple,1.55,Pin Li-Po 72.4 watt-giờ Thời gian xem video trực tuyến lên đến 24 giờ Thời gian duyệt web trên mạng không dây lên đến 16 giờ,43790000.0,data/cellphones/detail_htmls\macbook_43_specs.html,APPLE_GPU,APPLE,False,0.8,0.8,0.4534510433386838,0.6408507223113964,0.3768057784911717,0.2625,43.79,0.627,0.641,True,True,True,True,False,False,False,72.4,0.7386262265834077,0.6,0.7386262265834077,1,0.63675,0.6381,0.5767286516853932,0.5358828250401284,0.5861544582664526,True,True,False,False
MACBOOK Air M3 13 Inch 2024 16gb 256gb 10gpu,macbook,Apple,M3,3.0,4.6,16.0,,,256.0,13.6,,,Apple,1.66,,30490000.0,data/cellphones/detail_htmls\macbook_44_specs.html,APPLE_GPU,APPLE,False,0.8,0.6,0.4534510433386838,0.5056179775280899,0.0481540930979133,0.1701388888888889,30.49,0.587,0.506,True,True,True,False,False,True,False,,,0.6,,0,0.62675,0.6261,0.5416780898876404,0.5936195826645265,0.5679290569823434,True,True,False,False
MACBOOK Pro M4 Max 16 Inch 14cpu 32gpu 36gb 1tb Nano,macbook,Apple,M4 Max,4.0,4.6,36.0,,,1024.0,16.2,3456 x 2234,120.0,Apple,2.15,Pin Li-Po 100 watt-giờ Thời gian xem video trực tuyến lên đến 21 giờ Thời gian duyệt web trên mạng không dây lên đến 14 giờ,95160000.0,data/cellphones/detail_htmls\macbook_45_specs.html,APPLE_GPU,APPLE,False,1.0,1.0,0.4534510433386838,0.1914125200642055,0.9835473515248796,0.6192361111111111,95.16,0.727,0.191,True,True,True,False,False,False,True,100.0,0.995985727029438,0.6,0.995985727029438,1,0.69175,0.6981,0.517783102852204,0.3055330905050006,0.5485590143844918,True,True,False,False
MACBOOK Pro 14 Inch M4 Max 36gb 1tb,macbook,Apple,M4 Max,4.0,4.6,36.0,,,1024.0,14.2,3024 x 1964,120.0,Apple,1.62,Pin Li-Po 72.4 watt-giờ Thời gian xem video trực tuyến lên đến 18 giờ Thời gian duyệt web trên mạng không dây lên đến 13 giờ,81390000.0,data/cellphones/detail_htmls\macbook_46_specs.html,APPLE_GPU,APPLE,False,1.0,1.0,0.4534510433386838,0.579454253611557,0.3768057784911717,0.5236111111111111,81.39,0.727,0.579,True,True,True,False,False,False,False,72.4,0.7386262265834077,0.6,0.7386262265834077,1,0.69175,0.6981,0.6005207865168539,0.508615569823435,0.6264074678972713,True,True,True,False
MACBOOK Air 13 M3 24gb 512gb 2024 Sac 35w,macbook,Apple,M3,3.0,4.6,24.0,,,512.0,13.6,,,Apple,1.66,,37990000.0,data/cellphones/detail_htmls\macbook_47_specs.html,APPLE_GPU,APPLE,False,0.8,0.8,0.4534510433386838,0.5056179775280899,0.0481540930979133,0.2222222222222222,37.99,0.627,0.506,True,True,True,False,False,True,False,,,0.6,,0,0.63675,0.6381,0.5596780898876405,0.5936195826645265,0.5900290569823434,True,True,False,False
MACBOOK Air M3 13 Inch 2024 16gb 512gb,macbook,Apple,M3,3.0,4.6,16.0,,,512.0,13.6,,,Apple,1.66,,32990000.0,data/cellphones/detail_htmls\macbook_49_specs.html,APPLE_GPU,APPLE,False,0.8,0.8,0.4534510433386838,0.5056179775280899,0.0481540930979133,0.1875,32.99,0.627,0.506,True,True,True,False,False,True,False,,,0.6,,0,0.63675,0.6381,0.5596780898876405,0.5936195826645265,0.5900290569823434,True,True,False,False
MACBOOK Pro 14 Inch M4 10 Cpu 10 Gpu 16gb 512gb Sac 96w,macbook,Apple,M4,4.0,4.6,16.0,,,512.0,14.2,3024 x 1964,120.0,Apple,1.55,Pin Li-Po 72.4 watt-giờ Thời gian xem video trực tuyến lên đến 24 giờ Thời gian duyệt web trên mạng không dây lên đến 16 giờ,39760000.0,data/cellphones/detail_htmls\macbook_48_specs.html,APPLE_GPU,APPLE,False,0.8,0.8,0.4534510433386838,0.6408507223113964,0.3768057784911717,0.2345138888888888,39.76,0.627,0.641,True,True,True,True,False,False,False,72.4,0.7386262265834077,0.6,0.7386262265834077,1,0.63675,0.6381,0.5767286516853932,0.5358828250401284,0.5861544582664526,True,True,False,False
MACBOOK Air M3 13 Inch 2024 16gb 256gb,macbook,Apple,M3,3.0,4.6,16.0,,,256.0,13.6,,,Apple,1.66,,27990000.0,data/cellphones/detail_htmls\macbook_51_specs.html,APPLE_GPU,APPLE,False,0.8,0.6,0.4534510433386838,0.5056179775280899,0.0481540930979133,0.1527777777777778,27.99,0.587,0.506,True,True,True,False,False,True,False,,,0.6,,0,0.62675,0.6261,0.5416780898876404,0.5936195826645265,0.5679290569823434,True,True,False,False
MACBOOK Pro 16 Inch M3 Pro 2023 36gb 1tb,macbook,Apple,M3 Pro,3.0,4.6,36.0,,,1024.0,16.2,3024 x 1964,120.0,Apple,1.55,140Wh,79990000.0,data/cellphones/detail_htmls\macbook_50_specs.html,APPLE_GPU,APPLE,False,1.0,1.0,0.4534510433386838,0.6408507223113964,0.9835473515248796,0.5138888888888888,79.99,0.727,0.641,True,True,True,False,True,False,True,140.0,1.0,0.6,1.0,1,0.69175,0.6981,0.5272904494382022,0.3534711075441412,0.5624249237560192,True,True,False,False
MACBOOK Air 15 M3 24gb 512gb 2024 35w,macbook,Apple,M3,3.0,4.6,24.0,,,512.0,15.3,,,Apple,1.66,,42990000.0,data/cellphones/detail_htmls\macbook_52_specs.html,APPLE_GPU,APPLE,False,0.8,0.8,0.4534510433386838,0.5056179775280899,0.4297752808988764,0.2569444444444444,42.99,0.627,0.506,True,True,True,False,False,False,False,,,0.6,,0,0.63675,0.6381,0.5596780898876405,0.5172953451043338,0.5747642094703049,True,True,False,False
MACBOOK Pro 2020 13 Inch Touch Bar M1 512gb,macbook,Apple,,,4.6,8.0,,,512.0,13.3,2560 x 1600,,Apple,1.4,"58.2-watt-hour lithium-polymer, 61W USB-C Power Adapter",41990000.0,data/cellphones/detail_htmls\macbook_54_specs.html,APPLE_GPU,APPLE,False,0.6,0.8,0.4534510433386838,0.7885232744783306,0.0176565008025682,0.25,41.99,0.567,0.789,True,True,True,True,False,True,False,58.2,0.5298840321141838,0.6,0.5298840321141838,1,0.5917499999999999,0.5901,0.5738254537597234,0.6260157118162736,0.5818745965551302,False,False,False,False
MACBOOK Air M3 15 Inch 2024 16gb 256gb,macbook,Apple,M3,3.0,4.6,16.0,,,256.0,15.3,,,Apple,1.66,,32990000.0,data/cellphones/detail_htmls\macbook_55_specs.html,APPLE_GPU,APPLE,False,0.8,0.6,0.4534510433386838,0.5056179775280899,0.4297752808988764,0.1875,32.99,0.587,0.506,True,True,True,False,False,False,False,,,0.6,,0,0.62675,0.6261,0.5416780898876404,0.5172953451043338,0.5526642094703049,True,True,False,False
MACBOOK Pro 14 Inch M3 2023 8gb 512gb,macbook,Apple,M3,3.0,4.6,8.0,,,512.0,14.2,3024 x 1964,120.0,Apple,1.55,70Wh,39990000.0,data/cellphones/detail_htmls\macbook_57_specs.html,APPLE_GPU,APPLE,False,0.6,0.8,0.4534510433386838,0.6408507223113964,0.3768057784911717,0.2361111111111111,39.99,0.567,0.641,True,True,True,False,True,False,False,70.0,0.6882247992863515,0.6,0.6882247992863515,1,0.5917499999999999,0.5901,0.3206750648228176,0.2392424990739597,0.3906022789850598,False,False,False,False
MACBOOK Pro 16 Inch M3 Max 2023 36gb 1tb,macbook,Apple,M3 Max,3.0,4.6,36.0,,,1024.0,16.2,3024 x 1964,120.0,Apple,2.16,"Pin Li-Po 72,4 watt-giờ",89990000.0,data/cellphones/detail_htmls\macbook_58_specs.html,APPLE_GPU,APPLE,False,1.0,1.0,0.4534510433386838,0.1902086677367576,0.9835473515248796,0.5833333333333334,89.99,0.727,0.19,True,True,True,False,True,False,True,72.4,0.7386262265834077,0.6,0.7386262265834077,1,0.69175,0.6981,0.3977117977528089,0.1265128410914927,0.4587228772070625,True,True,False,False
MACBOOK Pro 16 Inch M2 Pro 2023,macbook,Apple,M2 Pro,2.0,4.6,16.0,,,2048.0,16.0,3456 x 2234,120.0,Apple,2.1,70Wh Sạc 96W,65990000.0,data/cellphones/detail_htmls\macbook_59_specs.html,APPLE_GPU,APPLE,False,0.8,1.0,0.4534510433386838,0.2215088282504013,0.8487158908507223,0.4166666666666667,65.99,0.667,0.222,True,True,True,False,False,False,True,70.0,0.6882247992863515,0.6,0.6882247992863515,1,0.64675,0.6501,0.4436245030250648,0.2450811828620817,0.4820972629336955,True,True,False,False
Apple MACBOOK Pro 16 M4 Pro 14 Cpu 20 Gpu 48gb 1tb 2024,macbook,Apple,M4 Pro,4.0,4.6,48.0,,,1024.0,16.2,3456 x 2234,120.0,Apple,2.14,Pin Li-Po 100 watt-giờ Thời gian xem video trực tuyến lên đến 24 giờ Thời gian duyệt web trên mạng không dây lên đến 17 giờ,81690000.0,data/cellphones/detail_htmls\macbook_60_specs.html,APPLE_GPU,APPLE,False,1.0,1.0,0.4534510433386838,0.1954253611556982,0.9835473515248796,0.5256944444444445,81.69,0.727,0.195,True,True,True,False,False,False,True,100.0,0.995985727029438,0.6,0.995985727029438,1,0.69175,0.6981,0.5191875972342264,0.3073388689961723,0.5495521925546363,True,True,False,False
MACBOOK Air 15 Inch M2 2023 16gb 256gb,macbook,Apple,M2,2.0,4.6,16.0,,,256.0,15.0,,,Apple,1.51,Lên đến 18 giờ,37990000.0,data/cellphones/detail_htmls\macbook_62_specs.html,APPLE_GPU,APPLE,False,0.8,0.6,0.4534510433386838,0.6645264847512038,0.4000802568218298,0.2222222222222222,37.99,0.587,0.665,True,True,True,True,False,False,False,,,0.6,,0,0.62675,0.6261,0.5967342696629213,0.5940208667736757,0.5927845947030497,True,True,False,False
MACBOOK Air M3 13 Inch 8cpu 10gpu 24gb 512gb Sac 70w,macbook,Apple,M3,3.0,4.6,24.0,,,512.0,13.6,,,Apple,1.66,,37990000.0,data/cellphones/detail_htmls\macbook_63_specs.html,APPLE_GPU,APPLE,False,0.8,0.8,0.4534510433386838,0.5056179775280899,0.0481540930979133,0.2222222222222222,37.99,0.627,0.506,True,True,True,False,False,True,False,,,0.6,,0,0.63675,0.6381,0.5596780898876405,0.5936195826645265,0.5900290569823434,True,True,False,False
MACBOOK Air 13 Inch M3 24gb 256gb 2024 Sac 30w,macbook,Apple,M3,3.0,4.6,24.0,,,256.0,13.6,,,Apple,1.66,,32990000.0,data/cellphones/detail_htmls\macbook_65_specs.html,APPLE_GPU,APPLE,False,0.8,0.6,0.4534510433386838,0.5056179775280899,0.0481540930979133,0.1875,32.99,0.587,0.506,True,True,True,False,False,True,False,,,0.6,,0,0.62675,0.6261,0.5416780898876404,0.5936195826645265,0.5679290569823434,True,True,False,False
MACBOOK Pro M4 Pro 16 Inch 14cpu 20gpu 24gb 512gb Nano,macbook,Apple,M4 Pro,4.0,4.6,24.0,,,512.0,16.2,3456 x 2234,120.0,Apple,2.14,Pin Li-Po 100 watt-giờ Thời gian xem video trực tuyến lên đến 24 giờ Thời gian duyệt web trên mạng không dây lên đến 17 giờ,70660000.0,data/cellphones/detail_htmls\macbook_66_specs.html,APPLE_GPU,APPLE,False,0.8,0.8,0.4534510433386838,0.1954253611556982,0.9835473515248796,0.4490972222222222,70.66,0.627,0.195,True,True,True,False,False,False,True,100.0,0.995985727029438,0.6,0.995985727029438,1,0.63675,0.6381,0.4741875972342264,0.3073388689961723,0.4943021925546363,True,True,False,False
MACBOOK Pro 14 Inch M3 Pro 36gb 512gb Sac 70w,macbook,Apple,M3 Pro,3.0,4.6,36.0,,,512.0,14.2,3024 x 1964,120.0,Apple,1.55,"Pin Li-Po 72,4 watt-giờ",59990000.0,data/cellphones/detail_htmls\macbook_67_specs.html,APPLE_GPU,APPLE,False,1.0,0.8,0.4534510433386838,0.6408507223113964,0.3768057784911717,0.375,59.99,0.687,0.641,True,True,True,True,False,False,False,72.4,0.7386262265834077,0.6,0.7386262265834077,1,0.68175,0.6861,0.6037286516853932,0.5358828250401284,0.6193044582664526,True,True,True,False
MACBOOK Pro 14 Inch M3 Pro 2023 18gb 2tb,macbook,Apple,M3 Pro,3.0,4.6,18.0,,,2048.0,14.2,3024 x 1964,120.0,Apple,1.61,70Wh,64990000.0,data/cellphones/detail_htmls\macbook_69_specs.html,APPLE_GPU,APPLE,False,0.8,1.0,0.4534510433386838,0.5930979133226324,0.3768057784911717,0.4097222222222222,64.99,0.667,0.593,True,True,True,False,False,False,False,70.0,0.6882247992863515,0.6,0.6882247992863515,1,0.64675,0.6501,0.5736806828003458,0.5066782936164959,0.5929419659834547,True,True,False,False
MACBOOK Air M3 15 Inch 24gb 512gb 2024 Sac 70w,macbook,Apple,M3,3.0,4.6,24.0,,,512.0,15.3,,,Apple,1.66,,42990000.0,data/cellphones/detail_htmls\macbook_71_specs.html,APPLE_GPU,APPLE,False,0.8,0.8,0.4534510433386838,0.5056179775280899,0.4297752808988764,0.2569444444444444,42.99,0.627,0.506,True,True,True,False,False,False,False,,,0.6,,0,0.63675,0.6381,0.5596780898876405,0.5172953451043338,0.5747642094703049,True,True,False,False
Apple MACBOOK Air 13 M3 8cpu 10gpu 16gb 1tb 2024,macbook,Apple,M3,3.0,4.6,16.0,,,1024.0,13.6,,,Apple,1.66,,37990000.0,data/cellphones/detail_htmls\macbook_74_specs.html,APPLE_GPU,APPLE,False,0.8,1.0,0.4534510433386838,0.5056179775280899,0.0481540930979133,0.2222222222222222,37.99,0.667,0.506,True,True,True,False,False,True,False,,,0.6,,0,0.64675,0.6501,0.5776780898876405,0.5936195826645265,0.6121290569823435,True,True,False,False
MACBOOK Pro 14 Inch M2 Max 64gb 2023,macbook,Apple,M2 Max,2.0,4.6,64.0,,,1024.0,14.2,3024 x 1964,120.0,Apple,1.6,70Wh Đi kèm củ sạc 96W,92990000.0,data/cellphones/detail_htmls\macbook_75_specs.html,APPLE_GPU,APPLE,False,1.0,1.0,0.4534510433386838,0.6071428571428572,0.3768057784911717,0.6041666666666666,92.99,0.727,0.607,True,True,True,False,False,False,False,70.0,0.6882247992863515,0.6,0.6882247992863515,1,0.69175,0.6981,0.6055964131374243,0.512998518335597,0.6295680895789604,True,True,True,False
GIGABYTE Gaming A16 Ga6h Cthi3vn893sh,gigabyte,Intel,Core I7,13620.0,4.9,16.0,DDR5,5200.0,4096.0,16.0,1920 x 1200,165.0,NVIDIA,2.23,4 Cell Int (76.1Wh),30990000.0,data/cellphones/detail_htmls\gigabyte_4_specs.html,RTX 5050,DISCRETE_GAMING,False,0.8,1.0,0.7391653290529695,0.1585072231139647,0.8487158908507223,0.1736111111111111,30.99,0.81,0.159,True,True,True,False,False,False,True,76.1,0.8572702943800179,0.45,0.8572702943800179,1,0.5925,0.6105,0.4979356093344858,0.2376204624027657,0.5550951166810717,False,True,False,False
GIGABYTE G6 Mf H2ph853kh,gigabyte,Intel,Core I7,13620.0,3.6,16.0,DDR5,4800.0,4096.0,16.0,1920 x 1200,165.0,NVIDIA,2.279,4 Cell Int (54Wh),25190000.0,data/cellphones/detail_htmls\gigabyte_0_specs.html,RTX 4050,DISCRETE_GAMING,False,0.8,1.0,0.1761637239165329,0.1348314606741573,0.8487158908507223,0.1333333333333333,25.19,0.528,0.135,True,True,True,False,False,False,True,54.0,0.3661909009812667,1.0,0.3661909009812667,1,0.852,0.8284,0.3202490924805531,0.1525913693048524,0.3594303654772194,True,True,False,False
GIGABYTE Gaming A16 Ga6h Cmhi2vn893sh,gigabyte,Intel,Core I7,13620.0,4.9,16.0,DDR5,5200.0,4096.0,16.0,1920 x 1200,165.0,NVIDIA,2.204,4 Cell Int (76.1Wh),27290000.0,data/cellphones/detail_htmls\gigabyte_3_specs.html,RTX 4050,DISCRETE_GAMING,False,0.8,1.0,0.7391653290529695,0.166131621187801,0.8487158908507223,0.1479166666666666,27.29,0.81,0.166,True,True,True,False,False,False,True,76.1,0.8572702943800179,1.0,0.8572702943800179,1,0.9225,0.913,0.5006041486603284,0.241051441535992,0.5569821552043461,True,True,False,False
GIGABYTE Aero X16 Eg61h X161vh93vnc64ah RYZEN Ai 7,gigabyte,AMD,Ryzen AI 7,350.0,2.0,32.0,DDR5,5600.0,1024.0,16.0,2560 x 1600,165.0,NVIDIA,1.99,Li Polymer 76Wh,39690000.0,data/cellphones/detail_htmls\gigabyte_2_specs.html,RTX 5060,DISCRETE_GAMING,False,1.0,1.0,0.0581861958266452,0.2520064205457464,0.8487158908507223,0.2340277777777777,39.69,0.529,0.252,True,True,True,False,False,False,True,76.0,0.844335414808207,0.45,0.844335414808207,1,0.55225,0.5562,0.4037371218668971,0.2789974070872947,0.4226311862575627,False,False,False,False
GIGABYTE Gaming A16 Ga6h Cmhh2vn893sh,gigabyte,Intel,Core I5,13420.0,4.6,16.0,DDR5,5200.0,4096.0,16.0,1920 x 1200,165.0,NVIDIA,2.212,4 Cell Int (76.1Wh),24990000.0,data/cellphones/detail_htmls\gigabyte_1_specs.html,RTX 4050,DISCRETE_GAMING,False,0.8,1.0,0.4534510433386838,0.1645264847512039,0.8487158908507223,0.1319444444444444,24.99,0.667,0.165,True,True,True,False,False,False,True,76.1,0.8572702943800179,1.0,0.8572702943800179,1,0.88675,0.8701,0.4356923509075194,0.2403291301395233,0.4775773839362884,True,True,False,False
GIGABYTE Gaming A16 Ga6h Cthh3vn893sh,gigabyte,Intel,Core I5,13420.0,4.6,16.0,DDR5,5200.0,4096.0,16.0,1920 x 1200,165.0,NVIDIA,2.227,4 Cell Int (76.1Wh),30590000.0,data/cellphones/detail_htmls\gigabyte_7_specs.html,RTX 5050,DISCRETE_GAMING,False,0.8,1.0,0.4534510433386838,0.1597110754414125,0.8487158908507223,0.1708333333333333,30.59,0.667,0.16,True,True,True,False,False,False,True,76.1,0.8572702943800179,0.45,0.8572702943800179,1,0.5567500000000001,0.5676,0.4340069576490925,0.2381621959501172,0.4763855701321151,False,False,False,False
GIGABYTE Gaming A16 Ga6h Cvhi3vnc94sh,gigabyte,Intel,Core I7,13620.0,4.9,16.0,DDR5,5200.0,1024.0,15.6,2560 x 1600,165.0,NVIDIA,2.268,4 Cell Int (76.1Wh),36490000.0,data/cellphones/detail_htmls\gigabyte_6_specs.html,RTX 5060,DISCRETE_GAMING,False,0.8,1.0,0.7391653290529695,0.1376404494382022,0.5842696629213483,0.2118055555555555,36.49,0.81,0.138,True,True,True,False,False,False,True,76.1,0.8572702943800179,0.45,0.8572702943800179,1,0.5925,0.6105,0.4906322385479689,0.2811196598345474,0.5605084393134955,False,True,False,False
GIGABYTE Aorus Master 16 Am6h Byhc5vne64sh,gigabyte,Intel,Core Ultra 9,275.0,5.4,32.0,DDR5,5600.0,1024.0,16.0,2560 x 1600,240.0,NVIDIA,2.5,99Wh,96590000.0,data/cellphones/detail_htmls\gigabyte_9_specs.html,RTX 5080,DISCRETE_GAMING,False,1.0,1.0,0.9542536115569824,0.052969502407704705,0.8487158908507223,0.6291666666666667,96.59,0.977,0.053,True,True,True,False,True,False,True,99.0,0.9790365744870652,0.45,0.9790365744870652,1,0.66425,0.6906,0.5801858686257563,0.2671957957772564,0.6564728000370416,True,True,False,False
GIGABYTE Aorus 16x 9rx6lasgddjixdvn010,gigabyte,Intel,Core I7,14650.0,20.0,16.0,DDR5,5600.0,1024.0,16.0,2560x1600,165.0,NVIDIA,2.345,Li Polymer 99Wh,45990000.0,data/cellphones/detail_htmls\gigabyte_8_specs.html,RTX 4070,DISCRETE_GAMING,False,0.8,1.0,0.9975922953451044,0.1051364365971108,0.8487158908507223,0.2777777777777778,45.99,0.939,0.105,True,True,True,False,True,False,True,99.0,0.9790365744870652,1.0,0.9790365744870652,1,0.95475,0.9517,0.5813442955920484,0.2906709161624892,0.6483891162489196,True,True,False,False
GIGABYTE Gaming A16 Ga6h Cwhi3vnc94sh,gigabyte,Intel,Core I7,13620.0,4.9,16.0,DDR5,5200.0,1024.0,16.0,2560 x 1600,165.0,NVIDIA,2.268,4 Cell Int (76.1Wh),42590000.0,data/cellphones/detail_htmls\gigabyte_5_specs.html,RTX 5070,DISCRETE_GAMING,False,0.8,1.0,0.7391653290529695,0.1376404494382022,0.8487158908507223,0.2541666666666666,42.59,0.81,0.138,True,True,True,False,False,False,True,76.1,0.8572702943800179,0.45,0.8572702943800179,1,0.5925,0.6105,0.4906322385479689,0.2282304142486726,0.5499305901963205,False,True,False,False
GIGABYTE G6 Kf 9rc56kf0hjjanivn000,gigabyte,Intel,Core I7,13620.0,4.9,16.0,DDR5,4800.0,1024.0,16.0,1920 x 1200,165.0,NVIDIA,2.275,Lithium-Ion 54Wh,30990000.0,data/cellphones/detail_htmls\gigabyte_11_specs.html,RTX 4060,DISCRETE_GAMING,False,0.8,1.0,0.7391653290529695,0.1356340288924559,0.8487158908507223,0.1736111111111111,30.99,0.81,0.136,True,True,True,False,False,False,True,54.0,0.3661909009812667,1.0,0.3661909009812667,1,0.9225,0.913,0.4474299913569576,0.1529525250030867,0.5154340011112483,True,True,False,False
GIGABYTE Aero X16 Eg61h X161vh93vnc94dh RYZEN Ai 7,gigabyte,AMD,Ryzen AI 7,350.0,2.0,16.0,DDR5,5600.0,1024.0,16.0,2560 x 1600,165.0,NVIDIA,1.985,Li Polymer 76Wh,38690000.0,data/cellphones/detail_htmls\gigabyte_10_specs.html,RTX 5060,DISCRETE_GAMING,False,0.8,1.0,0.0581861958266452,0.2552166934189406,0.8487158908507223,0.2270833333333333,38.69,0.469,0.255,True,True,True,False,False,False,True,76.0,0.844335414808207,0.45,0.844335414808207,1,0.50725,0.5082,0.3778607173725151,0.2804420298802321,0.3902757287936781,False,False,False,False
GIGABYTE G6 Kf 73vn854kh,gigabyte,Intel,Core I7,13700.0,5.0,16.0,DDR5,4800.0,1024.0,16.0,1920 x 1200,165.0,NVIDIA,2.299,Lithium-Ion 54Wh,28290000.0,data/cellphones/detail_htmls\gigabyte_12_specs.html,RTX 4060,DISCRETE_GAMING,False,0.8,1.0,0.8138041733547352,0.1292134831460674,0.8487158908507223,0.1548611111111111,28.29,0.847,0.129,True,True,True,False,False,False,True,54.0,0.3661909009812667,1.0,0.3661909009812667,1,0.93175,0.9241,0.4618328003457216,0.1500632794172119,0.5342874160390171,True,True,False,False
GIGABYTE G5 Kf5 53vn383sh,gigabyte,Intel,Core I5,13500.0,4.7,8.0,DDR5,4800.0,512.0,15.6,1920 x 1080,144.0,NVIDIA,2.08,54WHrs,26290000.0,data/cellphones/detail_htmls\gigabyte_16_specs.html,RTX 4060,DISCRETE_GAMING,False,0.6,0.8,0.5714285714285714,0.2431781701444623,0.5842696629213483,0.1409722222222222,26.29,0.626,0.243,True,True,True,False,False,False,True,54.0,0.3661909009812667,1.0,0.3661909009812667,1,0.8464999999999999,0.8278,0.4019895419187554,0.2538754784541301,0.4507703895542659,True,True,False,False
GIGABYTE Gaming A16 Ga6h Cvhi3vn893sh,gigabyte,Intel,Core I7,13620.0,4.9,16.0,DDR5,5200.0,4096.0,16.0,1920 x 1200,165.0,NVIDIA,2.233,4 Cell Int (76.1Wh),34590000.0,data/cellphones/detail_htmls\gigabyte_17_specs.html,RTX 5060,DISCRETE_GAMING,False,0.8,1.0,0.7391653290529695,0.1573033707865169,0.8487158908507223,0.1986111111111111,34.59,0.81,0.157,True,True,True,False,False,False,True,76.1,0.8572702943800179,0.45,0.8572702943800179,1,0.5925,0.6105,0.497514261019879,0.2370787288554141,0.5547971632300284,False,True,False,False
ASUS Vivobook Gaming K3605vc Rp431w I5 13420h,asus,Intel,Core I5,13420.0,4.6,16.0,DDR4,3200.0,512.0,16.0,1920x1200,144.0,NVIDIA,1.8,50 Whr 120 W,22090000.0,data/fpt/detail_htmls\asus_0_specs.html,RTX 3050,DISCRETE_GAMING,False,0.8,0.8,0.4534510433386838,0.3591492776886035,0.8487158908507223,0.1118055555555555,22.09,0.627,0.359,True,True,True,False,False,False,True,50.0,0.25111507582515613,0.9,0.25111507582515613,1,0.81675,0.8031,0.4353371218668971,0.2397116928015804,0.4632940434004198,True,True,False,False
ASUS Vivobook 15 X1502va Bq886w I7 13620h,asus,Intel,Core I7,13620.0,4.9,16.0,DDR4,3200.0,512.0,15.6,1920x1200,60.0,Intel,1.7,42 WHrs 65 W,18490000.0,data/fpt/detail_htmls\asus_4_specs.html,INTEL_UHD,INTEGRATED,False,0.8,0.8,0.7391653290529695,0.442215088282504,0.5842696629213483,0.0868055555555555,18.49,0.77,0.442,True,True,True,False,False,False,True,42.0,0.11864406779661017,0.45,0.11864406779661017,1,0.5825,0.5985,0.5133755401901469,0.3030574762316335,0.5611304883318927,False,False,False,False
ASUS Vivobook E1504fa Bq1150w R5 7520u,asus,AMD,Ryzen 5,7520.0,4.3,16.0,LPDDR5,4800.0,512.0,15.6,1920x1080,60.0,AMD,1.63,42 WHrs 45 W,14990000.0,data/fpt/detail_htmls\asus_3_specs.html,AMD_RADEON_GRAPHICS,INTEGRATED,False,0.8,0.8,0.2146869983948635,0.562199036918138,0.5842696629213483,0.0625,14.99,0.507,0.562,True,True,True,False,False,False,True,42.0,0.11864406779661017,0.5,0.11864406779661017,1,0.54675,0.5471,0.4370199222126188,0.3570502531176688,0.4455190156192122,False,False,False,False
ASUS Vivobook Go 15 E1504ga Bq1141w I3 N305,asus,Intel,Core I3,305.0,3.8,8.0,DDR4,,256.0,15.6,1920x1080,60.0,Intel,1.63,42 WHrs 45 W,9990000.0,data/fpt/detail_htmls\asus_2_specs.html,INTEL_UHD,INTEGRATED,False,0.6,0.6,0.1865971107544141,0.562199036918138,0.5842696629213483,0.0277777777777777,9.99,0.393,0.562,True,True,True,False,False,False,True,42.0,0.11864406779661017,0.45,0.11864406779661017,1,0.45825,0.4554,0.3857199222126188,0.3570502531176688,0.3825340156192122,False,False,False,False
ASUS Vivobook X1502va Bq885w I5 13420h,asus,Intel,Core I5,13420.0,4.6,16.0,DDR4,,512.0,15.6,1920x1080,60.0,Intel,1.7,63 Wh 150 W,16190000.0,data/fpt/detail_htmls\asus_1_specs.html,INTEL_GRAPHICS,INTEGRATED,False,0.8,0.8,0.4534510433386838,0.442215088282504,0.5842696629213483,0.0708333333333333,16.19,0.627,0.442,True,True,True,False,False,False,True,63.0,0.6119536128456735,0.45,0.6119536128456735,1,0.5467500000000001,0.5556,0.4894101555747622,0.3737305531547104,0.5144306806395851,False,False,False,False
ASUS Tuf Gaming F16 Fx607vj Rl034w Core 5 210h,asus,Intel,Core 5,210.0,4.8,16.0,DDR4,3200.0,512.0,16.0,1920x1200,144.0,Intel,2.2,56 WHrs 150 W,24590000.0,data/fpt/detail_htmls\asus_6_specs.html,RTX 3050,DISCRETE_GAMING,False,0.8,0.8,0.6460674157303371,0.1761637239165329,0.8487158908507223,0.1291666666666666,24.59,0.723,0.176,True,True,True,False,False,False,True,56.0,0.41480820695807313,0.9,0.41480820695807313,1,0.84075,0.8319,0.4263115384615384,0.1779216569946907,0.4804745237066304,True,True,False,False
ASUS Vivobook X1605va Mb1826w,asus,Intel,Core I3,1315.0,4.5,8.0,DDR4,,512.0,16.0,1920x1200,60.0,Intel,1.88,42 WHrs 45 W,13990000.0,data/fpt/detail_htmls\asus_8_specs.html,INTEL_UHD,INTEGRATED,False,0.6,0.8,0.3029695024077046,0.3126003210272873,0.8487158908507223,0.0555555555555555,13.99,0.491,0.313,True,True,True,False,False,False,True,42.0,0.11864406779661017,0.45,0.11864406779661017,1,0.48275,0.4848,0.342460371650821,0.1918415853809111,0.3643254843190516,False,False,False,False
ASUS Tuf Gaming Fa506ncg Hn184w R7 7445hs,asus,AMD,Ryzen 7,7445.0,4.7,16.0,DDR5,5600.0,512.0,15.6,1920x1080,144.0,NVIDIA,2.3,48 Wh 180 W,22490000.0,data/fpt/detail_htmls\asus_7_specs.html,RTX 3050,DISCRETE_GAMING,False,0.8,0.8,0.5714285714285714,0.1211878009630819,0.5842696629213483,0.1145833333333333,22.49,0.686,0.121,True,True,True,False,False,False,True,48.0,0.2149866190900981,0.9,0.2149866190900981,1,0.8315,0.8208000000000001,0.3750353500432152,0.1791486603284355,0.444695639585134,True,True,False,False
ASUS Tuf Gaming F16 Fx607vu Rl045w Core 5 210h,asus,Intel,Core 5,210.0,4.8,16.0,DDR5,5600.0,512.0,16.0,1920x1200,144.0,Intel,2.2,56 WHrs 240 W,28990000.0,data/fpt/detail_htmls\asus_5_specs.html,RTX 4050,DISCRETE_GAMING,False,0.8,0.8,0.6460674157303371,0.1761637239165329,0.8487158908507223,0.1597222222222222,28.99,0.723,0.176,True,True,True,False,False,False,True,56.0,0.41480820695807313,1.0,0.41480820695807313,1,0.90075,0.8869,0.4263115384615384,0.1779216569946907,0.4804745237066304,True,True,False,False
ASUS Vivobook X1404va Nk394w I3 1315u,asus,Intel,Core I3,1315.0,4.5,8.0,DDR4,3200.0,512.0,14.0,1920x1080,60.0,Intel,1.4,42 WHrs 45 W,13490000.0,data/fpt/detail_htmls\asus_9_specs.html,INTEL_UHD,INTEGRATED,False,0.6,0.8,0.3029695024077046,0.7885232744783306,0.2114767255216693,0.0520833333333333,13.49,0.491,0.789,True,True,True,True,False,True,False,42.0,0.11864406779661017,0.45,0.11864406779661017,1,0.48275,0.4848,0.5084716076058772,0.5327324361032226,0.5072087106432892,False,False,False,False
ASUS Vivobook S14 S3407va Ly046w I5 13420h,asus,Intel,Core I5,13420.0,4.6,16.0,DDR5,4800.0,512.0,14.0,1920x1200,60.0,Intel,1.39,70 Wh 65 W,19490000.0,data/fpt/detail_htmls\asus_12_specs.html,INTEL_UHD,INTEGRATED,False,0.8,0.8,0.4534510433386838,0.819422150882825,0.2114767255216693,0.09375,19.49,0.627,0.819,True,True,True,True,False,True,False,70.0,0.6882247992863515,0.45,0.6882247992863515,1,0.5467500000000001,0.5556,0.6343323681936042,0.6408676997160143,0.6330731056303247,False,False,True,True
ASUS Vivobook 14 A1407ca Ly008ws,asus,Intel,Ultra 5,225.0,4.9,16.0,DDR5,4800.0,512.0,14.0,1920x1200,60.0,Intel,1.46,42 Wh 65 W,21990000.0,data/fpt/detail_htmls\asus_10_specs.html,INTEL_GRAPHICS,INTEGRATED,False,0.8,0.8,0.7391653290529695,0.7323434991974318,0.2114767255216693,0.1111111111111111,21.99,0.77,0.732,True,True,True,True,False,True,False,42.0,0.11864406779661017,0.45,0.11864406779661017,1,0.5825,0.5985,0.6143586862575626,0.5074515372268181,0.6474517162612667,False,False,True,False
ASUS Vivobook E1404fa Eb482w R5 7520u,asus,AMD,Ryzen 5,7520.0,4.3,16.0,LPDDR5,5500.0,512.0,14.0,1920x1080,60.0,AMD,1.38,42 Wh 45 W,14990000.0,data/fpt/detail_htmls\asus_13_specs.html,AMD_RADEON_GRAPHICS,INTEGRATED,False,0.8,0.8,0.2146869983948635,0.8358747993579454,0.2114767255216693,0.0625,14.99,0.507,0.836,True,True,True,True,False,True,False,42.0,0.11864406779661017,0.5,0.11864406779661017,1,0.54675,0.5471,0.5322446413137424,0.5540406222990493,0.527768213050994,False,False,False,False
ASUS Vivobook S3407va Ly146w Core 5 210h,asus,Intel,Core 5,210.0,4.8,16.0,DDR5,4800.0,512.0,14.0,1920x1200,60.0,Intel,1.4,70 Whr 65 W,20990000.0,data/fpt/detail_htmls\asus_14_specs.html,INTEL_UHD,INTEGRATED,False,0.8,0.8,0.6460674157303371,0.7885232744783306,0.2114767255216693,0.1041666666666666,20.99,0.723,0.789,True,True,True,True,False,True,False,70.0,0.6882247992863515,0.45,0.6882247992863515,1,0.57075,0.5844,0.666717761452031,0.6269632053339919,0.6784656337202123,False,False,True,True
ASUS Gaming V16 V3607vu Rp343w Core 5 210h,asus,Intel,Core 5,210.0,4.8,16.0,DDR5,,512.0,16.0,1920x1200,144.0,NVIDIA,1.95,63 WHrs 150 W,26990000.0,data/fpt/detail_htmls\asus_11_specs.html,RTX 4050,DISCRETE_GAMING,False,0.8,0.8,0.6460674157303371,0.271669341894061,0.8487158908507223,0.1458333333333333,26.99,0.723,0.272,True,True,True,False,False,False,True,63.0,0.6119536128456735,1.0,0.6119536128456735,1,0.90075,0.8869,0.4729191443388072,0.2440957216940363,0.5146827592912705,True,True,False,False
ASUS Vivobook S14 S3407va Ly053w I7 13620h,asus,Intel,Core I7,13620.0,4.9,16.0,DDR5,4800.0,512.0,14.0,1920x1200,60.0,Intel,1.4,70 Wh 65 W,21990000.0,data/fpt/detail_htmls\asus_16_specs.html,INTEL_UHD,INTEGRATED,False,0.8,0.8,0.7391653290529695,0.7885232744783306,0.2114767255216693,0.1111111111111111,21.99,0.77,0.789,True,True,True,True,False,True,False,70.0,0.6882247992863515,0.45,0.6882247992863515,1,0.5825,0.5985,0.6878677614520311,0.6269632053339919,0.7044331337202123,False,False,True,True
ASUS Vivobook 14 X1405va Ly623w I5 13420h,asus,Intel,Core I5,13420.0,4.6,16.0,DDR4,3200.0,512.0,14.0,1920x1200,60.0,Intel,1.6,42 Wh 65 W,16190000.0,data/fpt/detail_htmls\asus_15_specs.html,INTEL_UHD,INTEGRATED,False,0.8,0.8,0.4534510433386838,0.6071428571428572,0.2114767255216693,0.0708333333333333,16.19,0.627,0.607,True,True,True,False,False,True,False,42.0,0.11864406779661017,0.45,0.11864406779661017,1,0.5467500000000001,0.5556,0.5067502592912705,0.4518335596987282,0.5378543286208174,False,False,False,False
ASUS Gaming V16 V3607vh Rp025w Core 7 240h,asus,Intel,Core 7,240.0,5.2,16.0,DDR5,5200.0,512.0,16.0,1920x1200,144.0,Intel,1.95,63 WHrs 150 W,30490000.0,data/fpt/detail_htmls\asus_19_specs.html,RTX 5050,DISCRETE_GAMING,False,0.8,0.8,0.914526484751204,0.271669341894061,0.8487158908507223,0.1701388888888889,30.49,0.857,0.272,True,True,True,False,False,False,True,63.0,0.6119536128456735,0.45,0.6119536128456735,1,0.60425,0.6246,0.5332191443388072,0.2440957216940363,0.5887177592912706,True,True,False,False
ASUS Vivobook S3607va Rp056w I7 13620h,asus,Intel,Core I7,13620.0,4.9,16.0,DDR5,4800.0,512.0,16.0,1920x1200,144.0,Intel,1.8,70 Whr 65 W,21990000.0,data/fpt/detail_htmls\asus_17_specs.html,INTEL_UHD,INTEGRATED,False,0.8,0.8,0.7391653290529695,0.3591492776886035,0.8487158908507223,0.1111111111111111,21.99,0.77,0.359,True,True,True,False,False,False,True,70.0,0.6882247992863515,0.45,0.6882247992863515,1,0.5825,0.5985,0.5381486603284357,0.3070193851092727,0.5730707741696506,False,False,False,False
ASUS Vivobook S14 S3407ca Ly095ws Ultra 5 225h,asus,Intel,Ultra 5,225.0,4.9,16.0,DDR5,4800.0,512.0,14.0,1920x1200,60.0,Intel,1.4,70 Wh 65 W,22490000.0,data/fpt/detail_htmls\asus_18_specs.html,INTEL_UHD,INTEGRATED,False,0.8,0.8,0.7391653290529695,0.7885232744783306,0.2114767255216693,0.1145833333333333,22.49,0.77,0.789,True,True,True,True,False,True,False,70.0,0.6882247992863515,0.45,0.6882247992863515,1,0.5825,0.5985,0.6878677614520311,0.6269632053339919,0.7044331337202123,False,False,True,True
ASUS Vivobook E1504fa Nj454w,asus,AMD,Ryzen 5,7520.0,4.3,16.0,LPDDR5,,512.0,15.6,1920x1080,60.0,AMD,1.8,42 WHrs 45 W,14190000.0,data/fpt/detail_htmls\asus_20_specs.html,AMD_RADEON_GRAPHICS,INTEGRATED,False,0.8,0.8,0.2146869983948635,0.3591492776886035,0.5842696629213483,0.0569444444444444,14.19,0.507,0.359,True,True,True,False,False,False,True,42.0,0.11864406779661017,0.5,0.11864406779661017,1,0.54675,0.5471,0.3659525064822817,0.2656778614643783,0.3952642002099025,False,False,False,False
ASUS Vivobook S14 M3407ka Sf034ws AMD RYZEN Ai 5 330,asus,AMD,Ryzen AI 5,,4.0,16.0,DDR5,4800.0,512.0,14.0,1920x1200,60.0,AMD,1.4,70 Wh 65 W,23490000.0,data/fpt/detail_htmls\asus_21_specs.html,AMD_RADEON_GRAPHICS,INTEGRATED,False,0.8,0.8,0.1930176565008025,0.7885232744783306,0.2114767255216693,0.1215277777777777,23.49,0.497,0.789,True,True,True,True,False,True,False,70.0,0.6882247992863515,0.5,0.6882247992863515,1,0.54425,0.5441,0.5650177614520311,0.6269632053339919,0.5536006337202124,False,False,False,True
ASUS Tuf Gaming Fa607nug Rl129w R7 7445hs,asus,AMD,Ryzen 7,7445.0,4.7,16.0,DDR5,5600.0,512.0,16.0,1920x1200,144.0,AMD,2.2,4 Cell 240 W,28990000.0,data/fpt/detail_htmls\asus_23_specs.html,RTX 4050,DISCRETE_GAMING,False,0.8,0.8,0.5714285714285714,0.1761637239165329,0.8487158908507223,0.1597222222222222,28.99,0.686,0.176,True,True,True,False,False,False,True,,,1.0,,0,0.8915,0.8758,0.4712,0.2856139646869984,0.5092627929373997,True,True,False,False
ASUS Vivobook 15 X1504va Bq165w Core 5 120u,asus,Intel,Core 5,120.0,5.0,16.0,DDR4,3200.0,512.0,15.6,1920x1080,60.0,Intel,1.7,42 WHrs 45 W,18990000.0,data/fpt/detail_htmls\asus_22_specs.html,INTEL_UHD,INTEGRATED,False,0.8,0.8,0.8138041733547352,0.442215088282504,0.5842696629213483,0.0902777777777777,18.99,0.807,0.442,True,True,True,False,False,False,True,42.0,0.11864406779661017,0.45,0.11864406779661017,1,0.59175,0.6096,0.5300255401901469,0.3030574762316335,0.5815729883318929,False,True,False,False
HP 14 Ep1179tu Core 5 120u C89zspa,hp,Intel,Core 5,120.0,5.0,16.0,DDR4,,512.0,14.0,1920x1080,,Intel,1.398,3 Cell 45 W,18690000.0,data/fpt/detail_htmls\hp_2_specs.html,INTEL_GRAPHICS,INTEGRATED,False,0.8,0.8,0.8138041733547352,0.8081861958266453,0.2114767255216693,0.0881944444444444,18.69,0.807,0.808,True,True,True,True,False,True,False,,,0.45,,0,0.59175,0.6096,0.7460151685393258,0.6963884430176566,0.7574345144462279,False,True,True,False
HP Probook 445 G10 R5 7530u B73tsat,hp,AMD,Ryzen 5,7530.0,4.5,16.0,DDR4,3200.0,512.0,14.0,1920x1080,60.0,AMD,1.38,3 Cell 65 W,18590000.0,data/fpt/detail_htmls\hp_4_specs.html,AMD_RADEON_GRAPHICS,INTEGRATED,False,0.8,0.8,0.3029695024077046,0.8358747993579454,0.2114767255216693,0.0875,18.59,0.551,0.836,True,True,True,True,False,True,False,,,0.5,,0,0.55775,0.5603,0.6405061797752809,0.7088483146067417,0.6228474438202247,False,False,True,False
HP 15 Fd0305tu I3 1315u A2nl6pa,hp,Intel,Core I3,1315.0,4.5,8.0,DDR4,3200.0,256.0,15.6,1920x1080,60.0,Intel,1.59,3 Cell 45 W,12290000.0,data/fpt/detail_htmls\hp_1_specs.html,INTEL_UHD,INTEGRATED,False,0.6,0.6,0.3029695024077046,0.6211878009630818,0.5842696629213483,0.04375,12.29,0.451,0.621,True,True,True,True,False,False,True,,,0.45,,0,0.47275,0.4728,0.5209275280898876,0.5384028892455859,0.4999479654895666,False,False,False,False
HP 250 G10 I5 1334u B3wa8at,hp,Intel,Core 5,1334.0,4.6,16.0,DDR4,,512.0,15.6,1920x1080,,Intel,1.624,3 Cell 45 W,18390000.0,data/fpt/detail_htmls\hp_3_specs.html,INTEL_GRAPHICS,INTEGRATED,False,0.8,0.8,0.4534510433386838,0.5714285714285714,0.5842696629213483,0.0861111111111111,18.39,0.627,0.571,True,True,True,False,False,False,True,,,0.45,,0,0.5467500000000001,0.5556,0.582711797752809,0.5160112359550563,0.5848725561797753,False,False,False,False
HP 14 Em0086au R5 7520u,hp,AMD,Ryzen 5,7520.0,4.3,16.0,LPDDR5,5500.0,512.0,14.0,1920x1080,60.0,AMD,1.4,3 Cell 45 W,14890000.0,data/fpt/detail_htmls\hp_0_specs.html,AMD_RADEON_GRAPHICS,INTEGRATED,False,0.8,0.8,0.2146869983948635,0.7885232744783306,0.2114767255216693,0.0618055555555555,14.89,0.507,0.789,True,True,True,True,False,True,False,,,0.5,,0,0.54675,0.5471,0.6041331460674156,0.687540128410915,0.5868179414125201,False,False,True,False
HP 14 Ep0112tu I5 1335u,hp,Intel,Core I5,1335.0,3.4,16.0,DDR4,,512.0,14.0,1920x1080,,Intel,1.4,3 Cell 45 W,19190000.0,data/fpt/detail_htmls\hp_5_specs.html,INTEL_IRIS_XE,INTEGRATED,False,0.8,0.8,0.1565008025682183,0.7885232744783306,0.2114767255216693,0.0916666666666666,19.19,0.478,0.789,True,True,True,True,False,True,False,,,0.55,,0,0.5695,0.5659000000000001,0.5910831460674156,0.687540128410915,0.57079544141252,False,False,False,False
HP Gaming Victus 15 Fa2732tx I5 13420h B85lppa,hp,Intel,Core I5,13420.0,4.6,16.0,DDR4,3200.0,512.0,15.6,1920x1080,144.0,NVIDIA,2.262,70.07 Wh 120 W,26090000.0,data/fpt/detail_htmls\hp_6_specs.html,RTX 4050,DISCRETE_GAMING,False,0.8,0.8,0.4534510433386838,0.1388443017656501,0.5842696629213483,0.1395833333333333,26.09,0.627,0.139,True,True,True,False,False,False,True,70.07,0.7176628010704728,1.0,0.7176628010704728,1,0.87675,0.8581,0.3971074330164217,0.2613681241511297,0.4504219696876157,True,True,False,False
HP 14 Ep0220tu I3 1315u B73vwpa,hp,Intel,Core I3,1315.0,4.5,8.0,DDR4,3200.0,512.0,14.0,1920x1080,60.0,Intel,1.38,3 Cell 45 W,13190000.0,data/fpt/detail_htmls\hp_7_specs.html,INTEL_UHD,INTEGRATED,False,0.6,0.8,0.3029695024077046,0.8358747993579454,0.2114767255216693,0.05,13.19,0.491,0.836,True,True,True,True,False,True,False,,,0.45,,0,0.48275,0.4848,0.6135061797752809,0.7088483146067417,0.5896974438202247,False,False,True,False
HP Gaming Victus 15 Fa2731tx I5 13420h B85lnpa,hp,Intel,Core I5,13420.0,4.6,16.0,DDR4,3200.0,512.0,15.6,1920x1080,144.0,NVIDIA,2.185,52.5 Wh 120 W,24090000.0,data/fpt/detail_htmls\hp_9_specs.html,RTX 3050,DISCRETE_GAMING,False,0.8,0.8,0.4534510433386838,0.1865971107544141,0.5842696629213483,0.1256944444444444,24.09,0.627,0.187,True,True,True,False,False,False,True,52.5,0.3073148974130241,0.9,0.3073148974130241,1,0.81675,0.8031,0.3800324546240277,0.2237270805037658,0.4352100206815656,True,True,False,False
HP Omnibook 5 Ai 16 Af1048tu Ultra 5 225u Bz7q9pa,hp,Intel,Core Ultra 5,225.0,4.8,16.0,LPDDR5X,7467.0,512.0,16.0,1920x1200,,Intel,1.734,3 Cell 65 W,23690000.0,data/fpt/detail_htmls\hp_10_specs.html,INTEL_GRAPHICS,INTEGRATED,False,0.8,0.8,0.6460674157303371,0.4105136436597111,0.8487158908507223,0.1229166666666666,23.69,0.723,0.411,True,True,True,False,False,False,True,,,0.45,,0,0.57075,0.5844,0.5695915730337078,0.3907102728731942,0.5875082624398074,False,False,False,False
HP 15 Fd1289tu Ultra 7 155h C2cv8pa,hp,Intel,Core Ultra 7,155.0,4.8,16.0,DDR5,,512.0,15.6,1920x1080,60.0,Intel,1.65,3 Cell 65 W,22890000.0,data/fpt/detail_htmls\hp_11_specs.html,INTEL_GRAPHICS,INTEGRATED,False,0.8,0.8,0.6460674157303371,0.5417335473515249,0.5842696629213483,0.1173611111111111,22.89,0.723,0.542,True,True,True,False,False,False,True,,,0.45,,0,0.57075,0.5844,0.6155185393258427,0.5026484751203852,0.6305630377207063,False,False,True,False
HP Gaming Victus 15 Fb3116ax R7 7445hs Bx9c9pa,hp,AMD,Ryzen 7,7445.0,5.1,16.0,LPDDR5,5600.0,512.0,15.6,1920x1080,144.0,AMD,2.29,52.5 Wh 120 W,27990000.0,data/fpt/detail_htmls\hp_8_specs.html,RTX 4050,DISCRETE_GAMING,False,0.8,0.8,0.8743980738362761,0.1320224719101124,0.5842696629213483,0.1527777777777778,27.99,0.837,0.132,True,True,True,False,False,False,True,52.5,0.3073148974130241,1.0,0.3073148974130241,1,0.92925,0.9211,0.455431331028522,0.19916849302383,0.5377277975676009,True,True,False,False
HP Envy X360 14 Fc0158tu Core Ultra 7 155u,hp,Intel,Core Ultra 7,155.0,0.7,16.0,LPDDR5,,512.0,14.0,2880x1800,120.0,Intel,1.39,59 Wh 65 W,33290000.0,data/fpt/detail_htmls\hp_12_specs.html,INTEL_GRAPHICS,INTEGRATED,False,0.8,0.8,0.0032102728731942,0.819422150882825,0.2114767255216693,0.1895833333333333,33.29,0.402,0.819,True,True,True,True,False,True,False,59.0,0.5370205173951829,0.45,0.5370205173951829,1,0.4905,0.4881,0.5119285220397579,0.6038484689467836,0.4918375287072478,False,False,False,False
HP Omnibook 5 Ai 16 Af1046tu Ultra 5 225u Bz7q8pa,hp,Intel,Core Ultra 5,225.0,4.8,16.0,LPDDR5X,7467.0,512.0,16.0,1920x1200,,Intel,1.734,3 Cell 65 W,24490000.0,data/fpt/detail_htmls\hp_14_specs.html,INTEL_GRAPHICS,INTEGRATED,False,0.8,0.8,0.6460674157303371,0.4105136436597111,0.8487158908507223,0.1284722222222222,24.49,0.723,0.411,True,True,True,False,False,False,True,,,0.45,,0,0.57075,0.5844,0.5695915730337078,0.3907102728731942,0.5875082624398074,False,False,False,False
HP 250r G10 Core 5 120u C3sh7at,hp,Intel,Core 5,120.0,5.0,16.0,DDR4,,512.0,15.6,1920x1080,,Intel,1.53,3 Cell 65 W,18590000.0,data/fpt/detail_htmls\hp_16_specs.html,INTEL_GRAPHICS,INTEGRATED,False,0.8,0.8,0.8138041733547352,0.656099518459069,0.5842696629213483,0.0875,18.59,0.807,0.656,True,True,True,True,False,False,True,,,0.45,,0,0.59175,0.6096,0.6927848314606742,0.5533908507223114,0.7048813443017656,False,True,True,False
HP Gaming Victus 15 Fb3116ax R7 7445hs Bx8u4pa,hp,AMD,Ryzen 7,7445.0,5.1,16.0,LPDDR5,5600.0,512.0,15.6,1920x1080,144.0,NVIDIA,2.29,52.5 Wh 120 W,25990000.0,data/fpt/detail_htmls\hp_13_specs.html,RTX 3050,DISCRETE_GAMING,False,0.8,0.8,0.8743980738362761,0.1320224719101124,0.5842696629213483,0.1388888888888889,25.99,0.837,0.132,True,True,True,False,False,False,True,52.5,0.3073148974130241,0.9,0.3073148974130241,1,0.86925,0.8661,0.455431331028522,0.19916849302383,0.5377277975676009,True,True,False,False
HP 15 Fd0083tu I7 1355u,hp,Intel,Core I7,1355.0,1.7,16.0,,,512.0,15.6,1920x1080,60.0,,1.59,3 Cell,22090000.0,data/fpt/detail_htmls\hp_15_specs.html,UNKNOWN,UNKNOWN,False,0.8,0.8,0.0381219903691813,0.6211878009630818,0.5842696629213483,0.1118055555555555,22.09,0.419,0.621,True,True,True,True,False,False,True,,,0.45,,0,0.49475,0.4931999999999999,0.5065275280898877,0.5384028892455859,0.4822679654895666,False,False,False,False
HP Omnibook 5 16 Ag1068au AMD Ai 5 340 Bz7t0pa,hp,AMD,Ryzen AI 5,340.0,4.8,16.0,LPDDR5,7500.0,512.0,16.0,1920x1200,,AMD,1.79,3 Cell 65 W,24790000.0,data/fpt/detail_htmls\hp_17_specs.html,AMD_RADEON_GRAPHICS,INTEGRATED,False,0.8,0.8,0.6460674157303371,0.372792937399679,0.8487158908507223,0.1305555555555555,24.79,0.723,0.373,True,True,True,False,False,False,True,,,0.5,,0,0.60075,0.6119,0.5563893258426966,0.3737359550561798,0.5781723876404494,True,True,False,False
HP 15 Fd1060tu Core Ultra 7 155h,hp,Intel,Core Ultra 7,155.0,4.8,16.0,DDR5,,512.0,15.6,1920x1080,60.0,Intel,1.65,41 Cell 65 W,23990000.0,data/fpt/detail_htmls\hp_18_specs.html,INTEL_UHD,INTEGRATED,False,0.8,0.8,0.6460674157303371,0.5417335473515249,0.5842696629213483,0.125,23.99,0.723,0.542,True,True,True,False,False,False,True,,,0.45,,0,0.57075,0.5844,0.6155185393258427,0.5026484751203852,0.6305630377207063,False,False,True,False
HP Omnibook 5 16 Ag1067au RYZEN Al 7 350 Bz7u5pa,hp,AMD,Ryzen AI 7,350.0,5.0,16.0,LPDDR5,7500.0,512.0,16.0,1920x1200,,AMD,1.79,3 Cell 65 W,26790000.0,data/fpt/detail_htmls\hp_21_specs.html,AMD_RADEON_GRAPHICS,INTEGRATED,False,0.8,0.8,0.8138041733547352,0.372792937399679,0.8487158908507223,0.1444444444444444,26.79,0.807,0.373,True,True,True,False,False,False,True,,,0.5,,0,0.62175,0.6371,0.5941893258426967,0.3737359550561798,0.6245823876404494,True,True,False,False
HP Probook 4 G1ah 14 R5 220,hp,AMD,Ryzen 5,,4.9,16.0,LPDDR5,5600.0,512.0,14.0,1920x1200,60.0,AMD,1.4,3 Cell 65 W,19190000.0,data/fpt/detail_htmls\hp_19_specs.html,AMD_RADEON_GRAPHICS,INTEGRATED,False,0.8,0.8,0.7391653290529695,0.7885232744783306,0.2114767255216693,0.0916666666666666,19.19,0.77,0.789,True,True,True,True,False,True,False,,,0.5,,0,0.6125,0.626,0.7224831460674157,0.687540128410915,0.73212544141252,True,True,True,False
HP Omnibook 7 14 Fr0033tu Ultra 5 225u C1mn2pa,hp,Intel,Core Ultra 5,225.0,4.8,16.0,LPDDR5,7467.0,512.0,14.0,1920x1200,,Intel,1.41,3 Cell 68 W,25190000.0,data/fpt/detail_htmls\hp_20_specs.html,INTEL_GRAPHICS,INTEGRATED,False,0.8,0.8,0.6460674157303371,0.7664526484751204,0.2114767255216693,0.1333333333333333,25.19,0.723,0.766,True,True,True,True,False,True,False,,,0.45,,0,0.57075,0.5844,0.693608426966292,0.6776083467094705,0.7006954614767256,False,False,True,False
HP 15 Fd1058tu U7 155h 9z2x6pa,hp,Intel,Core Ultra 7,155.0,4.8,16.0,DDR5,,1024.0,15.6,1920x1080,60.0,Intel,1.65,41 Cell 65 W,25490000.0,data/fpt/detail_htmls\hp_23_specs.html,INTEL_UHD,INTEGRATED,False,0.8,1.0,0.6460674157303371,0.5417335473515249,0.5842696629213483,0.1354166666666666,25.49,0.763,0.542,True,True,True,False,False,False,True,,,0.45,,0,0.58075,0.5964,0.6335185393258427,0.5026484751203852,0.6526630377207063,False,False,True,False
HP Omnibook 7 Aero 13 Bg1087au RYZEN Ai 5 340 Bz7s1pa,hp,AMD,Ryzen AI 5,340.0,4.8,16.0,LPDDR5,7200.0,512.0,13.3,1920x1200,,AMD,1.0,3 Cell 65 W,26490000.0,data/fpt/detail_htmls\hp_22_specs.html,AMD_RADEON_GRAPHICS,INTEGRATED,False,0.8,0.8,0.6460674157303371,0.9823434991974318,0.0176565008025682,0.1423611111111111,26.49,0.723,0.982,True,True,True,True,False,True,False,,,0.5,,0,0.60075,0.6119,0.7691702247191011,0.8135232744783306,0.7618812560192616,True,True,True,False
LENOVO Ideapad Slim 3 15irh10 I5 13420h 83k1002pvn,lenovo,Intel,Core I5,13420.0,3.4,16.0,DDR5,4800.0,512.0,15.1,2560x1600,165.0,Intel,1.49,60 Wh 65 W,20490000.0,data/fpt/detail_htmls\lenovo_2_specs.html,INTEL_UHD,INTEGRATED,False,0.8,0.8,0.1565008025682183,0.7150882825040128,0.4097110754414125,0.1006944444444444,20.49,0.478,0.715,True,True,True,True,False,False,False,60.0,0.5709188224799286,0.45,0.5709188224799286,1,0.5095000000000001,0.5109,0.5115347450302505,0.520616742807754,0.5016139838251635,False,False,False,False
LENOVO Gaming Loq 15irx10 I7 13650hx 83je00pevn,lenovo,Intel,Core I7,13650.0,4.9,32.0,DDR5,4800.0,512.0,15.6,1920x1080,144.0,NVIDIA,2.4,60 Wh 180 W,34990000.0,data/fpt/detail_htmls\lenovo_4_specs.html,RTX 5050,DISCRETE_GAMING,False,1.0,0.8,0.7391653290529695,0.0806581059390048,0.5842696629213483,0.2013888888888889,34.99,0.83,0.081,True,True,True,False,True,False,True,60.0,0.5709188224799286,0.45,0.5709188224799286,1,0.6275000000000001,0.6465,0.4487268798617113,0.2012949129522163,0.5326860785282134,True,True,False,False
LENOVO V14 G4 Iru I3 1315u 83a000s4vn,lenovo,Intel,Core I3,1315.0,4.5,8.0,DDR4,3200.0,512.0,14.0,1920x1080,60.0,Intel,1.43,38 Wh 65 W,11590000.0,data/fpt/detail_htmls\lenovo_0_specs.html,INTEL_UHD,INTEGRATED,False,0.6,0.8,0.3029695024077046,0.752808988764045,0.2114767255216693,0.0388888888888888,11.59,0.491,0.753,True,True,True,True,False,True,False,38.0,0.008920606601248885,0.45,0.008920606601248885,1,0.48275,0.4848,0.4882792999135695,0.5031994690702557,0.4922155787751574,False,False,False,False
LENOVO Ideapad Slim 5 14akp10 RYZEN Ai 7 350 83hx001jvn,lenovo,AMD,Ryzen AI 7,350.0,5.0,32.0,DDR5,5600.0,1024.0,14.0,1920x1200,60.0,AMD,1.39,,27990000.0,data/fpt/detail_htmls\lenovo_6_specs.html,AMD_RADEON_GRAPHICS,INTEGRATED,False,1.0,1.0,0.8138041733547352,0.819422150882825,0.2114767255216693,0.1527777777777778,27.99,0.907,0.819,True,True,True,True,False,True,False,,,0.5,,0,0.6767500000000001,0.6971,0.7949477528089887,0.7014446227929374,0.8154654133226324,True,True,True,False
LENOVO V15 G4 Iru I5 13420h 83a100pmvn,lenovo,Intel,Core I5,13420.0,3.4,16.0,DDR4,3200.0,512.0,15.6,1920x1080,,Intel,1.65,38 Wh 65 W,15990000.0,data/fpt/detail_htmls\lenovo_5_specs.html,INTEL_UHD,INTEGRATED,False,0.8,0.8,0.1565008025682183,0.5417335473515249,0.5842696629213483,0.0694444444444444,15.99,0.478,0.542,True,True,True,False,False,False,True,38.0,0.008920606601248885,0.45,0.008920606601248885,1,0.5095000000000001,0.5109,0.4091146931719965,0.3343792443511544,0.4182774607976293,False,False,False,False
LENOVO Ideapad Slim 3 15arp10 R5 7533hs 83k70019vn,lenovo,AMD,Ryzen 5,7533.0,4.5,24.0,DDR5,4800.0,512.0,15.3,1920x1200,60.0,AMD,1.69,60 Wh 65 W,16990000.0,data/fpt/detail_htmls\lenovo_7_specs.html,AMD_RADEON_GRAPHICS,INTEGRATED,False,0.8,0.8,0.3029695024077046,0.4719101123595506,0.4297752808988764,0.0763888888888889,16.99,0.551,0.472,True,True,True,False,False,False,False,60.0,0.5709188224799286,0.5,0.5709188224799286,1,0.55775,0.5603,0.4598341832324978,0.4078960365477219,0.4813545897641684,False,False,False,False
LENOVO Ideapad Slim 3 15abr8 82xm00mdvn,lenovo,AMD,Ryzen 5,5625.0,4.3,16.0,DDR4,3200.0,512.0,15.6,1920x1080,60.0,AMD,1.62,,14490000.0,data/fpt/detail_htmls\lenovo_9_specs.html,AMD_RADEON_GRAPHICS,INTEGRATED,False,0.8,0.8,0.2146869983948635,0.579454253611557,0.5842696629213483,0.0590277777777777,14.49,0.507,0.579,True,True,True,False,False,False,True,,,0.5,,0,0.54675,0.5471,0.531520786516854,0.5196227929373997,0.5205589125200643,False,False,False,False
LENOVO Gaming Loq 15arp9 R5 7235hs 83jc00lvvn,lenovo,AMD,Ryzen 5,7235.0,4.2,16.0,DDR5,4800.0,512.0,15.6,1920x1080,144.0,NVIDIA,2.38,60 Wh 170 W,23490000.0,data/fpt/detail_htmls\lenovo_11_specs.html,RTX 3050,DISCRETE_GAMING,False,0.8,0.8,0.1978330658105939,0.098314606741573,0.5842696629213483,0.1215277777777777,23.49,0.499,0.098,True,True,True,False,True,False,True,60.0,0.5709188224799286,0.9,0.5709188224799286,1,0.7847500000000001,0.7647,0.3059566551426102,0.209240338313372,0.354178562476849,True,True,False,False
LENOVO V15 G4 Iru I7 13620h 83a100rhvn,lenovo,Intel,Core I7,13620.0,3.6,16.0,DDR4,3200.0,512.0,15.6,1920x1080,,Intel,1.65,38 Wh 65 W,19090000.0,data/fpt/detail_htmls\lenovo_10_specs.html,INTEL_UHD,INTEGRATED,False,0.8,0.8,0.1761637239165329,0.5417335473515249,0.5842696629213483,0.0909722222222222,19.09,0.488,0.542,True,True,True,False,False,False,True,38.0,0.008920606601248885,0.45,0.008920606601248885,1,0.512,0.5139,0.4136146931719965,0.3343792443511544,0.4238024607976293,False,False,False,False
LENOVO Gaming Loq 15arp9 R5 7235hs 83jc00m3vn,lenovo,AMD,Ryzen 5,7235.0,4.2,16.0,DDR5,4800.0,1024.0,15.6,1920x1080,144.0,NVIDIA,2.38,60 Wh 170 W,24490000.0,data/fpt/detail_htmls\lenovo_12_specs.html,RTX 3050,DISCRETE_GAMING,False,0.8,1.0,0.1978330658105939,0.098314606741573,0.5842696629213483,0.1284722222222222,24.49,0.539,0.098,True,True,True,False,True,False,True,60.0,0.5709188224799286,0.9,0.5709188224799286,1,0.7947500000000001,0.7767000000000001,0.3239566551426102,0.209240338313372,0.376278562476849,True,True,False,False
LENOVO Ideapad Slim 3 14irh10 83k00007vn,lenovo,Intel,Core I7,13620.0,4.9,16.0,DDR5,4800.0,512.0,14.0,1920x1280,60.0,Intel,1.43,60 Wh 65 W,19990000.0,data/fpt/detail_htmls\lenovo_13_specs.html,INTEL_UHD,INTEGRATED,False,0.8,0.8,0.7391653290529695,0.752808988764045,0.2114767255216693,0.0972222222222222,19.99,0.77,0.753,True,True,True,True,False,True,False,60.0,0.5709188224799286,0.45,0.5709188224799286,1,0.5825,0.5985,0.6561369922212619,0.5772379306087172,0.6802092326213113,False,False,True,False
LENOVO Ideapad Slim 3 14irh10 I5 13420h 83k0000bvn,lenovo,Intel,Core I5,13420.0,3.4,16.0,DDR5,4800.0,512.0,14.0,1920x1280,60.0,Intel,1.33,60 Wh 65 W,19490000.0,data/fpt/detail_htmls\lenovo_15_specs.html,INTEL_UHD,INTEGRATED,False,0.8,0.8,0.1565008025682183,0.8739967897271268,0.2114767255216693,0.09375,19.49,0.478,0.874,True,True,True,True,False,True,False,60.0,0.5709188224799286,0.45,0.5709188224799286,1,0.5095000000000001,0.5109,0.5671527225583405,0.631772441042104,0.548873213359674,False,False,False,False
LENOVO Gaming Loq E 15iax9e I5 12450hx 83lk0079vn,lenovo,Intel,Core I5,12450.0,3.1,16.0,DDR5,4800.0,512.0,15.6,1920x1080,144.0,NVIDIA,1.77,,22090000.0,data/fpt/detail_htmls\lenovo_16_specs.html,RTX 3050,DISCRETE_GAMING,False,0.8,0.8,0.1364365971107544,0.3848314606741573,0.5842696629213483,0.1118055555555555,22.09,0.468,0.385,True,True,True,False,False,False,True,,,0.9,,0,0.777,0.7554000000000001,0.445852808988764,0.4320425361155698,0.4508422712680577,True,True,False,False
LENOVO Yoga Slim 7 14imh9 Core Ultra 7 155h 83cv00dkvn,lenovo,Intel,Core Ultra 7,155.0,4.8,32.0,LPDDR5,5600.0,1024.0,14.0,1920x1200,60.0,Intel,1.39,65 Wh 65 W,29990000.0,data/fpt/detail_htmls\lenovo_17_specs.html,INTEL_GRAPHICS,INTEGRATED,False,1.0,1.0,0.6460674157303371,0.819422150882825,0.2114767255216693,0.1666666666666666,29.99,0.823,0.819,True,True,True,True,False,True,False,65.0,0.6418376449598573,0.45,0.6418376449598573,1,0.62575,0.6444,0.7129169835782195,0.6240407766390912,0.733670797938017,True,True,True,True
LENOVO Thinkpad E14 Gen 7 U5 225u 21sx005nvn,lenovo,Intel,Core Ultra 5,225.0,4.8,16.0,DDR5,5600.0,512.0,14.0,1920x1200,60.0,Intel,1.34,48 Wh 65 W,24300000.0,data/fpt/detail_htmls\lenovo_18_specs.html,INTEL_GRAPHICS,INTEGRATED,False,0.8,0.8,0.6460674157303371,0.8663723916532905,0.2114767255216693,0.1271527777777777,24.3,0.723,0.866,True,True,True,True,False,True,False,48.0,0.2149866190900981,0.45,0.2149866190900981,1,0.57075,0.5844,0.6516572601555747,0.5879568465242622,0.6638871363748611,False,False,True,False
LENOVO Thinkpad E14 Gen 7 Core 5 210h 21t90023vn,lenovo,Intel,Core 5,210.0,4.8,16.0,DDR5,5600.0,512.0,14.0,1920x1200,60.0,Intel,1.34,48 Wh 65 W,23400000.0,data/fpt/detail_htmls\lenovo_22_specs.html,INTEL_GRAPHICS,INTEGRATED,False,0.8,0.8,0.6460674157303371,0.8663723916532905,0.2114767255216693,0.1209027777777777,23.4,0.723,0.866,True,True,True,True,False,True,False,48.0,0.2149866190900981,0.45,0.2149866190900981,1,0.57075,0.5844,0.6516572601555747,0.5879568465242622,0.6638871363748611,False,False,True,False
LENOVO V14 G5 Irl INTEL Core I5 13420h,lenovo,Intel,Core I5,13420.0,3.4,16.0,DDR5,5200.0,512.0,14.0,1920x1080,,Intel,1.37,47 Wh 65 W,16200000.0,data/fpt/detail_htmls\lenovo_21_specs.html,INTEL_UHD,INTEGRATED,False,0.8,0.8,0.1565008025682183,0.8430979133226324,0.2114767255216693,0.0709027777777777,16.2,0.478,0.843,True,True,True,True,False,True,False,47.0,0.18688670829616413,0.45,0.18688670829616413,1,0.5095000000000001,0.5109,0.5313381158167675,0.5741179466600814,0.5212257414495617,False,False,False,False
LENOVO Legion 5 15irx10 I7 13650hx 83ly00hrvn,lenovo,Intel,Core I7,13650.0,4.9,16.0,DDR5,,512.0,15.3,1920x1200,165.0,NVIDIA,2.1,80 Wh 245 W,36990000.0,data/fpt/detail_htmls\lenovo_20_specs.html,RTX 5050,DISCRETE_GAMING,False,0.8,0.8,0.7391653290529695,0.2215088282504013,0.4297752808988764,0.2152777777777778,36.99,0.77,0.222,True,True,True,False,False,False,False,80.0,0.8818019625334522,0.45,0.8818019625334522,1,0.5825,0.5985,0.5092052722558341,0.362523151006297,0.5711470027163847,False,False,False,False
LENOVO V15 G5 Irl INTEL Core I5 13420h,lenovo,Intel,Core I5,13420.0,3.4,16.0,DDR5,5200.0,512.0,15.6,1920x1080,,Intel,1.61,47 Wh 65 W,16400000.0,data/fpt/detail_htmls\lenovo_23_specs.html,INTEL_UHD,INTEGRATED,False,0.8,0.8,0.1565008025682183,0.5930979133226324,0.5842696629213483,0.0722916666666666,16.4,0.478,0.593,True,True,True,False,False,False,True,47.0,0.18688670829616413,0.45,0.18688670829616413,1,0.5095000000000001,0.5109,0.4443999135695765,0.3877816705766144,0.4448362952216322,False,False,False,False
ACER Aspire Go 14 Ai Ag14 71m 52lh Ultra5 115u,acer,Intel,Core Ultra 5,,4.2,16.0,DDR5,,512.0,14.0,1920x1200,60.0,Intel,1.47,,16990000.0,data/fpt/detail_htmls\acer_0_specs.html,INTEL_GRAPHICS,INTEGRATED,False,0.8,0.8,0.1978330658105939,0.725521669341894,0.2114767255216693,0.0763888888888889,16.99,0.499,0.726,True,True,True,True,False,True,False,,,0.45,,0,0.51475,0.5172,0.5784825842696628,0.6591894060995185,0.566805044141252,False,False,False,False
ACER Aspire Lite 15 Al15 41p R3u5 R7 5700u,acer,AMD,Ryzen 7,5700.0,4.3,16.0,DDR4,,512.0,15.6,1920x1080,60.0,AMD,1.7,,12990000.0,data/fpt/detail_htmls\acer_1_specs.html,AMD_RADEON_GRAPHICS,INTEGRATED,False,0.8,0.8,0.2146869983948635,0.442215088282504,0.5842696629213483,0.0486111111111111,12.99,0.507,0.442,True,True,True,False,False,False,True,,,0.5,,0,0.54675,0.5471,0.4834870786516854,0.4578651685393258,0.4865922191011236,False,False,False,False
ACER Gaming Nitro V 15 Propanel Anv15 41 R9m1 R5 7535hs,acer,AMD,Ryzen 5,7535.0,4.55,16.0,DDR5,,512.0,15.6,1920x1080,180.0,AMD,2.1,,23990000.0,data/fpt/detail_htmls\acer_2_specs.html,RTX 3050,DISCRETE_GAMING,False,0.8,0.8,0.3451043338683788,0.2215088282504013,0.5842696629213483,0.125,23.99,0.573,0.222,True,True,True,False,False,False,True,,,0.9,,0,0.80325,0.7869,0.4359398876404494,0.3585473515248796,0.4684324197431782,True,True,False,False
ACER Aspire Lite 16 Ai Al16 71p 71wu Ultra 7 155h,acer,Intel,Ultra 7,155.0,4.8,16.0,DDR5,5600.0,512.0,16.0,1920x1200,60.0,Intel,1.6,,20290000.0,data/fpt/detail_htmls\acer_4_specs.html,INTEL_GRAPHICS,INTEGRATED,False,0.8,0.8,0.6460674157303371,0.6071428571428572,0.8487158908507223,0.0993055555555555,20.29,0.723,0.607,True,True,True,False,False,False,True,,,0.45,,0,0.57075,0.5844,0.6384117977528089,0.4791934189406099,0.6361739927768859,False,False,True,False
ACER Aspire Lite 14 Al14 71m 52gq I5 12500h,acer,Intel,Core I5,12500.0,4.5,16.0,DDR5,,512.0,14.0,1920x1200,60.0,Intel,1.5,,15790000.0,data/fpt/detail_htmls\acer_3_specs.html,INTEL_IRIS_XE,INTEGRATED,False,0.8,0.8,0.3029695024077046,0.6898073836276084,0.2114767255216693,0.0680555555555555,15.79,0.551,0.69,True,True,True,True,False,True,False,,,0.55,,0,0.58775,0.5878000000000001,0.589382584269663,0.64311797752809,0.5866957584269663,False,False,False,False
ACER Nitro V Gaming Anv15 41 R2up R5 6600h,acer,AMD,Ryzen 5,6600.0,3.3,16.0,DDR5,,512.0,15.6,1920x1080,165.0,NVIDIA,2.1,,18990000.0,data/fpt/detail_htmls\acer_7_specs.html,RTX 2050,DISCRETE_GAMING,False,0.8,0.8,0.1432584269662921,0.2215088282504013,0.5842696629213483,0.0902777777777777,18.99,0.472,0.222,True,True,True,False,False,False,True,,,0.8,,0,0.718,0.7016,0.3904898876404494,0.3585473515248796,0.4126299197431781,True,True,False,False
ACER Swift Lite 14 Ai Sfl14 51m 56hs U5 125u,acer,Intel,Core Ultra 5,125.0,4.3,16.0,DDR5,,512.0,14.0,1920x1200,60.0,Intel,1.27,3 Cell,19690000.0,data/fpt/detail_htmls\acer_8_specs.html,INTEL_GRAPHICS,INTEGRATED,False,0.8,0.8,0.2146869983948635,0.9073033707865168,0.2114767255216693,0.0951388888888888,19.69,0.507,0.907,True,True,True,True,False,True,False,,,0.45,,0,0.51675,0.5196000000000001,0.6457061797752809,0.7409911717495987,0.6162160152487961,False,False,True,False
ACER Aspire 7 Gaming A715 59g 57tu I5 12450h 16gb,acer,Intel,Core I5,12450.0,4.4,16.0,DDR4,,512.0,15.6,1920x1080,144.0,NVIDIA,1.99,,20190000.0,data/fpt/detail_htmls\acer_6_specs.html,RTX 3050,DISCRETE_GAMING,False,0.8,0.8,0.2451845906902086,0.2520064205457464,0.5842696629213483,0.0986111111111111,20.19,0.523,0.252,True,True,True,False,False,False,True,,,0.9,,0,0.7907500000000001,0.7719,0.4241140449438202,0.3722712680577849,0.4483555738362761,True,True,False,False
ACER Aspire Lite 16 Ai Al16 71p 5674 Ultra 5 125h,acer,Intel,Ultra 5,125.0,4.5,16.0,DDR5,5600.0,512.0,16.0,1920x1200,60.0,Intel,1.6,,17290000.0,data/fpt/detail_htmls\acer_5_specs.html,INTEL_GRAPHICS,INTEGRATED,False,0.8,0.8,0.3029695024077046,0.6071428571428572,0.8487158908507223,0.0784722222222222,17.29,0.551,0.607,True,True,True,False,False,False,True,,,0.45,,0,0.52775,0.5328,0.561011797752809,0.4791934189406099,0.5411439927768861,False,False,False,False
ACER Gaming Nitro V 15 Anv15 41 R732 R5 6600h,acer,AMD,Ryzen 5,6600.0,4.5,16.0,DDR5,,512.0,15.6,1920x1080,165.0,NVIDIA,2.1,,24990000.0,data/fpt/detail_htmls\acer_9_specs.html,RTX 4050,DISCRETE_GAMING,False,0.8,0.8,0.3029695024077046,0.2215088282504013,0.5842696629213483,0.1319444444444444,24.99,0.551,0.222,True,True,True,False,False,False,True,,,1.0,,0,0.85775,0.8353,0.4260398876404494,0.3585473515248796,0.4562774197431782,True,True,False,False
ACER Aspire Lite 14 Gen 2 Al14 52m 32kv,acer,Intel,Core I3,1305.0,4.5,8.0,DDR5,,256.0,14.0,1920x1200,60.0,,1.5,3 Cell,11290000.0,data/fpt/detail_htmls\acer_11_specs.html,UNKNOWN,UNKNOWN,False,0.6,0.6,0.3029695024077046,0.6898073836276084,0.2114767255216693,0.0368055555555555,11.29,0.451,0.69,True,True,True,True,False,True,False,,,0.45,,0,0.47275,0.4728,0.5443825842696629,0.64311797752809,0.5314457584269663,False,False,False,False
ACER Aspire Lite 15 Al15 72p 7232 I7 13620h,acer,Intel,Core I7,13620.0,4.9,16.0,DDR5,,512.0,15.6,1920x1080,60.0,Intel,1.79,58 Wh 90 W,16990000.0,data/fpt/detail_htmls\acer_10_specs.html,INTEL_UHD,INTEGRATED,False,0.8,0.8,0.7391653290529695,0.372792937399679,0.5842696629213483,0.0763888888888889,16.99,0.77,0.373,True,True,True,False,False,False,True,58.0,0.5156110615521855,0.45,0.5156110615521855,1,0.5825,0.5985,0.5198470181503889,0.3256636621805161,0.5685638906037781,False,False,False,False
ACER Aspire 7 Gaming A715 59g 73lb I7 12650h,acer,Intel,Core I7,12650.0,4.7,16.0,DDR4,,512.0,15.6,1920x1080,144.0,NVIDIA,2.07,54.8 Wh 150 W,23690000.0,data/fpt/detail_htmls\acer_12_specs.html,RTX 3050,DISCRETE_GAMING,False,0.8,0.8,0.5714285714285714,0.2439807383627608,0.5842696629213483,0.1229166666666666,23.69,0.686,0.244,True,True,True,False,False,False,True,54.8,0.3800178412132025,0.9,0.3800178412132025,1,0.8315,0.8208000000000001,0.4308089023336214,0.2569289418446721,0.485349794419064,True,True,False,False
ACER Gaming Nitro V 15 Propanel Anv15 52 72bm I7 13620h,acer,Intel,Core I7,13620.0,4.9,16.0,DDR4,,512.0,15.6,1920x1080,180.0,Intel,2.1,,31490000.0,data/fpt/detail_htmls\acer_13_specs.html,RTX 5050,DISCRETE_GAMING,False,0.8,0.8,0.7391653290529695,0.2215088282504013,0.5842696629213483,0.1770833333333333,31.49,0.77,0.222,True,True,True,False,False,False,True,,,0.45,,0,0.5825,0.5985,0.5245898876404494,0.3585473515248796,0.5772749197431781,False,False,False,False
ACER Aspire 5 A515 58m 951t I9 13900h,acer,Intel,Core I9,13900.0,5.4,16.0,DDR5,3200.0,512.0,15.6,1920x1080,60.0,Intel,1.7,,23590000.0,data/fpt/detail_htmls\acer_15_specs.html,INTEL_IRIS_XE,INTEGRATED,False,0.8,0.8,0.9542536115569824,0.442215088282504,0.5842696629213483,0.1222222222222222,23.59,0.877,0.442,True,True,True,False,False,False,True,,,0.55,,0,0.66925,0.6856000000000001,0.6499870786516854,0.4578651685393258,0.6910172191011236,True,True,True,False
ACER Aspire Lite 16 Al16 51p 72s2 I7 1255u,acer,Intel,Core I7,1255.0,4.7,16.0,DDR5,,512.0,16.0,1920x1200,60.0,Intel,1.8,3 Cell,16690000.0,data/fpt/detail_htmls\acer_16_specs.html,INTEL_IRIS_XE,INTEGRATED,False,0.8,0.8,0.5714285714285714,0.3591492776886035,0.8487158908507223,0.0743055555555555,16.69,0.686,0.359,True,True,True,False,False,False,True,,,0.55,,0,0.6215,0.6283000000000001,0.5349640449438202,0.3675963081861958,0.5543530818619583,True,True,False,False
ACER Gaming Nitro V 15 Propanel Anv15 41 R7ap R5 7535hs,acer,AMD,Ryzen 5,7535.0,0.0,16.0,DDR5,,512.0,15.6,1920x1200,180.0,NVIDIA,2.1,,22990000.0,data/fpt/detail_htmls\acer_18_specs.html,RTX 2050,DISCRETE_GAMING,False,0.8,0.8,0.0016051364365971,0.2215088282504013,0.5842696629213483,0.1180555555555555,22.99,0.401,0.222,True,True,True,False,False,False,True,,,0.8,,0,0.7002499999999999,0.6803,0.3585398876404494,0.3585473515248796,0.3734024197431781,True,True,False,False
ACER Aspire Lite 14 Al14 52m 52uu I5 1335u,acer,Intel,Core I5,1335.0,4.6,16.0,DDR5,,512.0,14.0,2240x1400,60.0,Intel,1.5,,16490000.0,data/fpt/detail_htmls\acer_14_specs.html,INTEL_UHD,INTEGRATED,False,0.8,0.8,0.4534510433386838,0.6898073836276084,0.2114767255216693,0.0729166666666666,16.49,0.627,0.69,True,True,True,True,False,True,False,,,0.45,,0,0.5467500000000001,0.5556,0.623582584269663,0.64311797752809,0.6286857584269663,False,False,True,False
ACER Aspire Lite 16 Gen 2 Al16 52p 572a I5 1334u,acer,Intel,Core I5,1334.0,4.6,16.0,DDR5,,512.0,16.0,1920x1200,60.0,Intel,1.7,,14990000.0,data/fpt/detail_htmls\acer_17_specs.html,INTEL_IRIS_XE,INTEGRATED,False,0.8,0.8,0.4534510433386838,0.442215088282504,0.8487158908507223,0.0625,14.99,0.627,0.442,True,True,True,False,False,False,True,,,0.55,,0,0.60675,0.6106,0.5374870786516853,0.4049759229534511,0.5423143699839486,True,True,False,False
ACER Gaming Nitro V 15 Propanel Anv15 41 R7cr R5 7535hs,acer,AMD,Ryzen 5,7735.0,4.55,16.0,DDR5,,512.0,15.6,1920x1080,180.0,NVIDIA,2.1,57 Wh 135 W,26990000.0,data/fpt/detail_htmls\acer_19_specs.html,RTX 4050,DISCRETE_GAMING,False,0.8,0.8,0.3451043338683788,0.2215088282504013,0.5842696629213483,0.1458333333333333,26.99,0.573,0.222,True,True,True,False,False,False,True,57.0,0.4683318465655665,1.0,0.4683318465655665,1,0.86325,0.8419,0.3763245030250648,0.2542204284479565,0.4207401120508705,True,True,False,False
ACER Swift Go 14 Ai Sfg14 75 5264 Ultra 5 226v,acer,Intel,Core Ultra 5,226.0,4.5,16.0,LPDDR5X,,512.0,14.0,1920x1200,60.0,Intel,1.24,,23990000.0,data/fpt/detail_htmls\acer_20_specs.html,INTEL_GRAPHICS,INTEGRATED,False,0.8,0.8,0.3029695024077046,0.9249598715890851,0.2114767255216693,0.125,23.99,0.551,0.925,True,True,True,True,False,True,False,,,0.45,,0,0.52775,0.5328,0.6716859550561798,0.7489365971107544,0.6448959991974319,False,False,True,False
ACER Gaming Nitro V 15 Propanel Anv15 41 R0y4 R7 7735hs,acer,AMD,Ryzen 7,7735.0,4.75,16.0,DDR5,,512.0,15.6,1920x1080,180.0,AMD,2.1,57 Wh 135 W,28990000.0,data/fpt/detail_htmls\acer_21_specs.html,RTX 4050,DISCRETE_GAMING,False,0.8,0.8,0.5862760834670947,0.2215088282504013,0.5842696629213483,0.1597222222222222,28.99,0.693,0.222,True,True,True,False,False,False,True,57.0,0.4683318465655665,1.0,0.4683318465655665,1,0.89325,0.8779,0.4303245030250647,0.2542204284479565,0.4870401120508704,True,True,False,False
ACER Aspire 7 A715 76 728x I7 12650h,acer,Intel,Core I7,12650.0,3.5,16.0,DDR4,,512.0,15.6,1920x1080,60.0,,2.1,,20190000.0,data/fpt/detail_htmls\acer_22_specs.html,UNKNOWN,UNKNOWN,False,0.8,0.8,0.1689406099518459,0.2215088282504013,0.5842696629213483,0.0986111111111111,20.19,0.484,0.222,True,True,True,False,False,False,True,,,0.45,,0,0.511,0.5127,0.3958898876404494,0.3585473515248796,0.4192599197431781,False,False,False,False
ACER Swift Lite 14 Ai Sfl14 51m 78xz U7 155u,acer,Intel,Core Ultra 7,155.0,3.8,16.0,DDR5,,512.0,14.0,1920x1200,60.0,Intel,1.27,3 Cell,22590000.0,data/fpt/detail_htmls\acer_23_specs.html,INTEL_GRAPHICS,INTEGRATED,False,0.8,0.8,0.1865971107544141,0.9073033707865168,0.2114767255216693,0.1152777777777777,22.59,0.493,0.907,True,True,True,True,False,True,False,,,0.45,,0,0.51325,0.5154000000000001,0.6394061797752808,0.7409911717495987,0.608481015248796,False,False,True,False
MSI Venture A15 Ai A2hmg 003vn R7 260,msi,AMD,Ryzen 7,260.0,5.1,16.0,DDR5,5600.0,512.0,15.6,1920x1080,144.0,AMD,1.9,55.2 WHrs 90 W,22490000.0,data/fpt/detail_htmls\msi_0_specs.html,AMD_RADEON_GRAPHICS,INTEGRATED,False,0.8,0.8,0.8743980738362761,0.2969502407704655,0.5842696629213483,0.1145833333333333,22.49,0.837,0.297,True,True,True,False,False,False,True,55.2,0.39295272078501337,0.5,0.39295272078501337,1,0.62925,0.6461,0.5180674589455488,0.2821113717742931,0.5825026308803556,True,True,False,False
MSI Modern 15 H Ai C2hmg 220vn Ultra 7 255h,msi,Intel,Ultra 7,255.0,5.1,16.0,DDR5,5600.0,512.0,15.6,1920x1080,60.0,Intel,1.9,39.3 Whr 90 W,22490000.0,data/fpt/detail_htmls\msi_4_specs.html,INTEL_GRAPHICS,INTEGRATED,False,0.8,0.8,0.8743980738362761,0.2969502407704655,0.5842696629213483,0.1145833333333333,22.49,0.837,0.297,True,True,True,False,False,False,True,39.3,0.021409455842997322,0.45,0.021409455842997322,1,0.5992500000000001,0.6186,0.4874905358686257,0.2286017563896777,0.558041092418817,False,True,False,False
MSI Modern 14 F13mg 466vn I5 1334u,msi,Intel,Core I5,1334.0,4.6,16.0,DDR4,3200.0,512.0,14.0,1920x1080,60.0,Intel,1.5,46.8 Whr 65 W,14990000.0,data/fpt/detail_htmls\msi_3_specs.html,INTEL_IRIS_XE,INTEGRATED,False,0.8,0.8,0.4534510433386838,0.6898073836276084,0.2114767255216693,0.0625,14.99,0.627,0.69,True,True,True,True,False,True,False,46.8,0.1694915254237288,0.55,0.1694915254237288,1,0.60675,0.6106,0.5443518150388937,0.5044641313742437,0.5653011430423509,True,True,False,False
MSI Gaming Thin 15 B13uc 3247vn I5 13420h,msi,Intel,Core I5,13420.0,4.6,16.0,DDR4,3200.0,512.0,15.6,1920x1080,144.0,NVIDIA,1.86,52 Whr 120 W,20590000.0,data/fpt/detail_htmls\msi_1_specs.html,RTX 3050,DISCRETE_GAMING,False,0.8,0.8,0.4534510433386838,0.3214285714285714,0.5842696629213483,0.1013888888888888,20.59,0.627,0.321,True,True,True,False,False,False,True,52.0,0.2872435325602141,0.9,0.2872435325602141,1,0.81675,0.8031,0.4259810285220397,0.28235738980121,0.4676129407951598,True,True,False,False
MSI Gaming Katana 15 B13vfk 676vn I7 13620h,msi,Intel,Core I7,13620.0,4.9,16.0,DDR5,5200.0,1024.0,15.6,1920x1080,144.0,NVIDIA,2.25,53.5 Wh 200 W,30390000.0,data/fpt/detail_htmls\msi_2_specs.html,RTX 4060,DISCRETE_GAMING,False,0.8,1.0,0.7391653290529695,0.1468699839486356,0.5842696629213483,0.1694444444444444,30.39,0.81,0.147,True,True,True,False,False,False,True,53.5,0.33719892952720787,1.0,0.33719892952720787,1,0.9225,0.913,0.4504010371650822,0.2092152580565501,0.528023518335597,True,True,False,False
MSI Gaming Katana 15 B13vek 2415vn,msi,Intel,Core I5,13420.0,4.6,24.0,DDR5,5200.0,512.0,15.6,1920x1080,144.0,Intel,2.25,53.5 Wh 200 W,25090000.0,data/fpt/detail_htmls\msi_5_specs.html,RTX 4050,DISCRETE_GAMING,False,0.8,0.8,0.4534510433386838,0.1468699839486356,0.5842696629213483,0.1326388888888889,25.09,0.627,0.147,True,True,True,False,False,False,True,53.5,0.33719892952720787,1.0,0.33719892952720787,1,0.87675,0.8581,0.3680510371650821,0.2092152580565501,0.4269160183355969,True,True,False,False
MSI Gaming Katana 15 B13udxk 2213vn I5 13500h,msi,Intel,Core I5,13500.0,4.7,16.0,DDR5,5600.0,1024.0,15.6,1920x1080,144.0,NVIDIA,2.3,53.5 Whr 180 W,23490000.0,data/fpt/detail_htmls\msi_6_specs.html,RTX 3050,DISCRETE_GAMING,False,0.8,1.0,0.5714285714285714,0.1211878009630819,0.5842696629213483,0.1215277777777777,23.49,0.726,0.121,True,True,True,False,False,False,True,53.5,0.33719892952720787,0.9,0.33719892952720787,1,0.8415,0.8328000000000001,0.4036122731201382,0.1976582757130509,0.4752571780466724,True,True,False,False
MSI Gaming Katana 15 B13udxk 2410vn I5 13420h,msi,Intel,Core I5,13420.0,4.6,16.0,DDR5,5200.0,512.0,15.6,1920x1080,144.0,Intel,2.25,53.5 Wh 180 W,22490000.0,data/fpt/detail_htmls\msi_7_specs.html,RTX 3050,DISCRETE_GAMING,False,0.8,0.8,0.4534510433386838,0.1468699839486356,0.5842696629213483,0.1145833333333333,22.49,0.627,0.147,True,True,True,False,False,False,True,53.5,0.33719892952720787,0.9,0.33719892952720787,1,0.81675,0.8031,0.3680510371650821,0.2092152580565501,0.4269160183355969,True,True,False,False
MSI Gaming Katana 15 B13udxk 2412vn I5 13420h,msi,Intel,Core I5,13420.0,4.9,16.0,DDR5,5200.0,1024.0,15.6,1920x1080,144.0,NVIDIA,2.25,53.5 Wh 200 W,22490000.0,data/fpt/detail_htmls\msi_8_specs.html,RTX 3050,DISCRETE_GAMING,False,0.8,1.0,0.7391653290529695,0.1468699839486356,0.5842696629213483,0.1145833333333333,22.49,0.81,0.147,True,True,True,False,False,False,True,53.5,0.33719892952720787,0.9,0.33719892952720787,1,0.8625,0.858,0.4504010371650822,0.2092152580565501,0.528023518335597,True,True,False,False
MSI Gaming Thin 15 B13uc 2081vn I5 13420h,msi,Intel,Core I5,13420.0,4.6,16.0,DDR4,3200.0,512.0,15.6,1920x1080,144.0,NVIDIA,1.86,52.4 Wh 120 W,20590000.0,data/fpt/detail_htmls\msi_9_specs.html,RTX 3050,DISCRETE_GAMING,False,0.8,0.8,0.4534510433386838,0.3214285714285714,0.5842696629213483,0.1013888888888888,20.59,0.627,0.321,True,True,True,False,False,False,True,52.4,0.2925958965209634,0.9,0.2925958965209634,1,0.81675,0.8031,0.4267502592912705,0.2837035436473638,0.4682283254105445,True,True,False,False
MSI Gaming Katana 15 B13udxk 2411vn I7 13620h,msi,Intel,Core I7,13620.0,4.9,16.0,DDR5,5200.0,512.0,15.6,1920x1080,144.0,NVIDIA,2.25,53.5 Wh 180 W,24490000.0,data/fpt/detail_htmls\msi_10_specs.html,RTX 3050,DISCRETE_GAMING,False,0.8,0.8,0.7391653290529695,0.1468699839486356,0.5842696629213483,0.1284722222222222,24.49,0.77,0.147,True,True,True,False,False,False,True,53.5,0.33719892952720787,0.9,0.33719892952720787,1,0.8525,0.846,0.4324010371650821,0.2092152580565501,0.505923518335597,True,True,False,False
MSI Venture A16 Ai A3hmg 017vn RYZEN Ai 7 350,msi,AMD,Ryzen AI 7,350.0,4.6,16.0,DDR5,5600.0,512.0,16.0,2048x1280,120.0,AMD,1.9,75 WHrs 90 W,29390000.0,data/fpt/detail_htmls\msi_11_specs.html,AMD_RADEON_GRAPHICS,INTEGRATED,False,0.8,0.8,0.4534510433386838,0.2969502407704655,0.8487158908507223,0.1625,29.39,0.627,0.297,True,True,True,False,False,False,True,75.0,0.7979482604817127,0.5,0.7979482604817127,1,0.57675,0.5831,0.4616443820224719,0.2958567415730337,0.486361320224719,False,False,False,False
MSI Modern 15 F13mg 666vn I5 1334u,msi,Intel,Core I5,1334.0,4.6,16.0,DDR4,3200.0,512.0,15.6,1920x1080,60.0,Intel,1.7,46.8 Whr 65 W,15190000.0,data/fpt/detail_htmls\msi_13_specs.html,INTEL_IRIS_XE,INTEGRATED,False,0.8,0.8,0.4534510433386838,0.442215088282504,0.5842696629213483,0.0638888888888888,15.19,0.627,0.442,True,True,True,False,False,False,True,46.8,0.1694915254237288,0.55,0.1694915254237288,1,0.60675,0.6106,0.4582563094209161,0.3192113223854796,0.4895076037165082,True,True,False,False
MSI Gaming Thin15 B13uc 2044vn I7 13620h,msi,Intel,Core I7,13620.0,4.9,16.0,DDR4,3200.0,512.0,15.6,1920x1200,144.0,NVIDIA,1.86,52.4 Wh 120 W,21090000.0,data/fpt/detail_htmls\msi_12_specs.html,RTX 3050,DISCRETE_GAMING,False,0.8,0.8,0.7391653290529695,0.3214285714285714,0.5842696629213483,0.1048611111111111,21.09,0.77,0.321,True,True,True,False,False,False,True,52.4,0.2925958965209634,0.9,0.2925958965209634,1,0.8525,0.846,0.4911002592912705,0.2837035436473638,0.5472358254105445,True,True,False,False
MSI Gaming Katana 15 Hx B14wgk 023vn I7 14650hx,msi,Intel,Core I7,14650.0,5.2,16.0,DDR5,5600.0,1024.0,15.6,2560x1440,165.0,NVIDIA,2.4,75 Wh 240 W,44990000.0,data/fpt/detail_htmls\msi_14_specs.html,RTX 5070,DISCRETE_GAMING,False,0.8,1.0,0.914526484751204,0.0806581059390048,0.5842696629213483,0.2708333333333333,44.99,0.897,0.081,True,True,True,False,True,False,True,75.0,0.7979482604817127,0.45,0.7979482604817127,1,0.61425,0.6366,0.5077230337078652,0.2517756821829855,0.5927805016051364,True,True,False,False
MSI Gaming Cyborg 15 Ai A1vek 245vn Ultra 5 135h,msi,Intel,Core Ultra 5,,1.2,16.0,DDR5,,512.0,16.0,1920x1080,144.0,NVIDIA,1.98,53.5 Wh,24990000.0,data/fpt/detail_htmls\msi_15_specs.html,RTX 4050,DISCRETE_GAMING,False,0.8,0.8,0.0128410914927768,0.2588282504012841,0.8487158908507223,0.1319444444444444,24.99,0.406,0.259,True,True,True,False,False,False,True,53.5,0.33719892952720787,1.0,0.33719892952720787,1,0.8215,0.7918000000000001,0.3075055315471046,0.2063460766761328,0.3217467045314236,True,True,False,False
MSI Gaming Katana 15 Hx B14wfk 294vn I9 14900hx,msi,Intel,Core I9,14900.0,5.8,16.0,DDR5,5600.0,512.0,15.6,2560x1440,165.0,Intel,2.4,75 Wh 240 W,40990000.0,data/fpt/detail_htmls\msi_16_specs.html,RTX 5060,DISCRETE_GAMING,False,0.8,0.8,0.9891653290529696,0.0806581059390048,0.5842696629213483,0.2430555555555555,40.99,0.895,0.081,True,True,True,False,True,False,True,75.0,0.7979482604817127,0.45,0.7979482604817127,1,0.61375,0.636,0.5068230337078652,0.2517756821829855,0.5916755016051365,True,True,False,False
MSI Gaming Katana 15 Hx B14wfk 267vn I7 14650hx,msi,Intel,Core I7,14650.0,5.2,32.0,DDR5,5600.0,512.0,15.6,2560x1440,165.0,NVIDIA,2.4,75 Wh 240 W,40190000.0,data/fpt/detail_htmls\msi_17_specs.html,RTX 5060,DISCRETE_GAMING,False,1.0,0.8,0.914526484751204,0.0806581059390048,0.5842696629213483,0.2375,40.19,0.917,0.081,True,True,True,False,True,False,True,75.0,0.7979482604817127,0.45,0.7979482604817127,1,0.64925,0.6726000000000001,0.5167230337078652,0.2517756821829855,0.6038305016051364,True,True,False,False
MSI Gaming Katana 15 Hx B14wek 286vn I5 14450hx,msi,Intel,Core I5,14450.0,4.8,16.0,DDR5,5600.0,512.0,15.6,2560x1440,165.0,NVIDIA,2.4,75 Wh 240 W,33690000.0,data/fpt/detail_htmls\msi_18_specs.html,RTX 5050,DISCRETE_GAMING,False,0.8,0.8,0.6460674157303371,0.0806581059390048,0.5842696629213483,0.1923611111111111,33.69,0.723,0.081,True,True,True,False,True,False,True,75.0,0.7979482604817127,0.45,0.7979482604817127,1,0.57075,0.5844,0.4294230337078651,0.2517756821829855,0.4966455016051364,False,False,False,False
MSI Gaming Katana 15 Hx B14wek 295vn I9 14900hx,msi,Intel,Core I9,14900.0,5.8,16.0,DDR5,5600.0,512.0,15.6,2560x1440,165.0,Intel,2.4,75 Wh 240 W,38490000.0,data/fpt/detail_htmls\msi_19_specs.html,RTX 5050,DISCRETE_GAMING,False,0.8,0.8,0.9891653290529696,0.0806581059390048,0.5842696629213483,0.2256944444444444,38.49,0.895,0.081,True,True,True,False,True,False,True,75.0,0.7979482604817127,0.45,0.7979482604817127,1,0.61375,0.636,0.5068230337078652,0.2517756821829855,0.5916755016051365,True,True,False,False
MSI Gaming Crosshair 16 Hx D2xwgkg 034vn U7 255hx,msi,Intel,Core Ultra 7,255.0,5.2,16.0,DDR5,6400.0,1024.0,16.0,2560x1600,240.0,NVIDIA,2.5,90 WHrs 240 W,49990000.0,data/fpt/detail_htmls\msi_21_specs.html,RTX 5070,DISCRETE_GAMING,False,0.8,1.0,0.914526484751204,0.052969502407704705,0.8487158908507223,0.3055555555555556,49.99,0.897,0.053,True,True,True,False,True,False,True,90.0,0.9402319357716324,0.45,0.9402319357716324,1,0.61425,0.6366,0.526878176318064,0.2369073342387949,0.5984266461908878,True,True,False,False
MSI Gaming Vector 16 Hx Ai A2xwig 062vn U9 275hx,msi,Intel,Ultra 9,275.0,5.4,16.0,DDR5,5600.0,1024.0,16.0,2560x1600,240.0,NVIDIA,2.7,90 WHrs 330 W,70590000.0,data/fpt/detail_htmls\msi_22_specs.html,RTX 5080,DISCRETE_GAMING,False,0.8,1.0,0.9542536115569824,0.0200642054574639,0.8487158908507223,0.4486111111111111,70.59,0.917,0.02,True,True,True,False,True,False,True,90.0,0.9402319357716324,0.45,0.9402319357716324,1,0.6192500000000001,0.6426000000000001,0.5243613223854797,0.2220999506111865,0.6013325851957032,True,True,False,False
MSI Gaming Crosshair 16 Hx D2xwfkg 036vn U7 255hx,msi,Intel,Core Ultra 7,255.0,5.2,16.0,DDR5,6400.0,1024.0,16.0,2560x1600,240.0,Intel,2.5,90 WHrs 240 W,44090000.0,data/fpt/detail_htmls\msi_20_specs.html,RTX 5060,DISCRETE_GAMING,False,0.8,1.0,0.914526484751204,0.052969502407704705,0.8487158908507223,0.2645833333333333,44.09,0.897,0.053,True,True,True,False,True,False,True,90.0,0.9402319357716324,0.45,0.9402319357716324,1,0.61425,0.6366,0.526878176318064,0.2369073342387949,0.5984266461908878,True,True,False,False
MSI Gaming Vector 16 Hx Ai A2xwhg 010vn,msi,Intel,Ultra 7,255.0,5.2,16.0,DDR5,6400.0,512.0,16.0,2560x1600,240.0,NVIDIA,2.7,90 WHrs 330 W,53890000.0,data/fpt/detail_htmls\msi_23_specs.html,RTX 5070,DISCRETE_GAMING,False,0.8,0.8,0.914526484751204,0.0200642054574639,0.8487158908507223,0.3326388888888889,53.89,0.857,0.02,True,True,True,False,True,False,True,90.0,0.9402319357716324,0.45,0.9402319357716324,1,0.60425,0.6246,0.4973613223854797,0.2220999506111865,0.5681825851957032,True,True,False,False
DELL 15 Dc15250 I7 1355u Cph997,dell,Intel,Core I7,1355.0,3.7,16.0,DDR4,2666.0,1024.0,15.6,1920x1080,120.0,Intel,1.65,3 Cell,22990000.0,data/fpt/detail_htmls\dell_2_specs.html,INTEL_UHD,INTEGRATED,False,0.8,1.0,0.1813804173354735,0.5417335473515249,0.5842696629213483,0.1180555555555555,22.99,0.531,0.542,True,True,True,False,False,False,True,,,0.45,,0,0.52275,0.5268,0.5291185393258427,0.5026484751203852,0.5244830377207063,False,False,False,False
DELL 15 Dc15250 I5 1334u 71071928,dell,Intel,Core I5,1334.0,3.4,16.0,DDR4,2666.0,512.0,15.6,1920x1080,120.0,Intel,1.66,3 Cell,19590000.0,data/fpt/detail_htmls\dell_3_specs.html,INTEL_UHD,INTEGRATED,False,0.8,0.8,0.1565008025682183,0.5056179775280899,0.5842696629213483,0.0944444444444444,19.59,0.478,0.506,True,True,True,False,False,False,True,,,0.45,,0,0.5095000000000001,0.5109,0.4926280898876404,0.4863964686998395,0.4862619341894061,False,False,False,False
DELL Inspiron 15 3520 I5 1235u,dell,Intel,Core I5,1235.0,4.4,16.0,DDR4,2666.0,512.0,15.6,1920x1080,120.0,Intel,1.9,3 Cell 41 W,16690000.0,data/fpt/detail_htmls\dell_4_specs.html,INTEL_IRIS_XE,INTEGRATED,False,0.8,0.8,0.2451845906902086,0.2969502407704655,0.5842696629213483,0.0743055555555555,16.69,0.523,0.297,True,True,True,False,False,False,True,,,0.55,,0,0.58075,0.5794,0.4398443820224719,0.3924959871589085,0.459479169341894,False,False,False,False
DELL 15 Dc15255 R5 7530u Dc5r5802w1,dell,AMD,Ryzen 5,7530.0,4.5,16.0,DDR4,,512.0,15.6,1920x1080,120.0,AMD,1.63,,16990000.0,data/fpt/detail_htmls\dell_0_specs.html,AMD_RADEON_GRAPHICS,INTEGRATED,False,0.8,0.8,0.3029695024077046,0.562199036918138,0.5842696629213483,0.0763888888888889,16.99,0.551,0.562,True,True,True,False,False,False,True,,,0.5,,0,0.55775,0.5603,0.5452814606741573,0.5118579454253612,0.540598246388443,False,False,False,False
DELL Latitude 3450 I5 1335u 16512w Umc,dell,Intel,Core I5,1335.0,4.6,16.0,DDR5,,512.0,14.0,1920x1080,60.0,Intel,1.5,3 Cell 65 W,19590000.0,data/fpt/detail_htmls\dell_1_specs.html,INTEL_IRIS_XE,INTEGRATED,False,0.8,0.8,0.4534510433386838,0.6898073836276084,0.2114767255216693,0.0944444444444444,19.59,0.627,0.69,True,True,True,True,False,True,False,,,0.55,,0,0.60675,0.6106,0.623582584269663,0.64311797752809,0.6286857584269663,True,True,True,False
DELL 15 Dc15250 I7 1355u 71073959,dell,Intel,Core I7,1355.0,3.7,16.0,DDR4,2666.0,512.0,15.6,1920x1080,120.0,Intel,1.9,,21990000.0,data/fpt/detail_htmls\dell_5_specs.html,INTEL_UHD,INTEGRATED,False,0.8,0.8,0.1813804173354735,0.2969502407704655,0.5842696629213483,0.1111111111111111,21.99,0.491,0.297,True,True,True,False,False,False,True,,,0.45,,0,0.51275,0.5148,0.4254443820224719,0.3924959871589085,0.441799169341894,False,False,False,False
DELL Latitude 3450 I7 1355u 16512w,dell,Intel,Core I7,1355.0,4.6,16.0,DDR5,5200.0,512.0,14.0,1920x1080,60.0,Intel,1.5,3 Cell 65 W,25990000.0,data/fpt/detail_htmls\dell_9_specs.html,INTEL_IRIS_XE,INTEGRATED,False,0.8,0.8,0.4534510433386838,0.6898073836276084,0.2114767255216693,0.1388888888888889,25.99,0.627,0.69,True,True,True,True,False,True,False,,,0.55,,0,0.60675,0.6106,0.623582584269663,0.64311797752809,0.6286857584269663,True,True,True,False
DELL Inspiron 15 3530 I5 1334un5i5530w1,dell,Intel,Core I5,1334.0,4.6,16.0,DDR4,2666.0,512.0,15.6,1920x1080,120.0,Intel,1.66,3 Cell 65 W,19590000.0,data/fpt/detail_htmls\dell_6_specs.html,INTEL_IRIS_XE,INTEGRATED,False,0.8,0.8,0.4534510433386838,0.5056179775280899,0.5842696629213483,0.0944444444444444,19.59,0.627,0.506,True,True,True,False,False,False,True,,,0.55,,0,0.60675,0.6106,0.5596780898876405,0.4863964686998395,0.5685844341894061,True,True,False,False
DELL Inspiron 15 3530 I7 1355u P16wd,dell,Intel,Core I7,1355.0,5.0,16.0,DDR4,,1024.0,15.6,1920x1080,120.0,Intel,1.716,4 Cell,22990000.0,data/fpt/detail_htmls\dell_7_specs.html,INTEL_IRIS_XE,INTEGRATED,False,0.8,1.0,0.8138041733547352,0.4157303370786517,0.5842696629213483,0.1180555555555555,22.99,0.847,0.416,True,True,True,False,False,False,True,,,0.55,,0,0.66175,0.6766,0.6272174157303371,0.4459470304975922,0.6678872431781702,True,True,True,False
DELL Inspiron 15 3530 I5 1334u I5u165w11slu,dell,Intel,Core I5,1334.0,4.6,16.0,DDR4,,512.0,15.6,1920x1200,120.0,Intel,1.66,,19590000.0,data/fpt/detail_htmls\dell_8_specs.html,INTEL_UHD,INTEGRATED,False,0.8,0.8,0.4534510433386838,0.5056179775280899,0.5842696629213483,0.0944444444444444,19.59,0.627,0.506,True,True,True,False,False,False,True,,,0.45,,0,0.5467500000000001,0.5556,0.5596780898876405,0.4863964686998395,0.5685844341894061,False,False,False,False
DELL Inspiron 15 3530 71053721,dell,Intel,Core I7,1355.0,5.0,16.0,DDR4,2666.0,512.0,15.6,1920x1080,60.0,Intel,1.66,4 Cell 54,21990000.0,data/fpt/detail_htmls\dell_10_specs.html,INTEL_IRIS_XE,INTEGRATED,False,0.8,0.8,0.8138041733547352,0.5056179775280899,0.5842696629213483,0.1111111111111111,21.99,0.807,0.506,True,True,True,False,False,False,True,,,0.55,,0,0.65175,0.6646000000000001,0.6406780898876404,0.4863964686998395,0.6680344341894061,True,True,True,False
DELL Inspiron 14 5441 X1p 64 100 5mnk1,dell,Qualcomm,Oryon,1.0,3.4,16.0,DDR5,,512.0,14.0,1920x1200,60.0,Qualcomm,1.53,3 Cell,29390000.0,data/fpt/detail_htmls\dell_13_specs.html,QUALCOMM_ADRENO,INTEGRATED_ARM,False,0.8,0.8,0.1565008025682183,0.656099518459069,0.2114767255216693,0.1625,29.39,0.478,0.656,True,True,True,True,False,True,False,,,0.45,,0,0.5095000000000001,0.5109,0.5447348314606741,0.6279494382022472,0.5380205617977528,False,False,False,False
DELL 15 Dc15250 I5 1334u Cph99,dell,Intel,Core I5,1334.0,3.4,16.0,DDR4,2666.0,512.0,15.6,1920x1080,120.0,Intel,1.66,3 Cell,19590000.0,data/fpt/detail_htmls\dell_11_specs.html,INTEL_UHD,INTEGRATED,False,0.8,0.8,0.1565008025682183,0.5056179775280899,0.5842696629213483,0.0944444444444444,19.59,0.478,0.506,True,True,True,False,False,False,True,,,0.45,,0,0.5095000000000001,0.5109,0.4926280898876404,0.4863964686998395,0.4862619341894061,False,False,False,False
DELL 15 Dc15255 R7 7730u X9ym41,dell,AMD,Ryzen 7,7730.0,4.5,16.0,DDR4,3200.0,1024.0,15.6,1920x1080,120.0,AMD,1.9,3 Cell,19990000.0,data/fpt/detail_htmls\dell_14_specs.html,AMD_RADEON_GRAPHICS,INTEGRATED,False,0.8,1.0,0.3029695024077046,0.2969502407704655,0.5842696629213483,0.0972222222222222,19.99,0.591,0.297,True,True,True,False,False,False,True,,,0.5,,0,0.56775,0.5723,0.4704443820224719,0.3924959871589085,0.497049169341894,False,False,False,False
DELL Inspiron 15 3520 I5 1235u 71071952,dell,Intel,Core I5,1235.0,4.4,16.0,DDR4,,512.0,15.6,1920x1080,120.0,Intel,1.9,,16690000.0,data/fpt/detail_htmls\dell_12_specs.html,INTEL_IRIS_XE,INTEGRATED,False,0.8,0.8,0.2451845906902086,0.2969502407704655,0.5842696629213483,0.0743055555555555,16.69,0.523,0.297,True,True,True,False,False,False,True,,,0.55,,0,0.58075,0.5794,0.4398443820224719,0.3924959871589085,0.459479169341894,False,False,False,False
DELL Inspiron 15 N3530 I7 1355u N5i7305w1,dell,Intel,Core I7,1355.0,5.0,16.0,DDR4,,512.0,15.6,1920x1200,120.0,Intel,1.67,4 Cell,21990000.0,data/fpt/detail_htmls\dell_15_specs.html,INTEL_IRIS_XE,INTEGRATED,False,0.8,0.8,0.8138041733547352,0.4771268057784912,0.5842696629213483,0.1111111111111111,21.99,0.807,0.477,True,True,True,False,False,False,True,,,0.55,,0,0.65175,0.6646000000000001,0.6307061797752809,0.47357544141252,0.6609828691813804,True,True,True,False
DELL Inspiron 15 3520 I5 1235u U165w11slu,dell,Intel,Core I5,1235.0,4.6,16.0,DDR4,2666.0,512.0,15.6,1920x1200,120.0,Intel,1.9,3 Cell,16690000.0,data/fpt/detail_htmls\dell_16_specs.html,INTEL_UHD,INTEGRATED,False,0.8,0.8,0.4534510433386838,0.2969502407704655,0.5842696629213483,0.0743055555555555,16.69,0.627,0.297,True,True,True,False,False,False,True,,,0.45,,0,0.5467500000000001,0.5556,0.4866443820224719,0.3924959871589085,0.5169391693418941,False,False,False,False
DELL Inspiron 15 3530 I7 1355un3530 I7u161w11slu Bl,dell,Intel,Core I7,1355.0,5.0,16.0,DDR4,2666.0,512.0,15.6,1920x1080,120.0,Intel,1.66,4 Cell 54 W,21990000.0,data/fpt/detail_htmls\dell_17_specs.html,INTEL_IRIS_XE,INTEGRATED,False,0.8,0.8,0.8138041733547352,0.5056179775280899,0.5842696629213483,0.1111111111111111,21.99,0.807,0.506,True,True,True,False,False,False,True,,,0.55,,0,0.65175,0.6646000000000001,0.6406780898876404,0.4863964686998395,0.6680344341894061,True,True,True,False
DELL Inspiron 15 3520 I5 1235u 71061229,dell,Intel,Core I5,1235.0,4.4,16.0,DDR4,2666.0,512.0,15.6,1920x1080,120.0,Intel,1.9,3 Cell 41 W,16690000.0,data/fpt/detail_htmls\dell_18_specs.html,INTEL_UHD,INTEGRATED,False,0.8,0.8,0.2451845906902086,0.2969502407704655,0.5842696629213483,0.0743055555555555,16.69,0.523,0.297,True,True,True,False,False,False,True,,,0.45,,0,0.52075,0.5244,0.4398443820224719,0.3924959871589085,0.459479169341894,False,False,False,False
DELL Inspiron N3520 I5 1235u I5 1235ui5u165w11blu Fp,dell,Intel,Core I5,1235.0,5.5,16.0,DDR4,,512.0,15.6,1920x1200,120.0,Intel,1.66,3 Cell,16690000.0,data/fpt/detail_htmls\dell_19_specs.html,INTEL_UHD,INTEGRATED,False,0.8,0.8,0.9787319422150884,0.5056179775280899,0.5842696629213483,0.0743055555555555,16.69,0.889,0.506,True,True,True,False,False,False,True,,,0.45,,0,0.61225,0.6342,0.6775780898876405,0.4863964686998395,0.713339434189406,True,True,True,False
DELL Inspiron 15 3520 I5 1235u I5u165w11blu Fp,dell,Intel,Core I5,1235.0,5.5,16.0,DDR4,,512.0,15.6,1920x1200,120.0,Intel,1.66,4 Cell,16690000.0,data/fpt/detail_htmls\dell_20_specs.html,INTEL_UHD,INTEGRATED,False,0.8,0.8,0.9787319422150884,0.5056179775280899,0.5842696629213483,0.0743055555555555,16.69,0.889,0.506,True,True,True,False,False,False,True,,,0.45,,0,0.61225,0.6342,0.6775780898876405,0.4863964686998395,0.713339434189406,True,True,True,False
DELL Inspiron 15 3520 I5 1235u 8d10nk,dell,Intel,Core I5,1235.0,4.4,16.0,DDR4,,512.0,15.6,1920x1080,120.0,Intel,1.643,3 Cell,16690000.0,data/fpt/detail_htmls\dell_23_specs.html,INTEL_IRIS_XE,INTEGRATED,False,0.8,0.8,0.2451845906902086,0.5521669341894061,0.5842696629213483,0.0743055555555555,16.69,0.523,0.552,True,True,True,False,False,False,True,,,0.55,,0,0.58075,0.5794,0.5291702247191011,0.5073434991974318,0.5226453009630818,False,False,False,False
DELL Xps 13 9350 Ultra7 258 Vpp9h1,dell,Intel,Core Ultra 7,258.0,4.8,32.0,DDR5,,1024.0,13.4,2560x1600,120.0,Intel,1.21,3 Cell,68990000.0,data/fpt/detail_htmls\dell_21_specs.html,INTEL_GRAPHICS,INTEGRATED,False,1.0,1.0,0.6460674157303371,0.9402086677367576,0.0361155698234349,0.4375,68.99,0.823,0.94,True,True,True,True,False,True,False,,,0.45,,0,0.62575,0.6444,0.799423033707865,0.7908707865168539,0.8059645224719101,True,True,True,False
DELL Xps 13 9350 Ultra 5 226v 71058714,dell,Intel,Core 5,226.0,2.1,16.0,DDR5,,1024.0,13.4,2560x1600,120.0,Intel,1.19,,60990000.0,data/fpt/detail_htmls\dell_22_specs.html,INTEL_GRAPHICS,INTEGRATED,False,0.8,1.0,0.0718298555377207,0.9602728731942215,0.0361155698234349,0.3819444444444444,60.99,0.476,0.96,True,True,True,True,False,True,False,,,0.45,,0,0.509,0.5103,0.6502955056179774,0.7998996789727127,0.6192129133226324,False,False,True,False
Lg Grambook 15u50t Gav56a5 I5 1334u,lg,Intel,Core I5,1334.0,3.4,16.0,DDR4,,512.0,15.6,1920x1080,60.0,Intel,1.7,,15990000.0,data/fpt/detail_htmls\lg_0_specs.html,INTEL_IRIS_XE,INTEGRATED,False,0.8,0.8,0.1565008025682183,0.442215088282504,0.5842696629213483,0.0694444444444444,15.99,0.478,0.442,True,True,True,False,False,False,True,,,0.55,,0,0.5695,0.5659000000000001,0.4704370786516854,0.4578651685393258,0.4705697191011235,False,False,False,False
MACBOOK Air M2 13 2024 8cpu 8gpu 16gb 256gb,macbook,Apple,M2,8.0,2.3,16.0,LPDDR4,,256.0,13.6,2560x1644,60.0,,1.24,22 Giờ,24490000.0,data/fpt/detail_htmls\macbook_2_specs.html,UNKNOWN,UNKNOWN,False,0.8,0.6,0.088282504012841,0.9249598715890851,0.0481540930979133,0.1284722222222222,24.49,0.404,0.925,True,True,True,True,False,True,False,,,0.45,,0,0.491,0.4887,0.6055359550561797,0.7816011235955057,0.570211404494382,False,False,True,False
MACBOOK Pro 14 M5 2025 10cpu 10gpu 16gb 512gb,macbook,Apple,M5,10.0,4.6,16.0,,,512.0,14.2,3024x1964,120.0,Apple,1.55,72.4 Wh,41990000.0,data/fpt/detail_htmls\macbook_4_specs.html,APPLE_GPU,APPLE,False,0.8,0.8,0.4534510433386838,0.6408507223113964,0.3768057784911717,0.25,41.99,0.627,0.641,True,True,True,True,False,False,False,72.4,0.7386262265834077,0.6,0.7386262265834077,1,0.63675,0.6381,0.5767286516853932,0.5358828250401284,0.5861544582664526,True,True,False,False
MACBOOK Air 13 M4 2025 10cpu 10gpu 16gb 512gb,macbook,Apple,M4,10.0,4.6,16.0,,,512.0,13.6,2560x1644,60.0,,1.24,,31390000.0,data/fpt/detail_htmls\macbook_3_specs.html,UNKNOWN,UNKNOWN,False,0.8,0.8,0.4534510433386838,0.9249598715890851,0.0481540930979133,0.1763888888888889,31.39,0.627,0.925,True,True,True,True,False,True,False,,,0.45,,0,0.5467500000000001,0.5556,0.7058859550561798,0.7816011235955057,0.693418904494382,False,False,True,False
MACBOOK Pro M4 Pro 14 2024 12cpu 16gpu 24gb 512gb,macbook,Apple,M4 Pro,14.0,2.3,24.0,,,512.0,14.2,3024x1964,120.0,Apple,1.61,,51990000.0,data/fpt/detail_htmls\macbook_1_specs.html,APPLE_GPU,APPLE,False,0.8,0.8,0.088282504012841,0.5930979133226324,0.3768057784911717,0.3194444444444444,51.99,0.444,0.593,True,True,True,False,False,False,False,,,0.6,,0,0.591,0.5831999999999999,0.5079460674157303,0.5672552166934189,0.4974267736757624,False,False,False,False
MACBOOK Air 13 M4 2025 10cpu 8gpu 16gb 256gb,macbook,Apple,M4,10.0,4.6,16.0,,,256.0,13.6,2560x1644,60.0,,1.24,,26490000.0,data/fpt/detail_htmls\macbook_0_specs.html,UNKNOWN,UNKNOWN,False,0.8,0.6,0.4534510433386838,0.9249598715890851,0.0481540930979133,0.1423611111111111,26.49,0.587,0.925,True,True,True,True,False,True,False,,,0.45,,0,0.5367500000000001,0.5436,0.6878859550561798,0.7816011235955057,0.6713189044943819,False,False,True,False
MACBOOK Air 15 M4 2025 10cpu 10gpu 16gb 256gb,macbook,Apple,M4,10.0,4.6,16.0,,,256.0,15.3,2880x1864,60.0,,1.51,,31390000.0,data/fpt/detail_htmls\macbook_5_specs.html,UNKNOWN,UNKNOWN,False,0.8,0.6,0.4534510433386838,0.6645264847512038,0.4297752808988764,0.1763888888888889,31.39,0.587,0.665,True,True,True,True,False,False,False,,,0.45,,0,0.5367500000000001,0.5436,0.5967342696629213,0.5880818619582664,0.5915967937399679,False,False,False,False
MACBOOK Air 15 M4 2025 10cpu 10gpu 24gb 512gb,macbook,Apple,M4,10.0,4.6,24.0,,,512.0,15.3,2880x1864,60.0,,1.51,,41190000.0,data/fpt/detail_htmls\macbook_7_specs.html,UNKNOWN,UNKNOWN,False,0.8,0.8,0.4534510433386838,0.6645264847512038,0.4297752808988764,0.2444444444444444,41.19,0.627,0.665,True,True,True,True,False,False,False,,,0.45,,0,0.5467500000000001,0.5556,0.6147342696629213,0.5880818619582664,0.6136967937399679,False,False,True,False
MACBOOK Air 15 M4 2025 10cpu 10gpu 16gb 512gb,macbook,Apple,M4,10.0,4.6,16.0,,,512.0,15.3,2880x1864,60.0,,1.51,,36290000.0,data/fpt/detail_htmls\macbook_9_specs.html,UNKNOWN,UNKNOWN,False,0.8,0.8,0.4534510433386838,0.6645264847512038,0.4297752808988764,0.2104166666666666,36.29,0.627,0.665,True,True,True,True,False,False,False,,,0.45,,0,0.5467500000000001,0.5556,0.6147342696629213,0.5880818619582664,0.6136967937399679,False,False,True,False
MACBOOK Air 13 M4 2025 10cpu 10gpu 24gb 512gb,macbook,Apple,M4,10.0,4.6,24.0,,,512.0,13.6,2560x1644,60.0,Apple,1.24,,36290000.0,data/fpt/detail_htmls\macbook_6_specs.html,APPLE_GPU,APPLE,False,0.8,0.8,0.4534510433386838,0.9249598715890851,0.0481540930979133,0.2104166666666666,36.29,0.627,0.925,True,True,True,True,False,True,False,,,0.6,,0,0.63675,0.6381,0.7058859550561798,0.7816011235955057,0.693418904494382,True,True,True,False
MACBOOK Pro M4 Pro 16 2024 14cpu 20gpu 24gb 512gb,macbook,Apple,M4 Pro,14.0,4.6,24.0,,,512.0,16.2,3456x2234,120.0,Apple,2.14,22 Giờ,66990000.0,data/fpt/detail_htmls\macbook_8_specs.html,APPLE_GPU,APPLE,False,0.8,0.8,0.4534510433386838,0.1954253611556982,0.9835473515248796,0.4236111111111111,66.99,0.627,0.195,True,True,True,False,False,False,True,,,0.6,,0,0.63675,0.6381,0.4511106741573033,0.2669542536115569,0.4758406540930978,True,True,False,False
MACBOOK Pro M4 Pro 14 2024 14cpu 20gpu 24gb 1tb,macbook,Apple,M4 Pro,14.0,2.3,24.0,,,1024.0,14.2,3024x1964,120.0,Apple,1.61,,61790000.0,data/fpt/detail_htmls\macbook_10_specs.html,APPLE_GPU,APPLE,False,0.8,1.0,0.088282504012841,0.5930979133226324,0.3768057784911717,0.3875,61.79,0.484,0.593,True,True,True,False,False,False,False,,,0.6,,0,0.601,0.5952,0.5259460674157304,0.5672552166934189,0.5195267736757625,True,False,False,False
MACBOOK Pro 14 2023 M3 Pro 12 Cpu 18 Gpu 18gb 1tb,macbook,Apple,M3 Pro,12.0,2.3,18.0,,,1024.0,14.2,3024x1964,120.0,Apple,1.61,22 Giờ,59990000.0,data/fpt/detail_htmls\macbook_12_specs.html,APPLE_GPU,APPLE,False,0.8,1.0,0.088282504012841,0.5930979133226324,0.3768057784911717,0.375,59.99,0.484,0.593,True,True,True,False,False,False,False,,,0.6,,0,0.601,0.5952,0.5259460674157304,0.5672552166934189,0.5195267736757625,True,False,False,False
MACBOOK Pro M4 Pro 16 2024 14cpu 20gpu 48gb 512gb,macbook,Apple,M4 Pro,14.0,4.6,48.0,,,512.0,16.2,3456x2234,120.0,Apple,2.14,22 Giờ,76790000.0,data/fpt/detail_htmls\macbook_14_specs.html,APPLE_GPU,APPLE,False,1.0,0.8,0.4534510433386838,0.1954253611556982,0.9835473515248796,0.4916666666666666,76.79,0.687,0.195,True,True,True,False,False,False,True,,,0.6,,0,0.68175,0.6861,0.4781106741573033,0.2669542536115569,0.508990654093098,True,True,False,False
MACBOOK Air M2 2023 15 Inch,macbook,Apple,M2,8.0,4.6,8.0,,,512.0,15.3,2960x1848,60.0,Apple,1.51,18 Giờ,32890000.0,data/fpt/detail_htmls\macbook_11_specs.html,APPLE_GPU,APPLE,False,0.6,0.8,0.4534510433386838,0.6645264847512038,0.4297752808988764,0.1868055555555555,32.89,0.567,0.665,True,True,True,True,False,False,False,,,0.6,,0,0.5917499999999999,0.5901,0.5877342696629213,0.5880818619582664,0.5805467937399679,False,False,False,False
MACBOOK Air 15 M2 2023 8cpu 10gpu 8gb 512gb Sac 70w,macbook,Apple,M2,8.0,4.6,8.0,,,512.0,15.3,2960x1848,60.0,Apple,1.51,18 Giờ,37890000.0,data/fpt/detail_htmls\macbook_13_specs.html,APPLE_GPU,APPLE,False,0.6,0.8,0.4534510433386838,0.6645264847512038,0.4297752808988764,0.2215277777777777,37.89,0.567,0.665,True,True,True,True,False,False,False,,,0.6,,0,0.5917499999999999,0.5901,0.5877342696629213,0.5880818619582664,0.5805467937399679,False,False,False,False
MACBOOK Pro 14 M5 2025 10cpu 10gpu 16gb 1tb,macbook,Apple,M5,10.0,4.6,16.0,,,1024.0,14.2,3024x1964,120.0,Apple,1.55,72.4 Wh,46890000.0,data/fpt/detail_htmls\macbook_16_specs.html,APPLE_GPU,APPLE,False,0.8,1.0,0.4534510433386838,0.6408507223113964,0.3768057784911717,0.2840277777777777,46.89,0.667,0.641,True,True,True,True,False,False,False,72.4,0.7386262265834077,0.6,0.7386262265834077,1,0.64675,0.6501,0.5947286516853932,0.5358828250401284,0.6082544582664526,True,True,False,False
MACBOOK Pro 14 M5 2025 10cpu 10gpu 24gb 1tb,macbook,Apple,M5,10.0,4.6,24.0,,,1024.0,14.2,3024x1964,120.0,Apple,1.55,72.4 Wh,51790000.0,data/fpt/detail_htmls\macbook_15_specs.html,APPLE_GPU,APPLE,False,0.8,1.0,0.4534510433386838,0.6408507223113964,0.3768057784911717,0.3180555555555555,51.79,0.667,0.641,True,True,True,True,False,False,False,72.4,0.7386262265834077,0.6,0.7386262265834077,1,0.64675,0.6501,0.5947286516853932,0.5358828250401284,0.6082544582664526,True,True,False,False
MACBOOK Air M3 13 2024 8cpu 8gpu 16gb 256gb,macbook,Apple,M3,8.0,4.6,16.0,LPDDR4,,256.0,13.6,2560x1644,60.0,,1.24,,27990000.0,data/fpt/detail_htmls\macbook_17_specs.html,UNKNOWN,UNKNOWN,False,0.8,0.6,0.4534510433386838,0.9249598715890851,0.0481540930979133,0.1527777777777778,27.99,0.587,0.925,True,True,True,True,False,True,False,,,0.45,,0,0.5367500000000001,0.5436,0.6878859550561798,0.7816011235955057,0.6713189044943819,False,False,True,False
MACBOOK Pro M4 Max 16 2024 16cpu 40gpu 48gb 1tb,macbook,Apple,M4 Max,16.0,4.6,48.0,,,1024.0,16.2,3456x2234,120.0,Apple,2.14,22 Giờ,103690000.0,data/fpt/detail_htmls\macbook_18_specs.html,APPLE_GPU,APPLE,False,1.0,1.0,0.4534510433386838,0.1954253611556982,0.9835473515248796,0.6784722222222223,103.69,0.727,0.195,True,True,True,False,False,False,True,,,0.6,,0,0.69175,0.6981,0.4961106741573033,0.2669542536115569,0.5310906540930979,True,True,False,False
MACBOOK Pro 14 M5 2025 10cpu 10gpu 24gb 512gb,macbook,Apple,M5,10.0,4.6,24.0,,,512.0,14.2,3024x1964,120.0,Apple,1.55,72.4 Wh,46890000.0,data/fpt/detail_htmls\macbook_19_specs.html,APPLE_GPU,APPLE,False,0.8,0.8,0.4534510433386838,0.6408507223113964,0.3768057784911717,0.2840277777777777,46.89,0.627,0.641,True,True,True,True,False,False,False,72.4,0.7386262265834077,0.6,0.7386262265834077,1,0.63675,0.6381,0.5767286516853932,0.5358828250401284,0.5861544582664526,True,True,False,False
MACBOOK Pro 14 M5 2025 10cpu 10gpu 24gb 1tb Nano,macbook,Apple,M5,10.0,4.6,24.0,,,1024.0,14.2,3024x1964,120.0,Apple,1.55,72.4 Wh,55390000.0,data/fpt/detail_htmls\macbook_20_specs.html,APPLE_GPU,APPLE,False,0.8,1.0,0.4534510433386838,0.6408507223113964,0.3768057784911717,0.3430555555555555,55.39,0.667,0.641,True,True,True,True,False,False,False,72.4,0.7386262265834077,0.6,0.7386262265834077,1,0.64675,0.6501,0.5947286516853932,0.5358828250401284,0.6082544582664526,True,True,False,False
MACBOOK Pro 14 M5 2025 10cpu 10gpu 16gb 512gb Nano,macbook,Apple,M5,10.0,4.6,16.0,,,512.0,14.2,3024x1964,120.0,Apple,1.55,72.4 Wh,45590000.0,data/fpt/detail_htmls\macbook_21_specs.html,APPLE_GPU,APPLE,False,0.8,0.8,0.4534510433386838,0.6408507223113964,0.3768057784911717,0.275,45.59,0.627,0.641,True,True,True,True,False,False,False,72.4,0.7386262265834077,0.6,0.7386262265834077,1,0.63675,0.6381,0.5767286516853932,0.5358828250401284,0.5861544582664526,True,True,False,False
MACBOOK Pro 14 M5 2025 10cpu 10gpu 16gb 1tb Nano,macbook,Apple,M5,10.0,4.6,16.0,,,1024.0,14.2,3024x1964,120.0,Apple,1.55,72.4 Wh,50490000.0,data/fpt/detail_htmls\macbook_22_specs.html,APPLE_GPU,APPLE,False,0.8,1.0,0.4534510433386838,0.6408507223113964,0.3768057784911717,0.3090277777777778,50.49,0.667,0.641,True,True,True,True,False,False,False,72.4,0.7386262265834077,0.6,0.7386262265834077,1,0.64675,0.6501,0.5947286516853932,0.5358828250401284,0.6082544582664526,True,True,False,False
Colorful Rimbook L1 I3 1220p Ca30016512c S E1ad,colorful,Intel,Core I3,1220.0,4.4,16.0,DDR4,3200.0,512.0,15.6,1920x1080,60.0,Intel,1.78,3 Cell 50 W,11290000.0,data/fpt/detail_htmls\colorful_1_specs.html,INTEL_UHD,INTEGRATED,False,0.8,0.8,0.2451845906902086,0.3816211878009631,0.5842696629213483,0.0368055555555555,11.29,0.523,0.382,True,True,True,False,False,False,True,,,0.45,,0,0.52075,0.5244,0.469479213483146,0.4305979133226324,0.4804352287319422,False,False,False,False
Colorful Rimbook L1 I5 12450h Ce50016512c G E1ac,colorful,Intel,Core I5,12450.0,4.4,16.0,DDR4,3200.0,512.0,15.6,1920x1080,60.0,Intel,1.78,3 Cell 50 W,14290000.0,data/fpt/detail_htmls\colorful_2_specs.html,INTEL_UHD,INTEGRATED,False,0.8,0.8,0.2451845906902086,0.3816211878009631,0.5842696629213483,0.0576388888888888,14.29,0.523,0.382,True,True,True,False,False,False,True,,,0.45,,0,0.52075,0.5244,0.469479213483146,0.4305979133226324,0.4804352287319422,False,False,False,False
Colorful Rimbook L1 I3 1220p Ca30016512c G E1ac,colorful,Intel,Core I3,1220.0,4.4,16.0,DDR4,,512.0,15.6,1920x1080,60.0,Intel,1.78,3 Cell 50 W,11290000.0,data/fpt/detail_htmls\colorful_0_specs.html,INTEL_UHD,INTEGRATED,False,0.8,0.8,0.2451845906902086,0.3816211878009631,0.5842696629213483,0.0368055555555555,11.29,0.523,0.382,True,True,True,False,False,False,True,,,0.45,,0,0.52075,0.5244,0.469479213483146,0.4305979133226324,0.4804352287319422,False,False,False,False
GIGABYTE Gaming G6x 9mg I7 13650hx 9rc6l9kghsiix1vn000,gigabyte,Intel,Core I7,13650.0,4.9,16.0,DDR5,4800.0,512.0,16.0,1920x1200,165.0,Intel,2.527,73 Wh 180 W,31210000.0,data/fpt/detail_htmls\gigabyte_0_specs.html,RTX 4060,DISCRETE_GAMING,False,0.8,0.8,0.7391653290529695,0.0417335473515249,0.8487158908507223,0.1751388888888889,31.21,0.77,0.042,True,True,True,False,True,False,True,73.0,0.7551293487957181,1.0,0.7551293487957181,1,0.9125,0.901,0.4331032843560933,0.1746396160019755,0.4993244011606371,True,True,False,False
GIGABYTE Gaming A16 Cwhi3vn864sh I7 13620h,gigabyte,Intel,Core I7,13620.0,4.9,32.0,DDR5,5200.0,1024.0,16.0,1920x1200,165.0,NVIDIA,2.24,4 Cell 150 W,42590000.0,data/fpt/detail_htmls\gigabyte_3_specs.html,RTX 5070,DISCRETE_GAMING,False,1.0,1.0,0.7391653290529695,0.1556982343499197,0.8487158908507223,0.2541666666666666,42.59,0.87,0.156,True,True,True,False,False,False,True,,,0.45,,0,0.6375000000000001,0.6585000000000001,0.5468370786516854,0.2764044943820224,0.605857584269663,True,True,False,False
GIGABYTE Gaming G6x 9mg I7 13650hx 9rc6l9mghsiix1vn000,gigabyte,Intel,Core I7,13650.0,4.9,16.0,DDR5,4800.0,512.0,16.0,1920x1200,165.0,Intel,2.531,73 Wh 180 W,29790000.0,data/fpt/detail_htmls\gigabyte_1_specs.html,RTX 4050,DISCRETE_GAMING,False,0.8,0.8,0.7391653290529695,0.0409309791332263,0.8487158908507223,0.1652777777777777,29.79,0.77,0.041,True,True,True,False,True,False,True,73.0,0.7551293487957181,1.0,0.7551293487957181,1,0.9125,0.901,0.4328223854796889,0.1742784603037412,0.4991257655266082,True,True,False,False
GIGABYTE Gaming G6x 9mg I7 13650hx 9rc6l9mghsjix1vn000,gigabyte,Intel,Core I7,13650.0,4.9,16.0,DDR5,4800.0,512.0,16.0,1920x1200,165.0,NVIDIA,2.535,73 Wh 180 W,30720000.0,data/fpt/detail_htmls\gigabyte_2_specs.html,RTX 4050,DISCRETE_GAMING,False,0.8,0.8,0.7391653290529695,0.0393258426966292,0.8487158908507223,0.1717361111111111,30.72,0.77,0.039,True,True,True,False,True,False,True,73.0,0.7551293487957181,1.0,0.7551293487957181,1,0.9125,0.901,0.4322605877268799,0.1735561489072725,0.4987284942585504,True,True,False,False
GIGABYTE Gaming G6x 9kg I7 13650hx 9rc6l9kghsjix1vn000,gigabyte,Intel,Core I7,13650.0,4.9,16.0,DDR5,4800.0,1024.0,16.0,1920x1200,165.0,NVIDIA,2.533,73 Wh 180 W,32190000.0,data/fpt/detail_htmls\gigabyte_4_specs.html,RTX 4060,DISCRETE_GAMING,False,0.8,1.0,0.7391653290529695,0.0401284109149278,0.8487158908507223,0.1819444444444444,32.19,0.81,0.04,True,True,True,False,True,False,True,73.0,0.7551293487957181,1.0,0.7551293487957181,1,0.9225,0.913,0.4505414866032843,0.1739173046055067,0.5210271298925794,True,True,False,False
GIGABYTE Gaming A16 Cmhh2vn893sh I5 13420h,gigabyte,Intel,Core I5,13420.0,4.6,16.0,DDR5,5200.0,512.0,16.0,1920x1200,165.0,NVIDIA,2.2,76 Wh 150 W,24490000.0,data/fpt/detail_htmls\gigabyte_7_specs.html,RTX 4050,DISCRETE_GAMING,False,0.8,0.8,0.4534510433386838,0.1761637239165329,0.8487158908507223,0.1284722222222222,24.49,0.627,0.176,True,True,True,False,False,False,True,76.0,0.844335414808207,1.0,0.844335414808207,1,0.87675,0.8581,0.4215730769230769,0.245229349302383,0.4582037544758612,True,True,False,False
GIGABYTE Gaming A16 Cmhi2vn893sh I7 13620h,gigabyte,Intel,Core I7,13620.0,4.9,16.0,DDR5,5200.0,512.0,16.0,1920x1200,165.0,NVIDIA,2.2,76 Wh 150 W,26790000.0,data/fpt/detail_htmls\gigabyte_5_specs.html,RTX 4050,DISCRETE_GAMING,False,0.8,0.8,0.7391653290529695,0.1761637239165329,0.8487158908507223,0.1444444444444444,26.79,0.77,0.176,True,True,True,False,False,False,True,76.0,0.844335414808207,1.0,0.844335414808207,1,0.9125,0.901,0.4859230769230769,0.245229349302383,0.5372112544758612,True,True,False,False
GIGABYTE Gaming A16 Cvhi3vnc93sh I7 13620h,gigabyte,Intel,Core I7,13620.0,4.9,16.0,DDR5,5200.0,512.0,16.0,2560x1600,165.0,NVIDIA,2.27,4 Cell 150 W,35590000.0,data/fpt/detail_htmls\gigabyte_6_specs.html,RTX 5060,DISCRETE_GAMING,False,0.8,0.8,0.7391653290529695,0.1364365971107544,0.8487158908507223,0.2055555555555555,35.59,0.77,0.136,True,True,True,False,False,False,True,,,0.45,,0,0.5825,0.5985,0.4950955056179775,0.2677367576243981,0.5458403290529695,False,False,False,False
GIGABYTE Gaming A16 Cmhi2vn894sh I7 13620h,gigabyte,Intel,Core I7,13620.0,4.9,16.0,DDR5,5200.0,1024.0,16.0,1920x1200,165.0,Intel,2.23,4 Cell 150 W,27780000.0,data/fpt/detail_htmls\gigabyte_8_specs.html,RTX 4050,DISCRETE_GAMING,False,0.8,1.0,0.7391653290529695,0.1585072231139647,0.8487158908507223,0.1513194444444444,27.78,0.81,0.159,True,True,True,False,False,False,True,,,1.0,,0,0.9225,0.913,0.5208202247191012,0.2776685393258427,0.5734028089887641,True,True,False,False
HP Victus 15 Fb3115ax Bx9c9pa,HP,AMD,Ryzen 7,7445.0,4.7,16.0,DDR5,5600.0,512.0,15.6,1920 x 1080,144.0,NVIDIA,2.29,"4-cell, 70 Wh Li-ion",26990000.0,data/anphat/detail_htmls\hp_0_specs.html,RTX 4050,DISCRETE_GAMING,False,0.8,0.8,0.5714285714285714,0.1320224719101124,0.5842696629213483,0.1458333333333333,26.99,0.686,0.132,True,True,True,False,False,False,True,70.0,0.6882247992863515,1.0,0.6882247992863515,1,0.8915,0.8758,0.4211351771823682,0.2580627237930608,0.4812233744906778,True,True,False,False
HP Elitebook 6 G1i Bq9n4pt,HP,Intel,Core Ultra 7,255.0,5.1,16.0,DDR5,5600.0,512.0,14.0,1920 x 1200,,Intel,1.4,3-cell 56Wh,33990000.0,data/anphat/detail_htmls\hp_3_specs.html,INTEL_GRAPHICS,INTEGRATED,False,0.8,0.8,0.8743980738362761,0.7885232744783306,0.2114767255216693,0.1944444444444444,33.99,0.837,0.789,True,True,True,True,False,True,False,56.0,0.41480820695807313,0.45,0.41480820695807313,1,0.5992500000000001,0.6186,0.6910946845289542,0.5798478207186073,0.7199121721817509,False,True,True,False
HP HP 15 Fd0306tu A2nl7pa,HP,Intel,Core i3,1315.0,4.5,8.0,DDR4,3200.0,256.0,15.6,1920 x 1080,,Intel,1.59,"3-cell, 41 Wh Li-ion",13990000.0,data/anphat/detail_htmls\hp_2_specs.html,INTEL_GRAPHICS,INTEGRATED,False,0.6,0.6,0.3029695024077046,0.6211878009630818,0.5842696629213483,0.0555555555555555,13.99,0.451,0.621,True,True,True,True,False,False,True,41.0,0.05798394290811775,0.45,0.05798394290811775,1,0.47275,0.4728,0.4305429127052722,0.3802298123225089,0.4276402731818742,False,False,False,False
HP 250r G9 B93h2at,HP,Intel,Core i5,1334.0,4.6,8.0,DDR4,3200.0,512.0,15.6,1920 x 1080,,Intel,1.74,3-cell 41Wh,17900000.0,data/anphat/detail_htmls\hp_1_specs.html,INTEL_IRIS_XE,INTEGRATED,False,0.6,0.8,0.4534510433386838,0.4004815409309791,0.5842696629213483,0.0827083333333333,17.9,0.567,0.4,True,True,True,False,False,False,True,41.0,0.05798394290811775,0.55,0.05798394290811775,1,0.56175,0.5626,0.4054957216940362,0.2809119953080626,0.4371054738239288,False,False,False,False
HP Elitebook 6 G1i Bq9m9pt,HP,Intel,Core Ultra 5,225.0,4.9,16.0,DDR5,5600.0,512.0,14.0,1920 x 1200,,Intel,1.4,3-cell 56Wh,28990000.0,data/anphat/detail_htmls\hp_4_specs.html,INTEL_GRAPHICS,INTEGRATED,False,0.8,0.8,0.7391653290529695,0.7885232744783306,0.2114767255216693,0.1597222222222222,28.99,0.77,0.789,True,True,True,True,False,True,False,56.0,0.41480820695807313,0.45,0.41480820695807313,1,0.5825,0.5985,0.6609446845289542,0.5798478207186073,0.6828946721817508,False,False,True,False
HP Elitebook 640 G10 Bh3e3pt,HP,Intel,Core i5,1335.0,4.6,16.0,DDR4,3200.0,512.0,14.0,1920 x 1080,,Intel,1.41,"3-cell,51 Wh",23990000.0,data/anphat/detail_htmls\hp_6_specs.html,INTEL_IRIS_XE,INTEGRATED,False,0.8,0.8,0.4534510433386838,0.7664526484751204,0.2114767255216693,0.125,23.99,0.627,0.766,True,True,True,True,False,True,False,51.0,0.28055307760927745,0.55,0.28055307760927745,1,0.60675,0.6106,0.579254580812446,0.5530891159402396,0.5907323845536485,True,True,False,False
HP Elitebook 6 G1i 13 Bq9q3pt,HP,Intel,Core Ultra 7,255.0,5.2,16.0,DDR5,5600.0,512.0,13.3,1920 x 1200,,Intel,1.3,3-cell 56Wh,33990000.0,data/anphat/detail_htmls\hp_5_specs.html,INTEL_GRAPHICS,INTEGRATED,False,0.8,0.8,0.914526484751204,0.8900481540930979,0.0176565008025682,0.1944444444444444,33.99,0.857,0.89,True,True,True,True,False,True,False,56.0,0.41480820695807313,0.45,0.41480820695807313,1,0.60425,0.6246,0.7356283923941227,0.6642980614890727,0.7638423888751698,True,True,True,False
HP Victus 15 Fa2731tx B85lnpa,HP,Intel,Core i5,13420.0,4.6,16.0,DDR4,3200.0,512.0,15.6,1920 x 1080,144.0,NVIDIA,2.29,"3-cell, 52.5 Wh",23990000.0,data/anphat/detail_htmls\hp_7_specs.html,RTX 3050,DISCRETE_GAMING,False,0.8,0.8,0.4534510433386838,0.1320224719101124,0.5842696629213483,0.125,23.99,0.627,0.132,True,True,True,False,False,False,True,52.5,0.3073148974130241,0.9,0.3073148974130241,1,0.81675,0.8031,0.360931331028522,0.19916849302383,0.421702797567601,True,True,False,False
Gaming Omen 14 Fb0135tx Ay8v1pa,HP,Intel,Core Ultra 7,900.0,4.8,16.0,LPDDR5X,7467.0,1024.0,14.0,2880 x 1800,120.0,NVIDIA,1.63,6 Cell 71WHr,68990000.0,data/anphat/detail_htmls\hp_8_specs.html,RTX 4060,DISCRETE_GAMING,False,0.8,1.0,0.6460674157303371,0.562199036918138,0.2114767255216693,0.4375,68.99,0.763,0.562,True,True,True,False,False,True,False,71.0,0.719892952720785,1.0,0.719892952720785,1,0.91075,0.8989,0.6079891529818495,0.5292049944437585,0.6464861177305841,True,True,True,False
HP Victus 15 Fa2732tx B85lppa,HP,Intel,Core i5,13420.0,4.6,16.0,DDR4,3200.0,512.0,15.6,1920 x 1080,144.0,NVIDIA,2.29,"4-cell, 70 Wh",26990000.0,data/anphat/detail_htmls\hp_9_specs.html,RTX 4050,DISCRETE_GAMING,False,0.8,0.8,0.4534510433386838,0.1320224719101124,0.5842696629213483,0.1458333333333333,26.99,0.627,0.132,True,True,True,False,False,False,True,70.0,0.6882247992863515,1.0,0.6882247992863515,1,0.87675,0.8581,0.3945851771823682,0.2580627237930608,0.4486258744906778,True,True,False,False
HP Omnibook 5 Flip 14 Fp0057tu Bz7q6pa,HP,Intel,Core 5,120.0,5.0,16.0,LPDDR5X,5200.0,512.0,14.0,1920 x 1200,,Intel,1.62,4-cell 68Wh,27990000.0,data/anphat/detail_htmls\hp_10_specs.html,INTEL_GRAPHICS,INTEGRATED,False,0.8,0.8,0.8138041733547352,0.579454253611557,0.2114767255216693,0.1527777777777778,27.99,0.807,0.579,True,True,True,False,False,True,False,68.0,0.6587867975022301,0.45,0.6587867975022301,1,0.59175,0.6096,0.6280592480553155,0.5268736881096432,0.6704513992468206,False,True,True,False
HP 14s Ep0110tu 8c5k9pa,HP,Intel,Core i7,1355.0,5.0,16.0,DDR4,3200.0,512.0,14.0,1920 x 1080,,Intel,1.46,"3-cell, 41 Wh Li-ion",21990000.0,data/anphat/detail_htmls\hp_11_specs.html,INTEL_IRIS_XE,INTEGRATED,False,0.8,0.8,0.8138041733547352,0.7323434991974318,0.2114767255216693,0.1111111111111111,21.99,0.807,0.732,True,True,True,True,False,True,False,41.0,0.05798394290811775,0.55,0.05798394290811775,1,0.65175,0.6646000000000001,0.6290856093344857,0.5040861526114335,0.6663557547228053,True,True,True,False
HP Victus 16 R0228tx 9q979pa,HP,Intel,Core i5,13500.0,4.7,32.0,DDR5,5200.0,512.0,16.1,1920 x 1080,144.0,NVIDIA,2.31,4Cell 70WHrs,33990000.0,data/anphat/detail_htmls\hp_12_specs.html,RTX 4050,DISCRETE_GAMING,False,1.0,0.8,0.5714285714285714,0.1099518459069021,0.9743178170144462,0.1944444444444444,33.99,0.746,0.11,True,True,True,False,True,False,True,70.0,0.6882247992863515,1.0,0.6882247992863515,1,0.9365,0.9238,0.4404104580812445,0.1701213112729967,0.4933089683911593,True,True,False,False
HP Omnibook 5 Ai 16 Af1054tu C1mn8pa,HP,Intel,Core Ultra 7,255.0,5.2,32.0,LPDDR5,7467.0,512.0,16.0,1920 x 1200,,Intel,1.66,"3-cell Li-ion, 59 Wh",30690000.0,data/anphat/detail_htmls\hp_14_specs.html,INTEL_GRAPHICS,INTEGRATED,False,1.0,0.8,0.914526484751204,0.5056179775280899,0.8487158908507223,0.1715277777777777,30.69,0.917,0.506,True,True,True,False,False,False,True,59.0,0.5370205173951829,0.45,0.5370205173951829,1,0.64925,0.6726000000000001,0.6344088591184096,0.3359110692678108,0.6736162004568466,True,True,True,False
HP Omnibook X Flip 14 Fm0088tu Bz7q2pa,HP,Intel,Core Ultra 5,226.0,4.5,16.0,LPDDR5X,8533.0,512.0,14.0,1920 x 1200,,Intel,1.66,"3-cell, 59 Wh",31990000.0,data/anphat/detail_htmls\hp_15_specs.html,INTEL_GRAPHICS,INTEGRATED,False,0.8,0.8,0.3029695024077046,0.5056179775280899,0.2114767255216693,0.1805555555555555,31.99,0.551,0.506,True,True,True,False,False,True,False,59.0,0.5370205173951829,0.45,0.5370205173951829,1,0.52775,0.5328,0.4697088591184097,0.4633589023336214,0.4968907670700087,False,False,False,False
HP Victus 16 R0358tx Ay8x4pa,HP,Intel,Core i7,13700.0,5.0,32.0,DDR5,5200.0,512.0,16.1,1920 x 1080,165.0,NVIDIA,2.31,4Cell 70WHrs,45990000.0,data/anphat/detail_htmls\hp_18_specs.html,RTX 4070,DISCRETE_GAMING,False,1.0,0.8,0.8138041733547352,0.1099518459069021,0.9743178170144462,0.2777777777777778,45.99,0.867,0.11,True,True,True,False,True,False,True,70.0,0.6882247992863515,1.0,0.6882247992863515,1,0.96675,0.9601,0.4948604580812445,0.1701213112729967,0.5601614683911594,True,True,False,False
HP 250r G9 B93h3at,HP,Intel,Core i5,1334.0,4.6,16.0,DDR4,3200.0,512.0,15.6,1920 x 1080,,Intel,1.74,3-cell 41Wh,17990000.0,data/anphat/detail_htmls\hp_19_specs.html,INTEL_IRIS_XE,INTEGRATED,False,0.8,0.8,0.4534510433386838,0.4004815409309791,0.5842696629213483,0.0833333333333333,17.99,0.627,0.4,True,True,True,False,False,False,True,41.0,0.05798394290811775,0.55,0.05798394290811775,1,0.60675,0.6106,0.4324957216940363,0.2809119953080626,0.4702554738239288,True,True,False,False
HP Victus 16 R0223tx 9q974pa,HP,Intel,Core i7,13700.0,5.0,32.0,DDR5,5200.0,512.0,16.1,1920 x 1080,144.0,NVIDIA,2.31,4Cell 70WHrs,45990000.0,data/anphat/detail_htmls\hp_17_specs.html,RTX 4070,DISCRETE_GAMING,False,1.0,0.8,0.8138041733547352,0.1099518459069021,0.9743178170144462,0.2777777777777778,45.99,0.867,0.11,True,True,True,False,True,False,True,70.0,0.6882247992863515,1.0,0.6882247992863515,1,0.96675,0.9601,0.4948604580812445,0.1701213112729967,0.5601614683911594,True,True,False,False
HP 15 Fd0083tu 8d736pa,HP,Intel,Core i7,1355.0,5.0,16.0,DDR4,3200.0,512.0,15.6,1920 x 1080,,Intel,1.59,"3-cell, 41 Wh Li-ion",22590000.0,data/anphat/detail_htmls\hp_20_specs.html,INTEL_IRIS_XE,INTEGRATED,False,0.8,0.8,0.8138041733547352,0.6211878009630818,0.5842696629213483,0.1152777777777777,22.59,0.807,0.621,True,True,True,True,False,False,True,41.0,0.05798394290811775,0.55,0.05798394290811775,1,0.65175,0.6646000000000001,0.5907429127052722,0.3802298123225089,0.6243302731818743,True,True,False,False
HP Probook 4 G1i 16 Bq5e4pt,HP,Intel,Core Ultra 7,255.0,5.1,16.0,DDR5,5600.0,512.0,16.0,1920 x 1200,,Intel,1.74,"3-cell, 56 Wh",33990000.0,data/anphat/detail_htmls\hp_21_specs.html,INTEL_GRAPHICS,INTEGRATED,False,0.8,0.8,0.8743980738362761,0.4004815409309791,0.8487158908507223,0.1944444444444444,33.99,0.837,0.4,True,True,True,False,False,False,True,56.0,0.41480820695807313,0.45,0.41480820695807313,1,0.5992500000000001,0.6186,0.55584187554019,0.2785035189529571,0.598779547783677,False,True,False,False
HP Probook 4 G1i 16 Bq5e6pt,HP,Intel,Core Ultra 7,255.0,5.1,16.0,DDR5,5600.0,512.0,16.0,1920 x 1200,,Intel,1.74,"3-cell, 56 Wh",35990000.0,data/anphat/detail_htmls\hp_25_specs.html,INTEL_GRAPHICS,INTEGRATED,False,0.8,0.8,0.8743980738362761,0.4004815409309791,0.8487158908507223,0.2083333333333333,35.99,0.837,0.4,True,True,True,False,False,False,True,56.0,0.41480820695807313,0.45,0.41480820695807313,1,0.5992500000000001,0.6186,0.55584187554019,0.2785035189529571,0.598779547783677,False,True,False,False
HP Omnibook X Flip 14 Fm0076tu Bz7p6pa,HP,Intel,Core Ultra 7,258.0,4.8,32.0,LPDDR5X,8533.0,512.0,14.0,1920 x 1200,,Intel,1.38,"3-cell, 59 Wh",37990000.0,data/anphat/detail_htmls\hp_26_specs.html,INTEL_GRAPHICS,INTEGRATED,False,1.0,0.8,0.6460674157303371,0.8358747993579454,0.2114767255216693,0.2222222222222222,37.99,0.783,0.836,True,True,True,True,False,True,False,59.0,0.5370205173951829,0.45,0.5370205173951829,1,0.61575,0.6324000000000001,0.68913694900605,0.6112521607605876,0.7064120592048401,True,True,True,False
HP Omnibook 7 Ai 16 Az0043tu C2cx3pa,HP,Intel,Core 7,240.0,5.2,32.0,DDR5,5600.0,512.0,16.0,1920 x 1200,,Intel,1.91,"4-cell, 70 Wh",31990000.0,data/anphat/detail_htmls\hp_27_specs.html,INTEL_GRAPHICS,INTEGRATED,False,1.0,0.8,0.914526484751204,0.2821027287319422,0.8487158908507223,0.1805555555555555,31.99,0.917,0.282,True,True,True,False,False,False,True,70.0,0.6882247992863515,0.45,0.6882247992863515,1,0.64925,0.6726000000000001,0.5773323681936041,0.2723484380787752,0.6352192533028769,True,True,False,False
HP 15 Fd0823tu C81nmpa,HP,Intel,Core i7,1355.0,5.0,16.0,DDR4,3200.0,512.0,15.6,1920 x 1080,,Intel,1.59,"3-cell, 41 Wh Li-ion",21990000.0,data/anphat/detail_htmls\hp_28_specs.html,INTEL_IRIS_XE,INTEGRATED,False,0.8,0.8,0.8138041733547352,0.6211878009630818,0.5842696629213483,0.1111111111111111,21.99,0.807,0.621,True,True,True,True,False,False,True,41.0,0.05798394290811775,0.55,0.05798394290811775,1,0.65175,0.6646000000000001,0.5907429127052722,0.3802298123225089,0.6243302731818743,True,True,False,False
HP Omnibook 5 Flip 14 Fp0055tu Bz7q4pa,HP,Intel,Core 7,150.0,5.4,24.0,LPDDR5,5200.0,512.0,14.0,1920 x 1200,,Intel,1.62,"4-cell, 68 Wh",30990000.0,data/anphat/detail_htmls\hp_29_specs.html,INTEL_GRAPHICS,INTEGRATED,False,0.8,0.8,0.9542536115569824,0.579454253611557,0.2114767255216693,0.1736111111111111,30.99,0.877,0.579,True,True,True,False,False,True,False,68.0,0.6587867975022301,0.45,0.6587867975022301,1,0.6092500000000001,0.6306,0.6595592480553154,0.5268736881096432,0.7091263992468205,True,True,True,False
HP Omnibook 7 Ai 16 Az0038tu C2cx1pa,HP,Intel,Core 5,210.0,4.8,24.0,DDR5,5200.0,512.0,16.0,1920 x 1200,,Intel,1.66,"4-cell, 70 Wh",27990000.0,data/anphat/detail_htmls\hp_30_specs.html,INTEL_GRAPHICS,INTEGRATED,False,0.8,0.8,0.6460674157303371,0.5056179775280899,0.8487158908507223,0.1527777777777778,27.99,0.723,0.506,True,True,True,False,False,False,True,70.0,0.6882247992863515,0.45,0.6882247992863515,1,0.57075,0.5844,0.5682627052722558,0.3729303000370416,0.5833542773799234,False,False,False,False
HP Zbook Power G11 Mobile Workstation 9a660av,HP,Intel,Core Ultra 7,155.0,4.8,32.0,DDR5,5600.0,1024.0,16.0,2560 x 1600,,NVIDIA,2.12,6Cell 83WHrs Li-ion,63990000.0,data/anphat/detail_htmls\hp_32_specs.html,RTX 2000,DISCRETE_GAMING,False,1.0,1.0,0.6460674157303371,0.1990369181380417,0.8487158908507223,0.4027777777777778,63.99,0.823,0.199,True,True,True,False,False,False,True,83.0,0.8983050847457628,0.8,0.8983050847457628,1,0.83575,0.8369000000000001,0.530959334485739,0.2787188233115199,0.5827254651808865,True,True,False,False
HP Probook 4 G1i 16 Bq5e1pt,HP,Intel,Core Ultra 7,255.0,5.2,16.0,DDR5,5600.0,512.0,16.0,1920 x 1200,,Intel,1.74,"3-cell, 56 Wh",33990000.0,data/anphat/detail_htmls\hp_34_specs.html,INTEL_GRAPHICS,INTEGRATED,False,0.8,0.8,0.914526484751204,0.4004815409309791,0.8487158908507223,0.1944444444444444,33.99,0.857,0.4,True,True,True,False,False,False,True,56.0,0.41480820695807313,0.45,0.41480820695807313,1,0.60425,0.6246,0.56484187554019,0.2785035189529571,0.609829547783677,True,True,False,False
HP Probook 4 G1i 16 Bq5d9pt,HP,Intel,Core Ultra 5,225.0,4.9,16.0,DDR5,5600.0,512.0,16.0,1920 x 1200,,Intel,1.74,"3-cell, 56 Wh",31990000.0,data/anphat/detail_htmls\hp_35_specs.html,INTEL_GRAPHICS,INTEGRATED,False,0.8,0.8,0.7391653290529695,0.4004815409309791,0.8487158908507223,0.1805555555555555,31.99,0.77,0.4,True,True,True,False,False,False,True,56.0,0.41480820695807313,0.45,0.41480820695807313,1,0.5825,0.5985,0.5256918755401901,0.2785035189529571,0.561762047783677,False,False,False,False
HP Probook 4 G1i 16 Bq5d8pt,HP,Intel,Core Ultra 5,225.0,4.9,16.0,DDR5,5600.0,512.0,16.0,1920 x 1200,,Intel,1.74,"3-cell, 56 Wh",28990000.0,data/anphat/detail_htmls\hp_36_specs.html,INTEL_GRAPHICS,INTEGRATED,False,0.8,0.8,0.7391653290529695,0.4004815409309791,0.8487158908507223,0.1597222222222222,28.99,0.77,0.4,True,True,True,False,False,False,True,56.0,0.41480820695807313,0.45,0.41480820695807313,1,0.5825,0.5985,0.5256918755401901,0.2785035189529571,0.561762047783677,False,False,False,False
HP Probook 4 G1i 16 Bq5d4pt,HP,Intel,Core Ultra 5,225.0,4.8,16.0,DDR5,5600.0,512.0,16.0,1920 x 1200,,Intel,1.74,"3-cell, 56 Wh",26990000.0,data/anphat/detail_htmls\hp_38_specs.html,INTEL_GRAPHICS,INTEGRATED,False,0.8,0.8,0.6460674157303371,0.4004815409309791,0.8487158908507223,0.1458333333333333,26.99,0.723,0.4,True,True,True,False,False,False,True,56.0,0.41480820695807313,0.45,0.41480820695807313,1,0.57075,0.5844,0.50454187554019,0.2785035189529571,0.535794547783677,False,False,False,False
HP Probook 440 G10 9h8u6pt,HP,Intel,Core i5,1335.0,4.6,16.0,DDR4,3200.0,512.0,14.0,1920 x 1080,,Intel,1.66,"3-cell, 51 Wh",22990000.0,data/anphat/detail_htmls\hp_39_specs.html,INTEL_IRIS_XE,INTEGRATED,False,0.8,0.8,0.4534510433386838,0.5056179775280899,0.2114767255216693,0.1180555555555555,22.99,0.627,0.506,True,True,True,False,False,True,False,51.0,0.28055307760927745,0.55,0.28055307760927745,1,0.60675,0.6106,0.4885242437337943,0.4364358254105445,0.5265730747623163,True,True,False,False
HP 14 Ep1179tu C89zspa,HP,Intel,Core 5,120.0,5.0,16.0,DDR4,3200.0,512.0,14.0,1920 x 1080,,Intel,1.4,"3-cell, 41 Wh Li-ion",18990000.0,data/anphat/detail_htmls\hp_40_specs.html,INTEL_GRAPHICS,INTEGRATED,False,0.8,0.8,0.8138041733547352,0.7885232744783306,0.2114767255216693,0.0902777777777777,18.99,0.807,0.789,True,True,True,True,False,True,False,41.0,0.05798394290811775,0.45,0.05798394290811775,1,0.59175,0.6096,0.6487485306828003,0.529367051487838,0.6802602491048277,False,True,True,False
HP Elitebook 6 G1i 13 Bq9l8pt,HP,Intel,Core Ultra 5,225.0,4.8,16.0,DDR5,5600.0,512.0,13.3,1920 x 1200,,Intel,1.3,3-cell 56Wh,27990000.0,data/anphat/detail_htmls\hp_41_specs.html,INTEL_GRAPHICS,INTEGRATED,False,0.8,0.8,0.6460674157303371,0.8900481540930979,0.0176565008025682,0.1527777777777778,27.99,0.723,0.89,True,True,True,True,False,True,False,56.0,0.41480820695807313,0.45,0.41480820695807313,1,0.57075,0.5844,0.6753283923941227,0.6642980614890727,0.6898073888751697,False,False,True,False
HP Pavilion 15 Eg3094tu 8c5l5pa,HP,Intel,Core i5,1335.0,4.6,8.0,DDR4,3200.0,512.0,15.6,1920 x 1080,,Intel,1.74,"3-cell, 41 Wh Li-ion",19990000.0,data/anphat/detail_htmls\hp_43_specs.html,INTEL_IRIS_XE,INTEGRATED,False,0.6,0.8,0.4534510433386838,0.4004815409309791,0.5842696629213483,0.0972222222222222,19.99,0.567,0.4,True,True,True,False,False,False,True,41.0,0.05798394290811775,0.55,0.05798394290811775,1,0.56175,0.5626,0.4054957216940362,0.2809119953080626,0.4371054738239288,False,False,False,False
HP 250 G10 A06f6pt,HP,Intel,Core i3,1315.0,4.5,16.0,DDR4,3200.0,512.0,15.6,1920 x 1080,,Intel,1.52,3Cell 41WHrs,15990000.0,data/anphat/detail_htmls\hp_42_specs.html,INTEL_UHD,INTEGRATED,False,0.8,0.8,0.3029695024077046,0.658908507223114,0.5842696629213483,0.0694444444444444,15.99,0.551,0.659,True,True,True,True,False,False,True,41.0,0.05798394290811775,0.45,0.05798394290811775,1,0.52775,0.5328,0.4881833621434744,0.3964818187430547,0.4918288767131744,False,False,False,False
HP Pavilion 15 Eg3095tu 8c5l6pa,HP,Intel,Core i5,1335.0,4.6,8.0,DDR4,3200.0,512.0,15.6,1920 x 1080,,Intel,1.74,"3-cell, 41 Wh Li-ion",19990000.0,data/anphat/detail_htmls\hp_45_specs.html,INTEL_IRIS_XE,INTEGRATED,False,0.6,0.8,0.4534510433386838,0.4004815409309791,0.5842696629213483,0.0972222222222222,19.99,0.567,0.4,True,True,True,False,False,False,True,41.0,0.05798394290811775,0.55,0.05798394290811775,1,0.56175,0.5626,0.4054957216940362,0.2809119953080626,0.4371054738239288,False,False,False,False
HP Pavilion 15 Eg3099tu 8c5m0pa,HP,Intel,Core i3,1315.0,4.5,8.0,DDR4,3200.0,256.0,15.6,1920 x 1080,,Intel,1.74,"3-cell, 41 Wh Li-ion",15290000.0,data/anphat/detail_htmls\hp_44_specs.html,INTEL_UHD,INTEGRATED,False,0.6,0.6,0.3029695024077046,0.4004815409309791,0.5842696629213483,0.0645833333333333,15.29,0.451,0.4,True,True,True,False,False,False,True,41.0,0.05798394290811775,0.45,0.05798394290811775,1,0.47275,0.4728,0.3532957216940362,0.2809119953080626,0.3730154738239288,False,False,False,False
HP Omnibook 7 Aero 13 Bg1087au Bz7s1pa,HP,AMD,Ryzen AI 5,340.0,4.8,16.0,LPDDR5X,7500.0,512.0,13.3,1920 x 1200,,AMD,1.66,3-cell,28990000.0,data/anphat/detail_htmls\hp_48_specs.html,AMD_RADEON_GRAPHICS,INTEGRATED,False,0.8,0.8,0.6460674157303371,0.5056179775280899,0.0176565008025682,0.1597222222222222,28.99,0.723,0.506,True,True,True,False,False,True,False,,,0.5,,0,0.60075,0.6119,0.6028780898876404,0.5997191011235955,0.6442889606741573,True,True,True,False
HP Omnibook 5 16 Ag1067au Bz7u5pa,HP,AMD,Ryzen AI 7,350.0,5.0,16.0,LPDDR5X,7500.0,512.0,16.0,1920 x 1200,,AMD,1.79,"3-cell, 59 Wh",28990000.0,data/anphat/detail_htmls\hp_50_specs.html,AMD_RADEON_GRAPHICS,INTEGRATED,False,0.8,0.8,0.8138041733547352,0.372792937399679,0.8487158908507223,0.1597222222222222,28.99,0.807,0.373,True,True,True,False,False,False,True,59.0,0.5370205173951829,0.5,0.5370205173951829,1,0.62175,0.6371,0.5384200950734659,0.2761398012100259,0.5799670030250648,True,True,False,False
HP Omnibook 5 16 Ag1066au Bz7s9pa,HP,AMD,Ryzen AI 7,350.0,5.0,16.0,LPDDR5X,7500.0,512.0,16.0,1920 x 1200,,AMD,1.79,"3-cell, 59 Wh",29990000.0,data/anphat/detail_htmls\hp_49_specs.html,AMD_RADEON_GRAPHICS,INTEGRATED,False,0.8,0.8,0.8138041733547352,0.372792937399679,0.8487158908507223,0.1666666666666666,29.99,0.807,0.373,True,True,True,False,False,False,True,59.0,0.5370205173951829,0.5,0.5370205173951829,1,0.62175,0.6371,0.5384200950734659,0.2761398012100259,0.5799670030250648,True,True,False,False
HP Omnibook 5 16 Ag1068au Bz7t0pa,HP,AMD,Ryzen AI 5,340.0,4.8,16.0,LPDDR5X,7500.0,512.0,16.0,1920 x 1200,,AMD,1.79,"3-cell, 59 Wh",26999000.0,data/anphat/detail_htmls\hp_51_specs.html,AMD_RADEON_GRAPHICS,INTEGRATED,False,0.8,0.8,0.6460674157303371,0.372792937399679,0.8487158908507223,0.1458958333333333,27.0,0.723,0.373,True,True,True,False,False,False,True,59.0,0.5370205173951829,0.5,0.5370205173951829,1,0.60075,0.6119,0.5006200950734658,0.2761398012100259,0.5335570030250648,True,True,False,False
HP Omnibook 5 16 Ag1069au Bz7t1pa,HP,AMD,Ryzen AI 5,340.0,4.8,16.0,LPDDR5X,7500.0,512.0,16.0,1920 x 1200,,AMD,1.79,"3-cell, 59 Wh",25990000.0,data/anphat/detail_htmls\hp_52_specs.html,AMD_RADEON_GRAPHICS,INTEGRATED,False,0.8,0.8,0.6460674157303371,0.372792937399679,0.8487158908507223,0.1388888888888889,25.99,0.723,0.373,True,True,True,False,False,False,True,59.0,0.5370205173951829,0.5,0.5370205173951829,1,0.60075,0.6119,0.5006200950734658,0.2761398012100259,0.5335570030250648,True,True,False,False
HP Omnibook X Flip 14 Fm0086tu Bz7q0pa,HP,Intel,Core Ultra 5,226.0,4.5,16.0,LPDDR5X,8533.0,1024.0,14.0,1920 x 1200,,Intel,1.66,"3-cell, 59 Wh",32990000.0,data/anphat/detail_htmls\hp_53_specs.html,INTEL_GRAPHICS,INTEGRATED,False,0.8,1.0,0.3029695024077046,0.5056179775280899,0.2114767255216693,0.1875,32.99,0.591,0.506,True,True,True,False,False,True,False,59.0,0.5370205173951829,0.45,0.5370205173951829,1,0.53775,0.5448,0.4877088591184097,0.4633589023336214,0.5189907670700087,False,False,False,False
HP Victus 16 R0224tx 9q975pa,HP,Intel,Core i7,13700.0,5.0,32.0,DDR5,5200.0,512.0,16.1,1920 x 1080,144.0,NVIDIA,2.31,4Cell 70WHrs,38990000.0,data/anphat/detail_htmls\hp_54_specs.html,RTX 4060,DISCRETE_GAMING,False,1.0,0.8,0.8138041733547352,0.1099518459069021,0.9743178170144462,0.2291666666666666,38.99,0.867,0.11,True,True,True,False,True,False,True,70.0,0.6882247992863515,1.0,0.6882247992863515,1,0.96675,0.9601,0.4948604580812445,0.1701213112729967,0.5601614683911594,True,True,False,False
HP Elitebook 6 G1i 13 Bq9m6pt,HP,Intel,Core Ultra 7,255.0,5.2,16.0,DDR5,5600.0,512.0,13.3,1920 x 1200,,Intel,1.3,3-cell 56Wh,32990000.0,data/anphat/detail_htmls\hp_59_specs.html,INTEL_GRAPHICS,INTEGRATED,False,0.8,0.8,0.914526484751204,0.8900481540930979,0.0176565008025682,0.1875,32.99,0.857,0.89,True,True,True,True,False,True,False,56.0,0.41480820695807313,0.45,0.41480820695807313,1,0.60425,0.6246,0.7356283923941227,0.6642980614890727,0.7638423888751698,True,True,True,False
HP 15 Fd1045tu 9z2x1pa,HP,Intel,Core 5,120.0,5.0,16.0,DDR4,3200.0,512.0,15.6,1920 x 1080,,Intel,1.59,"3-cell, 41 Wh Li-ion",20990000.0,data/anphat/detail_htmls\hp_58_specs.html,INTEL_GRAPHICS,INTEGRATED,False,0.8,0.8,0.8138041733547352,0.6211878009630818,0.5842696629213483,0.1041666666666666,20.99,0.807,0.621,True,True,True,True,False,False,True,41.0,0.05798394290811775,0.45,0.05798394290811775,1,0.59175,0.6096,0.5907429127052722,0.3802298123225089,0.6243302731818743,False,True,False,False
HP 15 Fd1039tu 9z2w7pa,HP,Intel,Core 7,150.0,5.4,16.0,DDR4,3200.0,512.0,15.6,1920 x 1080,,Intel,1.59,"3-cell, 41 Wh Li-ion",23990000.0,data/anphat/detail_htmls\hp_60_specs.html,INTEL_GRAPHICS,INTEGRATED,False,0.8,0.8,0.9542536115569824,0.6211878009630818,0.5842696629213483,0.125,23.99,0.877,0.621,True,True,True,True,False,False,True,41.0,0.05798394290811775,0.45,0.05798394290811775,1,0.6092500000000001,0.6306,0.6222429127052722,0.3802298123225089,0.6630052731818743,True,True,True,False
HP 14 Ep1011tu 9z2w3pa,HP,Intel,Core 5,120.0,5.0,16.0,DDR4,3200.0,512.0,14.0,1920 x 1080,,Intel,1.66,"3-cell, 41 Wh Li-ion",22990000.0,data/anphat/detail_htmls\hp_62_specs.html,INTEL_GRAPHICS,INTEGRATED,False,0.8,0.8,0.8138041733547352,0.5056179775280899,0.2114767255216693,0.1180555555555555,22.99,0.807,0.506,True,True,True,False,False,True,False,41.0,0.05798394290811775,0.45,0.05798394290811775,1,0.59175,0.6096,0.550293474503025,0.4027819792566983,0.6106384593777009,False,True,False,False
HP Omnibook X 14 Fe1010qu B53kbpa,HP,Qualcomm,Snapdragon X Plus,100.0,3.4,16.0,DDR5,,512.0,14.0,2240 x 1400,,Qualcomm,1.66,"3-cell, 59 Wh",35990000.0,data/anphat/detail_htmls\hp_63_specs.html,QUALCOMM_ADRENO,INTEGRATED_ARM,False,0.8,0.8,0.1565008025682183,0.5056179775280899,0.2114767255216693,0.2083333333333333,35.99,0.478,0.506,True,True,True,False,False,True,False,59.0,0.5370205173951829,0.45,0.5370205173951829,1,0.5095000000000001,0.5109,0.4368588591184096,0.4633589023336214,0.4565582670700086,False,False,False,False
HP 14s Ep0112tu 8c5l1pa,HP,Intel,Core i5,1335.0,4.6,16.0,DDR4,3200.0,512.0,14.0,1920 x 1080,,Intel,1.46,"3-cell, 41 Wh Li-ion",19590000.0,data/anphat/detail_htmls\hp_64_specs.html,INTEL_IRIS_XE,INTEGRATED,False,0.8,0.8,0.4534510433386838,0.7323434991974318,0.2114767255216693,0.0944444444444444,19.59,0.627,0.732,True,True,True,True,False,True,False,41.0,0.05798394290811775,0.55,0.05798394290811775,1,0.60675,0.6106,0.5480856093344857,0.5040861526114335,0.5669057547228052,True,True,False,False
HP Elitebook 6 G1i 13 Bq9m3pt,HP,Intel,Core Ultra 5,225.0,4.8,16.0,DDR5,5600.0,512.0,13.3,1920 x 1200,,Intel,1.3,3-cell 56Wh,28990000.0,data/anphat/detail_htmls\hp_72_specs.html,INTEL_GRAPHICS,INTEGRATED,False,0.8,0.8,0.6460674157303371,0.8900481540930979,0.0176565008025682,0.1597222222222222,28.99,0.723,0.89,True,True,True,True,False,True,False,56.0,0.41480820695807313,0.45,0.41480820695807313,1,0.57075,0.5844,0.6753283923941227,0.6642980614890727,0.6898073888751697,False,False,True,False
HP Elitebook 640 G10 873g4pa,HP,Intel,Core i5,1335.0,4.6,16.0,DDR4,3200.0,512.0,14.0,1920 x 1080,,Intel,1.41,"3-cell,51 Wh",25990000.0,data/anphat/detail_htmls\hp_73_specs.html,INTEL_IRIS_XE,INTEGRATED,False,0.8,0.8,0.4534510433386838,0.7664526484751204,0.2114767255216693,0.1388888888888889,25.99,0.627,0.766,True,True,True,True,False,True,False,51.0,0.28055307760927745,0.55,0.28055307760927745,1,0.60675,0.6106,0.579254580812446,0.5530891159402396,0.5907323845536485,True,True,False,False
HP 14 Ep1009tu 9z2w2pa,HP,Intel,Core 5,120.0,5.0,16.0,DDR4,3200.0,1024.0,14.0,1920 x 1080,,Intel,1.4,"3-cell, 41 Wh Li-ion",20990000.0,data/anphat/detail_htmls\hp_75_specs.html,INTEL_GRAPHICS,INTEGRATED,False,0.8,1.0,0.8138041733547352,0.7885232744783306,0.2114767255216693,0.1041666666666666,20.99,0.847,0.789,True,True,True,True,False,True,False,41.0,0.05798394290811775,0.45,0.05798394290811775,1,0.60175,0.6216,0.6667485306828003,0.529367051487838,0.7023602491048277,True,True,True,False
HP Probook 460 G11 A74mqpt,HP,Intel,Core Ultra 5,125.0,4.5,16.0,DDR5,5600.0,512.0,16.0,1920 x 1200,,Intel,1.66,"3-cell, 56 Wh Li-ion",26990000.0,data/anphat/detail_htmls\hp_74_specs.html,INTEL_GRAPHICS,INTEGRATED,False,0.8,0.8,0.3029695024077046,0.5056179775280899,0.8487158908507223,0.1458333333333333,26.99,0.551,0.506,True,True,True,False,False,False,True,56.0,0.41480820695807313,0.45,0.41480820695807313,1,0.52775,0.5328,0.4639396283491789,0.3258149154216569,0.4667858158414619,False,False,False,False
HP Pavilion X360 14 Ek2017tu 9z2v5pa,HP,Intel,Core 5,120.0,5.0,16.0,DDR4,3200.0,512.0,14.0,1920 x 1080,,Intel,1.51,"3-cell, 43 Wh Li-ion",26990000.0,data/anphat/detail_htmls\hp_77_specs.html,INTEL_GRAPHICS,INTEGRATED,False,0.8,0.8,0.8138041733547352,0.6645264847512038,0.2114767255216693,0.1458333333333333,26.99,0.807,0.665,True,True,True,True,False,True,False,43.0,0.14585191793041927,0.45,0.14585191793041927,1,0.59175,0.6096,0.6091958081244597,0.4802992653414001,0.6526479667242869,False,True,True,False
HP 15 Fd0235tu 9q970pa,HP,Intel,Core i5,1334.0,4.6,16.0,DDR4,3200.0,512.0,15.6,1920 x 1080,,Intel,1.59,"3-cell, 41 Wh Li-ion",19990000.0,data/anphat/detail_htmls\hp_78_specs.html,INTEL_IRIS_XE,INTEGRATED,False,0.8,0.8,0.4534510433386838,0.6211878009630818,0.5842696629213483,0.0972222222222222,19.99,0.627,0.621,True,True,True,True,False,False,True,41.0,0.05798394290811775,0.55,0.05798394290811775,1,0.60675,0.6106,0.5097429127052722,0.3802298123225089,0.5248802731818742,True,True,False,False
HP Envy X360 14 Fa0095au Ay8u5pa,HP,AMD,Ryzen 7,8840.0,5.1,16.0,LPDDR5,6400.0,512.0,14.0,2880 x 1800,120.0,AMD,1.66,"3-cell, 59 Wh",35990000.0,data/anphat/detail_htmls\hp_80_specs.html,AMD_RADEON_GRAPHICS,INTEGRATED,False,0.8,0.8,0.8743980738362761,0.5056179775280899,0.2114767255216693,0.2083333333333333,35.99,0.837,0.506,True,True,True,False,False,True,False,59.0,0.5370205173951829,0.5,0.5370205173951829,1,0.62925,0.6461,0.5984088591184096,0.4633589023336214,0.6549057670700087,True,True,False,False
HP 14 Ep1007tu 9z2w1pa,HP,Intel,Core 7,150.0,5.4,16.0,DDR4,3200.0,512.0,14.0,1920 x 1080,,Intel,1.66,"3-cell, 41 Wh Li-ion",25990000.0,data/anphat/detail_htmls\hp_81_specs.html,INTEL_GRAPHICS,INTEGRATED,False,0.8,0.8,0.9542536115569824,0.5056179775280899,0.2114767255216693,0.1388888888888889,25.99,0.877,0.506,True,True,True,False,False,True,False,41.0,0.05798394290811775,0.45,0.05798394290811775,1,0.6092500000000001,0.6306,0.581793474503025,0.4027819792566983,0.6493134593777009,True,True,False,False
HP Pavilion 16 Af0055tu Ay8c4pa,HP,Intel,Core Ultra 5,125.0,4.3,16.0,LPDDR5,6400.0,512.0,16.0,1920 x 1200,,Intel,1.66,"3-cell, 59 Wh",24990000.0,data/anphat/detail_htmls\hp_82_specs.html,INTEL_GRAPHICS,INTEGRATED,False,0.8,0.8,0.2146869983948635,0.5056179775280899,0.8487158908507223,0.1319444444444444,24.99,0.507,0.506,True,True,True,False,False,False,True,59.0,0.5370205173951829,0.45,0.5370205173951829,1,0.51675,0.5196000000000001,0.4499088591184096,0.3359110692678108,0.4470912004568464,False,False,False,False
HP Elitebook 630 G11 A7lm7pt,HP,Intel,Core Ultra 5,125.0,4.3,16.0,DDR5,5600.0,512.0,13.3,1920 x 1200,,Intel,1.31,"3-cell, 56 Wh",26990000.0,data/anphat/detail_htmls\hp_83_specs.html,INTEL_GRAPHICS,INTEGRATED,False,0.8,0.8,0.2146869983948635,0.8808186195826645,0.0176565008025682,0.1458333333333333,26.99,0.507,0.881,True,True,True,True,False,True,False,56.0,0.41480820695807313,0.45,0.41480820695807313,1,0.51675,0.5196000000000001,0.574898055315471,0.6601447709593777,0.5681830790838376,False,False,False,False
HP Probook 440 G11 A74b4pt,HP,Intel,Core Ultra 5,125.0,4.3,8.0,DDR5,5600.0,512.0,14.0,1920 x 1200,,Intel,1.39,"3-cell, 56 Wh",23990000.0,data/anphat/detail_htmls\hp_85_specs.html,INTEL_GRAPHICS,INTEGRATED,False,0.6,0.8,0.2146869983948635,0.819422150882825,0.2114767255216693,0.125,23.99,0.447,0.819,True,True,True,True,False,True,False,56.0,0.41480820695807313,0.45,0.41480820695807313,1,0.47175,0.4716,0.5264092912705272,0.5937523151006296,0.5120846440918632,False,False,False,False
HP Pavilion 15 Eg3098tu 8c5l9pa,HP,Intel,Core i3,1315.0,4.5,8.0,DDR4,3200.0,256.0,15.6,1920 x 1080,,Intel,1.74,"3-cell, 41 Wh Li-ion",15290000.0,data/anphat/detail_htmls\hp_84_specs.html,INTEL_UHD,INTEGRATED,False,0.6,0.6,0.3029695024077046,0.4004815409309791,0.5842696629213483,0.0645833333333333,15.29,0.451,0.4,True,True,True,False,False,False,True,41.0,0.05798394290811775,0.45,0.05798394290811775,1,0.47275,0.4728,0.3532957216940362,0.2809119953080626,0.3730154738239288,False,False,False,False
HP Elitebook 640 G11 A7lb4pt,HP,Intel,Core Ultra 7,165.0,4.9,16.0,DDR5,5600.0,512.0,14.0,1920 x 1200,,Intel,1.66,"3-cell, 56 Wh",36990000.0,data/anphat/detail_htmls\hp_88_specs.html,INTEL_GRAPHICS,INTEGRATED,False,0.8,0.8,0.7391653290529695,0.5056179775280899,0.2114767255216693,0.2152777777777778,36.99,0.77,0.506,True,True,True,False,False,True,False,56.0,0.41480820695807313,0.45,0.41480820695807313,1,0.5825,0.5985,0.5624896283491789,0.4532627484874675,0.613272882454624,False,False,False,False
HP Elitebook 630 G10 9j0b4pt,HP,Intel,Core i5,1335.0,4.6,16.0,DDR4,3200.0,512.0,13.3,1920 x 1080,,Intel,1.22,"3-cell, 42 Wh",23590000.0,data/anphat/detail_htmls\hp_90_specs.html,INTEL_UHD,INTEGRATED,False,0.8,0.8,0.4534510433386838,0.934991974317817,0.0176565008025682,0.1222222222222222,23.59,0.627,0.935,True,True,True,True,False,True,False,42.0,0.11864406779661017,0.45,0.11864406779661017,1,0.5467500000000001,0.5556,0.6209356525496974,0.6374073959748117,0.6263525228423261,False,False,True,False
HP Elitebook 630 G10 9j0b5pt,HP,Intel,Core i5,1335.0,4.6,16.0,DDR4,3200.0,512.0,13.3,1920 x 1080,,Intel,1.22,"3-cell, 42 Wh",24390000.0,data/anphat/detail_htmls\hp_89_specs.html,INTEL_UHD,INTEGRATED,False,0.8,0.8,0.4534510433386838,0.934991974317817,0.0176565008025682,0.1277777777777777,24.39,0.627,0.935,True,True,True,True,False,True,False,42.0,0.11864406779661017,0.45,0.11864406779661017,1,0.5467500000000001,0.5556,0.6209356525496974,0.6374073959748117,0.6263525228423261,False,False,True,False
HP Pavilion 15 Eg3091tu 8c5l2pa,HP,Intel,Core i7,1355.0,5.0,16.0,DDR4,3200.0,512.0,15.6,1920 x 1080,,Intel,1.74,"3-cell, 41 Wh Li-ion",25990000.0,data/anphat/detail_htmls\hp_91_specs.html,INTEL_IRIS_XE,INTEGRATED,False,0.8,0.8,0.8138041733547352,0.4004815409309791,0.5842696629213483,0.1388888888888889,25.99,0.807,0.4,True,True,True,False,False,False,True,41.0,0.05798394290811775,0.55,0.05798394290811775,1,0.65175,0.6646000000000001,0.5134957216940362,0.2809119953080626,0.5697054738239288,True,True,False,False
HP Omnibook Uf 14 Fh0038tu B2cp4pa,HP,Intel,Core Ultra 9,288.0,5.1,32.0,LPDDR5X,8533.0,1024.0,14.0,2880 x 1800,120.0,Intel,1.66,"6-cell, 64 Wh",63990000.0,data/anphat/detail_htmls\hp_92_specs.html,INTEL_GRAPHICS,INTEGRATED,False,1.0,1.0,0.8743980738362761,0.5056179775280899,0.2114767255216693,0.4027777777777778,63.99,0.937,0.506,True,True,True,False,False,True,False,64.0,0.6284567350579839,0.45,0.6284567350579839,1,0.6542500000000001,0.6786000000000001,0.6530242437337943,0.4801858254105445,0.7178480747623164,True,True,True,False
HP Omnibook Uf 14 Fh0040tu B13vhpa,HP,Intel,Core Ultra 7,258.0,4.8,32.0,LPDDR5X,8533.0,1024.0,14.0,2880 x 1800,120.0,Intel,1.66,"6-cell, 64 Wh",59990000.0,data/anphat/detail_htmls\hp_93_specs.html,INTEL_GRAPHICS,INTEGRATED,False,1.0,1.0,0.6460674157303371,0.5056179775280899,0.2114767255216693,0.375,59.99,0.823,0.506,True,True,True,False,False,True,False,64.0,0.6284567350579839,0.45,0.6284567350579839,1,0.62575,0.6444,0.6017242437337943,0.4801858254105445,0.6548630747623163,True,True,True,False
HP Pavilion 16 Af0053tu Ay8c2pa,HP,Intel,Core Ultra 7,155.0,4.8,16.0,LPDDR5,6400.0,512.0,16.0,1920 x 1200,,Intel,1.66,"3-cell, 59 Wh",29990000.0,data/anphat/detail_htmls\hp_94_specs.html,INTEL_GRAPHICS,INTEGRATED,False,0.8,0.8,0.6460674157303371,0.5056179775280899,0.8487158908507223,0.1666666666666666,29.99,0.723,0.506,True,True,True,False,False,False,True,59.0,0.5370205173951829,0.45,0.5370205173951829,1,0.57075,0.5844,0.5471088591184096,0.3359110692678108,0.5664312004568465,False,False,False,False
HP Elitebook 640 G10 873g2pa,HP,Intel,Core i5,1335.0,4.6,8.0,DDR4,3200.0,512.0,14.0,1920 x 1080,,Intel,1.41,"3-cell,51 Wh",23490000.0,data/anphat/detail_htmls\hp_96_specs.html,INTEL_IRIS_XE,INTEGRATED,False,0.6,0.8,0.4534510433386838,0.7664526484751204,0.2114767255216693,0.1215277777777777,23.49,0.567,0.766,True,True,True,True,False,True,False,51.0,0.28055307760927745,0.55,0.28055307760927745,1,0.56175,0.5626,0.5522545808124459,0.5530891159402396,0.5575823845536485,False,False,False,False
HP Probook 465 G11 A8xg2pt,HP,AMD,Ryzen 5,7535.0,4.55,16.0,DDR5,4800.0,512.0,16.0,1920 x 1200,,AMD,1.74,"3-cell, 56 Wh",23990000.0,data/anphat/detail_htmls\hp_101_specs.html,AMD_RADEON_GRAPHICS,INTEGRATED,False,0.8,0.8,0.3451043338683788,0.4004815409309791,0.8487158908507223,0.125,23.99,0.573,0.4,True,True,True,False,False,False,True,56.0,0.41480820695807313,0.5,0.41480820695807313,1,0.56325,0.5669,0.43704187554019,0.2785035189529571,0.4529195477836769,False,False,False,False
HP Probook 465 G11 A8ws4pt,HP,AMD,Ryzen 7,7735.0,4.7,16.0,DDR5,4800.0,512.0,16.0,1920 x 1200,,AMD,1.74,"3-cell, 56 Wh",25990000.0,data/anphat/detail_htmls\hp_102_specs.html,AMD_RADEON_GRAPHICS,INTEGRATED,False,0.8,0.8,0.5714285714285714,0.4004815409309791,0.8487158908507223,0.1388888888888889,25.99,0.686,0.4,True,True,True,False,False,False,True,56.0,0.41480820695807313,0.5,0.41480820695807313,1,0.5915,0.6008,0.4878918755401901,0.2785035189529571,0.5153520477836769,False,True,False,False
HP Elitebook 640 G10 873g3pa,HP,Intel,Core i5,1335.0,4.6,16.0,DDR4,3200.0,512.0,14.0,1920 x 1080,,Intel,1.41,"3-cell,51 Wh",24490000.0,data/anphat/detail_htmls\hp_103_specs.html,INTEL_IRIS_XE,INTEGRATED,False,0.8,0.8,0.4534510433386838,0.7664526484751204,0.2114767255216693,0.1284722222222222,24.49,0.627,0.766,True,True,True,True,False,True,False,51.0,0.28055307760927745,0.55,0.28055307760927745,1,0.60675,0.6106,0.579254580812446,0.5530891159402396,0.5907323845536485,True,True,False,False
HP Probook 450 G10 9h8h2pt,HP,Intel,Core i7,1355.0,5.0,16.0,DDR4,3200.0,512.0,15.6,1920 x 1080,,NVIDIA,1.79,"3-cell, 51 Wh",30590000.0,data/anphat/detail_htmls\hp_105_specs.html,RTX 2050,DISCRETE_GAMING,False,0.8,0.8,0.8138041733547352,0.372792937399679,0.5842696629213483,0.1708333333333333,30.59,0.807,0.373,True,True,True,False,False,False,True,51.0,0.28055307760927745,0.8,0.28055307760927745,1,0.80175,0.8021,0.5230354796888504,0.3021059698728238,0.5782371598345475,True,True,False,False
HP Elitebook 640 G10 873h2pa,HP,Intel,Core i7,1355.0,5.0,16.0,DDR4,3200.0,512.0,14.0,1920 x 1080,,Intel,1.41,"3-cell,51 Wh",28090000.0,data/anphat/detail_htmls\hp_104_specs.html,INTEL_IRIS_XE,INTEGRATED,False,0.8,0.8,0.8138041733547352,0.7664526484751204,0.2114767255216693,0.1534722222222222,28.09,0.807,0.766,True,True,True,True,False,True,False,51.0,0.28055307760927745,0.55,0.28055307760927745,1,0.65175,0.6646000000000001,0.6602545808124459,0.5530891159402396,0.6901823845536486,True,True,True,False
HP 240 G10 9h2d8pt,HP,Intel,Core i3,1315.0,4.5,8.0,DDR4,3200.0,256.0,14.0,1920 x 1080,,Intel,1.36,"3-cell, 41 Wh",12990000.0,data/anphat/detail_htmls\hp_106_specs.html,INTEL_UHD,INTEGRATED,False,0.6,0.6,0.3029695024077046,0.851123595505618,0.2114767255216693,0.0486111111111111,12.99,0.451,0.851,True,True,True,True,False,True,False,41.0,0.05798394290811775,0.45,0.05798394290811775,1,0.47275,0.4728,0.5104586430423509,0.5575371959501174,0.4990638285590814,False,False,False,False
HP 240 G10 9h2e1pt,HP,Intel,Core i5,1335.0,4.6,8.0,DDR4,3200.0,256.0,14.0,1920 x 1080,,Intel,1.36,"3-cell, 41 Wh",17990000.0,data/anphat/detail_htmls\hp_107_specs.html,INTEL_UHD,INTEGRATED,False,0.6,0.6,0.4534510433386838,0.851123595505618,0.2114767255216693,0.0833333333333333,17.99,0.527,0.851,True,True,True,True,False,True,False,41.0,0.05798394290811775,0.45,0.05798394290811775,1,0.49175,0.4956,0.5446586430423509,0.5575371959501174,0.5410538285590814,False,False,False,False
HP Probook 450 G10 9h1n5pt,HP,Intel,Core i5,1335.0,4.6,16.0,DDR4,3200.0,512.0,15.6,1920 x 1080,60.0,Intel,1.79,"3-cell, 51 Wh",21590000.0,data/anphat/detail_htmls\hp_108_specs.html,INTEL_IRIS_XE,INTEGRATED,False,0.8,0.8,0.4534510433386838,0.372792937399679,0.5842696629213483,0.1083333333333333,21.59,0.627,0.373,True,True,True,False,False,False,True,51.0,0.28055307760927745,0.55,0.28055307760927745,1,0.60675,0.6106,0.4420354796888505,0.3021059698728238,0.4787871598345474,True,True,False,False
HP Probook 450 G10 9h1n8pt,HP,Intel,Core i5,1335.0,4.6,8.0,DDR4,3200.0,512.0,15.6,1920 x 1080,,NVIDIA,1.79,"3-cell, 51 Wh",26390000.0,data/anphat/detail_htmls\hp_109_specs.html,RTX 2050,DISCRETE_GAMING,False,0.6,0.8,0.4534510433386838,0.372792937399679,0.5842696629213483,0.1416666666666666,26.39,0.567,0.373,True,True,True,False,False,False,True,51.0,0.28055307760927745,0.8,0.28055307760927745,1,0.71175,0.7001000000000001,0.4150354796888504,0.3021059698728238,0.4456371598345474,True,True,False,False
HP 240 G10 9h2e4pt,HP,Intel,Core i5,1335.0,4.6,8.0,DDR4,3200.0,512.0,14.0,1920 x 1080,,Intel,1.36,"3-cell, 41 Wh",19590000.0,data/anphat/detail_htmls\hp_110_specs.html,INTEL_UHD,INTEGRATED,False,0.6,0.8,0.4534510433386838,0.851123595505618,0.2114767255216693,0.0944444444444444,19.59,0.567,0.851,True,True,True,True,False,True,False,41.0,0.05798394290811775,0.45,0.05798394290811775,1,0.50175,0.5075999999999999,0.5626586430423508,0.5575371959501174,0.5631538285590814,False,False,False,False
HP 240 G10 9h2e5pt,HP,Intel,Core i7,1355.0,5.0,8.0,DDR4,3200.0,512.0,14.0,1920 x 1080,,Intel,1.47,"3-cell, 41 Wh Li-ion",20990000.0,data/anphat/detail_htmls\hp_113_specs.html,INTEL_IRIS_XE,INTEGRATED,False,0.6,0.8,0.8138041733547352,0.725521669341894,0.2114767255216693,0.1041666666666666,20.99,0.747,0.726,True,True,True,True,False,True,False,41.0,0.05798394290811775,0.55,0.05798394290811775,1,0.60675,0.6166,0.5996979688850474,0.5010163291764416,0.6315173518335597,True,True,False,False
HP 240 G10 9h2e3pt,HP,Intel,Core i5,1335.0,4.6,8.0,DDR4,3200.0,512.0,14.0,1920 x 1080,,Intel,1.47,"3-cell, 41 Wh Li-ion",18790000.0,data/anphat/detail_htmls\hp_112_specs.html,INTEL_IRIS_XE,INTEGRATED,False,0.6,0.8,0.4534510433386838,0.725521669341894,0.2114767255216693,0.0888888888888888,18.79,0.567,0.726,True,True,True,True,False,True,False,41.0,0.05798394290811775,0.55,0.05798394290811775,1,0.56175,0.5626,0.5186979688850475,0.5010163291764416,0.5320673518335597,False,False,False,False
HP Elitebook 630 G10 9j0b6pt,HP,Intel,Core i7,1355.0,5.0,8.0,DDR4,3200.0,512.0,13.3,1920 x 1080,,Intel,1.22,"3-cell, 42 Wh",26790000.0,data/anphat/detail_htmls\hp_111_specs.html,INTEL_UHD,INTEGRATED,False,0.6,0.8,0.8138041733547352,0.934991974317817,0.0176565008025682,0.1444444444444444,26.79,0.747,0.935,True,True,True,True,False,True,False,42.0,0.11864406779661017,0.45,0.11864406779661017,1,0.54675,0.5616,0.6749356525496975,0.6374073959748117,0.6926525228423261,False,False,True,False
HP 240 G10 9h2e6pt,HP,Intel,Core i7,1355.0,5.0,16.0,DDR4,3200.0,512.0,14.0,1920 x 1080,,Intel,1.47,"3-cell, 41 Wh Li-ion",21990000.0,data/anphat/detail_htmls\hp_114_specs.html,INTEL_IRIS_XE,INTEGRATED,False,0.8,0.8,0.8138041733547352,0.725521669341894,0.2114767255216693,0.1111111111111111,21.99,0.807,0.726,True,True,True,True,False,True,False,41.0,0.05798394290811775,0.55,0.05798394290811775,1,0.65175,0.6646000000000001,0.6266979688850475,0.5010163291764416,0.6646673518335597,True,True,True,False
HP Zbook Firefly 14 G10 739m5av,HP,Intel,Core i7,1365.0,5.2,16.0,DDR5,5200.0,1024.0,14.0,1920 x 1200,,NVIDIA,1.45,"3 Cell, 51 WHr",50990000.0,data/anphat/detail_htmls\hp_115_specs.html,RTX 500,DISCRETE_GAMING,False,0.8,1.0,0.914526484751204,0.7387640449438202,0.2114767255216693,0.3125,50.99,0.897,0.739,True,True,True,True,False,True,False,51.0,0.28055307760927745,0.45,0.28055307760927745,1,0.61425,0.6366,0.691063569576491,0.5406292443511544,0.7330544551796518,True,True,True,False
HP Pavilion 15 Eg3111tu 8u6l8pa,HP,Intel,Core i5,1335.0,4.6,16.0,DDR4,3200.0,512.0,15.6,1920 x 1080,,Intel,1.74,"3-cell, 41 Wh Li-ion",21990000.0,data/anphat/detail_htmls\hp_117_specs.html,INTEL_IRIS_XE,INTEGRATED,False,0.8,0.8,0.4534510433386838,0.4004815409309791,0.5842696629213483,0.1111111111111111,21.99,0.627,0.4,True,True,True,False,False,False,True,41.0,0.05798394290811775,0.55,0.05798394290811775,1,0.60675,0.6106,0.4324957216940363,0.2809119953080626,0.4702554738239288,True,True,False,False
HP Probook 440 G10 9h8u7pt,HP,Intel,Core i5,1340.0,4.6,16.0,DDR4,3200.0,512.0,14.0,1920 x 1080,,Intel,1.66,"3-cell, 51 Wh",25990000.0,data/anphat/detail_htmls\hp_118_specs.html,INTEL_IRIS_XE,INTEGRATED,False,0.8,0.8,0.4534510433386838,0.5056179775280899,0.2114767255216693,0.1388888888888889,25.99,0.627,0.506,True,True,True,False,False,True,False,51.0,0.28055307760927745,0.55,0.28055307760927745,1,0.60675,0.6106,0.4885242437337943,0.4364358254105445,0.5265730747623163,True,True,False,False
HP Probook 440 G11 A74b9pt,HP,Intel,Core Ultra 5,125.0,4.5,16.0,DDR5,5600.0,512.0,14.0,1920 x 1200,,Intel,1.39,"3-cell, 56 Wh",27990000.0,data/anphat/detail_htmls\hp_116_specs.html,INTEL_GRAPHICS,INTEGRATED,False,0.8,0.8,0.3029695024077046,0.819422150882825,0.2114767255216693,0.1527777777777778,27.99,0.551,0.819,True,True,True,True,False,True,False,56.0,0.41480820695807313,0.45,0.41480820695807313,1,0.52775,0.5328,0.5732092912705272,0.5937523151006296,0.5695446440918632,False,False,False,False
HP Elitebook 630 G11 A7lb8pt,HP,Intel,Core Ultra 7,155.0,4.8,16.0,DDR5,5600.0,512.0,13.3,1920 x 1200,,Intel,1.66,"3-cell, 56 Wh",31990000.0,data/anphat/detail_htmls\hp_119_specs.html,INTEL_GRAPHICS,INTEGRATED,False,0.8,0.8,0.6460674157303371,0.5056179775280899,0.0176565008025682,0.1805555555555555,31.99,0.723,0.506,True,True,True,False,False,True,False,56.0,0.41480820695807313,0.45,0.41480820695807313,1,0.57075,0.5844,0.5413396283491788,0.4920267934312877,0.595058191443388,False,False,False,False
HP Elitebook 630 G11 A7lc5pt,HP,Intel,Core Ultra 7,155.0,4.8,16.0,DDR5,5600.0,512.0,13.3,1920 x 1200,,Intel,1.66,"3-cell, 56 Wh",29990000.0,data/anphat/detail_htmls\hp_120_specs.html,INTEL_GRAPHICS,INTEGRATED,False,0.8,0.8,0.6460674157303371,0.5056179775280899,0.0176565008025682,0.1666666666666666,29.99,0.723,0.506,True,True,True,False,False,True,False,56.0,0.41480820695807313,0.45,0.41480820695807313,1,0.57075,0.5844,0.5413396283491788,0.4920267934312877,0.595058191443388,False,False,False,False
HP Probook 440 G11 A74bhpt,HP,Intel,Core Ultra 7,155.0,4.8,16.0,DDR5,5600.0,512.0,14.0,1920 x 1200,,Intel,1.39,"3-cell, 56 Wh",29990000.0,data/anphat/detail_htmls\hp_123_specs.html,INTEL_GRAPHICS,INTEGRATED,False,0.8,0.8,0.6460674157303371,0.819422150882825,0.2114767255216693,0.1666666666666666,29.99,0.723,0.819,True,True,True,True,False,True,False,56.0,0.41480820695807313,0.45,0.41480820695807313,1,0.57075,0.5844,0.6506092912705271,0.5937523151006296,0.6645746440918632,False,False,True,False
HP Probook 440 G11 A74blpa,HP,Intel,Core Ultra 7,155.0,4.8,16.0,DDR5,5600.0,512.0,14.0,1920 x 1200,,Intel,1.39,"3-cell, 56 Wh",32490000.0,data/anphat/detail_htmls\hp_122_specs.html,INTEL_GRAPHICS,INTEGRATED,False,0.8,0.8,0.6460674157303371,0.819422150882825,0.2114767255216693,0.1840277777777778,32.49,0.723,0.819,True,True,True,True,False,True,False,56.0,0.41480820695807313,0.45,0.41480820695807313,1,0.57075,0.5844,0.6506092912705271,0.5937523151006296,0.6645746440918632,False,False,True,False
HP Elitebook 630 G11 A7ll8pt,HP,Intel,Core Ultra 5,125.0,4.3,16.0,DDR5,5600.0,512.0,13.3,1920 x 1200,,Intel,1.66,"3-cell, 56 Wh",26990000.0,data/anphat/detail_htmls\hp_121_specs.html,INTEL_GRAPHICS,INTEGRATED,False,0.8,0.8,0.2146869983948635,0.5056179775280899,0.0176565008025682,0.1458333333333333,26.99,0.507,0.506,True,True,True,False,False,True,False,56.0,0.41480820695807313,0.45,0.41480820695807313,1,0.51675,0.5196000000000001,0.4441396283491788,0.4920267934312877,0.475718191443388,False,False,False,False
HP Elitebook 630 G11 A7lb9pt,HP,Intel,Core Ultra 7,155.0,4.8,16.0,DDR5,5600.0,512.0,13.3,1920 x 1200,,Intel,1.31,"3-cell, 56 Wh",33990000.0,data/anphat/detail_htmls\hp_124_specs.html,INTEL_GRAPHICS,INTEGRATED,False,0.8,0.8,0.6460674157303371,0.8808186195826645,0.0176565008025682,0.1944444444444444,33.99,0.723,0.881,True,True,True,True,False,True,False,56.0,0.41480820695807313,0.45,0.41480820695807313,1,0.57075,0.5844,0.672098055315471,0.6601447709593777,0.6875230790838375,False,False,True,False
HP Elitebook 630 G11 A7lc0pt,HP,Intel,Core Ultra 7,155.0,4.8,16.0,DDR5,5600.0,512.0,13.3,1920 x 1200,,Intel,1.31,"3-cell, 56 Wh",34990000.0,data/anphat/detail_htmls\hp_125_specs.html,INTEL_GRAPHICS,INTEGRATED,False,0.8,0.8,0.6460674157303371,0.8808186195826645,0.0176565008025682,0.2013888888888889,34.99,0.723,0.881,True,True,True,True,False,True,False,56.0,0.41480820695807313,0.45,0.41480820695807313,1,0.57075,0.5844,0.672098055315471,0.6601447709593777,0.6875230790838375,False,False,True,False
HP 15 Fd1063tu 9z2y1pa,HP,Intel,Core Ultra 5,125.0,4.5,16.0,DDR5,5600.0,512.0,15.6,1920 x 1080,,Intel,1.59,"3-cell, 41 Wh Li-ion",21990000.0,data/anphat/detail_htmls\hp_128_specs.html,INTEL_GRAPHICS,INTEGRATED,False,0.8,0.8,0.3029695024077046,0.6211878009630818,0.5842696629213483,0.1111111111111111,21.99,0.551,0.621,True,True,True,True,False,False,True,41.0,0.05798394290811775,0.45,0.05798394290811775,1,0.52775,0.5328,0.4755429127052722,0.3802298123225089,0.4828902731818743,False,False,False,False
HP Probook 460 G11 A74c0pt,HP,Intel,Core Ultra 7,155.0,4.8,16.0,DDR5,5600.0,512.0,16.0,1920 x 1200,,Intel,1.66,"3-cell, 56 Wh Li-ion",28990000.0,data/anphat/detail_htmls\hp_126_specs.html,INTEL_GRAPHICS,INTEGRATED,False,0.8,0.8,0.6460674157303371,0.5056179775280899,0.8487158908507223,0.1597222222222222,28.99,0.723,0.506,True,True,True,False,False,False,True,56.0,0.41480820695807313,0.45,0.41480820695807313,1,0.57075,0.5844,0.5413396283491788,0.3258149154216569,0.5618158158414619,False,False,False,False
HP Probook 460 G11 A74bxpt,HP,Intel,Core Ultra 5,125.0,4.5,16.0,DDR5,5600.0,512.0,16.0,1920 x 1200,,Intel,1.66,"3-cell, 56 Wh Li-ion",24990000.0,data/anphat/detail_htmls\hp_127_specs.html,INTEL_GRAPHICS,INTEGRATED,False,0.8,0.8,0.3029695024077046,0.5056179775280899,0.8487158908507223,0.1319444444444444,24.99,0.551,0.506,True,True,True,False,False,False,True,56.0,0.41480820695807313,0.45,0.41480820695807313,1,0.52775,0.5328,0.4639396283491789,0.3258149154216569,0.4667858158414619,False,False,False,False
HP Elitebook X360 830 G11 A7rc0pt,HP,Intel,Core Ultra 7,165.0,4.9,16.0,LPDDR5X,7500.0,512.0,13.3,1920 x 1200,,Intel,1.66,"3-cell, 56 Wh",55990000.0,data/anphat/detail_htmls\hp_129_specs.html,INTEL_GRAPHICS,INTEGRATED,False,0.8,0.8,0.7391653290529695,0.5056179775280899,0.0176565008025682,0.3472222222222222,55.99,0.77,0.506,True,True,True,False,False,True,False,56.0,0.41480820695807313,0.45,0.41480820695807313,1,0.5825,0.5985,0.5624896283491789,0.4920267934312877,0.621025691443388,False,False,False,False
HP Elitebook X360 1040 G11 Am9g7pt,HP,Intel,Ultra 7,155.0,4.8,16.0,LPDDR5X,7500.0,512.0,14.0,1920 x 1200,,Intel,1.38,6 Cell,61990000.0,data/anphat/detail_htmls\hp_130_specs.html,INTEL_GRAPHICS,INTEGRATED,False,0.8,0.8,0.6460674157303371,0.8358747993579454,0.2114767255216693,0.3888888888888889,61.99,0.723,0.836,True,True,True,True,False,True,False,,,0.45,,0,0.57075,0.5844,0.7179061797752808,0.7088483146067417,0.7178774438202247,False,False,True,False
HP Probook 460 G11 A74c3pt,HP,Intel,Core Ultra 7,155.0,4.8,16.0,DDR5,5600.0,512.0,16.0,1920 x 1200,,Intel,1.66,"3-cell, 56 Wh Li-ion",31990000.0,data/anphat/detail_htmls\hp_131_specs.html,INTEL_GRAPHICS,INTEGRATED,False,0.8,0.8,0.6460674157303371,0.5056179775280899,0.8487158908507223,0.1805555555555555,31.99,0.723,0.506,True,True,True,False,False,False,True,56.0,0.41480820695807313,0.45,0.41480820695807313,1,0.57075,0.5844,0.5413396283491788,0.3258149154216569,0.5618158158414619,False,False,False,False
HP Probook 465 G11 A8ws0pt,HP,AMD,Ryzen 3,7335.0,4.3,8.0,DDR5,4800.0,512.0,16.0,1920 x 1200,,AMD,1.66,"3-cell, 56 Wh",19990000.0,data/anphat/detail_htmls\hp_133_specs.html,AMD_RADEON_GRAPHICS,INTEGRATED,False,0.6,0.8,0.2146869983948635,0.5056179775280899,0.8487158908507223,0.0972222222222222,19.99,0.447,0.506,True,True,True,False,False,False,True,56.0,0.41480820695807313,0.5,0.41480820695807313,1,0.50175,0.4991,0.4171396283491788,0.3258149154216569,0.4093258158414619,False,False,False,False
HP Probook 465 G11 A8wr9pt,HP,AMD,Ryzen 3,7335.0,4.3,8.0,DDR5,4800.0,256.0,16.0,1920 x 1200,,AMD,1.66,"3-cell, 56 Wh",18990000.0,data/anphat/detail_htmls\hp_132_specs.html,AMD_RADEON_GRAPHICS,INTEGRATED,False,0.6,0.6,0.2146869983948635,0.5056179775280899,0.8487158908507223,0.0902777777777777,18.99,0.407,0.506,True,True,True,False,False,False,True,56.0,0.41480820695807313,0.5,0.41480820695807313,1,0.49175,0.4871,0.3991396283491788,0.3258149154216569,0.3872258158414618,False,False,False,False
HP Probook 465 G11 A8ws1pt,HP,AMD,Ryzen 5,7535.0,4.55,8.0,DDR5,4800.0,512.0,16.0,1920 x 1200,,AMD,1.74,"3-cell, 56 Wh",21990000.0,data/anphat/detail_htmls\hp_134_specs.html,AMD_RADEON_GRAPHICS,INTEGRATED,False,0.6,0.8,0.3451043338683788,0.4004815409309791,0.8487158908507223,0.1111111111111111,21.99,0.513,0.4,True,True,True,False,False,False,True,56.0,0.41480820695807313,0.5,0.41480820695807313,1,0.51825,0.5189,0.4100418755401901,0.2785035189529571,0.419769547783677,False,False,False,False
HP Probook 460 G11 A74c2pt,HP,Intel,Core Ultra 7,155.0,4.8,16.0,DDR5,5600.0,512.0,16.0,1920 x 1200,,Intel,1.66,"3-cell, 56 Wh Li-ion",28990000.0,data/anphat/detail_htmls\hp_135_specs.html,INTEL_GRAPHICS,INTEGRATED,False,0.8,0.8,0.6460674157303371,0.5056179775280899,0.8487158908507223,0.1597222222222222,28.99,0.723,0.506,True,True,True,False,False,False,True,56.0,0.41480820695807313,0.45,0.41480820695807313,1,0.57075,0.5844,0.5413396283491788,0.3258149154216569,0.5618158158414619,False,False,False,False
LENOVO Thinkpad E14 Gen 7 21sx0032vn,Lenovo,Intel,Core Ultra 7,255.0,5.1,32.0,DDR5,5600.0,1024.0,14.0,1920 x 1200,60.0,Intel,1.34,3 cell /48Wh,31990000.0,data/anphat/detail_htmls\lenovo_5_specs.html,INTEL_GRAPHICS,INTEGRATED,False,1.0,1.0,0.8743980738362761,0.8663723916532905,0.2114767255216693,0.1805555555555555,31.99,0.937,0.866,True,True,True,True,False,True,False,48.0,0.2149866190900981,0.45,0.2149866190900981,1,0.6542500000000001,0.6786000000000001,0.7479572601555747,0.5879568465242622,0.7821221363748612,True,True,True,False
LENOVO Loq 15ahp10 83jg0047vn,Lenovo,AMD,Ryzen 7,250.0,5.1,16.0,DDR5,5600.0,512.0,15.6,1920 x 1080,144.0,NVIDIA,2.4,4C 60Wh,32990000.0,data/anphat/detail_htmls\lenovo_7_specs.html,RTX 5050,DISCRETE_GAMING,False,0.8,0.8,0.8743980738362761,0.0806581059390048,0.5842696629213483,0.1875,32.99,0.837,0.081,True,True,True,False,True,False,True,60.0,0.5709188224799286,0.45,0.5709188224799286,1,0.5992500000000001,0.6186,0.4518768798617113,0.2012949129522163,0.5365535785282134,False,True,False,False
LENOVO Thinkpad E14 Gen 7 21sx002qva,Lenovo,Intel,Core Ultra 5,225.0,4.8,16.0,DDR5,5600.0,512.0,14.0,1920 x 1200,60.0,Intel,1.34,"3 cell, 48WH",22190000.0,data/anphat/detail_htmls\lenovo_8_specs.html,INTEL_GRAPHICS,INTEGRATED,False,0.8,0.8,0.6460674157303371,0.8663723916532905,0.2114767255216693,0.1125,22.19,0.723,0.866,True,True,True,True,False,True,False,48.0,0.2149866190900981,0.45,0.2149866190900981,1,0.57075,0.5844,0.6516572601555747,0.5879568465242622,0.6638871363748611,False,False,True,False
LENOVO Thinkbook 14 G8 Irl 21sg007tvn,Lenovo,Intel,Core 7,240.0,5.2,16.0,DDR5,5600.0,512.0,14.0,1920 x 1200,60.0,Intel,1.36,45Wh,25990000.0,data/anphat/detail_htmls\lenovo_10_specs.html,INTEL_GRAPHICS,INTEGRATED,False,0.8,0.8,0.914526484751204,0.851123595505618,0.2114767255216693,0.1388888888888889,25.99,0.857,0.851,True,True,True,True,False,True,False,45.0,0.15388046387154328,0.45,0.15388046387154328,1,0.60425,0.6246,0.7008509507346585,0.5709987344116558,0.7295326747129275,True,True,True,False
LENOVO Thinkbook 16 G8 Irl 21sh0093va,Lenovo,Intel,Core 5,210.0,4.8,16.0,DDR5,5600.0,512.0,16.0,1920 x 1200,60.0,Intel,1.7,45Wh,20990000.0,data/anphat/detail_htmls\lenovo_12_specs.html,INTEL_GRAPHICS,INTEGRATED,False,0.8,0.8,0.6460674157303371,0.442215088282504,0.8487158908507223,0.1041666666666666,20.99,0.723,0.442,True,True,True,False,False,False,True,45.0,0.15388046387154328,0.45,0.15388046387154328,1,0.57075,0.5844,0.4979947709593776,0.2602643844919126,0.5292005238301025,False,False,False,False
LENOVO Thinkpad X1 Carbon Gen 13 21nx0038vn,Lenovo,Intel,Core Ultra 5,225.0,9.0,32.0,LPDDR5X,8400.0,1024.0,14.0,1920 x 1200,60.0,Intel,1.006,57Wh,51600000.0,data/anphat/detail_htmls\lenovo_13_specs.html,INTEL_GRAPHICS,INTEGRATED,False,1.0,1.0,0.9963884430176564,0.978330658105939,0.2114767255216693,0.3167361111111111,51.6,0.998,0.978,True,True,True,True,False,True,False,57.0,0.4683318465655665,0.45,0.4683318465655665,1,0.6695000000000001,0.6969000000000001,0.8319003457216939,0.6686265279664156,0.8573804611680454,True,True,True,False
LENOVO Thinkpad E16 Gen 3 21tf0043vn,Lenovo,Intel,Core 7,240.0,4.0,32.0,DDR5,5600.0,1024.0,16.0,1920 x 1200,60.0,Intel,1.63,48Wh,29300000.0,data/anphat/detail_htmls\lenovo_14_specs.html,INTEL_GRAPHICS,INTEGRATED,False,1.0,1.0,0.1930176565008025,0.562199036918138,0.8487158908507223,0.161875,29.3,0.597,0.562,True,True,True,False,False,False,True,48.0,0.2149866190900981,0.45,0.2149866190900981,1,0.56925,0.5766,0.4890583837510803,0.3243533152241017,0.4938969357328064,False,False,False,False
LENOVO Loq Essential 15irx11 83sc003rvn,Lenovo,Intel,Core i5,13450.0,4.6,16.0,DDR5,4800.0,512.0,15.6,1920 x 1080,144.0,NVIDIA,2.3,60Wh,27990000.0,data/anphat/detail_htmls\lenovo_17_specs.html,RTX 5050,DISCRETE_GAMING,False,0.8,0.8,0.4534510433386838,0.1211878009630819,0.5842696629213483,0.1527777777777778,27.99,0.627,0.121,True,True,True,False,False,False,True,60.0,0.5709188224799286,0.45,0.5709188224799286,1,0.5467500000000001,0.5556,0.3715622731201383,0.2195332757130509,0.4305596780466724,False,False,False,False
LENOVO Loq 15iax9e 83lk0079vn,Lenovo,Intel,Core i5,12450.0,4.4,16.0,DDR5,4800.0,512.0,15.6,1920 x 1080,144.0,NVIDIA,1.77,57Wh,22490000.0,data/anphat/detail_htmls\lenovo_19_specs.html,RTX 3050,DISCRETE_GAMING,False,0.8,0.8,0.2451845906902086,0.3848314606741573,0.5842696629213483,0.1145833333333333,22.49,0.523,0.385,True,True,True,False,False,False,True,57.0,0.4683318465655665,0.9,0.4683318465655665,1,0.7907500000000001,0.7719,0.4109874243733794,0.3277156130386467,0.43353746357575,True,True,False,False
LENOVO Thinkpad X9 15 Gen 1 21q60054vn,Lenovo,Intel,Core Ultra 7,258.0,4.8,32.0,LPDDR5X,8533.0,1024.0,15.3,2880 x 1800,120.0,Intel,1.4,80Wh,54990000.0,data/anphat/detail_htmls\lenovo_21_specs.html,INTEL_GRAPHICS,INTEGRATED,False,1.0,1.0,0.6460674157303371,0.7885232744783306,0.4297752808988764,0.3402777777777778,54.99,0.823,0.789,True,True,True,True,False,False,False,80.0,0.8818019625334522,0.45,0.8818019625334522,1,0.62575,0.6444,0.7309485306828004,0.6169573404123967,0.7403683068897395,True,True,True,True
LENOVO Loq 15irx10 83je00pevn,Lenovo,Intel,Core i7,13650.0,4.9,16.0,DDR5,4800.0,512.0,15.0,1920 x 1080,144.0,NVIDIA,2.4,3C 60Wh,34990000.0,data/anphat/detail_htmls\lenovo_20_specs.html,RTX 5050,DISCRETE_GAMING,False,0.8,0.8,0.7391653290529695,0.0806581059390048,0.4000802568218298,0.2013888888888889,34.99,0.77,0.081,True,True,True,False,True,False,False,60.0,0.5709188224799286,0.45,0.5709188224799286,1,0.5825,0.5985,0.4217268798617113,0.23813279417212,0.5069036547721941,False,False,False,False
LENOVO Yoga Slim 7 14imh9 83cv00d8vn,Lenovo,Intel,Core Ultra 5,125.0,4.5,16.0,LPDDR5,6400.0,1024.0,14.0,1920 x 1200,60.0,Intel,1.39,65Wh,26990000.0,data/anphat/detail_htmls\lenovo_18_specs.html,INTEL_GRAPHICS,INTEGRATED,False,0.8,1.0,0.3029695024077046,0.819422150882825,0.2114767255216693,0.1458333333333333,26.99,0.591,0.819,True,True,True,True,False,True,False,65.0,0.6418376449598573,0.45,0.6418376449598573,1,0.53775,0.5448,0.6085169835782196,0.6240407766390912,0.6054907979380171,False,False,True,True
LENOVO Thinkpad T14s Gen 6 21n1001uvn,Lenovo,Qualcomm,Snapdragon X Elite,100.0,3.4,32.0,LPDDR5X,8448.0,1024.0,14.0,1920 x 1200,60.0,Qualcomm,1.24,58Wh,54990000.0,data/anphat/detail_htmls\lenovo_22_specs.html,QUALCOMM_ADRENO,INTEGRATED_ARM,False,1.0,1.0,0.1565008025682183,0.9249598715890851,0.2114767255216693,0.3402777777777778,54.99,0.578,0.925,True,True,True,True,False,True,False,58.0,0.5156110615521855,0.45,0.5156110615521855,1,0.5645,0.5709,0.6261436473638721,0.6479750586492161,0.6136596530435856,False,False,True,False
LENOVO V14 G5 Irl 83hd0062va,Lenovo,Intel,Core i5,13420.0,4.6,16.0,DDR5,5200.0,512.0,14.0,1920 x 1080,,Intel,1.37,47Wh,15990000.0,data/anphat/detail_htmls\lenovo_23_specs.html,INTEL_UHD,INTEGRATED,False,0.8,0.8,0.4534510433386838,0.8430979133226324,0.2114767255216693,0.0694444444444444,15.99,0.627,0.843,True,True,True,True,False,True,False,47.0,0.18688670829616413,0.45,0.18688670829616413,1,0.5467500000000001,0.5556,0.5983881158167675,0.5741179466600814,0.6035482414495617,False,False,False,False
LENOVO Yoga Slim 9 14ill10 83lc002lvn,Lenovo,Intel,Core Ultra 7,258.0,4.8,32.0,LPDDR5X,8533.0,1024.0,14.0,3840 x 2400,60.0,Intel,1.32,75Wh,56490000.0,data/anphat/detail_htmls\lenovo_24_specs.html,INTEL_GRAPHICS,INTEGRATED,False,1.0,1.0,0.6460674157303371,0.877207062600321,0.2114767255216693,0.3506944444444444,56.49,0.823,0.877,True,True,True,True,False,True,False,75.0,0.7979482604817127,0.45,0.7979482604817127,1,0.62575,0.6444,0.7523724719101124,0.6836978330658106,0.7633571789727127,True,True,True,True
LENOVO Legion Gaming 5 15irx10 83ly00hqvn,Lenovo,Intel,Core i7,13650.0,4.9,16.0,DDR5,4800.0,512.0,15.3,1920 x 1200,165.0,NVIDIA,2.1,80WHr,39990000.0,data/anphat/detail_htmls\lenovo_26_specs.html,RTX 5060,DISCRETE_GAMING,False,0.8,0.8,0.7391653290529695,0.2215088282504013,0.4297752808988764,0.2361111111111111,39.99,0.77,0.222,True,True,True,False,False,False,False,80.0,0.8818019625334522,0.45,0.8818019625334522,1,0.5825,0.5985,0.5092052722558341,0.362523151006297,0.5711470027163847,False,False,False,False
LENOVO Yoga Slim 7 14ill10 83jx0081vn,Lenovo,Intel,Core Ultra 7,258.0,4.8,32.0,LPDDR5X,,1024.0,14.0,2880 x 1800,120.0,Intel,1.19,70WH,37999000.0,data/anphat/detail_htmls\lenovo_27_specs.html,INTEL_GRAPHICS,INTEGRATED,False,1.0,1.0,0.6460674157303371,0.9602728731942215,0.2114767255216693,0.2222847222222222,38.0,0.823,0.96,True,True,True,True,False,True,False,70.0,0.6882247992863515,0.45,0.6882247992863515,1,0.62575,0.6444,0.7718301210025929,0.7042505247561428,0.7762236594023952,True,True,True,True
LENOVO Legion Gaming 5 15ahp10 83ly004gvn,Lenovo,Intel,Core i7,14700.0,5.5,24.0,DDR5,4800.0,1024.0,15.1,2560 x 1600,165.0,NVIDIA,1.9,80WHr,48990000.0,data/anphat/detail_htmls\lenovo_31_specs.html,RTX 5070,DISCRETE_GAMING,False,0.8,1.0,0.9787319422150884,0.2969502407704655,0.4097110754414125,0.2986111111111111,48.99,0.929,0.297,True,True,True,False,False,False,False,80.0,0.8818019625334522,0.45,0.8818019625334522,1,0.6222500000000001,0.6462,0.6071597666378566,0.4004846277318187,0.6784688205333992,True,True,True,False
LENOVO Thinkpad X13 Gen 6 21rk00aqva,Lenovo,Intel,Core Ultra 7,255.0,5.1,16.0,LPDDR5X,8400.0,512.0,13.3,1920 x 1200,,Intel,0.927,"3 Cell, 41Wh",36990000.0,data/anphat/detail_htmls\lenovo_33_specs.html,INTEL_GRAPHICS,INTEGRATED,False,0.8,0.8,0.8743980738362761,0.9963884430176565,0.0176565008025682,0.2152777777777778,36.99,0.837,0.996,True,True,True,True,False,True,False,41.0,0.05798394290811775,0.45,0.05798394290811775,1,0.5992500000000001,0.6186,0.7350013396715642,0.6616704222743548,0.7560346873070748,False,True,True,False
LENOVO Legion 5 15ahp10 83m0002yvn,Lenovo,AMD,Ryzen 7,260.0,5.1,16.0,DDR5,5600.0,512.0,15.1,2560 x 1600,165.0,NVIDIA,1.9,4C 80Wh,38990000.0,data/anphat/detail_htmls\lenovo_34_specs.html,RTX 5050,DISCRETE_GAMING,False,0.8,0.8,0.8743980738362761,0.2969502407704655,0.4097110754414125,0.2291666666666666,38.99,0.837,0.297,True,True,True,False,False,False,False,80.0,0.8818019625334522,0.45,0.8818019625334522,1,0.5992500000000001,0.6186,0.5657597666378565,0.4004846277318187,0.6276388205333991,False,True,False,False
LENOVO Yoga Slim 7 14ill10 83jx0086vn,Lenovo,Intel,Core Ultra 5,226.0,4.5,16.0,LPDDR5X,8533.0,512.0,14.0,2880 x 1800,120.0,Intel,1.19,70Wh,31990000.0,data/anphat/detail_htmls\lenovo_35_specs.html,INTEL_GRAPHICS,INTEGRATED,False,0.8,0.8,0.3029695024077046,0.9602728731942215,0.2114767255216693,0.1805555555555555,31.99,0.551,0.96,True,True,True,True,False,True,False,70.0,0.6882247992863515,0.45,0.6882247992863515,1,0.52775,0.5328,0.6494301210025929,0.7042505247561428,0.6259436594023953,False,False,True,True
LENOVO Thinkpad P14s Gen 5 T 21g2003nva,Lenovo,Intel,Core Ultra 7,155.0,4.8,32.0,DDR5,5600.0,512.0,14.5,3072 x 1920,120.0,NVIDIA,1.61,75Wh,49990000.0,data/anphat/detail_htmls\lenovo_38_specs.html,RTX 500,DISCRETE_GAMING,False,1.0,0.8,0.6460674157303371,0.5930979133226324,0.3936597110754414,0.3055555555555556,49.99,0.783,0.593,True,True,True,False,False,False,False,75.0,0.7979482604817127,0.45,0.7979482604817127,1,0.61575,0.6324000000000001,0.6354960674157304,0.520134430176565,0.6640501163723918,True,True,True,False
LENOVO Legion Pro 5 16iax10 83f3002gvn,Lenovo,Intel,Core Ultra 9,275.0,5.4,32.0,DDR5,5600.0,1024.0,16.0,2560 x 1600,165.0,NVIDIA,2.43,80Wh,59390000.0,data/anphat/detail_htmls\lenovo_36_specs.html,RTX 5070,DISCRETE_GAMING,False,1.0,1.0,0.9542536115569824,0.0670144462279294,0.8487158908507223,0.3708333333333333,59.39,0.977,0.067,True,True,True,False,True,False,True,80.0,0.8818019625334522,0.45,0.8818019625334522,1,0.66425,0.6906,0.5485631374243733,0.2095737128040498,0.6307181544017779,True,True,False,False
LENOVO Thinkpad E14 Gen 7 21t90021va,Lenovo,Intel,Core 7,240.0,5.2,16.0,DDR5,5600.0,512.0,14.0,1920 x 1200,60.0,Intel,1.34,"3 cell, 48WH",24999000.0,data/anphat/detail_htmls\lenovo_42_specs.html,INTEL_GRAPHICS,INTEGRATED,False,0.8,0.8,0.914526484751204,0.8663723916532905,0.2114767255216693,0.1320069444444444,25.0,0.857,0.866,True,True,True,True,False,True,False,48.0,0.2149866190900981,0.45,0.2149866190900981,1,0.60425,0.6246,0.7119572601555747,0.5879568465242622,0.7379221363748611,True,True,True,False
LENOVO Legion 7 16iax10 83ky001vvn,Lenovo,Intel,Core Ultra 9,275.0,5.4,32.0,DDR5,5600.0,1024.0,16.0,2560 x 1600,,NVIDIA,2.57,80Wh,69990000.0,data/anphat/detail_htmls\lenovo_44_specs.html,RTX 5070,DISCRETE_GAMING,False,1.0,1.0,0.9542536115569824,0.0377207062600321,0.8487158908507223,0.4444444444444444,69.99,0.977,0.038,True,True,True,False,True,False,True,80.0,0.8818019625334522,0.45,0.8818019625334522,1,0.66425,0.6906,0.5383103284356093,0.1963915298184961,0.6234679537597234,True,True,False,False
LENOVO Legion Pro 7 16iax10h 83f5008wvn,Lenovo,Intel,Core Ultra 9,275.0,5.4,32.0,DDR5,,1024.0,16.0,2560 x 1600,240.0,NVIDIA,2.57,80Wh,98990000.0,data/anphat/detail_htmls\lenovo_45_specs.html,RTX 5080,DISCRETE_GAMING,False,1.0,1.0,0.9542536115569824,0.0377207062600321,0.8487158908507223,0.6458333333333334,98.99,0.977,0.038,True,True,True,False,True,False,True,80.0,0.8818019625334522,0.45,0.8818019625334522,1,0.66425,0.6906,0.5383103284356093,0.1963915298184961,0.6234679537597234,True,True,False,False
LENOVO Legion Pro 7 16iax10hx 83f5008vvn,Lenovo,Intel,Core Ultra 9,275.0,5.4,32.0,DDR5,6400.0,1024.0,16.0,2560 x 1600,240.0,NVIDIA,2.57,4C 80Wh,81990000.0,data/anphat/detail_htmls\lenovo_46_specs.html,RTX 5070,DISCRETE_GAMING,False,1.0,1.0,0.9542536115569824,0.0377207062600321,0.8487158908507223,0.5277777777777778,81.99,0.977,0.038,True,True,True,False,True,False,True,80.0,0.8818019625334522,0.45,0.8818019625334522,1,0.66425,0.6906,0.5383103284356093,0.1963915298184961,0.6234679537597234,True,True,False,False
LENOVO Thinkpad L14 Gen 6 21s60025va,Lenovo,Intel,Core Ultra 7,255.0,5.1,16.0,DDR5,5600.0,512.0,14.0,1920 x 1200,60.0,Intel,1.38,3 cell /46.5Wh,29990000.0,data/anphat/detail_htmls\lenovo_47_specs.html,INTEL_GRAPHICS,INTEGRATED,False,0.8,0.8,0.8743980738362761,0.8358747993579454,0.2114767255216693,0.1666666666666666,29.99,0.837,0.836,True,True,True,True,False,True,False,46.5,0.16369313113291703,0.45,0.16369313113291703,1,0.5992500000000001,0.6186,0.6893984874675886,0.56918485306828,0.717016289974071,False,True,True,False
LENOVO Ideapad Slim 3 15irh10 83k1000gvn,Lenovo,Intel,Core i5,13420.0,4.6,8.0,DDR5,4800.0,512.0,15.3,1920 x 1200,60.0,Intel,1.63,60Wh,17490000.0,data/anphat/detail_htmls\lenovo_48_specs.html,INTEL_UHD,INTEGRATED,False,0.6,0.8,0.4534510433386838,0.562199036918138,0.4297752808988764,0.0798611111111111,17.49,0.567,0.562,True,True,True,False,False,False,False,60.0,0.5709188224799286,0.45,0.5709188224799286,1,0.50175,0.5075999999999999,0.4986353068280034,0.4485260525990863,0.5125410985924188,False,False,False,False
LENOVO Thinkpad X13 Gen 6 21rk00amva,Lenovo,Intel,Core Ultra 7,255.0,5.1,32.0,LPDDR5X,8400.0,512.0,13.3,1920 x 1200,,Intel,0.927,"3 Cell, 41Wh",38990000.0,data/anphat/detail_htmls\lenovo_49_specs.html,INTEL_GRAPHICS,INTEGRATED,False,1.0,0.8,0.8743980738362761,0.9963884430176565,0.0176565008025682,0.2291666666666666,38.99,0.897,0.996,True,True,True,True,False,True,False,41.0,0.05798394290811775,0.45,0.05798394290811775,1,0.64425,0.6666000000000001,0.7620013396715644,0.6616704222743548,0.7891846873070749,True,True,True,False
LENOVO Thinkpad T16 Gen 4 21qe0000va,Lenovo,Intel,Core Ultra 5,225.0,4.9,8.0,DDR5,5600.0,512.0,16.0,1920 x 1200,,Intel,1.76,52.5Wh,31500000.0,data/anphat/detail_htmls\lenovo_51_specs.html,INTEL_GRAPHICS,INTEGRATED,False,0.6,0.8,0.7391653290529695,0.3876404494382022,0.8487158908507223,0.1771527777777777,31.5,0.71,0.388,True,True,True,False,False,False,True,52.5,0.3073148974130241,0.45,0.3073148974130241,1,0.5375,0.5505,0.487466724286949,0.2609461816273614,0.5200492622545992,False,False,False,False
LENOVO Thinkbook 14 G8 Irl 21sg007mva,Lenovo,Intel,Core 5,210.0,4.8,16.0,DDR5,5600.0,512.0,14.0,1920 x 1200,60.0,Intel,1.36,45Wh,19790000.0,data/anphat/detail_htmls\lenovo_50_specs.html,INTEL_GRAPHICS,INTEGRATED,False,0.8,0.8,0.6460674157303371,0.851123595505618,0.2114767255216693,0.0958333333333333,19.79,0.723,0.851,True,True,True,True,False,True,False,45.0,0.15388046387154328,0.45,0.15388046387154328,1,0.57075,0.5844,0.6405509507346585,0.5709987344116558,0.6554976747129274,False,False,True,False
LENOVO Thinkpad P16v Gen 2 T 21kx0039va,Lenovo,Intel,Core Ultra 7,155.0,4.8,32.0,DDR5,5600.0,1024.0,16.0,1920 x 1200,,NVIDIA,2.22,90Wh,59990000.0,data/anphat/detail_htmls\lenovo_52_specs.html,RTX 1000,DISCRETE_GAMING,False,1.0,1.0,0.6460674157303371,0.1621187800963082,0.8487158908507223,0.375,59.99,0.823,0.162,True,True,True,False,False,False,True,90.0,0.9402319357716324,0.45,0.9402319357716324,1,0.62575,0.6444,0.5317804235090753,0.2860245091986665,0.5845560924188171,True,True,False,False
LENOVO Thinkpad P14s Gen 5 T 21g20053va,Lenovo,Intel,Core Ultra 7,155.0,4.8,32.0,DDR5,5600.0,512.0,14.5,1920 x 1200,60.0,NVIDIA,1.61,75Wh,45100000.0,data/anphat/detail_htmls\lenovo_53_specs.html,RTX 500,DISCRETE_GAMING,False,1.0,0.8,0.6460674157303371,0.5930979133226324,0.3936597110754414,0.2715972222222222,45.1,0.783,0.593,True,True,True,False,False,False,False,75.0,0.7979482604817127,0.45,0.7979482604817127,1,0.61575,0.6324000000000001,0.6354960674157304,0.520134430176565,0.6640501163723918,True,True,True,False
LENOVO Thinkpad E16 Gen 3 21sr002gva,Lenovo,Intel,Core Ultra 5,225.0,4.9,16.0,DDR5,5600.0,512.0,16.0,1920 x 1200,60.0,Intel,1.63,3 cell /48Wh,26090000.0,data/anphat/detail_htmls\lenovo_58_specs.html,INTEL_GRAPHICS,INTEGRATED,False,0.8,0.8,0.7391653290529695,0.562199036918138,0.8487158908507223,0.1395833333333333,26.09,0.77,0.562,True,True,True,False,False,False,True,48.0,0.2149866190900981,0.45,0.2149866190900981,1,0.5825,0.5985,0.5669083837510804,0.3243533152241017,0.5894794357328066,False,False,False,False
LENOVO Thinkpad E16 Gen 3 21sr002mva,Lenovo,Intel,Core Ultra 7,255.0,5.1,16.0,DDR5,5600.0,1024.0,16.0,1920 x 1200,60.0,Intel,1.63,3Cell,28990000.0,data/anphat/detail_htmls\lenovo_57_specs.html,INTEL_GRAPHICS,INTEGRATED,False,0.8,1.0,0.8743980738362761,0.562199036918138,0.8487158908507223,0.1597222222222222,28.99,0.877,0.562,True,True,True,False,False,False,True,,,0.45,,0,0.6092500000000001,0.6306,0.6919814606741573,0.4589686998394864,0.7101353972712682,True,True,True,False
LENOVO Thinkpad E16 Gen 3 21sr002lva,Lenovo,Intel,Core Ultra 7,255.0,5.1,16.0,DDR5,5600.0,512.0,16.0,1920 x 1200,60.0,Intel,1.63,3C 48Wh,32690000.0,data/anphat/detail_htmls\lenovo_59_specs.html,INTEL_GRAPHICS,INTEGRATED,False,0.8,0.8,0.8743980738362761,0.562199036918138,0.8487158908507223,0.1854166666666666,32.69,0.837,0.562,True,True,True,False,False,False,True,48.0,0.2149866190900981,0.45,0.2149866190900981,1,0.5992500000000001,0.6186,0.5970583837510804,0.3243533152241017,0.6264969357328065,False,True,False,False
LENOVO Thinkpad E14 Gen 7 21sx0031vn,Lenovo,Intel,Core Ultra 7,255.0,5.1,32.0,DDR5,5600.0,512.0,14.0,1920 x 1200,60.0,Intel,1.34,3 cell /48Wh,31590000.0,data/anphat/detail_htmls\lenovo_60_specs.html,INTEL_GRAPHICS,INTEGRATED,False,1.0,0.8,0.8743980738362761,0.8663723916532905,0.2114767255216693,0.1777777777777777,31.59,0.897,0.866,True,True,True,True,False,True,False,48.0,0.2149866190900981,0.45,0.2149866190900981,1,0.64425,0.6666000000000001,0.7299572601555747,0.5879568465242622,0.7600221363748612,True,True,True,False
LENOVO Thinkpad E14 Gen 7 21t90022va,Lenovo,Intel,Core 7,240.0,5.2,16.0,DDR5,5600.0,1024.0,14.0,1920 x 1200,60.0,Intel,1.34,"3 cell, 48WH",26090000.0,data/anphat/detail_htmls\lenovo_61_specs.html,INTEL_GRAPHICS,INTEGRATED,False,0.8,1.0,0.914526484751204,0.8663723916532905,0.2114767255216693,0.1395833333333333,26.09,0.897,0.866,True,True,True,True,False,True,False,48.0,0.2149866190900981,0.45,0.2149866190900981,1,0.61425,0.6366,0.7299572601555747,0.5879568465242622,0.7600221363748612,True,True,True,False
LENOVO Thinkpad E14 Gen 7 21sx002sva,Lenovo,Intel,Core Ultra 7,255.0,5.1,16.0,DDR5,5600.0,512.0,14.0,1920 x 1200,60.0,Intel,1.34,3 cell /48Wh,28490000.0,data/anphat/detail_htmls\lenovo_62_specs.html,INTEL_GRAPHICS,INTEGRATED,False,0.8,0.8,0.8743980738362761,0.8663723916532905,0.2114767255216693,0.15625,28.49,0.837,0.866,True,True,True,True,False,True,False,48.0,0.2149866190900981,0.45,0.2149866190900981,1,0.5992500000000001,0.6186,0.7029572601555748,0.5879568465242622,0.7268721363748611,False,True,True,False
LENOVO Thinkpad L16 Gen 2 21sa000lva,Lenovo,Intel,Core Ultra 7,255.0,5.1,32.0,DDR5,5600.0,1024.0,16.0,1920 x 1200,60.0,Intel,1.79,"3 cell, 46.5Wh",32990000.0,data/anphat/detail_htmls\lenovo_63_specs.html,INTEL_GRAPHICS,INTEGRATED,False,1.0,1.0,0.8743980738362761,0.372792937399679,0.8487158908507223,0.1875,32.99,0.937,0.373,True,True,True,False,False,False,True,46.5,0.16369313113291703,0.45,0.16369313113291703,1,0.6542500000000001,0.6786000000000001,0.5728816335350043,0.2340724935177182,0.6325612337942956,True,True,False,False
LENOVO Yoga Slim 7 14akp10 83jy006pvn,Lenovo,AMD,Ryzen AI 7,350.0,5.0,32.0,LPDDR5,6400.0,1024.0,14.0,2880 x 1800,120.0,AMD,1.19,4C 70Wh,34990000.0,data/anphat/detail_htmls\lenovo_65_specs.html,AMD_RADEON_GRAPHICS,INTEGRATED,False,1.0,1.0,0.8138041733547352,0.9602728731942215,0.2114767255216693,0.2013888888888889,34.99,0.907,0.96,True,True,True,True,False,True,False,70.0,0.6882247992863515,0.5,0.6882247992863515,1,0.6767500000000001,0.6971,0.8096301210025929,0.7042505247561428,0.8226336594023953,True,True,True,True
LENOVO Yoga Pro 7 14iah10 83kf002bvn,Lenovo,Intel,Core Ultra 9,285.0,5.4,32.0,LPDDR5X,8533.0,1024.0,14.5,3000 x 1876,120.0,Intel,1.54,84Wh,39590000.0,data/anphat/detail_htmls\lenovo_64_specs.html,INTEL_GRAPHICS,INTEGRATED,False,1.0,1.0,0.9542536115569824,0.6520866773675762,0.3936597110754414,0.2333333333333333,39.59,0.977,0.652,True,True,True,True,False,False,False,84.0,0.9009812667261374,0.45,0.9009812667261374,1,0.66425,0.6906,0.760188029386344,0.5762455241387825,0.7992837180516114,True,True,True,False
LENOVO Thinkpad X13 Gen 6 21rk00alva,Lenovo,Intel,Core Ultra 5,225.0,4.9,32.0,LPDDR5X,8400.0,512.0,13.3,1920 x 1200,,Intel,0.927,"3 Cell, 41Wh",33700000.0,data/anphat/detail_htmls\lenovo_66_specs.html,INTEL_GRAPHICS,INTEGRATED,False,1.0,0.8,0.7391653290529695,0.9963884430176565,0.0176565008025682,0.1924305555555555,33.7,0.83,0.996,True,True,True,True,False,True,False,41.0,0.05798394290811775,0.45,0.05798394290811775,1,0.6275000000000001,0.6465,0.7318513396715642,0.6616704222743548,0.7521671873070749,True,True,True,False
LENOVO Yoga Slim 7 14imh9 83cv00ahvn,Lenovo,Intel,Core Ultra 5,125.0,4.5,16.0,LPDDR5X,,1024.0,14.0,1920 x 1200,60.0,Intel,1.39,"4 cell, 65WH",25990000.0,data/anphat/detail_htmls\lenovo_68_specs.html,INTEL_GRAPHICS,INTEGRATED,False,0.8,1.0,0.3029695024077046,0.819422150882825,0.2114767255216693,0.1388888888888889,25.99,0.591,0.819,True,True,True,True,False,True,False,65.0,0.6418376449598573,0.45,0.6418376449598573,1,0.53775,0.5448,0.6085169835782196,0.6240407766390912,0.6054907979380171,False,False,True,True
LENOVO Yoga Slim 7 14imh9 83cv00ajvn,Lenovo,Intel,Core Ultra 7,155.0,4.8,32.0,LPDDR5X,7467.0,1024.0,14.0,1920 x 1200,60.0,Intel,1.39,"4 cell, 65WH",29990000.0,data/anphat/detail_htmls\lenovo_69_specs.html,INTEL_GRAPHICS,INTEGRATED,False,1.0,1.0,0.6460674157303371,0.819422150882825,0.2114767255216693,0.1666666666666666,29.99,0.823,0.819,True,True,True,True,False,True,False,65.0,0.6418376449598573,0.45,0.6418376449598573,1,0.62575,0.6444,0.7129169835782195,0.6240407766390912,0.733670797938017,True,True,True,True
LENOVO Legion Pro 5 16iax10 83f3003vvn,Lenovo,Intel,Core Ultra 9,275.0,5.4,32.0,DDR5,5600.0,1024.0,16.0,2560 x 1600,165.0,NVIDIA,2.43,80Wh,53490000.0,data/anphat/detail_htmls\lenovo_70_specs.html,RTX 5060,DISCRETE_GAMING,False,1.0,1.0,0.9542536115569824,0.0670144462279294,0.8487158908507223,0.3298611111111111,53.49,0.977,0.067,True,True,True,False,True,False,True,80.0,0.8818019625334522,0.45,0.8818019625334522,1,0.66425,0.6906,0.5485631374243733,0.2095737128040498,0.6307181544017779,True,True,False,False
LENOVO Ideapad Slim 3 16irh10 83k20002vn,Lenovo,Intel,Core i5,13420.0,4.6,8.0,DDR5,4800.0,512.0,16.0,1920 x 1200,60.0,Intel,1.73,60Wh,16490000.0,data/anphat/detail_htmls\lenovo_71_specs.html,INTEL_UHD,INTEGRATED,False,0.6,0.8,0.4534510433386838,0.413322632423756,0.8487158908507223,0.0729166666666666,16.49,0.567,0.413,True,True,True,False,False,False,True,60.0,0.5709188224799286,0.45,0.5709188224799286,1,0.50175,0.5075999999999999,0.4465285652549697,0.2977435485862452,0.4589365640819853,False,False,False,False
LENOVO Legion Gaming 5 15irx10 83ly00hwvn,Lenovo,Intel,Core i7,14700.0,5.5,16.0,DDR5,5600.0,512.0,15.1,2560 x 1600,165.0,NVIDIA,1.9,80WHr,43990000.0,data/anphat/detail_htmls\lenovo_72_specs.html,RTX 5060,DISCRETE_GAMING,False,0.8,0.8,0.9787319422150884,0.2969502407704655,0.4097110754414125,0.2638888888888889,43.99,0.889,0.297,True,True,True,False,False,False,False,80.0,0.8818019625334522,0.45,0.8818019625334522,1,0.61225,0.6342,0.5891597666378566,0.4004846277318187,0.6563688205333992,True,True,False,False
LENOVO Thinkpad X13 Gen 6 21rk00avvn,Lenovo,Intel,Core Ultra 7,255.0,5.1,32.0,LPDDR5X,8400.0,1024.0,13.3,1920 x 1200,,Intel,0.927,3C 41Wh,45990000.0,data/anphat/detail_htmls\lenovo_73_specs.html,INTEL_GRAPHICS,INTEGRATED,False,1.0,1.0,0.8743980738362761,0.9963884430176565,0.0176565008025682,0.2777777777777778,45.99,0.937,0.996,True,True,True,True,False,True,False,41.0,0.05798394290811775,0.45,0.05798394290811775,1,0.6542500000000001,0.6786000000000001,0.7800013396715644,0.6616704222743548,0.8112846873070749,True,True,True,False
LENOVO Ideapad Slim 5 14irh10r 83j0006evn,Lenovo,Intel,Core 5,210.0,8.0,16.0,DDR5,5600.0,512.0,14.0,1920 x 1200,,Intel,1.39,3C 60Wh,23990000.0,data/anphat/detail_htmls\lenovo_74_specs.html,INTEL_GRAPHICS,INTEGRATED,False,0.8,0.8,0.9947833065810594,0.819422150882825,0.2114767255216693,0.125,23.99,0.897,0.819,True,True,True,True,False,True,False,60.0,0.5709188224799286,0.45,0.5709188224799286,1,0.61425,0.6366,0.7366015989628348,0.6072138535621682,0.7668634902457094,True,True,True,False
LENOVO Ideapad Slim 5 14irh10r 83j0006cvn,Lenovo,Intel,Core 5,210.0,8.0,32.0,DDR5,5600.0,1024.0,14.0,1920 x 1200,,Intel,1.39,3C 60Wh,25990000.0,data/anphat/detail_htmls\lenovo_75_specs.html,INTEL_GRAPHICS,INTEGRATED,False,1.0,1.0,0.9947833065810594,0.819422150882825,0.2114767255216693,0.1388888888888889,25.99,0.997,0.819,True,True,True,True,False,True,False,60.0,0.5709188224799286,0.45,0.5709188224799286,1,0.66925,0.6966,0.7816015989628348,0.6072138535621682,0.8221134902457092,True,True,True,False
LENOVO Ideapad Slim 3 14irh10 83k0000bvn,Lenovo,Intel,Core i5,13420.0,4.6,16.0,DDR5,4800.0,512.0,14.0,1920 x 1200,,Intel,1.33,60Wh,18990000.0,data/anphat/detail_htmls\lenovo_76_specs.html,INTEL_UHD,INTEGRATED,False,0.8,0.8,0.4534510433386838,0.8739967897271268,0.2114767255216693,0.0902777777777777,18.99,0.627,0.874,True,True,True,True,False,True,False,60.0,0.5709188224799286,0.45,0.5709188224799286,1,0.5467500000000001,0.5556,0.6342027225583405,0.631772441042104,0.6311957133596741,False,False,True,False
LENOVO Ideapad Slim 3 15irh10 83k1002pvn,Lenovo,Intel,Core i5,13420.0,4.6,8.0,DDR5,4800.0,512.0,15.1,2560 x 1600,165.0,Intel,1.49,60Wh,20990000.0,data/anphat/detail_htmls\lenovo_77_specs.html,INTEL_UHD,INTEGRATED,False,0.6,0.8,0.4534510433386838,0.7150882825040128,0.4097110754414125,0.1041666666666666,20.99,0.567,0.715,True,True,True,True,False,False,False,60.0,0.5709188224799286,0.45,0.5709188224799286,1,0.50175,0.5075999999999999,0.5515847450302506,0.520616742807754,0.5507864838251635,False,False,False,False
LENOVO Loq 15irx10 83je006pvn,Lenovo,Intel,Core i7,13650.0,4.9,24.0,DDR5,4800.0,512.0,15.6,1920 x 1080,144.0,NVIDIA,2.4,4C 60Wh,31990000.0,data/anphat/detail_htmls\lenovo_78_specs.html,RTX 5050,DISCRETE_GAMING,False,0.8,0.8,0.7391653290529695,0.0806581059390048,0.5842696629213483,0.1805555555555555,31.99,0.77,0.081,True,True,True,False,True,False,True,60.0,0.5709188224799286,0.45,0.5709188224799286,1,0.5825,0.5985,0.4217268798617113,0.2012949129522163,0.4995360785282133,False,False,False,False
LENOVO Legion 5 15iax10 83f0003cvn,Lenovo,Intel,Core Ultra 7,255.0,5.2,32.0,DDR5,5600.0,1024.0,15.1,2560 x 1600,165.0,NVIDIA,1.9,80WHr,47999000.0,data/anphat/detail_htmls\lenovo_79_specs.html,RTX 5060,DISCRETE_GAMING,False,1.0,1.0,0.914526484751204,0.2969502407704655,0.4097110754414125,0.2917291666666666,48.0,0.957,0.297,True,True,True,False,False,False,False,80.0,0.8818019625334522,0.45,0.8818019625334522,1,0.65925,0.6846,0.6197597666378566,0.4004846277318187,0.6939388205333992,True,True,True,False
LENOVO Loq 15irx9 83dv01alvn,Lenovo,Intel,Core i7,13650.0,4.9,16.0,DDR5,4800.0,512.0,15.6,1920 x 1080,144.0,NVIDIA,2.38,60Wh,30999000.0,data/anphat/detail_htmls\lenovo_80_specs.html,RTX 4050,DISCRETE_GAMING,False,0.8,0.8,0.7391653290529695,0.098314606741573,0.5842696629213483,0.1736736111111111,31.0,0.77,0.098,True,True,True,False,True,False,True,60.0,0.5709188224799286,1.0,0.5709188224799286,1,0.9125,0.901,0.4279066551426102,0.209240338313372,0.503906062476849,True,True,False,False
LENOVO Legion 5 15iax10 83f0003bvn,Lenovo,Intel,Core Ultra 7,255.0,5.2,32.0,DDR5,5600.0,1024.0,15.1,2560 x 1600,165.0,NVIDIA,1.9,80WHr,54190000.0,data/anphat/detail_htmls\lenovo_82_specs.html,RTX 5070,DISCRETE_GAMING,False,1.0,1.0,0.914526484751204,0.2969502407704655,0.4097110754414125,0.3347222222222222,54.19,0.957,0.297,True,True,True,False,False,False,False,80.0,0.8818019625334522,0.45,0.8818019625334522,1,0.65925,0.6846,0.6197597666378566,0.4004846277318187,0.6939388205333992,True,True,True,False
LENOVO Legion 5 15irx10 83ly00a7vn,Lenovo,Intel,Core i7,14700.0,5.5,16.0,DDR5,4800.0,512.0,15.1,2560 x 1600,165.0,NVIDIA,1.9,80WHr,38990000.0,data/anphat/detail_htmls\lenovo_83_specs.html,RTX 5050,DISCRETE_GAMING,False,0.8,0.8,0.9787319422150884,0.2969502407704655,0.4097110754414125,0.2291666666666666,38.99,0.889,0.297,True,True,True,False,False,False,False,80.0,0.8818019625334522,0.45,0.8818019625334522,1,0.61225,0.6342,0.5891597666378566,0.4004846277318187,0.6563688205333992,True,True,False,False
LENOVO Legion 5 15ahp10 Oled 83m00030vn,Lenovo,AMD,Ryzen 7,260.0,5.1,24.0,DDR5,4800.0,1024.0,15.1,2560 x 1600,165.0,NVIDIA,1.9,4-cell 80Wh,42990000.0,data/anphat/detail_htmls\lenovo_85_specs.html,RTX 5060,DISCRETE_GAMING,False,0.8,1.0,0.8743980738362761,0.2969502407704655,0.4097110754414125,0.2569444444444444,42.99,0.877,0.297,True,True,True,False,False,False,False,80.0,0.8818019625334522,0.45,0.8818019625334522,1,0.6092500000000001,0.6306,0.5837597666378566,0.4004846277318187,0.6497388205333992,True,True,False,False
LENOVO Thinkpad E14 Gen 7 21t9001yva,Lenovo,Intel,Core 5,210.0,4.8,16.0,DDR5,5600.0,512.0,14.0,1920 x 1200,60.0,Intel,1.34,"3 cell, 48WH",21999000.0,data/anphat/detail_htmls\lenovo_86_specs.html,INTEL_GRAPHICS,INTEGRATED,False,0.8,0.8,0.6460674157303371,0.8663723916532905,0.2114767255216693,0.1111736111111111,22.0,0.723,0.866,True,True,True,True,False,True,False,48.0,0.2149866190900981,0.45,0.2149866190900981,1,0.57075,0.5844,0.6516572601555747,0.5879568465242622,0.6638871363748611,False,False,True,False
LENOVO Ideapad Slim 3 16irh10 83k20001vn,Lenovo,Intel,Core i7,13620.0,4.9,8.0,DDR5,4800.0,512.0,16.0,1920 x 1200,60.0,Intel,1.73,60Wh,19490000.0,data/anphat/detail_htmls\lenovo_88_specs.html,INTEL_UHD,INTEGRATED,False,0.6,0.8,0.7391653290529695,0.413322632423756,0.8487158908507223,0.09375,19.49,0.71,0.413,True,True,True,False,False,False,True,60.0,0.5709188224799286,0.45,0.5709188224799286,1,0.5375,0.5505,0.5108785652549697,0.2977435485862452,0.5379440640819854,False,False,False,False
LENOVO Thinkpad X9 15 Gen 1 21q60052vn,Lenovo,Intel,Core Ultra 5,228.0,4.5,32.0,LPDDR5X,8533.0,1024.0,15.3,2880 x 1800,120.0,Intel,1.4,80Wh,49490000.0,data/anphat/detail_htmls\lenovo_91_specs.html,INTEL_GRAPHICS,INTEGRATED,False,1.0,1.0,0.3029695024077046,0.7885232744783306,0.4297752808988764,0.3020833333333333,49.49,0.651,0.789,True,True,True,True,False,False,False,80.0,0.8818019625334522,0.45,0.8818019625334522,1,0.58275,0.5928,0.6535485306828004,0.6169573404123967,0.6453383068897395,False,False,True,True
LENOVO Legion 5 16irx9 83f0003cvn,Lenovo,Intel,Core Ultra 7,255.0,5.2,32.0,DDR5,5600.0,1024.0,16.0,2560 x 1600,165.0,NVIDIA,1.66,80WHr,49190000.0,data/anphat/detail_htmls\lenovo_93_specs.html,RTX 5060,DISCRETE_GAMING,False,1.0,1.0,0.914526484751204,0.5056179775280899,0.8487158908507223,0.3,49.19,0.957,0.506,True,True,True,False,False,False,True,80.0,0.8818019625334522,0.45,0.8818019625334522,1,0.65925,0.6846,0.6927934745030251,0.4065841461908878,0.7280238927645388,True,True,True,False
LENOVO Yoga 7 2 In 1 14iml9 83dj00h8vn,Lenovo,Intel,Core Ultra 5,125.0,4.5,16.0,LPDDR5X,7467.0,1024.0,14.0,1920 x 1200,60.0,Intel,1.49,71Wh,27990000.0,data/anphat/detail_htmls\lenovo_94_specs.html,INTEL_GRAPHICS,INTEGRATED,False,0.8,1.0,0.3029695024077046,0.7150882825040128,0.2114767255216693,0.1527777777777778,27.99,0.591,0.715,True,True,True,True,False,True,False,71.0,0.719892952720785,0.45,0.719892952720785,1,0.53775,0.5448,0.5835385911840968,0.5972828435609334,0.5888989347450302,False,False,False,True
LENOVO Thinkpad X1 Carbon Gen 13 21nx003avn,Lenovo,Intel,Core Ultra 7,255.0,5.1,32.0,LPDDR5X,8400.0,1024.0,14.0,1920 x 1200,60.0,Intel,1.006,3C57Wh,58990000.0,data/anphat/detail_htmls\lenovo_92_specs.html,INTEL_GRAPHICS,INTEGRATED,False,1.0,1.0,0.8743980738362761,0.978330658105939,0.2114767255216693,0.3680555555555556,58.99,0.937,0.978,True,True,True,True,False,True,False,57.0,0.4683318465655665,0.45,0.4683318465655665,1,0.6542500000000001,0.6786000000000001,0.8044503457216939,0.6686265279664156,0.8236779611680455,True,True,True,False
LENOVO Yoga 7 2 In 1 14iml9 83dj00h9vn,Lenovo,Intel,Core Ultra 7,155.0,4.8,32.0,LPDDR5X,7467.0,1024.0,14.0,2880 x 1800,120.0,Intel,1.49,71Wh,33990000.0,data/anphat/detail_htmls\lenovo_95_specs.html,INTEL_GRAPHICS,INTEGRATED,False,1.0,1.0,0.6460674157303371,0.7150882825040128,0.2114767255216693,0.1944444444444444,33.99,0.823,0.715,True,True,True,True,False,True,False,71.0,0.719892952720785,0.45,0.719892952720785,1,0.62575,0.6444,0.6879385911840967,0.5972828435609334,0.7170789347450301,True,True,True,True
LENOVO Thinkpad P16s Gen3 T 21ks0038va,Lenovo,Intel,Core Ultra 5,125.0,4.5,32.0,DDR5,5600.0,1024.0,16.0,1920 x 1200,,NVIDIA,1.82,75Wh,41850000.0,data/anphat/detail_htmls\lenovo_97_specs.html,RTX 500,DISCRETE_GAMING,False,1.0,1.0,0.3029695024077046,0.3354735152487961,0.8487158908507223,0.2490277777777777,41.85,0.651,0.335,True,True,True,False,False,False,True,75.0,0.7979482604817127,0.45,0.7979482604817127,1,0.58275,0.5928,0.4859275280898877,0.3131922150882825,0.509155830658106,False,False,False,False
LENOVO Ideapad Slim 3 14irh10 83k00009vn,Lenovo,Intel,Core i7,13620.0,4.9,8.0,DDR5,4800.0,512.0,14.0,1920 x 1200,,Intel,1.43,60Wh,19990000.0,data/anphat/detail_htmls\lenovo_98_specs.html,INTEL_UHD,INTEGRATED,False,0.6,0.8,0.7391653290529695,0.752808988764045,0.2114767255216693,0.0972222222222222,19.99,0.71,0.753,True,True,True,True,False,True,False,60.0,0.5709188224799286,0.45,0.5709188224799286,1,0.5375,0.5505,0.6291369922212618,0.5772379306087172,0.6470592326213113,False,False,True,False
LENOVO Ideapad Slim 3 15irh10 83k1000jvn,Lenovo,Intel,Core i7,13620.0,4.9,8.0,DDR5,4800.0,512.0,15.3,1920 x 1200,60.0,Intel,1.63,60Wh,19290000.0,data/anphat/detail_htmls\lenovo_99_specs.html,INTEL_UHD,INTEGRATED,False,0.6,0.8,0.7391653290529695,0.562199036918138,0.4297752808988764,0.0923611111111111,19.29,0.71,0.562,True,True,True,False,False,False,False,60.0,0.5709188224799286,0.45,0.5709188224799286,1,0.5375,0.5505,0.5629853068280034,0.4485260525990863,0.5915485985924188,False,False,False,False
LENOVO Legion 5 15irx10 83ly004jvn,Lenovo,Intel,Core i7,14700.0,5.5,24.0,DDR5,4800.0,1024.0,15.1,2560 x 1600,165.0,NVIDIA,1.9,80WHr,44990000.0,data/anphat/detail_htmls\lenovo_96_specs.html,RTX 5060,DISCRETE_GAMING,False,0.8,1.0,0.9787319422150884,0.2969502407704655,0.4097110754414125,0.2708333333333333,44.99,0.929,0.297,True,True,True,False,False,False,False,80.0,0.8818019625334522,0.45,0.8818019625334522,1,0.6222500000000001,0.6462,0.6071597666378566,0.4004846277318187,0.6784688205333992,True,True,True,False
LENOVO Yoga Slim 9 14ill10 83cx001avn,Lenovo,Intel,Core Ultra 7,258.0,4.8,32.0,LPDDR5X,8533.0,1024.0,14.0,3840 x 2400,120.0,Intel,1.23,75Wh,56990000.0,data/anphat/detail_htmls\lenovo_101_specs.html,INTEL_GRAPHICS,INTEGRATED,False,1.0,1.0,0.6460674157303371,0.9329855537720706,0.2114767255216693,0.3541666666666667,56.99,0.823,0.933,True,True,True,True,False,True,False,75.0,0.7979482604817127,0.45,0.7979482604817127,1,0.62575,0.6444,0.7718949438202247,0.7087981540930979,0.7771623555377207,True,True,True,True
LENOVO Yoga Slim 7 15ill9 83hm000gvn,Lenovo,Intel,Core Ultra 7,258.0,4.8,32.0,LPDDR5X,8533.0,1024.0,15.3,2880 x 1800,120.0,Intel,1.53,70Wh,42990000.0,data/anphat/detail_htmls\lenovo_100_specs.html,INTEL_GRAPHICS,INTEGRATED,False,1.0,1.0,0.6460674157303371,0.656099518459069,0.4297752808988764,0.2569444444444444,42.99,0.823,0.656,True,True,True,True,False,False,False,70.0,0.6882247992863515,0.45,0.6882247992863515,1,0.62575,0.6444,0.6653694468452895,0.5237128040498826,0.6922088118903569,True,True,True,False
LENOVO Thinkpad E16 Gen 3 21sr002jva,Lenovo,Intel,Core Ultra 5,225.0,4.8,16.0,DDR5,5600.0,512.0,16.0,1920 x 1200,60.0,Intel,1.63,3 cell /47Wh,23999000.0,data/anphat/detail_htmls\lenovo_103_specs.html,INTEL_GRAPHICS,INTEGRATED,False,0.8,0.8,0.6460674157303371,0.562199036918138,0.8487158908507223,0.1250625,24.0,0.723,0.562,True,True,True,False,False,False,True,47.0,0.18688670829616413,0.45,0.18688670829616413,1,0.57075,0.5844,0.5438353068280034,0.3209879306087171,0.561973474194345,False,False,False,False
LENOVO Thinkpad X1 Carbon Gen 12 21kc009mvn,Lenovo,Intel,Core Ultra 5,125.0,4.5,32.0,LPDDR5X,6400.0,512.0,14.0,1920 x 1200,60.0,Intel,1.09,57Wh,50890000.0,data/anphat/detail_htmls\lenovo_104_specs.html,INTEL_GRAPHICS,INTEGRATED,False,1.0,0.8,0.3029695024077046,0.9735152487961477,0.2114767255216693,0.3118055555555555,50.89,0.611,0.974,True,True,True,True,False,True,False,57.0,0.4683318465655665,0.45,0.4683318465655665,1,0.57275,0.5808,0.656064952463267,0.6664595937770095,0.6423711473638721,False,False,True,False
LENOVO Thinkpad P16s Gen3 T 21ks0033va,Lenovo,Intel,Core Ultra 7,155.0,4.8,32.0,DDR5,5600.0,1024.0,16.0,1920 x 1200,,NVIDIA,1.82,75Wh,46920000.0,data/anphat/detail_htmls\lenovo_105_specs.html,RTX 500,DISCRETE_GAMING,False,1.0,1.0,0.6460674157303371,0.3354735152487961,0.8487158908507223,0.2842361111111111,46.92,0.823,0.335,True,True,True,False,False,False,True,75.0,0.7979482604817127,0.45,0.7979482604817127,1,0.62575,0.6444,0.5633275280898877,0.3131922150882825,0.604185830658106,True,True,False,False
LENOVO Thinkpad T14s Gen 5 21ls005vva,Lenovo,Intel,Core Ultra 5,125.0,4.3,16.0,LPDDR5X,7467.0,512.0,14.0,1920 x 1200,,Intel,1.24,3 cell /58Wh,31290000.0,data/anphat/detail_htmls\lenovo_106_specs.html,INTEL_GRAPHICS,INTEGRATED,False,0.8,0.8,0.2146869983948635,0.9249598715890851,0.2114767255216693,0.1756944444444444,31.29,0.507,0.925,True,True,True,True,False,True,False,58.0,0.5156110615521855,0.45,0.5156110615521855,1,0.51675,0.5196000000000001,0.5941936473638721,0.6479750586492161,0.5744321530435856,False,False,False,False
LENOVO Thinkpad E14 Gen 6 21m7004xva,Lenovo,Intel,Core Ultra 7,155.0,4.8,16.0,DDR5,5600.0,1024.0,14.0,1920 x 1200,,Intel,1.44,3 cell /47Wh,28990000.0,data/anphat/detail_htmls\lenovo_107_specs.html,INTEL_GRAPHICS,INTEGRATED,False,0.8,1.0,0.6460674157303371,0.742776886035313,0.2114767255216693,0.1597222222222222,28.99,0.763,0.743,True,True,True,True,False,True,False,47.0,0.18688670829616413,0.45,0.18688670829616413,1,0.58075,0.5964,0.6244757562662057,0.5289734843807878,0.6538587871959503,False,False,True,False
LENOVO Thinkpad X9 14 Gen 1 21qa006kvn,Lenovo,Intel,Core Ultra 7,258.0,4.8,32.0,LPDDR5X,8533.0,1024.0,14.0,1920 x 1200,60.0,Intel,1.21,55Wh,52999000.0,data/anphat/detail_htmls\lenovo_109_specs.html,INTEL_GRAPHICS,INTEGRATED,False,1.0,1.0,0.6460674157303371,0.9402086677367576,0.2114767255216693,0.3264513888888889,53.0,0.823,0.94,True,True,True,True,False,True,False,55.0,0.3862622658340767,0.45,0.3862622658340767,1,0.62575,0.6444,0.7359614952463266,0.6447408630695148,0.74818084547475,True,True,True,False
LENOVO V14 G4 Iru 83a000bgvn,Lenovo,Intel,Core i5,13420.0,4.6,8.0,DDR4,3200.0,512.0,14.0,1920 x 1080,,Intel,1.43,38Wh,14990000.0,data/anphat/detail_htmls\lenovo_108_specs.html,INTEL_UHD,INTEGRATED,False,0.6,0.8,0.4534510433386838,0.752808988764045,0.2114767255216693,0.0625,14.99,0.567,0.753,True,True,True,True,False,True,False,38.0,0.008920606601248885,0.45,0.008920606601248885,1,0.50175,0.5075999999999999,0.5224792999135696,0.5031994690702557,0.5342055787751574,False,False,False,False
LENOVO Thinkpad T14s Gen 5 21ls0060va,Lenovo,Intel,Core Ultra 7,155.0,4.8,16.0,LPDDR5X,5600.0,512.0,14.0,1920 x 1200,,Intel,1.24,"3 cell, 58WH",36990000.0,data/anphat/detail_htmls\lenovo_112_specs.html,INTEL_GRAPHICS,INTEGRATED,False,0.8,0.8,0.6460674157303371,0.9249598715890851,0.2114767255216693,0.2152777777777778,36.99,0.723,0.925,True,True,True,True,False,True,False,58.0,0.5156110615521855,0.45,0.5156110615521855,1,0.57075,0.5844,0.6913936473638721,0.6479750586492161,0.6937721530435856,False,False,True,False
LENOVO Thinkpad P14s Gen 5 T 21g2003pva,Lenovo,Intel,Core Ultra 7,155.0,4.8,32.0,DDR5,5600.0,1024.0,14.5,3072 x 1920,120.0,NVIDIA,1.61,75Wh,50100000.0,data/anphat/detail_htmls\lenovo_113_specs.html,RTX 500,DISCRETE_GAMING,False,1.0,1.0,0.6460674157303371,0.5930979133226324,0.3936597110754414,0.3063194444444444,50.1,0.823,0.593,True,True,True,False,False,False,False,75.0,0.7979482604817127,0.45,0.7979482604817127,1,0.62575,0.6444,0.6534960674157304,0.520134430176565,0.6861501163723918,True,True,True,False
LENOVO Ideapad Slim 3 14irh10 83k0000avn,Lenovo,Intel,Core i5,13420.0,4.6,8.0,DDR5,4800.0,512.0,14.0,1920 x 1200,,Intel,1.43,60Wh,17490000.0,data/anphat/detail_htmls\lenovo_117_specs.html,INTEL_UHD,INTEGRATED,False,0.6,0.8,0.4534510433386838,0.752808988764045,0.2114767255216693,0.0798611111111111,17.49,0.567,0.753,True,True,True,True,False,True,False,60.0,0.5709188224799286,0.45,0.5709188224799286,1,0.50175,0.5075999999999999,0.5647869922212618,0.5772379306087172,0.5680517326213113,False,False,False,False
LENOVO Ideapad Slim 5 14irh10 83hr0001vn,Lenovo,Intel,Core i5,13420.0,4.6,32.0,DDR5,5600.0,1024.0,14.0,1920 x 1200,,Intel,1.39,60Wh,22990000.0,data/anphat/detail_htmls\lenovo_119_specs.html,INTEL_UHD,INTEGRATED,False,1.0,1.0,0.4534510433386838,0.819422150882825,0.2114767255216693,0.1180555555555555,22.99,0.727,0.819,True,True,True,True,False,True,False,60.0,0.5709188224799286,0.45,0.5709188224799286,1,0.60175,0.6156,0.6601015989628348,0.6072138535621682,0.6729384902457094,True,True,True,False
LENOVO Yoga Book 9 14iah10 83kj001qvn,Lenovo,Intel,Core Ultra 9,285.0,5.4,32.0,LPDDR5X,8400.0,1024.0,2.0,2880 x 1800,120.0,Intel,1.219,88Wh,69990000.0,data/anphat/detail_htmls\lenovo_118_specs.html,INTEL_GRAPHICS,INTEGRATED,False,1.0,1.0,0.9542536115569824,0.9365971107544141,0.0008025682182985,0.4444444444444444,69.99,0.977,0.937,True,True,True,True,False,True,False,88.0,0.9027653880463872,0.45,0.9027653880463872,1,0.66425,0.6906,0.8674589887640448,0.7963081861958267,0.8915681821829855,True,True,True,True
LENOVO Thinkpad P16s Gen3 T 21ks003hva,Lenovo,Intel,Core Ultra 7,155.0,4.8,32.0,DDR5,5600.0,512.0,16.0,1920 x 1200,,NVIDIA,1.82,57Wh,44990000.0,data/anphat/detail_htmls\lenovo_120_specs.html,RTX 500,DISCRETE_GAMING,False,1.0,0.8,0.6460674157303371,0.3354735152487961,0.8487158908507223,0.2708333333333333,44.99,0.783,0.335,True,True,True,False,False,False,True,57.0,0.4683318465655665,0.45,0.4683318465655665,1,0.61575,0.6324000000000001,0.510712143474503,0.2526152920113594,0.5543935229657982,True,True,False,False
LENOVO Thinkpad P16s Gen3 T 21ks0034vn,Lenovo,Intel,Core Ultra 7,155.0,4.8,32.0,DDR5,5600.0,1024.0,16.0,1920 x 1200,,NVIDIA,1.82,75Wh,51800000.0,data/anphat/detail_htmls\lenovo_122_specs.html,RTX 500,DISCRETE_GAMING,False,1.0,1.0,0.6460674157303371,0.3354735152487961,0.8487158908507223,0.318125,51.8,0.823,0.335,True,True,True,False,False,False,True,75.0,0.7979482604817127,0.45,0.7979482604817127,1,0.62575,0.6444,0.5633275280898877,0.3131922150882825,0.604185830658106,True,True,False,False
LENOVO Thinkpad P16s Gen3 T 21ks0032va,Lenovo,Intel,Core Ultra 7,155.0,4.8,16.0,DDR5,5600.0,512.0,16.0,1920 x 1200,,NVIDIA,1.82,75Wh,43820000.0,data/anphat/detail_htmls\lenovo_123_specs.html,RTX 500,DISCRETE_GAMING,False,0.8,0.8,0.6460674157303371,0.3354735152487961,0.8487158908507223,0.2627083333333333,43.82,0.723,0.335,True,True,True,False,False,False,True,75.0,0.7979482604817127,0.45,0.7979482604817127,1,0.57075,0.5844,0.5183275280898876,0.3131922150882825,0.5489358306581059,False,False,False,False
LENOVO V14 G4 83a000fnvn,Lenovo,Intel,Core i5,13420.0,4.6,8.0,DDR4,3200.0,512.0,14.0,1920 x 1080,,Intel,1.43,38Wh,15490000.0,data/anphat/detail_htmls\lenovo_125_specs.html,INTEL_UHD,INTEGRATED,False,0.6,0.8,0.4534510433386838,0.752808988764045,0.2114767255216693,0.0659722222222222,15.49,0.567,0.753,True,True,True,True,False,True,False,38.0,0.008920606601248885,0.45,0.008920606601248885,1,0.50175,0.5075999999999999,0.5224792999135696,0.5031994690702557,0.5342055787751574,False,False,False,False
LENOVO V15 G4 Iru 83a100f3vn,Lenovo,Intel,Core i5,13420.0,4.6,8.0,DDR4,3200.0,512.0,15.6,1920 x 1080,,Intel,1.65,3 cell/38Wh,14190000.0,data/anphat/detail_htmls\lenovo_124_specs.html,INTEL_UHD,INTEGRATED,False,0.6,0.8,0.4534510433386838,0.5417335473515249,0.5842696629213483,0.0569444444444444,14.19,0.567,0.542,True,True,True,False,False,False,True,38.0,0.008920606601248885,0.45,0.008920606601248885,1,0.50175,0.5075999999999999,0.4491646931719965,0.3343792443511544,0.4674499607976293,False,False,False,False
LENOVO V15 G4 Iru 83a100rfvn,Lenovo,Intel,Core i7,13620.0,4.9,8.0,DDR4,3200.0,512.0,15.6,1920 x 1080,,Intel,1.65,3 cell/38Wh,19000000.0,data/anphat/detail_htmls\lenovo_127_specs.html,INTEL_UHD,INTEGRATED,False,0.6,0.8,0.7391653290529695,0.5417335473515249,0.5842696629213483,0.0903472222222222,19.0,0.71,0.542,True,True,True,False,False,False,True,38.0,0.008920606601248885,0.45,0.008920606601248885,1,0.5375,0.5505,0.5135146931719965,0.3343792443511544,0.5464574607976292,False,False,False,False
LENOVO Thinkbook 14 Gen 8 21sj0072vn,Lenovo,Intel,Core Ultra 7,255.0,5.1,16.0,DDR5,5600.0,512.0,14.0,1920 x 1200,60.0,Intel,1.36,"3 cell, 45Wh",28490000.0,data/anphat/detail_htmls\lenovo_126_specs.html,INTEL_GRAPHICS,INTEGRATED,False,0.8,0.8,0.8743980738362761,0.851123595505618,0.2114767255216693,0.15625,28.49,0.837,0.851,True,True,True,True,False,True,False,45.0,0.15388046387154328,0.45,0.15388046387154328,1,0.5992500000000001,0.6186,0.6918509507346585,0.5709987344116558,0.7184826747129275,False,True,True,False
LENOVO Yoga Slim 7 14imh9 83cv008evn,Lenovo,Intel,Core Ultra 5,125.0,4.5,16.0,LPDDR5X,7467.0,1024.0,14.0,1920 x 1200,60.0,Intel,1.39,Integrated 65Wh,25990000.0,data/anphat/detail_htmls\lenovo_129_specs.html,INTEL_GRAPHICS,INTEGRATED,False,0.8,1.0,0.3029695024077046,0.819422150882825,0.2114767255216693,0.1388888888888889,25.99,0.591,0.819,True,True,True,True,False,True,False,65.0,0.6418376449598573,0.45,0.6418376449598573,1,0.53775,0.5448,0.6085169835782196,0.6240407766390912,0.6054907979380171,False,False,True,True
LENOVO Ideapad Slim 5 Oled 15arp10 83j3001dvn,Lenovo,AMD,Ryzen 7,7735.0,4.75,16.0,LPDDR5X,6400.0,512.0,15.1,2560 x 1600,165.0,AMD,1.49,70Wh,20990000.0,data/anphat/detail_htmls\lenovo_130_specs.html,AMD_RADEON_GRAPHICS,INTEGRATED,False,0.8,0.8,0.5862760834670947,0.7150882825040128,0.4097110754414125,0.1041666666666666,20.99,0.693,0.715,True,True,True,True,False,False,False,70.0,0.6882247992863515,0.5,0.6882247992863515,1,0.5932499999999999,0.6029,0.6275155142610198,0.5542705889616002,0.6357860992097789,False,True,True,True
LENOVO Thinkpad T16 Gen 3 21mn007qvn,Lenovo,Intel,Core Ultra 7,155.0,4.8,16.0,DDR5,5600.0,1024.0,16.0,1920 x 1200,,Intel,1.66,4 cell 52.5Wh,39290000.0,data/anphat/detail_htmls\lenovo_131_specs.html,INTEL_GRAPHICS,INTEGRATED,False,0.8,1.0,0.6460674157303371,0.5056179775280899,0.8487158908507223,0.23125,39.29,0.763,0.506,True,True,True,False,False,False,True,52.5,0.3073148974130241,0.45,0.3073148974130241,1,0.58075,0.5964,0.5526088591184096,0.3140360692678108,0.5785312004568465,False,False,False,False
LENOVO Thinkpad T14s Gen 5 21ls005rvn,Lenovo,Intel,Core Ultra 5,125.0,4.3,16.0,LPDDR5X,6400.0,512.0,14.0,1920 x 1200,,Intel,1.24,3 cell /58Wh,35390000.0,data/anphat/detail_htmls\lenovo_132_specs.html,INTEL_GRAPHICS,INTEGRATED,False,0.8,0.8,0.2146869983948635,0.9249598715890851,0.2114767255216693,0.2041666666666666,35.39,0.507,0.925,True,True,True,True,False,True,False,58.0,0.5156110615521855,0.45,0.5156110615521855,1,0.51675,0.5196000000000001,0.5941936473638721,0.6479750586492161,0.5744321530435856,False,False,False,False
LENOVO Thinkpad T14s Gen 4 21f600aava,Lenovo,Intel,Core i7,1355.0,5.0,16.0,LPDDR5,4800.0,512.0,14.0,1920 x 1200,60.0,Intel,1.25,3 cell /57Wh,30990000.0,data/anphat/detail_htmls\lenovo_133_specs.html,INTEL_IRIS_XE,INTEGRATED,False,0.8,0.8,0.8138041733547352,0.916131621187801,0.2114767255216693,0.1736111111111111,30.99,0.807,0.916,True,True,True,True,False,True,False,57.0,0.4683318465655665,0.55,0.4683318465655665,1,0.65175,0.6646000000000001,0.7241806828003458,0.6406369613532534,0.7364586995308062,True,True,True,False
LENOVO Thinkpad E14 Gen 7 21sx002tva,Lenovo,Intel,Core Ultra 7,255.0,5.1,16.0,DDR5,5600.0,1024.0,14.0,1920 x 1200,60.0,Intel,1.34,3 cell /48Wh,28890000.0,data/anphat/detail_htmls\lenovo_134_specs.html,INTEL_GRAPHICS,INTEGRATED,False,0.8,1.0,0.8743980738362761,0.8663723916532905,0.2114767255216693,0.1590277777777777,28.89,0.877,0.866,True,True,True,True,False,True,False,48.0,0.2149866190900981,0.45,0.2149866190900981,1,0.6092500000000001,0.6306,0.7209572601555748,0.5879568465242622,0.7489721363748612,True,True,True,False
LENOVO Legion Pro 5 16irx9 83df0046vn,Lenovo,Intel,Core i9,14900.0,5.8,32.0,DDR5,5600.0,1024.0,16.0,2560 x 1600,240.0,NVIDIA,2.5,80WHr,55990000.0,data/anphat/detail_htmls\lenovo_138_specs.html,RTX 4070,DISCRETE_GAMING,False,1.0,1.0,0.9891653290529696,0.052969502407704705,0.8487158908507223,0.3472222222222222,55.99,0.995,0.053,True,True,True,False,True,False,True,80.0,0.8818019625334522,1.0,0.8818019625334522,1,0.99875,0.9985,0.5517474070872948,0.2032534880849487,0.6371870308062724,True,True,False,False
LENOVO Ideapad Slim 5 14imh9 83da0020vn,Lenovo,Intel,Core Ultra 7,155.0,4.8,32.0,LPDDR5X,7467.0,1024.0,14.0,1920 x 1200,60.0,Intel,1.48,57Wh,28690000.0,data/anphat/detail_htmls\lenovo_139_specs.html,INTEL_GRAPHICS,INTEGRATED,False,1.0,1.0,0.6460674157303371,0.7219101123595506,0.2114767255216693,0.1576388888888888,28.69,0.823,0.722,True,True,True,True,False,True,False,57.0,0.4683318465655665,0.45,0.4683318465655665,1,0.62575,0.6444,0.6634031547104581,0.5532372823805408,0.6972288760958143,True,True,True,False
LENOVO Thinkpad P14s Gen 5 T 21g2003xva,Lenovo,Intel,Core Ultra 7,155.0,4.8,64.0,DDR5,5600.0,1024.0,14.5,3072 x 1920,120.0,NVIDIA,1.61,75Wh,54990000.0,data/anphat/detail_htmls\lenovo_140_specs.html,RTX 500,DISCRETE_GAMING,False,1.0,1.0,0.6460674157303371,0.5930979133226324,0.3936597110754414,0.3402777777777778,54.99,0.823,0.593,True,True,True,False,False,False,False,75.0,0.7979482604817127,0.45,0.7979482604817127,1,0.62575,0.6444,0.6534960674157304,0.520134430176565,0.6861501163723918,True,True,True,False
LENOVO Thinkpad P14s Gen 5 21g2004xva,Lenovo,Intel,Core Ultra 5,125.0,4.5,32.0,DDR5,5600.0,1024.0,14.5,1920 x 1200,60.0,NVIDIA,1.61,75Wh,40490000.0,data/anphat/detail_htmls\lenovo_141_specs.html,RTX 500,DISCRETE_GAMING,False,1.0,1.0,0.3029695024077046,0.5930979133226324,0.3936597110754414,0.2395833333333333,40.49,0.651,0.593,True,True,True,False,False,False,False,75.0,0.7979482604817127,0.45,0.7979482604817127,1,0.58275,0.5928,0.5760960674157305,0.520134430176565,0.5911201163723918,False,False,False,False
LENOVO Thinkpad E14 Gen 6 21m7004yvn,Lenovo,Intel,Core Ultra 7,155.0,4.8,16.0,DDR5,5600.0,512.0,14.0,1920 x 1200,,Intel,1.44,3 cell /47Wh,28890000.0,data/anphat/detail_htmls\lenovo_142_specs.html,INTEL_GRAPHICS,INTEGRATED,False,0.8,0.8,0.6460674157303371,0.742776886035313,0.2114767255216693,0.1590277777777777,28.89,0.723,0.743,True,True,True,True,False,True,False,47.0,0.18688670829616413,0.45,0.18688670829616413,1,0.57075,0.5844,0.6064757562662056,0.5289734843807878,0.6317587871959501,False,False,True,False
LENOVO Thinkpad P14s Gen 5 T 21g20056vn,Lenovo,Intel,Core Ultra 7,155.0,4.8,32.0,DDR5,5600.0,1024.0,14.5,1920 x 1200,60.0,NVIDIA,1.61,75Wh,51700000.0,data/anphat/detail_htmls\lenovo_143_specs.html,RTX 500,DISCRETE_GAMING,False,1.0,1.0,0.6460674157303371,0.5930979133226324,0.3936597110754414,0.3174305555555555,51.7,0.823,0.593,True,True,True,False,False,False,False,75.0,0.7979482604817127,0.45,0.7979482604817127,1,0.62575,0.6444,0.6534960674157304,0.520134430176565,0.6861501163723918,True,True,True,False
LENOVO Thinkpad L14 Gen 4 21h10039va,Lenovo,Intel,Core i5,1340.0,4.6,16.0,DDR4,3200.0,512.0,14.0,1920 x 1080,,Intel,1.4,3 cell /46.5Wh,22990000.0,data/anphat/detail_htmls\lenovo_145_specs.html,INTEL_IRIS_XE,INTEGRATED,False,0.8,0.8,0.4534510433386838,0.7885232744783306,0.2114767255216693,0.1180555555555555,22.99,0.627,0.789,True,True,True,True,False,True,False,46.5,0.16369313113291703,0.55,0.16369313113291703,1,0.60675,0.6106,0.5783254537597234,0.5478766668724534,0.5892717875663662,True,True,False,False
LENOVO Ideapad Slim 3 15abr8 82xm00mcvn,Lenovo,AMD,Ryzen 7,5825.0,4.5,16.0,DDR4,3200.0,512.0,15.6,1920 x 1080,,AMD,1.62,47Wh,16490000.0,data/anphat/detail_htmls\lenovo_144_specs.html,AMD_RADEON_GRAPHICS,INTEGRATED,False,0.8,0.8,0.3029695024077046,0.579454253611557,0.5842696629213483,0.0729166666666666,16.49,0.551,0.579,True,True,True,False,False,False,True,47.0,0.18688670829616413,0.5,0.18688670829616413,1,0.55775,0.5603,0.4724746326707,0.3816420237066304,0.481791989443141,False,False,False,False
LENOVO Loq 15irx9 83dv00ufvn,Lenovo,Intel,Core i7,13650.0,4.9,24.0,DDR5,4800.0,512.0,15.6,1920 x 1080,144.0,NVIDIA,2.38,60Wh,35990000.0,data/anphat/detail_htmls\lenovo_146_specs.html,RTX 4060,DISCRETE_GAMING,False,0.8,0.8,0.7391653290529695,0.098314606741573,0.5842696629213483,0.2083333333333333,35.99,0.77,0.098,True,True,True,False,True,False,True,60.0,0.5709188224799286,1.0,0.5709188224799286,1,0.9125,0.901,0.4279066551426102,0.209240338313372,0.503906062476849,True,True,False,False
LENOVO Thinkpad E14 Gen 5 21jk00fmvn,Lenovo,Intel,Core i7,13700.0,5.0,16.0,DDR4,3200.0,1024.0,14.0,1920 x 1200,,Intel,1.43,3 cell /57Wh,31990000.0,data/anphat/detail_htmls\lenovo_148_specs.html,INTEL_IRIS_XE,INTEGRATED,False,0.8,1.0,0.8138041733547352,0.752808988764045,0.2114767255216693,0.1805555555555555,31.99,0.847,0.753,True,True,True,True,False,True,False,57.0,0.4683318465655665,0.55,0.4683318465655665,1,0.66175,0.6766,0.6850177614520311,0.5671417767625633,0.7181363480059266,True,True,True,False
LENOVO Thinkpad E16 Gen 2 21ma004mvn,Lenovo,Intel,Core Ultra 7,155.0,4.8,16.0,DDR5,5600.0,512.0,16.0,1920 x 1200,,Intel,1.81,3 cell /47Wh,28990000.0,data/anphat/detail_htmls\lenovo_147_specs.html,INTEL_GRAPHICS,INTEGRATED,False,0.8,0.8,0.6460674157303371,0.3467094703049759,0.8487158908507223,0.1597222222222222,28.99,0.723,0.347,True,True,True,False,False,False,True,47.0,0.18688670829616413,0.45,0.18688670829616413,1,0.57075,0.5844,0.4684139585133967,0.2240176256327941,0.5086398064575873,False,False,False,False
LENOVO Legion 7 16irx9 83fd006jvn,Lenovo,Intel,Core i9,14900.0,5.8,32.0,DDR5,5600.0,1024.0,16.0,3200 x 2000,165.0,NVIDIA,2.24,99.99 WHr,66990000.0,data/anphat/detail_htmls\lenovo_150_specs.html,RTX 4070,DISCRETE_GAMING,False,1.0,1.0,0.9891653290529696,0.1556982343499197,0.8487158908507223,0.4236111111111111,66.99,0.995,0.156,True,True,True,False,False,False,True,99.99,0.9906333630686887,1.0,0.9906333630686887,1,0.99875,0.9985,0.6261447709593777,0.316755455920484,0.6933662381158168,True,True,True,False
LENOVO Thinkpad E14 Gen 6 21m7004mva,Lenovo,Intel,Core Ultra 5,125.0,4.5,16.0,DDR5,5600.0,512.0,14.0,1920 x 1200,,Intel,1.44,3 cell /47Wh,22990000.0,data/anphat/detail_htmls\lenovo_149_specs.html,INTEL_GRAPHICS,INTEGRATED,False,0.8,0.8,0.3029695024077046,0.742776886035313,0.2114767255216693,0.1180555555555555,22.99,0.551,0.743,True,True,True,True,False,True,False,47.0,0.18688670829616413,0.45,0.18688670829616413,1,0.52775,0.5328,0.5290757562662057,0.5289734843807878,0.5367287871959502,False,False,False,False
LENOVO Thinkpad T14s Gen 4 21f60081va,Lenovo,Intel,Core i5,1335.0,4.6,16.0,LPDDR5,4800.0,512.0,14.0,2240 x 1400,,Intel,1.25,3 cell /57Wh,29690000.0,data/anphat/detail_htmls\lenovo_151_specs.html,INTEL_IRIS_XE,INTEGRATED,False,0.8,0.8,0.4534510433386838,0.916131621187801,0.2114767255216693,0.1645833333333333,29.69,0.627,0.916,True,True,True,True,False,True,False,57.0,0.4683318465655665,0.55,0.4683318465655665,1,0.60675,0.6106,0.6431806828003457,0.6406369613532534,0.6370086995308063,True,True,True,False
LENOVO Ideapad Slim 3 15iah8 83er000bvn,Lenovo,Intel,Core i5,12450.0,4.4,8.0,LPDDR5,4800.0,512.0,15.6,1920 x 1080,,Intel,1.62,3 cell /47Wh,14490000.0,data/anphat/detail_htmls\lenovo_153_specs.html,INTEL_UHD,INTEGRATED,False,0.6,0.8,0.2451845906902086,0.579454253611557,0.5842696629213483,0.0590277777777777,14.49,0.463,0.579,True,True,True,False,False,False,True,47.0,0.18688670829616413,0.45,0.18688670829616413,1,0.47575,0.4764,0.4328746326707001,0.3816420237066304,0.4331719894431411,False,False,False,False
LENOVO Thinkpad P16s Gen 1 21bt005tva,Lenovo,Intel,Core i7,1260.0,4.7,8.0,DDR4,3200.0,512.0,16.0,1920 x 1200,,NVIDIA,1.8,3 cell 52.5Wh,37990000.0,data/anphat/detail_htmls\lenovo_154_specs.html,QUADRO T550,DISCRETE_WORKSTATION,False,0.6,0.8,0.5714285714285714,0.3591492776886035,0.8487158908507223,0.2222222222222222,37.99,0.626,0.359,True,True,True,False,False,False,True,52.5,0.3073148974130241,0.85,0.3073148974130241,1,0.7565,0.7453,0.4396948141745894,0.2481251543400419,0.4665876972465737,True,True,False,False
LENOVO Ideapad Slim 5 14irl8 82xd007qvn,Lenovo,Intel,Core i7,13620.0,4.9,16.0,LPDDR5,5200.0,512.0,14.0,1920 x 1200,,Intel,1.46,56.6Wh,22990000.0,data/anphat/detail_htmls\lenovo_155_specs.html,INTEL_UHD,INTEGRATED,False,0.8,0.8,0.7391653290529695,0.7323434991974318,0.2114767255216693,0.1180555555555555,22.99,0.77,0.732,True,True,True,True,False,True,False,56.6,0.4366636931311329,0.45,0.4366636931311329,1,0.5825,0.5985,0.6424356093344857,0.5565861526114335,0.6699132547228053,False,False,True,False
LENOVO Thinkpad L15 Gen 4 21h30024va,Lenovo,Intel,Core i7,1360.0,5.0,16.0,DDR4,3200.0,512.0,15.6,1920 x 1080,,Intel,1.77,3 cell /46.5Wh,27290000.0,data/anphat/detail_htmls\lenovo_156_specs.html,INTEL_IRIS_XE,INTEGRATED,False,0.8,0.8,0.8138041733547352,0.3848314606741573,0.5842696629213483,0.1479166666666666,27.29,0.807,0.385,True,True,True,False,False,False,True,46.5,0.16369313113291703,0.55,0.16369313113291703,1,0.65175,0.6646000000000001,0.5185951166810717,0.2923790745771082,0.5742936174219039,True,True,False,False
LENOVO V15 G4 Iah 83fs0032vn,Lenovo,Intel,Core i5,12500.0,4.5,8.0,DDR4,3200.0,512.0,15.6,1920 x 1080,,Intel,1.65,38Wh,14490000.0,data/anphat/detail_htmls\lenovo_157_specs.html,INTEL_IRIS_XE,INTEGRATED,False,0.6,0.8,0.3029695024077046,0.5417335473515249,0.5842696629213483,0.0590277777777777,14.49,0.491,0.542,True,True,True,False,False,False,True,38.0,0.008920606601248885,0.55,0.008920606601248885,1,0.54275,0.5398000000000001,0.4149646931719965,0.3343792443511544,0.4254599607976293,False,False,False,False
LENOVO Thinkpad X1 Carbon Gen 11 21hm009lvn,Lenovo,Intel,Core i7,1355.0,5.0,16.0,LPDDR5,6400.0,1024.0,14.0,2880 x 1800,,Intel,1.12,57Wh,52090000.0,data/anphat/detail_htmls\lenovo_158_specs.html,INTEL_IRIS_XE,INTEGRATED,False,0.8,1.0,0.8138041733547352,0.9691011235955056,0.2114767255216693,0.3201388888888888,52.09,0.847,0.969,True,True,True,True,False,True,False,57.0,0.4683318465655665,0.55,0.4683318465655665,1,0.66175,0.6766,0.7607200086430422,0.6644732374367206,0.7716686513767131,True,True,True,False
LENOVO V15 G4 Iru 83a1000rvn,Lenovo,Intel,Core i5,1335.0,4.6,8.0,DDR4,3200.0,512.0,15.6,1920 x 1080,,Intel,1.65,38Wh,14890000.0,data/anphat/detail_htmls\lenovo_160_specs.html,INTEL_IRIS_XE,INTEGRATED,False,0.6,0.8,0.4534510433386838,0.5417335473515249,0.5842696629213483,0.0618055555555555,14.89,0.567,0.542,True,True,True,False,False,False,True,38.0,0.008920606601248885,0.55,0.008920606601248885,1,0.56175,0.5626,0.4491646931719965,0.3343792443511544,0.4674499607976293,False,False,False,False
LENOVO Ideapad Slim 5 14iah8 83bf002nvn,Lenovo,Intel,Core i5,12450.0,4.4,16.0,LPDDR5,4800.0,512.0,14.0,1920 x 1200,,Intel,1.46,3 cell /56.6Wh,16990000.0,data/anphat/detail_htmls\lenovo_161_specs.html,INTEL_UHD,INTEGRATED,False,0.8,0.8,0.2451845906902086,0.7323434991974318,0.2114767255216693,0.0763888888888889,16.99,0.523,0.732,True,True,True,True,False,True,False,56.6,0.4366636931311329,0.45,0.4366636931311329,1,0.52075,0.5244,0.5312856093344858,0.5565861526114335,0.5334457547228053,False,False,False,False
LENOVO Thinkpad X1 Carbon Gen 11 21hm009pvn,Lenovo,Intel,Core i7,1355.0,5.0,16.0,LPDDR5,6400.0,512.0,14.0,1920 x 1200,,Intel,1.12,57Wh,48090000.0,data/anphat/detail_htmls\lenovo_159_specs.html,INTEL_IRIS_XE,INTEGRATED,False,0.8,0.8,0.8138041733547352,0.9691011235955056,0.2114767255216693,0.2923611111111111,48.09,0.807,0.969,True,True,True,True,False,True,False,57.0,0.4683318465655665,0.55,0.4683318465655665,1,0.65175,0.6646000000000001,0.7427200086430423,0.6644732374367206,0.7495686513767131,True,True,True,False
LENOVO Thinkpad P14s Gen 4 21hf0054va,Lenovo,Intel,Core i7,1360.0,5.0,32.0,LPDDR5X,7500.0,1024.0,14.0,2240 x 1400,,NVIDIA,1.34,3 cell 52.5Wh,45590000.0,data/anphat/detail_htmls\lenovo_164_specs.html,RTX 500,DISCRETE_GAMING,False,1.0,1.0,0.8138041733547352,0.8663723916532905,0.2114767255216693,0.275,45.59,0.907,0.866,True,True,True,True,False,True,False,52.5,0.3073148974130241,0.45,0.3073148974130241,1,0.64675,0.6696000000000001,0.7431111063094209,0.603101077293493,0.772470213297938,True,True,True,False
LENOVO Thinkpad T14s Gen 2 20wns7f400,Lenovo,Intel,Core i5,,4.2,8.0,,,256.0,14.0,1920 x 1080,,Intel,1.36,"4 Cell, 57WH",24990000.0,data/anphat/detail_htmls\lenovo_168_specs.html,INTEL_IRIS_XE,INTEGRATED,False,0.6,0.6,0.1978330658105939,0.851123595505618,0.2114767255216693,0.1319444444444444,24.99,0.399,0.851,True,True,True,True,False,True,False,57.0,0.4683318465655665,0.55,0.4683318465655665,1,0.51975,0.5122,0.5178278738115817,0.6113833497962712,0.494949213174466,False,False,False,False
LENOVO Thinkpad T14s Gen 3 21bss0bs00,Lenovo,Intel,Core i5,1235.0,4.4,8.0,LPDDR5,4800.0,256.0,14.0,1920 x 1200,,Intel,1.21,4 cell 57Wh,25990000.0,data/anphat/detail_htmls\lenovo_167_specs.html,INTEL_IRIS_XE,INTEGRATED,False,0.6,0.6,0.2451845906902086,0.9402086677367576,0.2114767255216693,0.1388888888888889,25.99,0.423,0.94,True,True,True,True,False,True,False,57.0,0.4683318465655665,0.55,0.4683318465655665,1,0.52575,0.5194,0.5598076490924805,0.651471632300284,0.530257768551673,False,False,False,False
LENOVO Thinkpad T14 Gen 3 21ahs01g00,Lenovo,Intel,Core i5,1235.0,4.4,8.0,,,256.0,14.0,1920 x 1200,,Intel,1.21,3 cell 39.3 Wh,24990000.0,data/anphat/detail_htmls\lenovo_169_specs.html,INTEL_IRIS_XE,INTEGRATED,False,0.6,0.6,0.2451845906902086,0.9402086677367576,0.2114767255216693,0.1319444444444444,24.99,0.423,0.94,True,True,True,True,False,True,False,39.3,0.021409455842997322,0.55,0.021409455842997322,1,0.52575,0.5194,0.525769187554019,0.5919043246079763,0.5030269993209038,False,False,False,False
LENOVO Thinkpad T14 Gen 2 20w1s5vd00,Lenovo,Intel,Core i7,,4.7,16.0,DDR4,,512.0,14.0,1920 x 1080,,Intel,1.47,"3 Cell, 50WH",25990000.0,data/anphat/detail_htmls\lenovo_171_specs.html,INTEL_IRIS_XE,INTEGRATED,False,0.8,0.8,0.5714285714285714,0.725521669341894,0.2114767255216693,0.1388888888888889,25.99,0.686,0.726,True,True,True,True,False,True,False,50.0,0.25111507582515613,0.55,0.25111507582515613,1,0.6215,0.6283000000000001,0.5895556611927398,0.5313047907149031,0.6116610056797136,True,True,False,False
LENOVO Legion Pro 7 16irx9h 83de001mvn,Lenovo,Intel,Core i9,14900.0,5.59,32.0,DDR5,,1024.0,16.0,2560 x 1600,240.0,NVIDIA,2.62,4 Cell 99.99 WHr,106990000.0,data/anphat/detail_htmls\lenovo_170_specs.html,RTX 4090,DISCRETE_GAMING,False,1.0,1.0,0.9839486356340288,0.031300160513643704,0.8487158908507223,0.7013888888888888,106.99,0.992,0.031,True,True,True,False,True,False,True,99.99,0.9906333630686887,1.0,0.9906333630686887,1,0.998,0.9976,0.5812554451166811,0.2607763226941597,0.6609202148413384,True,True,False,False
LENOVO Loq 15iax9 83fq0005vn,Lenovo,Intel,Core i5,12450.0,4.4,16.0,DDR5,4800.0,512.0,15.6,1920 x 1080,144.0,Intel,2.38,60Wh,21990000.0,data/anphat/detail_htmls\lenovo_173_specs.html,INTEL_GRAPHICS,INTEGRATED,False,0.8,0.8,0.2451845906902086,0.098314606741573,0.5842696629213483,0.1111111111111111,21.99,0.523,0.098,True,True,True,False,True,False,True,60.0,0.5709188224799286,0.45,0.5709188224799286,1,0.52075,0.5244,0.3167566551426102,0.209240338313372,0.367438562476849,False,False,False,False
LENOVO Thinkpad E16 Gen 1 21jn00fqvn,Lenovo,Intel,Core i7,13700.0,5.0,16.0,DDR4,3200.0,1024.0,16.0,1920 x 1200,,Intel,1.81,3 cell /57Wh,31990000.0,data/anphat/detail_htmls\lenovo_174_specs.html,INTEL_IRIS_XE,INTEGRATED,False,0.8,1.0,0.8138041733547352,0.3467094703049759,0.8487158908507223,0.1805555555555555,31.99,0.847,0.347,True,True,True,False,False,False,True,57.0,0.4683318465655665,0.55,0.4683318465655665,1,0.66175,0.6766,0.5434447277441659,0.2576714717866403,0.5925344218422026,True,True,False,False
LENOVO Legion 5 16irx9 83dg0051vn,Lenovo,Intel,Core i7,14650.0,5.2,16.0,DDR5,,1024.0,16.0,2560 x 1600,165.0,NVIDIA,1.66,80Wh,42990000.0,data/anphat/detail_htmls\lenovo_172_specs.html,RTX 4060,DISCRETE_GAMING,False,0.8,1.0,0.914526484751204,0.5056179775280899,0.8487158908507223,0.2569444444444444,42.99,0.897,0.506,True,True,True,False,False,False,True,80.0,0.8818019625334522,1.0,0.8818019625334522,1,0.94425,0.9391,0.6657934745030251,0.4065841461908878,0.6948738927645388,True,True,True,False
LENOVO Thinkpad E16 Gen 1 21jn00fgva,Lenovo,Intel,Core i7,13700.0,5.0,16.0,DDR4,3200.0,512.0,16.0,1920 x 1200,,Intel,1.81,3 cell /57Wh,23990000.0,data/anphat/detail_htmls\lenovo_176_specs.html,INTEL_IRIS_XE,INTEGRATED,False,0.8,0.8,0.8138041733547352,0.3467094703049759,0.8487158908507223,0.125,23.99,0.807,0.347,True,True,True,False,False,False,True,57.0,0.4683318465655665,0.55,0.4683318465655665,1,0.65175,0.6646000000000001,0.525444727744166,0.2576714717866403,0.5704344218422027,True,True,False,False
LENOVO Thinkpad E14 Gen 5 21jk00fsva,Lenovo,Intel,Core i7,13700.0,5.0,16.0,DDR4,3200.0,512.0,14.0,1920 x 1200,,Intel,1.43,3 cell /57Wh,23990000.0,data/anphat/detail_htmls\lenovo_175_specs.html,INTEL_IRIS_XE,INTEGRATED,False,0.8,0.8,0.8138041733547352,0.752808988764045,0.2114767255216693,0.125,23.99,0.807,0.753,True,True,True,True,False,True,False,57.0,0.4683318465655665,0.55,0.4683318465655665,1,0.65175,0.6646000000000001,0.6670177614520311,0.5671417767625633,0.6960363480059266,True,True,True,False
LENOVO Ideapad Slim 3 15irh8 83em003fvn,Lenovo,Intel,Core i7,13620.0,4.9,16.0,LPDDR5,4800.0,1024.0,15.6,1920 x 1080,,Intel,1.62,3 cell /47Wh,20990000.0,data/anphat/detail_htmls\lenovo_178_specs.html,INTEL_UHD,INTEGRATED,False,0.8,1.0,0.7391653290529695,0.579454253611557,0.5842696629213483,0.1041666666666666,20.99,0.81,0.579,True,True,True,False,False,False,True,47.0,0.18688670829616413,0.45,0.18688670829616413,1,0.5925,0.6105,0.5890246326707002,0.3816420237066304,0.624889489443141,False,True,False,False
LENOVO Thinkpad E16 Gen 1 21jn0062va,Lenovo,Intel,Core i5,1335.0,4.6,8.0,DDR4,3200.0,512.0,16.0,1920 x 1200,,Intel,1.81,3 cell /47Wh,19900000.0,data/anphat/detail_htmls\lenovo_177_specs.html,INTEL_IRIS_XE,INTEGRATED,False,0.6,0.8,0.4534510433386838,0.3467094703049759,0.8487158908507223,0.0965972222222222,19.9,0.567,0.347,True,True,True,False,False,False,True,47.0,0.18688670829616413,0.55,0.18688670829616413,1,0.56175,0.5626,0.3982139585133966,0.2240176256327941,0.4224498064575873,False,False,False,False
LENOVO Ideapad Slim 3 14irh8 83el0023vn,Lenovo,Intel,Core i7,13620.0,4.9,16.0,LPDDR5,4800.0,512.0,14.0,1920 x 1080,,Intel,1.37,3 cell /47Wh,18990000.0,data/anphat/detail_htmls\lenovo_179_specs.html,INTEL_UHD,INTEGRATED,False,0.8,0.8,0.7391653290529695,0.8430979133226324,0.2114767255216693,0.0902777777777777,18.99,0.77,0.843,True,True,True,True,False,True,False,47.0,0.18688670829616413,0.45,0.18688670829616413,1,0.5825,0.5985,0.6627381158167676,0.5741179466600814,0.6825557414495617,False,False,True,False
LENOVO Loq 15irx9 83dv00ervn,Lenovo,Intel,Core i7,13650.0,4.9,16.0,DDR5,4800.0,512.0,15.6,1920 x 1080,144.0,NVIDIA,2.38,60Wh,35990000.0,data/anphat/detail_htmls\lenovo_180_specs.html,RTX 4060,DISCRETE_GAMING,False,0.8,0.8,0.7391653290529695,0.098314606741573,0.5842696629213483,0.2083333333333333,35.99,0.77,0.098,True,True,True,False,True,False,True,60.0,0.5709188224799286,1.0,0.5709188224799286,1,0.9125,0.901,0.4279066551426102,0.209240338313372,0.503906062476849,True,True,False,False
LENOVO Legion 7 16irx9 83fd004mvn,Lenovo,Intel,Core i9,14900.0,5.8,32.0,DDR5,5600.0,1024.0,16.0,3200 x 2000,165.0,NVIDIA,2.24,99.99 WHr,66990000.0,data/anphat/detail_htmls\lenovo_181_specs.html,RTX 4070,DISCRETE_GAMING,False,1.0,1.0,0.9891653290529696,0.1556982343499197,0.8487158908507223,0.4236111111111111,66.99,0.995,0.156,True,True,True,False,False,False,True,99.99,0.9906333630686887,1.0,0.9906333630686887,1,0.99875,0.9985,0.6261447709593777,0.316755455920484,0.6933662381158168,True,True,True,False
LENOVO Thinkpad X1 Carbon Gen 12 21kc008nvn,Lenovo,Intel,Core Ultra 7,155.0,4.8,32.0,LPDDR5X,6400.0,1024.0,14.0,1920 x 1200,60.0,Intel,1.09,57Wh,57200000.0,data/anphat/detail_htmls\lenovo_182_specs.html,INTEL_GRAPHICS,INTEGRATED,False,1.0,1.0,0.6460674157303371,0.9735152487961477,0.2114767255216693,0.355625,57.2,0.823,0.974,True,True,True,True,False,True,False,57.0,0.4683318465655665,0.45,0.4683318465655665,1,0.62575,0.6444,0.7514649524632669,0.6664595937770095,0.7595011473638721,True,True,True,False
LENOVO Thinkpad X1 Carbon Gen 12 21kc008mvn,Lenovo,Intel,Core Ultra 7,155.0,4.8,16.0,LPDDR5X,6400.0,512.0,14.0,1920 x 1200,60.0,Intel,1.09,57Wh,54290000.0,data/anphat/detail_htmls\lenovo_183_specs.html,INTEL_GRAPHICS,INTEGRATED,False,0.8,0.8,0.6460674157303371,0.9735152487961477,0.2114767255216693,0.3354166666666666,54.29,0.723,0.974,True,True,True,True,False,True,False,57.0,0.4683318465655665,0.45,0.4683318465655665,1,0.57075,0.5844,0.706464952463267,0.6664595937770095,0.7042511473638721,False,False,True,False
LENOVO Legion 9 16irx9 83g0001avn,Lenovo,Intel,Core i9,14900.0,5.8,64.0,DDR5,5600.0,1024.0,16.0,3200 x 2000,165.0,NVIDIA,2.6,99.9Wh,142000000.0,data/anphat/detail_htmls\lenovo_185_specs.html,RTX 4090,DISCRETE_GAMING,False,1.0,1.0,0.9891653290529696,0.0341091492776886,0.8487158908507223,0.9445138888888888,142.0,0.995,0.034,True,True,True,False,True,False,True,99.9,0.983942908117752,1.0,0.983942908117752,1,0.99875,0.9985,0.5834155142610199,0.2617374830225954,0.663134478021978,True,True,False,False
LENOVO Thinkpad E14 Gen 5 21jk00h4va,Lenovo,Intel,Core i5,13420.0,4.6,8.0,DDR4,3200.0,512.0,14.0,1920 x 1200,,Intel,1.43,3 cell /47Wh,19790000.0,data/anphat/detail_htmls\lenovo_187_specs.html,INTEL_UHD,INTEGRATED,False,0.6,0.8,0.4534510433386838,0.752808988764045,0.2114767255216693,0.0958333333333333,19.79,0.567,0.753,True,True,True,True,False,True,False,47.0,0.18688670829616413,0.45,0.18688670829616413,1,0.50175,0.5075999999999999,0.5397869922212619,0.5334879306087172,0.5480517326213112,False,False,False,False
LENOVO Thinkpad X1 Carbon Gen 12 21kc009nvn,Lenovo,Intel,Core Ultra 5,125.0,4.5,32.0,LPDDR5X,6400.0,1024.0,14.0,1920 x 1200,60.0,Intel,1.09,57Wh,51990000.0,data/anphat/detail_htmls\lenovo_188_specs.html,INTEL_GRAPHICS,INTEGRATED,False,1.0,1.0,0.3029695024077046,0.9735152487961477,0.2114767255216693,0.3194444444444444,51.99,0.651,0.974,True,True,True,True,False,True,False,57.0,0.4683318465655665,0.45,0.4683318465655665,1,0.58275,0.5928,0.674064952463267,0.6664595937770095,0.6644711473638721,False,False,True,False
LENOVO Loq 15aph9 83dx0085vn,Lenovo,AMD,Ryzen 7,8845.0,5.1,16.0,DDR5,5600.0,512.0,15.6,1920 x 1080,144.0,NVIDIA,2.38,60Wh,34490000.0,data/anphat/detail_htmls\lenovo_184_specs.html,RTX 4060,DISCRETE_GAMING,False,0.8,0.8,0.8743980738362761,0.098314606741573,0.5842696629213483,0.1979166666666666,34.49,0.837,0.098,True,True,True,False,True,False,True,60.0,0.5709188224799286,1.0,0.5709188224799286,1,0.92925,0.9211,0.4580566551426102,0.209240338313372,0.5409235624768489,True,True,False,False
LENOVO Ideapad Slim 3 14iah8 83eq0004vn,Lenovo,Intel,Core i5,12450.0,4.4,8.0,LPDDR5,4800.0,512.0,14.0,1920 x 1080,,Intel,1.37,3 cell /47Wh,14990000.0,data/anphat/detail_htmls\lenovo_186_specs.html,INTEL_UHD,INTEGRATED,False,0.6,0.8,0.2451845906902086,0.8430979133226324,0.2114767255216693,0.0625,14.99,0.463,0.843,True,True,True,True,False,True,False,47.0,0.18688670829616413,0.45,0.18688670829616413,1,0.47575,0.4764,0.5245881158167676,0.5741179466600814,0.5129382414495617,False,False,False,False
LENOVO Thinkpad E16 Gen 1 21jn00gjvn,Lenovo,Intel,Core i5,13420.0,4.6,8.0,DDR4,3200.0,512.0,16.0,1920 x 1200,,Intel,1.81,3 cell /47Wh,20990000.0,data/anphat/detail_htmls\lenovo_189_specs.html,INTEL_UHD,INTEGRATED,False,0.6,0.8,0.4534510433386838,0.3467094703049759,0.8487158908507223,0.1041666666666666,20.99,0.567,0.347,True,True,True,False,False,False,True,47.0,0.18688670829616413,0.45,0.18688670829616413,1,0.50175,0.5075999999999999,0.3982139585133966,0.2240176256327941,0.4224498064575873,False,False,False,False
LENOVO Thinkpad E14 Gen 5 21jk00h3va,Lenovo,Intel,Core i5,13420.0,4.6,8.0,DDR4,3200.0,512.0,14.0,1920 x 1200,,Intel,1.43,3 cell /47Wh,20990000.0,data/anphat/detail_htmls\lenovo_190_specs.html,INTEL_UHD,INTEGRATED,False,0.6,0.8,0.4534510433386838,0.752808988764045,0.2114767255216693,0.1041666666666666,20.99,0.567,0.753,True,True,True,True,False,True,False,47.0,0.18688670829616413,0.45,0.18688670829616413,1,0.50175,0.5075999999999999,0.5397869922212619,0.5334879306087172,0.5480517326213112,False,False,False,False
LENOVO Thinkpad T16 Gen 3 21mn007eva,Lenovo,Intel,Core Ultra 7,155.0,4.8,16.0,DDR5,5600.0,512.0,16.0,1920 x 1200,,Intel,1.66,3 cell 52.5Wh,34990000.0,data/anphat/detail_htmls\lenovo_193_specs.html,INTEL_GRAPHICS,INTEGRATED,False,0.8,0.8,0.6460674157303371,0.5056179775280899,0.8487158908507223,0.2013888888888889,34.99,0.723,0.506,True,True,True,False,False,False,True,52.5,0.3073148974130241,0.45,0.3073148974130241,1,0.57075,0.5844,0.5346088591184096,0.3140360692678108,0.5564312004568465,False,False,False,False
LENOVO Legion Slim 5 16irh8 82ya00bsvn,Lenovo,Intel,Core i5,13500.0,4.7,16.0,DDR5,5200.0,512.0,16.0,2560 x 1600,165.0,NVIDIA,2.4,80Wh,35990000.0,data/anphat/detail_htmls\lenovo_192_specs.html,RTX 4050,DISCRETE_GAMING,False,0.8,0.8,0.5714285714285714,0.0806581059390048,0.8487158908507223,0.2083333333333333,35.99,0.686,0.081,True,True,True,False,True,False,True,80.0,0.8818019625334522,1.0,0.8818019625334522,1,0.8915,0.8758,0.4223884183232498,0.2157133596740338,0.4733174601802691,True,True,False,False
LENOVO Thinkpad P14s Gen 5 T 21g2003rvn,Lenovo,Intel,Core Ultra 7,155.0,4.8,32.0,DDR5,5600.0,1024.0,14.5,3072 x 1920,120.0,NVIDIA,1.61,75Wh,55990000.0,data/anphat/detail_htmls\lenovo_194_specs.html,RTX 500,DISCRETE_GAMING,False,1.0,1.0,0.6460674157303371,0.5930979133226324,0.3936597110754414,0.3472222222222222,55.99,0.823,0.593,True,True,True,False,False,False,False,75.0,0.7979482604817127,0.45,0.7979482604817127,1,0.62575,0.6444,0.6534960674157304,0.520134430176565,0.6861501163723918,True,True,True,False
LENOVO Thinkpad P14s Gen 4 T 21hf0053va,Lenovo,Intel,Core i7,1360.0,5.0,32.0,LPDDR5X,7500.0,512.0,14.0,2240 x 1400,,NVIDIA,1.34,3 cell 52.5Wh,41490000.0,data/anphat/detail_htmls\lenovo_191_specs.html,RTX 500,DISCRETE_GAMING,False,1.0,0.8,0.8138041733547352,0.8663723916532905,0.2114767255216693,0.2465277777777778,41.49,0.867,0.866,True,True,True,True,False,True,False,52.5,0.3073148974130241,0.45,0.3073148974130241,1,0.63675,0.6576000000000001,0.7251111063094209,0.603101077293493,0.750370213297938,True,True,True,False
LENOVO Thinkpad P14s Gen 5 T 21g2003tvn,Lenovo,Intel,Core Ultra 7,155.0,4.8,64.0,DDR5,5600.0,1024.0,14.5,3072 x 1920,120.0,NVIDIA,1.61,75Wh,59990000.0,data/anphat/detail_htmls\lenovo_195_specs.html,RTX 500,DISCRETE_GAMING,False,1.0,1.0,0.6460674157303371,0.5930979133226324,0.3936597110754414,0.375,59.99,0.823,0.593,True,True,True,False,False,False,False,75.0,0.7979482604817127,0.45,0.7979482604817127,1,0.62575,0.6444,0.6534960674157304,0.520134430176565,0.6861501163723918,True,True,True,False
LENOVO Thinkpad P14s Gen 5 T 21g2003uvn,Lenovo,Intel,Core Ultra 7,155.0,4.8,96.0,DDR5,5600.0,2048.0,14.5,3072 x 1920,120.0,NVIDIA,1.61,75Wh,66990000.0,data/anphat/detail_htmls\lenovo_196_specs.html,RTX 500,DISCRETE_GAMING,False,1.0,1.0,0.6460674157303371,0.5930979133226324,0.3936597110754414,0.4236111111111111,66.99,0.823,0.593,True,True,True,False,False,False,False,75.0,0.7979482604817127,0.45,0.7979482604817127,1,0.62575,0.6444,0.6534960674157304,0.520134430176565,0.6861501163723918,True,True,True,False
LENOVO Thinkpad P16s Gen3 T 21ks0039va,Lenovo,Intel,Core Ultra 5,125.0,4.5,16.0,DDR5,5600.0,512.0,16.0,1920 x 1200,,NVIDIA,1.82,75Wh,38750000.0,data/anphat/detail_htmls\lenovo_197_specs.html,RTX 500,DISCRETE_GAMING,False,0.8,0.8,0.3029695024077046,0.3354735152487961,0.8487158908507223,0.2275,38.75,0.551,0.335,True,True,True,False,False,False,True,75.0,0.7979482604817127,0.45,0.7979482604817127,1,0.52775,0.5328,0.4409275280898877,0.3131922150882825,0.4539058306581059,False,False,False,False
LENOVO Thinkpad P16s Gen3 T 21ks003ava,Lenovo,Intel,Core Ultra 5,125.0,4.5,32.0,DDR5,5600.0,512.0,16.0,1920 x 1200,,NVIDIA,1.82,75Wh,40390000.0,data/anphat/detail_htmls\lenovo_198_specs.html,RTX 500,DISCRETE_GAMING,False,1.0,0.8,0.3029695024077046,0.3354735152487961,0.8487158908507223,0.2388888888888889,40.39,0.611,0.335,True,True,True,False,False,False,True,75.0,0.7979482604817127,0.45,0.7979482604817127,1,0.57275,0.5808,0.4679275280898877,0.3131922150882825,0.487055830658106,False,False,False,False
LENOVO Thinkpad P16s Gen3 T 21ks003bvn,Lenovo,Intel,Core Ultra 5,125.0,4.5,16.0,DDR5,5600.0,512.0,16.0,1920 x 1200,,NVIDIA,1.82,75Wh,43640000.0,data/anphat/detail_htmls\lenovo_199_specs.html,RTX 500,DISCRETE_GAMING,False,0.8,0.8,0.3029695024077046,0.3354735152487961,0.8487158908507223,0.2614583333333333,43.64,0.551,0.335,True,True,True,False,False,False,True,75.0,0.7979482604817127,0.45,0.7979482604817127,1,0.52775,0.5328,0.4409275280898877,0.3131922150882825,0.4539058306581059,False,False,False,False
LENOVO Thinkpad P16s Gen3 T 21ks003cvn,Lenovo,Intel,Core Ultra 5,125.0,4.5,32.0,DDR5,5600.0,1024.0,16.0,1920 x 1200,,NVIDIA,1.82,75Wh,46730000.0,data/anphat/detail_htmls\lenovo_200_specs.html,RTX 500,DISCRETE_GAMING,False,1.0,1.0,0.3029695024077046,0.3354735152487961,0.8487158908507223,0.2829166666666666,46.73,0.651,0.335,True,True,True,False,False,False,True,75.0,0.7979482604817127,0.45,0.7979482604817127,1,0.58275,0.5928,0.4859275280898877,0.3131922150882825,0.509155830658106,False,False,False,False
LENOVO Thinkpad P16s Gen3 T 21ks0037va,Lenovo,Intel,Core Ultra 7,155.0,4.8,64.0,DDR5,5600.0,1024.0,16.0,1920 x 1200,,NVIDIA,1.82,75Wh,50530000.0,data/anphat/detail_htmls\lenovo_201_specs.html,RTX 500,DISCRETE_GAMING,False,1.0,1.0,0.6460674157303371,0.3354735152487961,0.8487158908507223,0.3093055555555555,50.53,0.823,0.335,True,True,True,False,False,False,True,75.0,0.7979482604817127,0.45,0.7979482604817127,1,0.62575,0.6444,0.5633275280898877,0.3131922150882825,0.604185830658106,True,True,False,False
LENOVO Thinkpad P16v Gen 1 T 21fc004bva,Lenovo,Intel,Core i7,13700.0,5.0,32.0,DDR5,5600.0,1024.0,16.0,1920 x 1200,,NVIDIA,2.2,90Wh,55650000.0,data/anphat/detail_htmls\lenovo_202_specs.html,RTX 1000,DISCRETE_GAMING,False,1.0,1.0,0.8138041733547352,0.1761637239165329,0.8487158908507223,0.3448611111111111,55.65,0.907,0.176,True,True,True,False,False,False,True,90.0,0.9402319357716324,0.45,0.9402319357716324,1,0.64675,0.6696000000000001,0.5744961538461539,0.2923447339177676,0.6344422160143228,True,True,False,False
LENOVO Thinkpad P16v Gen 1 T 21fc004dvn,Lenovo,Intel,Core i7,13700.0,5.0,64.0,DDR5,5600.0,1024.0,16.0,3840 x 2400,,NVIDIA,2.2,90Wh,71560000.0,data/anphat/detail_htmls\lenovo_204_specs.html,RTX 1000,DISCRETE_GAMING,False,1.0,1.0,0.8138041733547352,0.1761637239165329,0.8487158908507223,0.4553472222222222,71.56,0.907,0.176,True,True,True,False,False,False,True,90.0,0.9402319357716324,0.45,0.9402319357716324,1,0.64675,0.6696000000000001,0.5744961538461539,0.2923447339177676,0.6344422160143228,True,True,False,False
LENOVO Thinkpad P16v Gen 1 T 21fc004cvn,Lenovo,Intel,Core i7,13700.0,5.0,32.0,DDR5,5600.0,1024.0,16.0,3840 x 2400,,NVIDIA,2.2,90Wh,68680000.0,data/anphat/detail_htmls\lenovo_203_specs.html,RTX 1000,DISCRETE_GAMING,False,1.0,1.0,0.8138041733547352,0.1761637239165329,0.8487158908507223,0.4353472222222222,68.68,0.907,0.176,True,True,True,False,False,False,True,90.0,0.9402319357716324,0.45,0.9402319357716324,1,0.64675,0.6696000000000001,0.5744961538461539,0.2923447339177676,0.6344422160143228,True,True,False,False
LENOVO Thinkpad P16s Gen3 T 21ks0035vn,Lenovo,Intel,Core Ultra 7,155.0,4.8,64.0,DDR5,5600.0,1024.0,16.0,1920 x 1200,,NVIDIA,1.82,75Wh,55420000.0,data/anphat/detail_htmls\lenovo_205_specs.html,RTX 500,DISCRETE_GAMING,False,1.0,1.0,0.6460674157303371,0.3354735152487961,0.8487158908507223,0.3432638888888888,55.42,0.823,0.335,True,True,True,False,False,False,True,75.0,0.7979482604817127,0.45,0.7979482604817127,1,0.62575,0.6444,0.5633275280898877,0.3131922150882825,0.604185830658106,True,True,False,False
LENOVO Thinkpad P16s Gen3 T 21ks0036vn,Lenovo,Intel,Core Ultra 7,155.0,4.8,64.0,DDR5,5600.0,2048.0,16.0,1920 x 1200,,NVIDIA,1.82,75Wh,69170000.0,data/anphat/detail_htmls\lenovo_206_specs.html,RTX 500,DISCRETE_GAMING,False,1.0,1.0,0.6460674157303371,0.3354735152487961,0.8487158908507223,0.43875,69.17,0.823,0.335,True,True,True,False,False,False,True,75.0,0.7979482604817127,0.45,0.7979482604817127,1,0.62575,0.6444,0.5633275280898877,0.3131922150882825,0.604185830658106,True,True,False,False
LENOVO Thinkpad P16v Gen 2 T 21kx0037va,Lenovo,Intel,Core Ultra 7,155.0,4.8,64.0,DDR5,5600.0,1024.0,16.0,1920 x 1200,,NVIDIA,2.22,90Wh,63240000.0,data/anphat/detail_htmls\lenovo_207_specs.html,RTX 1000,DISCRETE_GAMING,False,1.0,1.0,0.6460674157303371,0.1621187800963082,0.8487158908507223,0.3975694444444444,63.24,0.823,0.162,True,True,True,False,False,False,True,90.0,0.9402319357716324,0.45,0.9402319357716324,1,0.62575,0.6444,0.5317804235090753,0.2860245091986665,0.5845560924188171,True,True,False,False
LENOVO Thinkpad P16v Gen 2 T 21kx0038va,Lenovo,Intel,Core Ultra 7,155.0,4.8,32.0,DDR5,5600.0,1024.0,16.0,3840 x 2400,,NVIDIA,2.22,90Wh,67770000.0,data/anphat/detail_htmls\lenovo_208_specs.html,RTX 1000,DISCRETE_GAMING,False,1.0,1.0,0.6460674157303371,0.1621187800963082,0.8487158908507223,0.4290277777777778,67.77,0.823,0.162,True,True,True,False,False,False,True,90.0,0.9402319357716324,0.45,0.9402319357716324,1,0.62575,0.6444,0.5317804235090753,0.2860245091986665,0.5845560924188171,True,True,False,False
LENOVO Thinkpad P16v Gen 2 T 21kx0036vn,Lenovo,Intel,Core Ultra 7,155.0,4.8,64.0,DDR5,5600.0,1024.0,16.0,3840 x 2400,,NVIDIA,2.22,90Wh,72680000.0,data/anphat/detail_htmls\lenovo_209_specs.html,RTX 1000,DISCRETE_GAMING,False,1.0,1.0,0.6460674157303371,0.1621187800963082,0.8487158908507223,0.463125,72.68,0.823,0.162,True,True,True,False,False,False,True,90.0,0.9402319357716324,0.45,0.9402319357716324,1,0.62575,0.6444,0.5317804235090753,0.2860245091986665,0.5845560924188171,True,True,False,False
LENOVO Thinkpad L14 Gen 5 T 21l10043va,Lenovo,Intel,Core Ultra 5,125.0,4.3,16.0,DDR5,5600.0,512.0,14.0,1920 x 1200,,Intel,1.4,3 cell /46.5Wh,23990000.0,data/anphat/detail_htmls\lenovo_210_specs.html,INTEL_GRAPHICS,INTEGRATED,False,0.8,0.8,0.2146869983948635,0.7885232744783306,0.2114767255216693,0.125,23.99,0.507,0.789,True,True,True,True,False,True,False,46.5,0.16369313113291703,0.45,0.16369313113291703,1,0.51675,0.5196000000000001,0.5243254537597234,0.5478766668724534,0.5229717875663662,False,False,False,False
LENOVO Thinkpad E14 Gen 6 21m70051vn,Lenovo,Intel,Core Ultra 7,155.0,4.8,32.0,DDR5,5600.0,1024.0,14.0,2240 x 1400,,Intel,1.44,3 cell /47Wh,33990000.0,data/anphat/detail_htmls\lenovo_211_specs.html,INTEL_GRAPHICS,INTEGRATED,False,1.0,1.0,0.6460674157303371,0.742776886035313,0.2114767255216693,0.1944444444444444,33.99,0.823,0.743,True,True,True,True,False,True,False,47.0,0.18688670829616413,0.45,0.18688670829616413,1,0.62575,0.6444,0.6514757562662058,0.5289734843807878,0.6870087871959503,True,True,True,False
LENOVO Thinkpad E16 Gen 1 21jn00glvn,Lenovo,Intel,Core i5,13420.0,4.6,8.0,DDR4,3200.0,512.0,16.0,1920 x 1200,,Intel,1.81,3 cell /47Wh,21990000.0,data/anphat/detail_htmls\lenovo_212_specs.html,INTEL_UHD,INTEGRATED,False,0.6,0.8,0.4534510433386838,0.3467094703049759,0.8487158908507223,0.1111111111111111,21.99,0.567,0.347,True,True,True,False,False,False,True,47.0,0.18688670829616413,0.45,0.18688670829616413,1,0.50175,0.5075999999999999,0.3982139585133966,0.2240176256327941,0.4224498064575873,False,False,False,False
LENOVO Thinkpad E16 Gen 2 21ma0048vn,Lenovo,Intel,Core Ultra 5,125.0,4.3,16.0,DDR5,5600.0,1024.0,16.0,1920 x 1200,,Intel,1.81,3 cell /47Wh,24890000.0,data/anphat/detail_htmls\lenovo_213_specs.html,INTEL_GRAPHICS,INTEGRATED,False,0.8,1.0,0.2146869983948635,0.3467094703049759,0.8487158908507223,0.13125,24.89,0.547,0.347,True,True,True,False,False,False,True,47.0,0.18688670829616413,0.45,0.18688670829616413,1,0.52675,0.5316000000000001,0.3892139585133967,0.2240176256327941,0.4113998064575873,False,False,False,False
LENOVO Thinkpad L14 Gen 5 T 21l1003wva,Lenovo,Intel,Core Ultra 7,155.0,4.8,16.0,DDR5,5600.0,512.0,14.0,1920 x 1200,,Intel,1.4,3 cell /46.5Wh,28590000.0,data/anphat/detail_htmls\lenovo_216_specs.html,INTEL_GRAPHICS,INTEGRATED,False,0.8,0.8,0.6460674157303371,0.7885232744783306,0.2114767255216693,0.1569444444444444,28.59,0.723,0.789,True,True,True,True,False,True,False,46.5,0.16369313113291703,0.45,0.16369313113291703,1,0.57075,0.5844,0.6215254537597233,0.5478766668724534,0.6423117875663662,False,False,True,False
LENOVO Ideapad Slim 3 15irh8 83em003evn,Lenovo,Intel,Core i7,13620.0,4.9,16.0,LPDDR5,4800.0,512.0,15.6,1920 x 1080,,Intel,1.62,3 cell /47Wh,19990000.0,data/anphat/detail_htmls\lenovo_217_specs.html,INTEL_UHD,INTEGRATED,False,0.8,0.8,0.7391653290529695,0.579454253611557,0.5842696629213483,0.0972222222222222,19.99,0.77,0.579,True,True,True,False,False,False,True,47.0,0.18688670829616413,0.45,0.18688670829616413,1,0.5825,0.5985,0.5710246326707001,0.3816420237066304,0.602789489443141,False,False,False,False
LENOVO V14 G4 Iru 83a000bhvn,Lenovo,Intel,Core i5,13420.0,4.6,8.0,DDR4,3200.0,512.0,14.0,1920 x 1080,,Intel,1.43,38Wh,16490000.0,data/anphat/detail_htmls\lenovo_218_specs.html,INTEL_UHD,INTEGRATED,False,0.6,0.8,0.4534510433386838,0.752808988764045,0.2114767255216693,0.0729166666666666,16.49,0.567,0.753,True,True,True,True,False,True,False,38.0,0.008920606601248885,0.45,0.008920606601248885,1,0.50175,0.5075999999999999,0.5224792999135696,0.5031994690702557,0.5342055787751574,False,False,False,False
LENOVO Thinkpad X1 Carbon Gen 12 21kc008pvn,Lenovo,Intel,Core Ultra 7,155.0,4.8,32.0,LPDDR5X,6400.0,1024.0,14.0,2880 x 1800,120.0,Intel,1.09,57Wh,62990000.0,data/anphat/detail_htmls\lenovo_219_specs.html,INTEL_GRAPHICS,INTEGRATED,False,1.0,1.0,0.6460674157303371,0.9735152487961477,0.2114767255216693,0.3958333333333333,62.99,0.823,0.974,True,True,True,True,False,True,False,57.0,0.4683318465655665,0.45,0.4683318465655665,1,0.62575,0.6444,0.7514649524632669,0.6664595937770095,0.7595011473638721,True,True,True,False
LENOVO Thinkpad E14 Gen 5 21jk00pfva,Lenovo,Intel,Core i7,1355.0,5.0,8.0,DDR4,3200.0,512.0,14.0,1920 x 1200,,Intel,1.41,3 cell /47Wh,24090000.0,data/anphat/detail_htmls\lenovo_220_specs.html,INTEL_IRIS_XE,INTEGRATED,False,0.6,0.8,0.8138041733547352,0.7664526484751204,0.2114767255216693,0.1256944444444444,24.09,0.747,0.766,True,True,True,True,False,True,False,47.0,0.18688670829616413,0.55,0.18688670829616413,1,0.60675,0.6166,0.6255622731201383,0.5396275774787012,0.6508785383998025,True,True,True,False
LENOVO Thinkpad E14 Gen 6 21m7004uvn,Lenovo,Intel,Core Ultra 7,155.0,4.8,16.0,DDR5,5600.0,512.0,14.0,1920 x 1200,,Intel,1.44,3 cell /47Wh,28390000.0,data/anphat/detail_htmls\lenovo_221_specs.html,INTEL_GRAPHICS,INTEGRATED,False,0.8,0.8,0.6460674157303371,0.742776886035313,0.2114767255216693,0.1555555555555555,28.39,0.723,0.743,True,True,True,True,False,True,False,47.0,0.18688670829616413,0.45,0.18688670829616413,1,0.57075,0.5844,0.6064757562662056,0.5289734843807878,0.6317587871959501,False,False,True,False
LENOVO Thinkpad E16 Gen 2 21ma004ava,Lenovo,Intel,Core Ultra 5,125.0,4.5,16.0,DDR5,5600.0,512.0,16.0,1920 x 1200,,Intel,1.81,3 cell /47Wh,23090000.0,data/anphat/detail_htmls\lenovo_222_specs.html,INTEL_GRAPHICS,INTEGRATED,False,0.8,0.8,0.3029695024077046,0.3467094703049759,0.8487158908507223,0.11875,23.09,0.551,0.347,True,True,True,False,False,False,True,47.0,0.18688670829616413,0.45,0.18688670829616413,1,0.52775,0.5328,0.3910139585133967,0.2240176256327941,0.4136098064575874,False,False,False,False
LENOVO Thinkpad E16 Gen 2 21ma004cvn,Lenovo,Intel,Core Ultra 5,125.0,4.5,16.0,DDR5,5600.0,512.0,16.0,1920 x 1200,,Intel,1.81,3 cell /47Wh,24290000.0,data/anphat/detail_htmls\lenovo_223_specs.html,INTEL_GRAPHICS,INTEGRATED,False,0.8,0.8,0.3029695024077046,0.3467094703049759,0.8487158908507223,0.1270833333333333,24.29,0.551,0.347,True,True,True,False,False,False,True,47.0,0.18688670829616413,0.45,0.18688670829616413,1,0.52775,0.5328,0.3910139585133967,0.2240176256327941,0.4136098064575874,False,False,False,False
LENOVO Thinkpad E16 Gen 2 21ma004evn,Lenovo,Intel,Core Ultra 5,125.0,4.5,32.0,DDR5,5600.0,1024.0,16.0,1920 x 1200,,Intel,1.81,3 cell /47Wh,27090000.0,data/anphat/detail_htmls\lenovo_224_specs.html,INTEL_GRAPHICS,INTEGRATED,False,1.0,1.0,0.3029695024077046,0.3467094703049759,0.8487158908507223,0.1465277777777777,27.09,0.651,0.347,True,True,True,False,False,False,True,47.0,0.18688670829616413,0.45,0.18688670829616413,1,0.58275,0.5928,0.4360139585133967,0.2240176256327941,0.4688598064575873,False,False,False,False
LENOVO Thinkpad E14 Gen 5 21jk006hva,Lenovo,Intel,Core i7,1355.0,5.0,8.0,DDR4,3200.0,512.0,14.0,1920 x 1200,,Intel,1.53,3 cell /47Wh,25690000.0,data/anphat/detail_htmls\lenovo_225_specs.html,INTEL_IRIS_XE,INTEGRATED,False,0.6,0.8,0.8138041733547352,0.656099518459069,0.2114767255216693,0.1368055555555555,25.69,0.747,0.656,True,True,True,True,False,True,False,47.0,0.18688670829616413,0.55,0.18688670829616413,1,0.60675,0.6166,0.5869386776145203,0.4899686689714779,0.6235661387208298,True,True,False,False
LENOVO Thinkpad T14s Gen 5 21ls005uva,Lenovo,Intel,Core Ultra 7,155.0,4.8,16.0,LPDDR5X,6400.0,1024.0,14.0,1920 x 1200,,Intel,1.24,3 cell /58Wh,36990000.0,data/anphat/detail_htmls\lenovo_226_specs.html,INTEL_GRAPHICS,INTEGRATED,False,0.8,1.0,0.6460674157303371,0.9249598715890851,0.2114767255216693,0.2152777777777778,36.99,0.763,0.925,True,True,True,True,False,True,False,58.0,0.5156110615521855,0.45,0.5156110615521855,1,0.58075,0.5964,0.7093936473638721,0.6479750586492161,0.7158721530435856,False,False,True,False
LENOVO Thinkpad E16 Gen 1 21jn006ava,Lenovo,Intel,Core i7,1355.0,5.0,8.0,DDR4,3200.0,512.0,16.0,1920 x 1200,,Intel,1.81,3 cell /47Wh,25690000.0,data/anphat/detail_htmls\lenovo_227_specs.html,INTEL_IRIS_XE,INTEGRATED,False,0.6,0.8,0.8138041733547352,0.3467094703049759,0.8487158908507223,0.1368055555555555,25.69,0.747,0.347,True,True,True,False,False,False,True,47.0,0.18688670829616413,0.55,0.18688670829616413,1,0.60675,0.6166,0.4792139585133967,0.2240176256327941,0.5218998064575873,True,True,False,False
LENOVO Thinkpad X1 Carbon Gen 10 21cb009wvn,Lenovo,Intel,Core i5,1240.0,4.4,16.0,LPDDR5,5200.0,512.0,14.0,2240 x 1400,,Intel,1.12,"4 Cell, 57Wh",47490000.0,data/anphat/detail_htmls\lenovo_228_specs.html,INTEL_IRIS_XE,INTEGRATED,False,0.8,0.8,0.2451845906902086,0.9691011235955056,0.2114767255216693,0.2881944444444444,47.49,0.523,0.969,True,True,True,True,False,True,False,57.0,0.4683318465655665,0.55,0.4683318465655665,1,0.58075,0.5794,0.6149200086430423,0.6644732374367206,0.5926586513767131,False,False,True,False
LENOVO Ideapad 5 Pro 16arh7 82sn00afvn,Lenovo,AMD,Ryzen 7,6800.0,4.7,16.0,DDR5,6400.0,512.0,16.0,2560 x 1600,120.0,NVIDIA,1.95,4 cell /75Wh,28990000.0,data/anphat/detail_htmls\lenovo_229_specs.html,GTX 1650,DISCRETE_GAMING,False,0.8,0.8,0.5714285714285714,0.271669341894061,0.8487158908507223,0.1597222222222222,28.99,0.686,0.272,True,True,True,False,False,False,True,75.0,0.7979482604817127,0.7,0.7979482604817127,1,0.7115,0.7108,0.4793460674157304,0.2844803370786516,0.512701797752809,True,True,False,False
LENOVO Ideapad 3 15aba7 82rn0070vn,Lenovo,AMD,Ryzen 5,5625.0,4.3,8.0,DDR4,3200.0,512.0,15.6,1920 x 1080,,AMD,1.63,"3 Cell, 45Wh",15490000.0,data/anphat/detail_htmls\lenovo_230_specs.html,AMD_RADEON_GRAPHICS,INTEGRATED,False,0.6,0.8,0.2146869983948635,0.562199036918138,0.5842696629213483,0.0659722222222222,15.49,0.447,0.562,True,True,True,False,False,False,True,45.0,0.15388046387154328,0.5,0.15388046387154328,1,0.50175,0.4991,0.4157891529818496,0.3671464069638227,0.4169844002345969,False,False,False,False
LENOVO Ideapad 5 Pro 14arh7 82sj0026vn,Lenovo,AMD,Ryzen 5,6600.0,4.5,16.0,DDR5,6400.0,512.0,14.0,2880 x 1800,90.0,AMD,1.49,3 cell /56.5Wh,23990000.0,data/anphat/detail_htmls\lenovo_231_specs.html,AMD_RADEON_GRAPHICS,INTEGRATED,False,0.8,0.8,0.3029695024077046,0.7150882825040128,0.2114767255216693,0.125,23.99,0.551,0.715,True,True,True,True,False,True,False,56.5,0.43487957181088316,0.5,0.43487957181088316,1,0.55775,0.5603,0.5376539757994814,0.5484847666378565,0.5444912424373379,False,False,False,False
LENOVO Ideapad 5 Pro 14arh7 82sj0028vn,Lenovo,AMD,Ryzen 7,6800.0,4.7,16.0,DDR5,6400.0,512.0,14.0,2880 x 1800,90.0,AMD,1.49,3 cell /56.5Wh,24990000.0,data/anphat/detail_htmls\lenovo_232_specs.html,AMD_RADEON_GRAPHICS,INTEGRATED,False,0.8,0.8,0.5714285714285714,0.7150882825040128,0.2114767255216693,0.1319444444444444,24.99,0.686,0.715,True,True,True,True,False,True,False,56.5,0.43487957181088316,0.5,0.43487957181088316,1,0.5915,0.6008,0.5984039757994813,0.5484847666378565,0.619078742437338,False,True,False,False
LENOVO Thinkpad T16 G1 21bv00ekva,Lenovo,Intel,Core i5,1235.0,4.4,8.0,DDR4,3200.0,512.0,16.0,1920 x 1200,,Intel,1.65,"3 Cell, 52.5Wh",28290000.0,data/anphat/detail_htmls\lenovo_233_specs.html,INTEL_IRIS_XE,INTEGRATED,False,0.6,0.8,0.2451845906902086,0.5417335473515249,0.8487158908507223,0.1548611111111111,28.29,0.463,0.542,True,True,True,False,False,False,True,52.5,0.3073148974130241,0.55,0.3073148974130241,1,0.5357500000000001,0.5314,0.4302493085566119,0.3302880756883566,0.4217198039881467,False,False,False,False
LENOVO Thinkpad P14s Gen 3 21ak006xva,Lenovo,Intel,Core i7,1260.0,4.7,16.0,DDR4,3200.0,512.0,14.0,2240 x 1400,,NVIDIA,1.38,3 cell 52.5Wh,42990000.0,data/anphat/detail_htmls\lenovo_237_specs.html,QUADRO T550,DISCRETE_WORKSTATION,False,0.8,0.8,0.5714285714285714,0.8358747993579454,0.2114767255216693,0.2569444444444444,42.99,0.686,0.836,True,True,True,True,False,True,False,52.5,0.3073148974130241,0.85,0.3073148974130241,1,0.8015,0.7933,0.6329869490060501,0.5893771607605878,0.6428195592048401,True,True,True,False
LENOVO Thinkpad P14s Gen 3 21ak006sva,Lenovo,Intel,Core i5,1240.0,4.4,8.0,DDR4,3200.0,512.0,14.0,2240 x 1400,,NVIDIA,1.38,3 cell 52.5Wh,36990000.0,data/anphat/detail_htmls\lenovo_236_specs.html,QUADRO T550,DISCRETE_WORKSTATION,False,0.6,0.8,0.2451845906902086,0.8358747993579454,0.2114767255216693,0.2152777777777778,36.99,0.463,0.836,True,True,True,True,False,True,False,52.5,0.3073148974130241,0.85,0.3073148974130241,1,0.71575,0.6964,0.5326369490060501,0.5893771607605878,0.5196120592048401,True,True,False,False
LENOVO Thinkpad T14s Gen 3 21br00e2va,Lenovo,Intel,Core i5,1235.0,4.4,16.0,LPDDR5,4800.0,512.0,14.0,1920 x 1200,,Intel,1.21,3 cell 57Wh,33390000.0,data/anphat/detail_htmls\lenovo_235_specs.html,INTEL_IRIS_XE,INTEGRATED,False,0.8,0.8,0.2451845906902086,0.9402086677367576,0.2114767255216693,0.1902777777777777,33.39,0.523,0.94,True,True,True,True,False,True,False,57.0,0.4683318465655665,0.55,0.4683318465655665,1,0.58075,0.5794,0.6048076490924804,0.651471632300284,0.585507768551673,False,False,True,False
LENOVO Thinkpad X1 Carbon Gen 10 21cb00a8vn,Lenovo,Intel,Core i7,1260.0,4.7,16.0,LPDDR5,5200.0,512.0,14.0,1920 x 1200,60.0,Intel,1.12,"4 Cell, 57Wh",48990000.0,data/anphat/detail_htmls\lenovo_238_specs.html,INTEL_IRIS_XE,INTEGRATED,False,0.8,0.8,0.5714285714285714,0.9691011235955056,0.2114767255216693,0.2986111111111111,48.99,0.686,0.969,True,True,True,True,False,True,False,57.0,0.4683318465655665,0.55,0.4683318465655665,1,0.6215,0.6283000000000001,0.6882700086430423,0.6644732374367206,0.6827161513767132,True,True,True,False
LENOVO Thinkpad T16 Gen 1 21bv00g9fq,Lenovo,Intel,Core i7,1260.0,4.7,8.0,DDR4,3200.0,512.0,16.0,1920 x 1200,,Intel,1.769,3 cell 52.5Wh,31590000.0,data/anphat/detail_htmls\lenovo_239_specs.html,INTEL_IRIS_XE,INTEGRATED,False,0.6,0.8,0.5714285714285714,0.3868378812199037,0.8487158908507223,0.1777777777777777,31.59,0.626,0.387,True,True,True,False,False,False,True,52.5,0.3073148974130241,0.55,0.3073148974130241,1,0.5765,0.5803,0.4493858254105445,0.260585025929127,0.4734406266205704,False,False,False,False
LENOVO Thinkpad P16s Gen 2 21hk004vva,Lenovo,Intel,Core i7,1360.0,5.0,32.0,LPDDR5X,7500.0,512.0,16.0,1920 x 1200,,NVIDIA,1.7,Integrated 52.5Wh,41990000.0,data/anphat/detail_htmls\lenovo_240_specs.html,RTX 500,DISCRETE_GAMING,False,1.0,0.8,0.8138041733547352,0.442215088282504,0.8487158908507223,0.25,41.99,0.867,0.442,True,True,True,False,False,False,True,52.5,0.3073148974130241,0.45,0.3073148974130241,1,0.63675,0.6576000000000001,0.5772178478824546,0.2855047691072972,0.620298985368564,True,True,False,False
LENOVO Thinkpad T490s 20nxs00200_id30092,lenovo,Intel,Core i7,8565.0,1.8,8.0,DDR4,,256.0,14.0,1920 x 1080,,Intel,1.5,3 Cell 57WH,39990000.0,data/anphat/detail_htmls\lenovo_242_specs.html,INTEL_UHD,INTEGRATED,False,0.6,0.6,0.0453451043338683,0.6898073836276084,0.2114767255216693,0.2361111111111111,39.99,0.323,0.69,True,True,True,True,False,True,False,57.0,0.4683318465655665,0.45,0.4683318465655665,1,0.44075,0.4344,0.4271671996542783,0.5387910544511668,0.4130334507346586,False,False,False,False
LENOVO Thinkpad T14s Gen 5 21ls0062vn,Lenovo,Intel,Core Ultra 7,155.0,4.8,32.0,LPDDR5X,6400.0,1024.0,14.0,2880 x 1800,120.0,Intel,1.24,3 cell /58Wh,47190000.0,data/anphat/detail_htmls\lenovo_241_specs.html,INTEL_GRAPHICS,INTEGRATED,False,1.0,1.0,0.6460674157303371,0.9249598715890851,0.2114767255216693,0.2861111111111111,47.19,0.823,0.925,True,True,True,True,False,True,False,58.0,0.5156110615521855,0.45,0.5156110615521855,1,0.62575,0.6444,0.736393647363872,0.6479750586492161,0.7490221530435857,True,True,True,False
DELL 15 Dc15250 I7u161w11slu,Dell,Intel,Core i7,1355.0,5.0,16.0,DDR4,,1024.0,15.6,1920 x 1080,,Intel,1.65,4C 54Wh,22990000.0,data/anphat/detail_htmls\dell_0_specs.html,INTEL_GRAPHICS,INTEGRATED,False,0.8,1.0,0.8138041733547352,0.5417335473515249,0.5842696629213483,0.1180555555555555,22.99,0.847,0.542,True,True,True,False,False,False,True,54.0,0.3661909009812667,0.45,0.3661909009812667,1,0.60175,0.6216,0.6059339239412272,0.3882253981973083,0.6467653454130139,True,True,True,False
DELL Inspiron 15 3530 N5i7305w1,Dell,Intel,Core i7,1355.0,5.0,16.0,DDR4,,512.0,15.6,1920 x 1080,120.0,Intel,1.62,4 Cell 54Whr,22990000.0,data/anphat/detail_htmls\dell_3_specs.html,INTEL_IRIS_XE,INTEGRATED,False,0.8,0.8,0.8138041733547352,0.579454253611557,0.5842696629213483,0.1180555555555555,22.99,0.807,0.579,True,True,True,False,False,False,True,54.0,0.3661909009812667,0.55,0.3661909009812667,1,0.65175,0.6646000000000001,0.6011361711322386,0.4051997160143227,0.6340012202123719,True,True,True,False
DELL Xps13 9350 Pp9h1,Dell,Intel,Core Ultra 7,258.0,2.2,32.0,LPDDR5X,8533.0,1024.0,13.4,2560 x 1600,,Intel,1.21,3Cell 55WHrs,76990000.0,data/anphat/detail_htmls\dell_4_specs.html,INTEL_GRAPHICS,INTEGRATED,False,1.0,1.0,0.081059390048154,0.9402086677367576,0.0361155698234349,0.4930555555555556,76.99,0.541,0.94,True,True,True,True,False,True,False,55.0,0.3862622658340767,0.45,0.3862622658340767,1,0.55525,0.5598000000000001,0.6090614952463267,0.6798130942091617,0.5993902917026793,False,False,True,False
DELL 15 Dc15250 Cph99,Dell,Intel,Core i5,1334.0,4.6,16.0,DDR4,,512.0,15.6,1920 x 1080,,Intel,1.65,"3 Cell, 41 Wh",17990000.0,data/anphat/detail_htmls\dell_1_specs.html,INTEL_GRAPHICS,INTEGRATED,False,0.8,0.8,0.4534510433386838,0.5417335473515249,0.5842696629213483,0.0833333333333333,17.99,0.627,0.542,True,True,True,False,False,False,True,41.0,0.05798394290811775,0.45,0.05798394290811775,1,0.5467500000000001,0.5556,0.4819339239412272,0.3444753981973082,0.5052153454130138,False,False,False,False
DELL 16 Dc16250 C7u161w11blu,Dell,Intel,Core 7,150.0,5.4,16.0,,,1024.0,16.0,1920 x 1200,,Intel,2.0,3 cell 41 Wh,28990000.0,data/anphat/detail_htmls\dell_5_specs.html,INTEL_GRAPHICS,INTEGRATED,False,0.8,1.0,0.9542536115569824,0.2471910112359551,0.8487158908507223,0.1597222222222222,28.99,0.917,0.247,True,True,True,False,False,False,True,41.0,0.05798394290811775,0.45,0.05798394290811775,1,0.6192500000000001,0.6426000000000001,0.5093440363007778,0.159042011359427,0.5819632186072354,True,True,False,False
DELL 16 Dc16251 Dc6c7557w1,Dell,Intel,Core 7,150.0,5.4,16.0,DDR5,5200.0,1024.0,16.0,1920 x 1200,,NVIDIA,1.98,4cell 54Whr,31990000.0,data/anphat/detail_htmls\dell_6_specs.html,MX 570A,DISCRETE_LIGHT,False,0.8,1.0,0.9542536115569824,0.2588282504012841,0.8487158908507223,0.1805555555555555,31.99,0.917,0.259,True,True,True,False,False,False,True,54.0,0.3661909009812667,0.55,0.3661909009812667,1,0.67925,0.6976000000000001,0.538417070008643,0.2080287689838251,0.6048434353006544,True,True,False,False
DELL Pro 13 Plus Pb13250 42ltu7pb13250,Dell,Intel,Core Ultra 7,265.0,5.3,16.0,,,512.0,13.3,1920 x 1200,60.0,Intel,1.23,3cell 55Wh,39990000.0,data/anphat/detail_htmls\dell_7_specs.html,INTEL_GRAPHICS,INTEGRATED,False,0.8,0.8,0.9337881219903692,0.9329855537720706,0.0176565008025682,0.2361111111111111,39.99,0.867,0.933,True,True,True,True,False,True,False,55.0,0.3862622658340767,0.45,0.3862622658340767,1,0.60675,0.6276,0.7532334053586862,0.6802545067292258,0.778455933757254,True,True,True,False
DELL Pro 14 Pc14250 71076111,Dell,Intel,Core 5,120.0,5.0,16.0,,,1024.0,14.0,1920 x 1200,60.0,Intel,1.35,3Cell 45WHrs,26990000.0,data/anphat/detail_htmls\dell_8_specs.html,INTEL_GRAPHICS,INTEGRATED,False,0.8,1.0,0.8138041733547352,0.858346709470305,0.2114767255216693,0.1458333333333333,26.99,0.847,0.858,True,True,True,True,False,True,False,45.0,0.15388046387154328,0.45,0.15388046387154328,1,0.60175,0.6216,0.6988790406222989,0.574249135695765,0.7257953954191875,True,True,True,False
DELL 15 Dc15250 Cph997,Dell,Intel,Core i7,1355.0,5.0,16.0,DDR4,,1024.0,15.6,1920 x 1080,,Intel,1.65,4C 54Wh,24990000.0,data/anphat/detail_htmls\dell_10_specs.html,INTEL_GRAPHICS,INTEGRATED,False,0.8,1.0,0.8138041733547352,0.5417335473515249,0.5842696629213483,0.1319444444444444,24.99,0.847,0.542,True,True,True,False,False,False,True,54.0,0.3661909009812667,0.45,0.3661909009812667,1,0.60175,0.6216,0.6059339239412272,0.3882253981973083,0.6467653454130139,True,True,True,False
DELL Inspiron 14 5440 N4i5211w1,Dell,Intel,Core 5,120.0,5.0,16.0,DDR5,5200.0,512.0,14.0,1920 x 1200,60.0,Intel,1.67,4Cell 54WHrs,23990000.0,data/anphat/detail_htmls\dell_11_specs.html,INTEL_IRIS_XE,INTEGRATED,False,0.8,0.8,0.8138041733547352,0.4771268057784912,0.2114767255216693,0.125,23.99,0.807,0.477,True,True,True,False,False,True,False,54.0,0.3661909009812667,0.55,0.3661909009812667,1,0.65175,0.6646000000000001,0.5653215643906655,0.4337109519693789,0.6235868943696753,True,True,False,False
DELL Latitude 3450 L3450 1335u 08512u Fbl,Dell,Intel,Core i5,1335.0,4.6,8.0,DDR5,5200.0,512.0,14.0,1920 x 1080,,Intel,1.66,3Cell 42WHrs,18990000.0,data/anphat/detail_htmls\dell_12_specs.html,INTEL_UHD,INTEGRATED,False,0.6,0.8,0.4534510433386838,0.5056179775280899,0.2114767255216693,0.0902777777777777,18.99,0.567,0.506,True,True,True,False,False,True,False,42.0,0.11864406779661017,0.45,0.11864406779661017,1,0.50175,0.5075999999999999,0.4442165514261019,0.4061473638720829,0.4795769209161624,False,False,False,False
DELL Inspiron 14 5440 Ndy5v1,Dell,Intel,Core i5,1334.0,4.6,16.0,DDR5,4400.0,512.0,14.0,1920 x 1080,,,1.69,4-cell,21990000.0,data/anphat/detail_htmls\dell_13_specs.html,UNKNOWN,UNKNOWN,False,0.8,0.8,0.4534510433386838,0.4719101123595506,0.2114767255216693,0.1111111111111111,21.99,0.627,0.472,True,True,True,False,False,True,False,,,0.45,,0,0.5467500000000001,0.5556,0.5478803370786517,0.5457865168539326,0.5751534550561798,False,False,False,False
DELL Xps 13 9350 71058714,Dell,Intel,Core Ultra 5,226.0,4.5,16.0,LPDDR5X,8533.0,1024.0,13.4,2560 x 1600,,Intel,1.21,3Cell 55WHrs,58990000.0,data/anphat/detail_htmls\dell_14_specs.html,INTEL_GRAPHICS,INTEGRATED,False,0.8,1.0,0.3029695024077046,0.9402086677367576,0.0361155698234349,0.3680555555555556,58.99,0.591,0.94,True,True,True,True,False,True,False,55.0,0.3862622658340767,0.45,0.3862622658340767,1,0.53775,0.5448,0.6315614952463267,0.6798130942091617,0.6270152917026793,False,False,True,False
DELL Latitude 3450 71076115,Dell,Intel,Core i7,1355.0,5.0,16.0,DDR5,5200.0,512.0,14.0,1920 x 1080,60.0,Intel,1.5,3Cell 42WHrs,28990000.0,data/anphat/detail_htmls\dell_16_specs.html,INTEL_IRIS_XE,INTEGRATED,False,0.8,0.8,0.8138041733547352,0.6898073836276084,0.2114767255216693,0.1597222222222222,28.99,0.807,0.69,True,True,True,True,False,True,False,42.0,0.11864406779661017,0.55,0.11864406779661017,1,0.65175,0.6646000000000001,0.6161210458081244,0.4883102852203976,0.6573665276577355,True,True,True,False
DELL Inspiron 14 5440 N4i7204w1,Dell,Intel,Core 7,150.0,5.4,16.0,DDR5,5200.0,512.0,14.0,1920 x 1200,60.0,Intel,1.67,4Cell 54WHrs,26999000.0,data/anphat/detail_htmls\dell_15_specs.html,INTEL_IRIS_XE,INTEGRATED,False,0.8,0.8,0.9542536115569824,0.4771268057784912,0.2114767255216693,0.1458958333333333,27.0,0.877,0.477,True,True,True,False,False,True,False,54.0,0.3661909009812667,0.55,0.3661909009812667,1,0.66925,0.6856000000000001,0.5968215643906655,0.4337109519693789,0.6622618943696753,True,True,False,False
DELL Inspiron 14 5441 71069158,Dell,Qualcomm,Snapdragon X X1,100.0,2.97,16.0,,,512.0,14.0,1920 x 1200,60.0,Qualcomm,1.66,3Cell 54Wh,28990000.0,data/anphat/detail_htmls\dell_19_specs.html,QUALCOMM_ADRENO,INTEGRATED_ARM,False,0.8,0.8,0.1300160513643659,0.5056179775280899,0.2114767255216693,0.1597222222222222,28.99,0.465,0.506,True,True,True,False,False,True,False,54.0,0.3661909009812667,0.45,0.3661909009812667,1,0.5062500000000001,0.507,0.421393474503025,0.4465319792566983,0.4416834593777009,False,False,False,False
DELL Inspiron 14 5440 7fn5j,Dell,Intel,Core 7,150.0,5.4,16.0,DDR5,5200.0,1024.0,14.0,1920 x 1200,60.0,Intel,1.56,4Cell 54WHrs,27990000.0,data/anphat/detail_htmls\dell_18_specs.html,INTEL_GRAPHICS,INTEGRATED,False,0.8,1.0,0.9542536115569824,0.6304173354735152,0.2114767255216693,0.1527777777777778,27.99,0.917,0.63,True,True,True,True,False,True,False,54.0,0.3661909009812667,0.45,0.3661909009812667,1,0.6192500000000001,0.6426000000000001,0.668473249783924,0.5026916903321398,0.7223013004691938,True,True,True,False
DELL Inspiron 14 5441 5mnk1,Dell,Qualcomm,Snapdragon X Plus,100.0,3.4,16.0,LPDDR5X,8448.0,512.0,14.0,1920 x 1200,60.0,Qualcomm,1.53,3Cell 54Wh,31990000.0,data/anphat/detail_htmls\dell_17_specs.html,QUALCOMM_ADRENO,INTEGRATED_ARM,False,0.8,0.8,0.1565008025682183,0.656099518459069,0.2114767255216693,0.1805555555555555,31.99,0.478,0.656,True,True,True,True,False,True,False,54.0,0.3661909009812667,0.45,0.3661909009812667,1,0.5095000000000001,0.5109,0.4793502160760587,0.5135263612791703,0.4857128694900604,False,False,False,False
Nb DELL Mobile Precision 3590,Dell,Intel,Core Ultra 7,165.0,5.0,16.0,DDR5,5600.0,512.0,15.6,1920 x 1080,60.0,NVIDIA,1.62,"3-cell, 42Wh",48990000.0,data/anphat/detail_htmls\dell_20_specs.html,RTX 500,DISCRETE_GAMING,False,0.8,0.8,0.8138041733547352,0.579454253611557,0.5842696629213483,0.2986111111111111,48.99,0.807,0.579,True,True,True,False,False,False,True,42.0,0.11864406779661017,0.45,0.11864406779661017,1,0.59175,0.6096,0.5780592480553155,0.3648151006297073,0.6155396817508334,False,True,False,False
DELL Xps 9350 Xps9350 U5ia165w11gr Fp,Dell,Intel,Core Ultra 5,226.0,4.5,16.0,LPDDR5X,8533.0,512.0,13.4,2560 x 1600,,Intel,1.21,3Cell 55WHrs,59990000.0,data/anphat/detail_htmls\dell_21_specs.html,INTEL_GRAPHICS,INTEGRATED,False,0.8,0.8,0.3029695024077046,0.9402086677367576,0.0361155698234349,0.375,59.99,0.551,0.94,True,True,True,True,False,True,False,55.0,0.3862622658340767,0.45,0.3862622658340767,1,0.52775,0.5328,0.6135614952463266,0.6798130942091617,0.6049152917026793,False,False,True,False
DELL Latitude 5450 Btx Base 42lt545001,Dell,Intel,Core Ultra 7,155.0,4.8,16.0,DDR5,5600.0,512.0,14.0,1920 x 1080,60.0,Intel,1.4,"3-cell, 54 Wh",32990000.0,data/anphat/detail_htmls\dell_22_specs.html,INTEL_GRAPHICS,INTEGRATED,False,0.8,0.8,0.6460674157303371,0.7885232744783306,0.2114767255216693,0.1875,32.99,0.723,0.789,True,True,True,True,False,True,False,54.0,0.3661909009812667,0.45,0.3661909009812667,1,0.57075,0.5844,0.6359485306828002,0.573117051487838,0.6538502491048277,False,False,True,False
DELL 16 Plus Db16250 X65nw7,Dell,Intel,Ultra 7,256.0,4.8,16.0,DDR5,,1024.0,16.0,2K,,Intel,1.87,4cell 64Whr,36990000.0,data/anphat/detail_htmls\dell_25_specs.html,INTEL_GRAPHICS,INTEGRATED,False,0.8,1.0,0.6460674157303371,0.3154093097913323,0.8487158908507223,0.2152777777777778,36.99,0.763,0.315,True,True,True,False,False,False,True,64.0,0.6284567350579839,0.45,0.6284567350579839,1,0.58075,0.5964,0.5081512100259291,0.267144091863193,0.5491468628843067,False,False,False,False
DELL 16 Plus Db16250 X65nw9,Dell,Intel,Ultra 9,288.0,5.1,32.0,DDR5,,2048.0,16.0,2K,,Intel,1.87,4cell 64Whr,49990000.0,data/anphat/detail_htmls\dell_24_specs.html,INTEL_GRAPHICS,INTEGRATED,False,1.0,1.0,0.8743980738362761,0.3154093097913323,0.8487158908507223,0.3055555555555556,49.99,0.937,0.315,True,True,True,False,False,False,True,64.0,0.6284567350579839,0.45,0.6284567350579839,1,0.6542500000000001,0.6786000000000001,0.5864512100259291,0.267144091863193,0.6452818628843067,True,True,False,False
DELL 15 Dc15250 Dc5i5372w1,Dell,Intel,Core i5,1334.0,4.6,16.0,DDR4,,512.0,15.6,1920 x 1080,,Intel,1.65,"3 Cell, 41 Wh",17990000.0,data/anphat/detail_htmls\dell_27_specs.html,INTEL_GRAPHICS,INTEGRATED,False,0.8,0.8,0.4534510433386838,0.5417335473515249,0.5842696629213483,0.0833333333333333,17.99,0.627,0.542,True,True,True,False,False,False,True,41.0,0.05798394290811775,0.45,0.05798394290811775,1,0.5467500000000001,0.5556,0.4819339239412272,0.3444753981973082,0.5052153454130138,False,False,False,False
DELL 15 Dc15250 Dc5i7748w1,Dell,Intel,Core i7,1355.0,5.0,16.0,DDR4,,512.0,15.6,1920 x 1080,,Intel,1.65,4C 54Wh,21990000.0,data/anphat/detail_htmls\dell_28_specs.html,INTEL_GRAPHICS,INTEGRATED,False,0.8,0.8,0.8138041733547352,0.5417335473515249,0.5842696629213483,0.1111111111111111,21.99,0.807,0.542,True,True,True,False,False,False,True,54.0,0.3661909009812667,0.45,0.3661909009812667,1,0.59175,0.6096,0.5879339239412273,0.3882253981973083,0.624665345413014,False,True,False,False
DELL Latitude 3450 L3450 1335u 08512u,Dell,Intel,Core i5,1335.0,4.6,8.0,DDR5,,512.0,14.0,1920 x 1080,,Intel,1.5,3Cell 42WHrs,19990000.0,data/anphat/detail_htmls\dell_29_specs.html,INTEL_UHD,INTEGRATED,False,0.6,0.8,0.4534510433386838,0.6898073836276084,0.2114767255216693,0.0972222222222222,19.99,0.567,0.69,True,True,True,True,False,True,False,42.0,0.11864406779661017,0.45,0.11864406779661017,1,0.50175,0.5075999999999999,0.5081210458081244,0.4883102852203976,0.5247665276577355,False,False,False,False
DELL Inspiron 15 3530 N3530 I3u085w11slu,Dell,Intel,Core i3,1305.0,4.5,8.0,DDR4,3200.0,512.0,15.6,1920 x 1080,120.0,Intel,1.65,"3 Cell, 41 Wh",13890000.0,data/anphat/detail_htmls\dell_30_specs.html,INTEL_UHD,INTEGRATED,False,0.6,0.8,0.3029695024077046,0.5417335473515249,0.5842696629213483,0.0548611111111111,13.89,0.491,0.542,True,True,True,False,False,False,True,41.0,0.05798394290811775,0.45,0.05798394290811775,1,0.48275,0.4848,0.4207339239412273,0.3444753981973082,0.4300753454130139,False,False,False,False
DELL 15 Dc15250 71071928,Dell,Intel,Core i5,1334.0,4.6,16.0,DDR4,,512.0,15.6,1920 x 1080,,Intel,1.65,"3 Cell, 41 Wh",18990000.0,data/anphat/detail_htmls\dell_31_specs.html,INTEL_GRAPHICS,INTEGRATED,False,0.8,0.8,0.4534510433386838,0.5417335473515249,0.5842696629213483,0.0902777777777777,18.99,0.627,0.542,True,True,True,False,False,False,True,41.0,0.05798394290811775,0.45,0.05798394290811775,1,0.5467500000000001,0.5556,0.4819339239412272,0.3444753981973082,0.5052153454130138,False,False,False,False
DELL Inspiron 15 3530 71053721,Dell,Intel,Core i7,1355.0,5.0,16.0,DDR4,,512.0,15.6,1920 x 1080,120.0,Intel,1.62,4 Cell 54Whr,22990000.0,data/anphat/detail_htmls\dell_33_specs.html,INTEL_IRIS_XE,INTEGRATED,False,0.8,0.8,0.8138041733547352,0.579454253611557,0.5842696629213483,0.1180555555555555,22.99,0.807,0.579,True,True,True,False,False,False,True,54.0,0.3661909009812667,0.55,0.3661909009812667,1,0.65175,0.6646000000000001,0.6011361711322386,0.4051997160143227,0.6340012202123719,True,True,True,False
DELL Latitude 3450 L3450 1335u 16512w,Dell,Intel,Core i5,1335.0,4.6,16.0,DDR5,5600.0,512.0,14.0,1920 x 1080,,Intel,1.5,3Cell 42WHrs,22990000.0,data/anphat/detail_htmls\dell_36_specs.html,INTEL_IRIS_XE,INTEGRATED,False,0.8,0.8,0.4534510433386838,0.6898073836276084,0.2114767255216693,0.1180555555555555,22.99,0.627,0.69,True,True,True,True,False,True,False,42.0,0.11864406779661017,0.55,0.11864406779661017,1,0.60675,0.6106,0.5351210458081245,0.4883102852203976,0.5579165276577355,True,True,False,False
DELL Inspiron 15 3520 25p2312,Dell,Intel,Core i5,1235.0,4.4,16.0,DDR4,3200.0,512.0,15.6,1920 x 1080,,Intel,1.83,3 Cell,16900000.0,data/anphat/detail_htmls\dell_37_specs.html,INTEL_IRIS_XE,INTEGRATED,False,0.8,0.8,0.2451845906902086,0.3298555377207063,0.5842696629213483,0.0757638888888889,16.9,0.523,0.33,True,True,True,False,False,False,True,,,0.55,,0,0.58075,0.5794,0.4513612359550562,0.4073033707865168,0.4676232303370786,False,False,False,False
DELL Latitude 3540 Adl Xcto 42lt354001,Dell,Intel,Core i5,1235.0,4.4,8.0,DDR4,3200.0,512.0,15.6,1920 x 1080,,Intel,1.81,"3 Cell, 42 Wh",18990000.0,data/anphat/detail_htmls\dell_38_specs.html,INTEL_UHD,INTEGRATED,False,0.6,0.8,0.2451845906902086,0.3467094703049759,0.5842696629213483,0.0902777777777777,18.99,0.463,0.347,True,True,True,False,False,False,True,42.0,0.11864406779661017,0.45,0.11864406779661017,1,0.47575,0.4764,0.341798573898012,0.2600799481417458,0.3678753478824546,False,False,False,False
DELL Inspiron 16 5640 N6i7512w1,Dell,Intel,Core 7,150.0,5.4,16.0,DDR5,5200.0,1024.0,16.0,2560 x 1600,,NVIDIA,1.87,4Cell 54WHrs,33690000.0,data/anphat/detail_htmls\dell_41_specs.html,MX 570A,DISCRETE_LIGHT,False,0.8,1.0,0.9542536115569824,0.3154093097913323,0.8487158908507223,0.1923611111111111,33.69,0.917,0.315,True,True,True,False,False,False,True,54.0,0.3661909009812667,0.55,0.3661909009812667,1,0.67925,0.6976000000000001,0.5582204407951599,0.2334902457093468,0.6188472474996913,True,True,False,False
DELL Gaming G15 5530 1053700,Dell,Intel,Core i7,13650.0,4.9,16.0,DDR5,4800.0,512.0,15.6,1920 x 1080,120.0,NVIDIA,2.81,3Cell 56Wh,35900000.0,data/anphat/detail_htmls\dell_39_specs.html,RTX 3050,DISCRETE_GAMING,False,0.8,0.8,0.7391653290529695,0.010433386837881198,0.5842696629213483,0.2077083333333333,35.9,0.77,0.01,True,True,True,False,True,False,True,56.0,0.41480820695807313,0.9,0.41480820695807313,1,0.8525,0.846,0.3894559204840104,0.1562322508951722,0.4760016143968391,True,True,False,False
DELL Inspiron 14 14 7440 2 In 1 N4i5006w1,Dell,Intel,Core 5,120.0,5.0,16.0,DDR5,5200.0,1024.0,14.0,1920 x 1200,,Intel,1.74,4Cell 54WHrs,31990000.0,data/anphat/detail_htmls\dell_40_specs.html,INTEL_GRAPHICS,INTEGRATED,False,0.8,1.0,0.8138041733547352,0.4004815409309791,0.2114767255216693,0.1805555555555555,31.99,0.847,0.4,True,True,True,False,False,True,False,54.0,0.3661909009812667,0.45,0.3661909009812667,1,0.60175,0.6216,0.5564957216940363,0.3992205827879985,0.626717191319916,True,True,False,False
DELL Inspiron 15 N3530 I7u161w11slu Bl,Dell,Intel,Core i7,1355.0,5.0,16.0,DDR4,3200.0,1024.0,15.6,1920 x 1080,120.0,Intel,1.62,4 Cell 54Whr,23990000.0,data/anphat/detail_htmls\dell_42_specs.html,INTEL_IRIS_XE,INTEGRATED,False,0.8,1.0,0.8138041733547352,0.579454253611557,0.5842696629213483,0.125,23.99,0.847,0.579,True,True,True,False,False,False,True,54.0,0.3661909009812667,0.55,0.3661909009812667,1,0.66175,0.6766,0.6191361711322385,0.4051997160143227,0.6561012202123719,True,True,True,False
DELL Inspiron 14 5440 71059084,Dell,Intel,Core 7,150.0,5.4,16.0,DDR5,5200.0,1024.0,14.0,2240 x 1400,,NVIDIA,1.56,4Cell 54WHrs,33990000.0,data/anphat/detail_htmls\dell_43_specs.html,MX 570A,DISCRETE_LIGHT,False,0.8,1.0,0.9542536115569824,0.6304173354735152,0.2114767255216693,0.1944444444444444,33.99,0.917,0.63,True,True,True,True,False,True,False,54.0,0.3661909009812667,0.55,0.3661909009812667,1,0.67925,0.6976000000000001,0.668473249783924,0.5026916903321398,0.7223013004691938,True,True,True,False
DELL Latitude 3550 42lt355001,Dell,Intel,Core i5,1335.0,4.6,8.0,DDR5,5600.0,512.0,15.6,1920 x 1080,,Intel,1.81,"3 Cell, 42 Wh",21990000.0,data/anphat/detail_htmls\dell_46_specs.html,INTEL_UHD,INTEGRATED,False,0.6,0.8,0.4534510433386838,0.3467094703049759,0.5842696629213483,0.1111111111111111,21.99,0.567,0.347,True,True,True,False,False,False,True,42.0,0.11864406779661017,0.45,0.11864406779661017,1,0.50175,0.5075999999999999,0.388598573898012,0.2600799481417458,0.4253353478824545,False,False,False,False
DELL Latitude 3450 L3450 1335u 08512w,Dell,Intel,Core i5,1335.0,4.6,8.0,DDR5,,512.0,14.0,1920 x 1080,,Intel,1.5,3Cell 42WHrs,20990000.0,data/anphat/detail_htmls\dell_44_specs.html,INTEL_UHD,INTEGRATED,False,0.6,0.8,0.4534510433386838,0.6898073836276084,0.2114767255216693,0.1041666666666666,20.99,0.567,0.69,True,True,True,True,False,True,False,42.0,0.11864406779661017,0.45,0.11864406779661017,1,0.50175,0.5075999999999999,0.5081210458081244,0.4883102852203976,0.5247665276577355,False,False,False,False
DELL Latitude 7350 L7350 135u 16512w,Dell,Intel,Core Ultra 5,135.0,4.4,16.0,LPDDR5,6400.0,512.0,13.3,1920 x 1080,,Intel,1.15,3Cell 54WHrs,38990000.0,data/anphat/detail_htmls\dell_45_specs.html,INTEL_GRAPHICS,INTEGRATED,False,0.8,0.8,0.2451845906902086,0.9654895666131621,0.0176565008025682,0.2291666666666666,38.99,0.523,0.965,True,True,True,True,False,True,False,54.0,0.3661909009812667,0.45,0.3661909009812667,1,0.52075,0.5244,0.6078867329299913,0.6915159278923323,0.5949022153969625,False,False,True,False
DELL Latitude 3550 71047018,Dell,Intel,Core i5,1335.0,4.6,16.0,DDR5,,512.0,15.6,1920 x 1080,,Intel,1.81,"3 Cell, 42 Wh",23990000.0,data/anphat/detail_htmls\dell_50_specs.html,INTEL_UHD,INTEGRATED,False,0.8,0.8,0.4534510433386838,0.3467094703049759,0.5842696629213483,0.125,23.99,0.627,0.347,True,True,True,False,False,False,True,42.0,0.11864406779661017,0.45,0.11864406779661017,1,0.5467500000000001,0.5556,0.415598573898012,0.2600799481417458,0.4584853478824546,False,False,False,False
DELL Mobile Precision Workstation 3590,Dell,Intel,Core Ultra 7,165.0,5.0,16.0,DDR5,5600.0,512.0,15.6,1920 x 1080,60.0,Intel,1.66,"3 Cell, 42WHr",46990000.0,data/anphat/detail_htmls\dell_49_specs.html,INTEL_GRAPHICS,INTEGRATED,False,0.8,0.8,0.8138041733547352,0.5056179775280899,0.5842696629213483,0.2847222222222222,46.99,0.807,0.506,True,True,True,False,False,False,True,42.0,0.11864406779661017,0.45,0.11864406779661017,1,0.59175,0.6096,0.5522165514261019,0.3315887763921471,0.5972652034201753,False,True,False,False
DELL Mobile Precision Workstation 5680 71023332,Dell,Intel,Core i7,13800.0,5.2,16.0,DDR5,4800.0,512.0,16.0,1920 x 1200,60.0,NVIDIA,1.66,6-cell 100Wh,85990000.0,data/anphat/detail_htmls\dell_48_specs.html,RTX 2000,DISCRETE_GAMING,False,0.8,0.8,0.914526484751204,0.5056179775280899,0.8487158908507223,0.5555555555555556,85.99,0.857,0.506,True,True,True,False,False,False,True,100.0,0.995985727029438,0.8,0.995985727029438,1,0.81425,0.8171,0.6862550129645635,0.4738918384985801,0.7035431235337697,True,True,True,False
ASUS Vivobook 15 X1502va Bq885w,Asus,Intel,Core i5,13420.0,4.6,8.0,DDR4,,512.0,15.6,1920 x 1080,60.0,Intel,1.7,"42WHrs, 3S1P, 3-cell",15700000.0,data/anphat/detail_htmls\asus_4_specs.html,INTEL_UHD,INTEGRATED,False,0.6,0.8,0.4534510433386838,0.442215088282504,0.5842696629213483,0.0674305555555555,15.7,0.567,0.442,True,True,True,False,False,False,True,42.0,0.11864406779661017,0.45,0.11864406779661017,1,0.50175,0.5075999999999999,0.4220255401901468,0.3030574762316335,0.4489729883318927,False,False,False,False
ASUS Expertbook P1 P1403cva S61261w,Asus,Intel,Core i7,13620.0,4.9,16.0,DDR5,,1024.0,14.0,1920 x 1080,,Intel,1.44,3-cell 50WHrs,19900000.0,data/anphat/detail_htmls\asus_2_specs.html,INTEL_UHD,INTEGRATED,False,0.8,1.0,0.7391653290529695,0.742776886035313,0.2114767255216693,0.0965972222222222,19.9,0.81,0.743,True,True,True,True,False,True,False,50.0,0.25111507582515613,0.45,0.25111507582515613,1,0.5925,0.6105,0.6513949870354365,0.5390696382269416,0.6844416718113348,False,True,True,False
ASUS Rog Zephyrus G14 Ga403 RYZEN Ai 9 Ga403wm Qs058ws,Asus,AMD,Ryzen AI 9,370.0,5.1,32.0,LPDDR5X,7500.0,1024.0,14.0,2880 x 1800,120.0,NVIDIA,1.5,"73WHrs, 4S1P, 4-cell Li-ion (sạc nhanh 0-50% trong 30 phút)",59990000.0,data/anphat/detail_htmls\asus_0_specs.html,RTX 5060,DISCRETE_GAMING,False,1.0,1.0,0.8743980738362761,0.6898073836276084,0.2114767255216693,0.375,59.99,0.937,0.69,True,True,True,True,False,True,False,73.0,0.7551293487957181,0.45,0.7551293487957181,1,0.6542500000000001,0.6786000000000001,0.7342364304235091,0.5926372082973207,0.7768838353500432,True,True,True,False
ASUS Vivobook 15 X1502va Bq886w,Asus,Intel,Core i7,13620.0,4.9,16.0,DDR4,,512.0,15.6,1920 x 1080,,Intel,1.7,"42WHrs, 3S1P, 3-cell",17660000.0,data/anphat/detail_htmls\asus_5_specs.html,INTEL_IRIS_XE,INTEGRATED,False,0.8,0.8,0.7391653290529695,0.442215088282504,0.5842696629213483,0.0810416666666666,17.66,0.77,0.442,True,True,True,False,False,False,True,42.0,0.11864406779661017,0.55,0.11864406779661017,1,0.6425,0.6535000000000001,0.5133755401901469,0.3030574762316335,0.5611304883318927,True,True,False,False
ASUS Zenbook A14 Ux3407qa Qd299ws,Asus,Qualcomm,Snapdragon X  X1,100.0,2.97,16.0,LPDDR5X,,512.0,14.0,1920 x 1200,60.0,Qualcomm,0.99,3 Cell 70Whr,29990000.0,data/anphat/detail_htmls\asus_7_specs.html,QUALCOMM_ADRENO,INTEGRATED_ARM,False,0.8,0.8,0.1300160513643659,0.9871589085072231,0.2114767255216693,0.1666666666666666,29.99,0.465,0.987,True,True,True,True,False,True,False,70.0,0.6882247992863515,0.45,0.6882247992863515,1,0.5062500000000001,0.507,0.6201402333621435,0.7163492406469936,0.5850829531423634,False,False,True,True
ASUS Rog Zephyrus G14 Ga403wp Qs045ws,Asus,AMD,Ryzen AI 9,370.0,5.1,32.0,LPDDR5X,,1024.0,14.0,2880 x 1800,,NVIDIA,1.5,"73WHrs, 4S1P, 4-cell Li-ion",61990000.0,data/anphat/detail_htmls\asus_8_specs.html,RTX 5070,DISCRETE_GAMING,False,1.0,1.0,0.8743980738362761,0.6898073836276084,0.2114767255216693,0.3888888888888889,61.99,0.937,0.69,True,True,True,True,False,True,False,73.0,0.7551293487957181,0.45,0.7551293487957181,1,0.6542500000000001,0.6786000000000001,0.7342364304235091,0.5926372082973207,0.7768838353500432,True,True,True,False
ASUS Vivobook Go 15 E1504fa Bq1150w,Asus,AMD,Ryzen 5,7520.0,4.3,16.0,LPDDR5,,512.0,15.6,FHD,60.0,AMD,1.63,3 cell 42WHrs,12990000.0,data/anphat/detail_htmls\asus_9_specs.html,AMD_RADEON_GRAPHICS,INTEGRATED,False,0.8,0.8,0.2146869983948635,0.562199036918138,0.5842696629213483,0.0486111111111111,12.99,0.507,0.562,True,True,True,False,False,False,True,42.0,0.11864406779661017,0.5,0.11864406779661017,1,0.54675,0.5471,0.4370199222126188,0.3570502531176688,0.4455190156192122,False,False,False,False
ASUS Vivobook Go E1404fa Eb482w,Asus,AMD,Ryzen 5,7520.0,4.3,16.0,LPDDR5,,512.0,14.0,FHD,60.0,AMD,1.38,3 cell 42WHrs,14490000.0,data/anphat/detail_htmls\asus_10_specs.html,AMD_RADEON_GRAPHICS,INTEGRATED,False,0.8,0.8,0.2146869983948635,0.8358747993579454,0.2114767255216693,0.0590277777777777,14.49,0.507,0.836,True,True,True,True,False,True,False,42.0,0.11864406779661017,0.5,0.11864406779661017,1,0.54675,0.5471,0.5322446413137424,0.5540406222990493,0.527768213050994,False,False,False,False
ASUS Vivobook X1404va Eb509w,Asus,Intel,Core i3,1315.0,4.5,8.0,DDR4,3200.0,512.0,14.0,1920 x 1080,,Intel,1.4,"3 cell 42 Wh , Pin liền",12190000.0,data/anphat/detail_htmls\asus_11_specs.html,INTEL_UHD,INTEGRATED,False,0.6,0.8,0.3029695024077046,0.7885232744783306,0.2114767255216693,0.0430555555555555,12.19,0.491,0.789,True,True,True,True,False,True,False,42.0,0.11864406779661017,0.45,0.11864406779661017,1,0.48275,0.4848,0.5084716076058772,0.5327324361032226,0.5072087106432892,False,False,False,False
ASUS Vivobook 15 X1504va Bq165w,Asus,Intel,Core 5,120.0,5.0,8.0,DDR4,,512.0,15.6,1920 x 1080,60.0,Intel,1.7,"3-cell, 42WHrs",16690000.0,data/anphat/detail_htmls\asus_12_specs.html,INTEL_GRAPHICS,INTEGRATED,False,0.6,0.8,0.8138041733547352,0.442215088282504,0.5842696629213483,0.0743055555555555,16.69,0.747,0.442,True,True,True,False,False,False,True,42.0,0.11864406779661017,0.45,0.11864406779661017,1,0.54675,0.5616,0.5030255401901469,0.3030574762316335,0.5484229883318927,False,False,False,False
ASUS Zenbook 14 Um3406ka Pp590ws,Asus,AMD,Ryzen AI 7,350.0,5.0,32.0,LPDDR5X,,1024.0,14.0,2880 x 1800,120.0,AMD,1.2,"75WHrs, 4S1P, 4-cell Li-ion",31990000.0,data/anphat/detail_htmls\asus_15_specs.html,AMD_RADEON_GRAPHICS,INTEGRATED,False,1.0,1.0,0.8138041733547352,0.949438202247191,0.2114767255216693,0.1805555555555555,31.99,0.907,0.949,True,True,True,True,False,True,False,75.0,0.7979482604817127,0.5,0.7979482604817127,1,0.6767500000000001,0.6971,0.8154533707865168,0.7162018459069022,0.8276443860353131,True,True,True,True
ASUS Vivobook S 14 Oled S5406sa Pp059ws,Asus,Intel,Core Ultra 5,258.0,4.8,32.0,LPDDR5X,,1024.0,14.0,2880 x 1800,120.0,Intel,1.3,"75 WHrs, 4-cell",35990000.0,data/anphat/detail_htmls\asus_14_specs.html,INTEL_GRAPHICS,INTEGRATED,False,1.0,1.0,0.6460674157303371,0.8900481540930979,0.2114767255216693,0.2083333333333333,35.99,0.823,0.89,True,True,True,True,False,True,False,75.0,0.7979482604817127,0.45,0.7979482604817127,1,0.62575,0.6444,0.7568668539325842,0.6894763242375601,0.7665353491171749,True,True,True,True
ASUS Expertbook P1503cva I308256 50w,Asus,Intel,Core i3,1315.0,4.5,8.0,DDR5,,256.0,15.6,1920 x 1080,,Intel,1.62,3-cell 50WHrs,11990000.0,data/anphat/detail_htmls\asus_17_specs.html,INTEL_UHD,INTEGRATED,False,0.6,0.6,0.3029695024077046,0.579454253611557,0.5842696629213483,0.0416666666666666,11.99,0.451,0.579,True,True,True,False,False,False,True,50.0,0.25111507582515613,0.45,0.25111507582515613,1,0.47275,0.4728,0.4332438634399309,0.3917381775527843,0.4311573740585257,False,False,False,False
ASUS Zenbook 14 Um3406ka Pp113ws,Asus,AMD,RYZEN AI 7,350.0,2.0,16.0,LPDDR5X,,512.0,14.0,2880 x 1800,120.0,AMD,1.2,"75 WHrs, 4-cell",28990000.0,data/anphat/detail_htmls\asus_22_specs.html,AMD_RADEON_GRAPHICS,INTEGRATED,False,0.8,0.8,0.0581861958266452,0.949438202247191,0.2114767255216693,0.1597222222222222,28.99,0.429,0.949,True,True,True,True,False,True,False,75.0,0.7979482604817127,0.5,0.7979482604817127,1,0.52725,0.5237,0.6003533707865167,0.7162018459069022,0.5635493860353129,False,False,True,True
ASUS Vivobook S 16 S5606ca Ri171ws,Asus,Intel,Core Ultra 7,255.0,5.1,16.0,LPDDR5X,,512.0,16.0,2880 x 1800,120.0,Intel,1.5,4-cell 75WHrs,30999000.0,data/anphat/detail_htmls\asus_25_specs.html,INTEL_GRAPHICS,INTEGRATED,False,0.8,0.8,0.8743980738362761,0.6898073836276084,0.8487158908507223,0.1736736111111111,31.0,0.837,0.69,True,True,True,True,False,False,True,75.0,0.7979482604817127,0.45,0.7979482604817127,1,0.5992500000000001,0.6186,0.6930825842696628,0.4719201444622793,0.6992211918138042,False,True,True,False
ASUS Vivobook S14 M3407ka Sf032ws,Asus,AMD,Ryzen  AI 7,350.0,4.6,16.0,DDR5,,512.0,14.0,1920 x 1200,60.0,AMD,1.4,"70WHrs, 4S1P, 4-cell Li-ion",25999000.0,data/anphat/detail_htmls\asus_27_specs.html,AMD_RADEON_GRAPHICS,INTEGRATED,False,0.8,0.8,0.4534510433386838,0.7885232744783306,0.2114767255216693,0.1389513888888889,26.0,0.627,0.789,True,True,True,True,False,True,False,70.0,0.6882247992863515,0.5,0.6882247992863515,1,0.57675,0.5831,0.6235177614520311,0.6269632053339919,0.6254256337202123,False,False,True,True
ASUS Vivobook S14 M3407ka Sf034ws,Asus,AMD,Ryzen AI 5,330.0,4.6,16.0,DDR5,,512.0,14.0,1920 x 1200,60.0,AMD,1.4,"70WHrs, 4S1P, 4-cell Li-ion",22999000.0,data/anphat/detail_htmls\asus_26_specs.html,AMD_RADEON_GRAPHICS,INTEGRATED,False,0.8,0.8,0.4534510433386838,0.7885232744783306,0.2114767255216693,0.1181180555555555,23.0,0.627,0.789,True,True,True,True,False,True,False,70.0,0.6882247992863515,0.5,0.6882247992863515,1,0.57675,0.5831,0.6235177614520311,0.6269632053339919,0.6254256337202123,False,False,True,True
ASUS Vivobook S 14 S3407ca Ly096ws,Asus,Intel,Core Ultra 7,255.0,5.1,16.0,DDR5,,512.0,14.0,1920 x 1200,60.0,Intel,1.4,"70WHrs, 4S1P, 4-cell Li-ion",25990000.0,data/anphat/detail_htmls\asus_28_specs.html,INTEL_UHD,INTEGRATED,False,0.8,0.8,0.8743980738362761,0.7885232744783306,0.2114767255216693,0.1388888888888889,25.99,0.837,0.789,True,True,True,True,False,True,False,70.0,0.6882247992863515,0.45,0.6882247992863515,1,0.5992500000000001,0.6186,0.7180177614520311,0.6269632053339919,0.7414506337202124,False,True,True,True
ASUS Vivobook S16 S3607ca Sh082ws,Asus,Intel,Core Ultra 5,225.0,1.7,16.0,DDR5,,512.0,16.0,1920 x 1200,60.0,Intel,1.7,"70WHrs, 4S1P, 4-cell Li-ion",24990000.0,data/anphat/detail_htmls\asus_31_specs.html,INTEL_GRAPHICS,INTEGRATED,False,0.8,0.8,0.0381219903691813,0.442215088282504,0.8487158908507223,0.1319444444444444,24.99,0.419,0.442,True,True,True,False,False,False,True,70.0,0.6882247992863515,0.45,0.6882247992863515,1,0.49475,0.4931999999999999,0.4092716940363007,0.344398999876528,0.3997020622916408,False,False,False,False
ASUS Vivobook S 14 S3407ca Ly095ws,Asus,Intel,Core Ultra 5,225.0,4.9,16.0,DDR5,,512.0,14.0,1920 x 1200,60.0,Intel,1.4,"70WHrs, 4S1P, 4-cell Li-ion",22990000.0,data/anphat/detail_htmls\asus_30_specs.html,INTEL_UHD,INTEGRATED,False,0.8,0.8,0.7391653290529695,0.7885232744783306,0.2114767255216693,0.1180555555555555,22.99,0.77,0.789,True,True,True,True,False,True,False,70.0,0.6882247992863515,0.45,0.6882247992863515,1,0.5825,0.5985,0.6878677614520311,0.6269632053339919,0.7044331337202123,False,False,True,True
ASUS Vivobook 14 X1405va Ly623w,Asus,Intel,Core i5,13420.0,4.6,16.0,DDR4,3200.0,512.0,14.0,1920 x 1200,60.0,Intel,1.6,"42WHrs, 3S1P, 3-cell Li-ion",16190000.0,data/anphat/detail_htmls\asus_35_specs.html,INTEL_UHD,INTEGRATED,False,0.8,0.8,0.4534510433386838,0.6071428571428572,0.2114767255216693,0.0708333333333333,16.19,0.627,0.607,True,True,True,False,False,True,False,42.0,0.11864406779661017,0.45,0.11864406779661017,1,0.5467500000000001,0.5556,0.5067502592912705,0.4518335596987282,0.5378543286208174,False,False,False,False
ASUS Vivobook S14 S3407qa Sf043ws,Asus,Qualcomm,Snapdragon X  X1,100.0,2.97,80.0,LPDDR5X,,512.0,14.0,1920 x 1200,60.0,Qualcomm,1.35,"70WHrs, 3S1P, 3-cell Li-ion",24990000.0,data/anphat/detail_htmls\asus_33_specs.html,QUALCOMM_ADRENO,INTEGRATED_ARM,False,1.0,0.8,0.1300160513643659,0.858346709470305,0.2114767255216693,0.1319444444444444,24.99,0.525,0.858,True,True,True,True,False,True,False,70.0,0.6882247992863515,0.45,0.6882247992863515,1,0.55125,0.555,0.6020559636992221,0.6583837510803803,0.586351933880726,False,False,True,True
ASUS Vivobook S 14 Flip Tp3402va Lz632w,Asus,Intel,Core i5,13420.0,4.6,16.0,DDR4,,512.0,14.0,1920 x 1200,60.0,Intel,1.5,"3 cell, 50WHrs",20999000.0,data/anphat/detail_htmls\asus_34_specs.html,INTEL_UHD,INTEGRATED,False,0.8,0.8,0.4534510433386838,0.6898073836276084,0.2114767255216693,0.1042291666666666,21.0,0.627,0.69,True,True,True,True,False,True,False,50.0,0.25111507582515613,0.45,0.25111507582515613,1,0.5467500000000001,0.5556,0.5505056611927399,0.5152333621434746,0.5702242199654278,False,False,False,False
ASUS Vivobook S16 S3607qa Sh040ws,Asus,Qualcomm,Snapdragon X  X1,100.0,2.97,80.0,LPDDR5X,,512.0,16.0,1920 x 1200,60.0,Qualcomm,1.74,"70WHrs, 3S1P, 3-cell Li-ion",22999000.0,data/anphat/detail_htmls\asus_32_specs.html,QUALCOMM_ADRENO,INTEGRATED_ARM,False,1.0,0.8,0.1300160513643659,0.4004815409309791,0.8487158908507223,0.1181180555555555,23.0,0.525,0.4,True,True,True,False,False,False,True,70.0,0.6882247992863515,0.45,0.6882247992863515,1,0.55125,0.555,0.442364952463267,0.3256189035683418,0.4479380093221385,False,False,False,False
ASUS Expertbook P3405cva Nz0077w,Asus,Intel,Core i7,13620.0,4.9,16.0,DDR5,,512.0,14.0,2560 x 1600,,Intel,1.36,"63 WHrs, 3-cell",24999000.0,data/anphat/detail_htmls\asus_36_specs.html,INTEL_UHD,INTEGRATED,False,0.8,0.8,0.7391653290529695,0.851123595505618,0.2114767255216693,0.1320069444444444,25.0,0.77,0.851,True,True,True,True,False,True,False,63.0,0.6119536128456735,0.45,0.6119536128456735,1,0.5825,0.5985,0.6963163353500432,0.6315756574885789,0.7091574824052351,False,False,True,True
ASUS Rog Strix G18 G815lr S9211w,Asus,Intel,Ultra 9,275.0,5.4,32.0,DDR5,5600.0,1024.0,18.0,2560 x 1600,240.0,NVIDIA,3.2,"90WHrs, 4S1P, 4-cell Li-ion",63990000.0,data/anphat/detail_htmls\asus_38_specs.html,RTX 5070,DISCRETE_GAMING,False,1.0,1.0,0.9542536115569824,0.006821829855537698,0.9951845906902088,0.4027777777777778,63.99,0.977,0.007,True,True,True,False,True,False,True,90.0,0.9402319357716324,0.45,0.9402319357716324,1,0.66425,0.6906,0.5467264909248055,0.1868471416224225,0.625346349240647,True,True,False,False
ASUS Rog Strix G18 G815lm S9088w,Asus,Intel,Ultra 9,275.0,5.4,32.0,DDR5,5600.0,1024.0,18.0,2560 x 1600,240.0,NVIDIA,3.2,"90WHrs, 4S1P, 4-cell Li-ion",52990000.0,data/anphat/detail_htmls\asus_41_specs.html,RTX 5060,DISCRETE_GAMING,False,1.0,1.0,0.9542536115569824,0.006821829855537698,0.9951845906902088,0.3263888888888889,52.99,0.977,0.007,True,True,True,False,True,False,True,90.0,0.9402319357716324,0.45,0.9402319357716324,1,0.66425,0.6906,0.5467264909248055,0.1868471416224225,0.625346349240647,True,True,False,False
ASUS Expertbook P3405cva Nz0027w,Asus,Intel,Core i5,13420.0,4.6,16.0,DDR5,,512.0,14.0,2560 x 1600,,Intel,1.36,"63 WHrs, 3-cell",19990000.0,data/anphat/detail_htmls\asus_37_specs.html,INTEL_UHD,INTEGRATED,False,0.8,0.8,0.4534510433386838,0.851123595505618,0.2114767255216693,0.0972222222222222,19.99,0.627,0.851,True,True,True,True,False,True,False,63.0,0.6119536128456735,0.45,0.6119536128456735,1,0.5467500000000001,0.5556,0.6319663353500433,0.6315756574885789,0.6301499824052352,False,False,True,True
ASUS Expertbook P3605cva Pl0042w,Asus,Intel,Core i5,13420.0,4.6,16.0,DDR5,,512.0,16.0,2560 x 1600,,Intel,1.75,"63 WHrs, 3-cell",19990000.0,data/anphat/detail_htmls\asus_40_specs.html,INTEL_UHD,INTEGRATED,False,0.8,0.8,0.4534510433386838,0.3896468699839486,0.8487158908507223,0.0972222222222222,19.99,0.627,0.39,True,True,True,False,False,False,True,63.0,0.6119536128456735,0.45,0.6119536128456735,1,0.5467500000000001,0.5556,0.4710112791702679,0.2971856093344857,0.4908421974935177,False,False,False,False
ASUS Expertbook B3 B3405cca Ly0080w,Asus,Intel,Core Ultra 7,255.0,2.0,16.0,DDR5,,512.0,14.0,1920 x 1200,60.0,Intel,1.4,"3 cell 63 Wh , Pin liền",26990000.0,data/anphat/detail_htmls\asus_42_specs.html,INTEL_GRAPHICS,INTEGRATED,False,0.8,0.8,0.0581861958266452,0.7885232744783306,0.2114767255216693,0.1458333333333333,26.99,0.429,0.789,True,True,True,True,False,True,False,63.0,0.6119536128456735,0.45,0.6119536128456735,1,0.49725,0.4962,0.5209562229904926,0.6034055130262996,0.5052614029509817,False,False,False,True
ASUS Expertbook P3605cva Pl0047w,Asus,Intel,Core i7,13620.0,4.9,16.0,DDR5,,512.0,16.0,2560 x 1600,,Intel,1.75,"63 WHrs, 3-cell",25999000.0,data/anphat/detail_htmls\asus_43_specs.html,INTEL_UHD,INTEGRATED,False,0.8,0.8,0.7391653290529695,0.3896468699839486,0.8487158908507223,0.1389513888888889,26.0,0.77,0.39,True,True,True,False,False,False,True,63.0,0.6119536128456735,0.45,0.6119536128456735,1,0.5825,0.5985,0.535361279170268,0.2971856093344857,0.5698496974935177,False,False,False,False
ASUS Rog Zephyrus G16 Gu605cx Qr147w,Asus,Intel,Core Ultra 9,285.0,5.4,64.0,LPDDR5X,7467.0,2048.0,16.0,2560 x 1600,240.0,NVIDIA,1.95,"4-cell, 90WHrs",124990000.0,data/anphat/detail_htmls\asus_46_specs.html,RTX 5090,DISCRETE_GAMING,False,1.0,1.0,0.9542536115569824,0.271669341894061,0.8487158908507223,0.8263888888888888,124.99,0.977,0.272,True,True,True,False,False,False,True,90.0,0.9402319357716324,0.45,0.9402319357716324,1,0.66425,0.6906,0.6391422212618842,0.3349611063094209,0.6965562208297321,True,True,True,False
ASUS Gaming Rog Zephyrus G14 Ga403wm Qs051ws,Asus,AMD,Ryzen AI 9,370.0,5.1,32.0,LPDDR5X,8000.0,1024.0,14.0,2880 x 1800,,NVIDIA,1.5,"73WHrs, 4S1P, 4-cell Li-ion",56940000.0,data/anphat/detail_htmls\asus_47_specs.html,RTX 5060,DISCRETE_GAMING,False,1.0,1.0,0.8743980738362761,0.6898073836276084,0.2114767255216693,0.3538194444444444,56.94,0.937,0.69,True,True,True,True,False,True,False,73.0,0.7551293487957181,0.45,0.7551293487957181,1,0.6542500000000001,0.6786000000000001,0.7342364304235091,0.5926372082973207,0.7768838353500432,True,True,True,False
ASUS Rog Zephyrus G14 Ga403ww Qs136ws,Asus,AMD,Ryzen AI 9,370.0,5.1,64.0,LPDDR5X,8000.0,2048.0,14.0,2880 x 1800,,NVIDIA,1.57,"73WHrs, 4S1P, 4-cell Li-ion",89490000.0,data/anphat/detail_htmls\asus_48_specs.html,RTX 5080,DISCRETE_GAMING,False,1.0,1.0,0.8743980738362761,0.6284109149277688,0.2114767255216693,0.5798611111111112,89.49,0.937,0.628,True,True,True,True,False,True,False,73.0,0.7551293487957181,0.45,0.7551293487957181,1,0.6542500000000001,0.6786000000000001,0.7133094641313742,0.5657311087788617,0.7620854806148908,True,True,True,False
ASUS Rog Strix G16 G615lw S5219w,Asus,Intel,Core Ultra 9,275.0,5.4,16.0,DDR5,5600.0,1024.0,16.0,2560 x 1600,240.0,NVIDIA,2.65,"4-cell, 90WHrs",73690000.0,data/anphat/detail_htmls\asus_50_specs.html,RTX 5080,DISCRETE_GAMING,False,0.8,1.0,0.9542536115569824,0.027688603531300204,0.8487158908507223,0.4701388888888889,73.69,0.917,0.028,True,True,True,False,True,False,True,90.0,0.9402319357716324,0.45,0.9402319357716324,1,0.6192500000000001,0.6426000000000001,0.5270298617113224,0.2255309297444128,0.6032196237189777,True,True,False,False
ASUS Rog Strix G16 G615lr S5289w,Asus,Intel,Core Ultra 7,255.0,5.2,16.0,DDR5,5600.0,1024.0,16.0,2560 x 1600,240.0,NVIDIA,2.65,"4-cell, 90WHrs",57920000.0,data/anphat/detail_htmls\asus_49_specs.html,RTX 5070,DISCRETE_GAMING,False,0.8,1.0,0.914526484751204,0.027688603531300204,0.8487158908507223,0.360625,57.92,0.897,0.028,True,True,True,False,True,False,True,90.0,0.9402319357716324,0.45,0.9402319357716324,1,0.61425,0.6366,0.5180298617113224,0.2255309297444128,0.5921696237189777,True,True,False,False
ASUS Tuf Gaming A14 Fa401km Rg010ws 90nr0kg1 M000t0,Asus,AMD,Ryzen AI 7,350.0,5.0,16.0,LPDDR5X,7500.0,1024.0,14.0,2560 x 1600,165.0,NVIDIA,1.46,"73WHrs, 4S1P, 4-cell Li-ion",45150000.0,data/anphat/detail_htmls\asus_51_specs.html,RTX 5060,DISCRETE_GAMING,False,0.8,1.0,0.8138041733547352,0.7323434991974318,0.2114767255216693,0.2719444444444444,45.15,0.847,0.732,True,True,True,True,False,True,False,73.0,0.7551293487957181,0.45,0.7551293487957181,1,0.60175,0.6216,0.7086240708729472,0.6117784603037413,0.7376865239535745,True,True,True,True
ASUS Tuf Gaming F16 Fx608jh Rv039w,Asus,Intel,Core i5,13450.0,4.6,16.0,DDR5,5600.0,1024.0,16.0,1920 x 1200,165.0,NVIDIA,2.2,"90WHrs, 4S1P, 4-cell Li-ion",33390000.0,data/anphat/detail_htmls\asus_52_specs.html,RTX 5050,DISCRETE_GAMING,False,0.8,1.0,0.4534510433386838,0.1761637239165329,0.8487158908507223,0.1902777777777777,33.39,0.667,0.176,True,True,True,False,False,False,True,90.0,0.9402319357716324,0.45,0.9402319357716324,1,0.5567500000000001,0.5676,0.4664961538461539,0.2923447339177676,0.5018422160143228,False,False,False,False
ASUS Tuf Gaming F16 Fx608jhr Rv037w,Asus,Intel,Core i7,14650.0,5.2,16.0,DDR5,5600.0,1024.0,16.0,1920 x 1200,165.0,NVIDIA,2.2,"90WHrs, 4S1P, 4-cell Li-ion",38290000.0,data/anphat/detail_htmls\asus_54_specs.html,INTEL_UHD,INTEGRATED,False,0.8,1.0,0.914526484751204,0.1761637239165329,0.8487158908507223,0.2243055555555555,38.29,0.897,0.176,True,True,True,False,False,False,True,90.0,0.9402319357716324,0.45,0.9402319357716324,1,0.61425,0.6366,0.5699961538461539,0.2923447339177676,0.6289172160143228,True,True,False,False
ASUS Tuf Gaming F16 Fx608jpr Rv044w,Asus,Intel,Core i7,14650.0,5.2,16.0,DDR5,5600.0,1024.0,16.0,1920 x 1200,165.0,NVIDIA,2.2,"90WHrs, 4S1P, 4-cell Li-ion",45990000.0,data/anphat/detail_htmls\asus_56_specs.html,RTX 5070,DISCRETE_GAMING,False,0.8,1.0,0.914526484751204,0.1761637239165329,0.8487158908507223,0.2777777777777778,45.99,0.897,0.176,True,True,True,False,False,False,True,90.0,0.9402319357716324,0.45,0.9402319357716324,1,0.61425,0.6366,0.5699961538461539,0.2923447339177676,0.6289172160143228,True,True,False,False
ASUS Tuf Gaming F16 Fx607vj Rl034w,Asus,Intel,Core 5,210.0,4.8,16.0,DDR4,,512.0,16.0,1920 x 1080,144.0,NVIDIA,2.2,"56WHrs, 4S1P, 4-cell Li-ion",24540000.0,data/anphat/detail_htmls\asus_55_specs.html,RTX 3050,DISCRETE_GAMING,False,0.8,0.8,0.6460674157303371,0.1761637239165329,0.8487158908507223,0.1288194444444444,24.54,0.723,0.176,True,True,True,False,False,False,True,56.0,0.41480820695807313,0.9,0.41480820695807313,1,0.84075,0.8319,0.4263115384615384,0.1779216569946907,0.4804745237066304,True,True,False,False
ASUS Tuf Gaming A15 Fa506ncg Hn184w,Asus,AMD,Ryzen 7,7445.0,4.7,16.0,DDR5,5600.0,512.0,15.6,1920 x 1080,144.0,NVIDIA,2.3,3-cell 48WHrs,22990000.0,data/anphat/detail_htmls\asus_57_specs.html,RTX 3050,DISCRETE_GAMING,False,0.8,0.8,0.5714285714285714,0.1211878009630819,0.5842696629213483,0.1180555555555555,22.99,0.686,0.121,True,True,True,False,False,False,True,48.0,0.2149866190900981,0.9,0.2149866190900981,1,0.8315,0.8208000000000001,0.3750353500432152,0.1791486603284355,0.444695639585134,True,True,False,False
ASUS Gaming V16 V3607vu Rp343w,Asus,Intel,Core 5,210.0,4.8,16.0,DDR5,,512.0,16.0,1920 x 1200,144.0,NVIDIA,1.95,"63WHrs, 3S1P, 3-cell Li-ion",26990000.0,data/anphat/detail_htmls\asus_58_specs.html,RTX 4050,DISCRETE_GAMING,False,0.8,0.8,0.6460674157303371,0.271669341894061,0.8487158908507223,0.1458333333333333,26.99,0.723,0.272,True,True,True,False,False,False,True,63.0,0.6119536128456735,1.0,0.6119536128456735,1,0.90075,0.8869,0.4729191443388072,0.2440957216940363,0.5146827592912705,True,True,False,False
ASUS Gaming V16 V3607vh Rp025w,Asus,Intel,Core 7,240.0,5.2,16.0,DDR5,,512.0,16.0,1920 x 1200,144.0,NVIDIA,1.95,"63WHrs, 3S1P, 3-cell Li-ion",30999000.0,data/anphat/detail_htmls\asus_59_specs.html,RTX 5050,DISCRETE_GAMING,False,0.8,0.8,0.914526484751204,0.271669341894061,0.8487158908507223,0.1736736111111111,31.0,0.857,0.272,True,True,True,False,False,False,True,63.0,0.6119536128456735,0.45,0.6119536128456735,1,0.60425,0.6246,0.5332191443388072,0.2440957216940363,0.5887177592912706,True,True,False,False
ASUS Expertbook P1403cva I716 50w,Asus,Intel,Core i7,13620.0,4.9,16.0,DDR5,,1024.0,14.0,1920 x 1080,,Intel,1.45,3-cell 50WHrs,19290000.0,data/anphat/detail_htmls\asus_63_specs.html,INTEL_UHD,INTEGRATED,False,0.8,1.0,0.7391653290529695,0.7387640449438202,0.2114767255216693,0.0923611111111111,19.29,0.81,0.739,True,True,True,True,False,True,False,50.0,0.25111507582515613,0.45,0.25111507582515613,1,0.5925,0.6105,0.649990492653414,0.5372638597357698,0.6834484936411903,False,True,True,False
ASUS Expertbook P1403cva I516 50w,Asus,Intel,Core i5,13420.0,4.6,16.0,,,512.0,14.0,1920 x 1080,,Intel,1.4,"63WHrs, 3S1P, 3-cell",15590000.0,data/anphat/detail_htmls\asus_62_specs.html,INTEL_UHD,INTEGRATED,False,0.8,0.8,0.4534510433386838,0.7885232744783306,0.2114767255216693,0.0666666666666666,15.59,0.627,0.789,True,True,True,True,False,True,False,63.0,0.6119536128456735,0.45,0.6119536128456735,1,0.5467500000000001,0.5556,0.6100562229904927,0.6034055130262996,0.6146564029509816,False,False,True,True
ASUS Expertbook P5 P5405csa Nz0442ws,Asus,Intel,Core Ultra 7,258.0,1.8,32.0,LPDDR5X,,1024.0,14.0,2560 x 1600,144.0,Intel,1.27,"63WHrs, 3S1P, 3-cell Li-ion",35999000.0,data/anphat/detail_htmls\asus_64_specs.html,INTEL_GRAPHICS,INTEGRATED,False,1.0,1.0,0.0453451043338683,0.9073033707865168,0.2114767255216693,0.2083958333333333,36.0,0.523,0.907,True,True,True,True,False,True,False,63.0,0.6119536128456735,0.45,0.6119536128456735,1,0.5507500000000001,0.5544,0.6048292566983577,0.6568565563649833,0.5865944767872577,False,False,True,True
ASUS Expertbook P1503cva I516 50w,Asus,Intel,Core i5,13420.0,4.6,16.0,DDR5,,512.0,15.6,1920 x 1080,60.0,Intel,1.65,3-cell Li-ion,15990000.0,data/anphat/detail_htmls\asus_61_specs.html,INTEL_UHD,INTEGRATED,False,0.8,0.8,0.4534510433386838,0.5417335473515249,0.5842696629213483,0.0694444444444444,15.99,0.627,0.542,True,True,True,False,False,False,True,,,0.45,,0,0.5467500000000001,0.5556,0.5723185393258426,0.5026484751203852,0.5775230377207062,False,False,False,False
ASUS Gaming Vivobook 16x K3605vc Rp431w,Asus,Intel,Core i5,13420.0,4.6,16.0,DDR4,,512.0,16.0,1920 x 1200,144.0,NVIDIA,1.8,3 cell 50 Wh,22080000.0,data/anphat/detail_htmls\asus_65_specs.html,RTX 3050,DISCRETE_GAMING,False,0.8,0.8,0.4534510433386838,0.3591492776886035,0.8487158908507223,0.1117361111111111,22.08,0.627,0.359,True,True,True,False,False,False,True,50.0,0.25111507582515613,0.9,0.25111507582515613,1,0.81675,0.8031,0.4353371218668971,0.2397116928015804,0.4632940434004198,True,True,False,False
ASUS Vivobook 16 K3607vj Rp092w,Asus,Intel,Core 5,210.0,4.8,16.0,DDR5,,512.0,16.0,1920 x 1200,144.0,NVIDIA,1.95,"63WHrs, 3S1P, 3-cell Li-ion",22999000.0,data/anphat/detail_htmls\asus_66_specs.html,RTX 3050,DISCRETE_GAMING,False,0.8,0.8,0.6460674157303371,0.271669341894061,0.8487158908507223,0.1181180555555555,23.0,0.723,0.272,True,True,True,False,False,False,True,63.0,0.6119536128456735,0.9,0.6119536128456735,1,0.84075,0.8319,0.4729191443388072,0.2440957216940363,0.5146827592912705,True,True,False,False
ASUS Vivobook 15 X1504va Bq2076w,Asus,Intel,Core i5,1334.0,4.6,8.0,DDR4,,512.0,15.6,1920 x 1080,60.0,Intel,1.7,"3-cell, 42WHrs",16490000.0,data/anphat/detail_htmls\asus_68_specs.html,INTEL_IRIS_XE,INTEGRATED,False,0.6,0.8,0.4534510433386838,0.442215088282504,0.5842696629213483,0.0729166666666666,16.49,0.567,0.442,True,True,True,False,False,False,True,42.0,0.11864406779661017,0.55,0.11864406779661017,1,0.56175,0.5626,0.4220255401901468,0.3030574762316335,0.4489729883318927,False,False,False,False
ASUS Vivobook 16 A1607qa Mb067ws,Asus,Qualcomm,Snapdragon X  X1,100.0,2.97,16.0,LPDDR5X,,512.0,16.0,1920 x 1200,60.0,Qualcomm,1.88,"50WHrs, 3S1P, 3-cell Li-ion",20990000.0,data/anphat/detail_htmls\asus_70_specs.html,QUALCOMM_ADRENO,INTEGRATED_ARM,False,0.8,0.8,0.1300160513643659,0.3126003210272873,0.8487158908507223,0.1041666666666666,20.99,0.465,0.313,True,True,True,False,False,False,True,50.0,0.25111507582515613,0.45,0.25111507582515613,1,0.5062500000000001,0.507,0.3461449870354365,0.2187646623039881,0.3622681766267441,False,False,False,False
ASUS Gaming V16 V3607vh Rp024w,Asus,Intel,Core 5,210.0,4.8,16.0,DDR5,,512.0,16.0,1920 x 1200,144.0,NVIDIA,1.95,"63WHrs, 3S1P, 3-cell Li-ion",27990000.0,data/anphat/detail_htmls\asus_69_specs.html,RTX 5050,DISCRETE_GAMING,False,0.8,0.8,0.6460674157303371,0.271669341894061,0.8487158908507223,0.1527777777777778,27.99,0.723,0.272,True,True,True,False,False,False,True,63.0,0.6119536128456735,0.45,0.6119536128456735,1,0.57075,0.5844,0.4729191443388072,0.2440957216940363,0.5146827592912705,False,False,False,False
ASUS Gaming V16 V3607vm Rp044w,Asus,Intel,Core 7,240.0,5.2,16.0,DDR5,,1024.0,16.0,1920 x 1200,144.0,NVIDIA,1.95,"63WHrs, 3S1P, 3-cell Li-ion",37300000.0,data/anphat/detail_htmls\asus_67_specs.html,RTX 5060,DISCRETE_GAMING,False,0.8,1.0,0.914526484751204,0.271669341894061,0.8487158908507223,0.2174305555555555,37.3,0.897,0.272,True,True,True,False,False,False,True,63.0,0.6119536128456735,0.45,0.6119536128456735,1,0.61425,0.6366,0.5512191443388073,0.2440957216940363,0.6108177592912706,True,True,False,False
ASUS Gaming Rog Zephyrus G16 Gu605cr Qr107w,Asus,Intel,Core Ultra 9,285.0,5.4,32.0,LPDDR5X,,1024.0,16.0,2560 x 1600,,NVIDIA,1.95,"4-cell, 90WHrs",76590000.0,data/anphat/detail_htmls\asus_72_specs.html,RTX 5070,DISCRETE_GAMING,False,1.0,1.0,0.9542536115569824,0.271669341894061,0.8487158908507223,0.4902777777777777,76.59,0.977,0.272,True,True,True,False,False,False,True,90.0,0.9402319357716324,0.45,0.9402319357716324,1,0.66425,0.6906,0.6391422212618842,0.3349611063094209,0.6965562208297321,True,True,True,False
ASUS Vivobook X1404va Nk394w,Asus,Intel,Core i3,1315.0,4.5,8.0,DDR4,3200.0,512.0,14.0,1920 x 1080,,Intel,1.4,"42WHrs, 3S1P, 3-cell Li-ion",12460000.0,data/anphat/detail_htmls\asus_74_specs.html,INTEL_UHD,INTEGRATED,False,0.6,0.8,0.3029695024077046,0.7885232744783306,0.2114767255216693,0.0449305555555555,12.46,0.491,0.789,True,True,True,True,False,True,False,42.0,0.11864406779661017,0.45,0.11864406779661017,1,0.48275,0.4848,0.5084716076058772,0.5327324361032226,0.5072087106432892,False,False,False,False
ASUS Vivobook S 14 S3407va Ly046w,Asus,Intel,Core i5,13420.0,4.6,8.0,DDR5,,512.0,14.0,1920 x 1200,60.0,Intel,1.39,"70WHrs, 4S1P, 4-cell Li-ion",18999000.0,data/anphat/detail_htmls\asus_76_specs.html,INTEL_UHD,INTEGRATED,False,0.6,0.8,0.4534510433386838,0.819422150882825,0.2114767255216693,0.0903402777777777,19.0,0.567,0.819,True,True,True,True,False,True,False,70.0,0.6882247992863515,0.45,0.6882247992863515,1,0.50175,0.5075999999999999,0.607332368193604,0.6408676997160143,0.5999231056303247,False,False,True,True
ASUS Rog Strix Scar 18 G835lw Sa193w,Asus,Intel,Core Ultra 9,275.0,5.4,32.0,DDR5,5600.0,1024.0,18.0,2560 x 1600,,NVIDIA,3.3,"90WHrs, 4S1P, 4-cell Li-ion",88390000.0,data/anphat/detail_htmls\asus_79_specs.html,RTX 5080,DISCRETE_GAMING,False,1.0,1.0,0.9542536115569824,0.0032102728731941976,0.9951845906902088,0.5722222222222222,88.39,0.977,0.003,True,True,True,False,True,False,True,90.0,0.9402319357716324,0.45,0.9402319357716324,1,0.66425,0.6906,0.5454624459809854,0.1852219409803679,0.6244524888875169,True,True,False,False
ASUS Rog Zephyrus G14 Ga403wr Qs156ws,Asus,AMD,Ryzen AI 9,370.0,5.1,32.0,LPDDR5X,8000.0,1024.0,14.0,2880 x 1800,120.0,NVIDIA,1.57,"73WHrs, 4S1P, 4-cell Li-ion",71660000.0,data/anphat/detail_htmls\asus_81_specs.html,RTX 5070,DISCRETE_GAMING,False,1.0,1.0,0.8743980738362761,0.6284109149277688,0.2114767255216693,0.4560416666666667,71.66,0.937,0.628,True,True,True,True,False,True,False,73.0,0.7551293487957181,0.45,0.7551293487957181,1,0.6542500000000001,0.6786000000000001,0.7133094641313742,0.5657311087788617,0.7620854806148908,True,True,True,False
ASUS Zenbook S 16 Um5606ka Rk113ws,Asus,AMD,Ryzen AI 7,350.0,5.0,24.0,LPDDR5,,1024.0,16.0,2880 x 1800,120.0,AMD,1.5,"78WHrs, 2S2P, 4-cell Li-ion",42990000.0,data/anphat/detail_htmls\asus_82_specs.html,AMD_RADEON_GRAPHICS,INTEGRATED,False,0.8,1.0,0.8138041733547352,0.6898073836276084,0.8487158908507223,0.2569444444444444,42.99,0.847,0.69,True,True,True,True,False,False,True,78.0,0.8652988403211418,0.5,0.8652988403211418,1,0.6317499999999999,0.6491,0.7033518150388938,0.4820162983084332,0.7093615764291887,True,True,True,False
ASUS Zenbook S 16 Um5606ka Rk127ws,Asus,AMD,Ryzen AI 7,350.0,5.0,24.0,LPDDR5,,1024.0,16.0,2880 x 1800,120.0,AMD,1.5,"78WHrs, 2S2P, 4-cell Li-ion",38990000.0,data/anphat/detail_htmls\asus_84_specs.html,AMD_RADEON_GRAPHICS,INTEGRATED,False,0.8,1.0,0.8138041733547352,0.6898073836276084,0.8487158908507223,0.2291666666666666,38.99,0.847,0.69,True,True,True,True,False,False,True,78.0,0.8652988403211418,0.5,0.8652988403211418,1,0.6317499999999999,0.6491,0.7033518150388938,0.4820162983084332,0.7093615764291887,True,True,True,False
ASUS Vivobook 15 A1505v L1688w,Asus,Intel,Core i7,13620.0,4.9,16.0,DDR4,,512.0,15.6,1920 x 1080,60.0,Intel,1.7,"3-cell, 50WHrs",20990000.0,data/anphat/detail_htmls\asus_86_specs.html,INTEL_UHD,INTEGRATED,False,0.8,0.8,0.7391653290529695,0.442215088282504,0.5842696629213483,0.1041666666666666,20.99,0.77,0.442,True,True,True,False,False,False,True,50.0,0.25111507582515613,0.45,0.25111507582515613,1,0.5825,0.5985,0.5287601555747623,0.3299805531547105,0.5734381806395852,False,False,False,False
ASUS Vivobook S 16 Oled M5606ka Ri016ws,Asus,AMD,Ryzen AI 7,350.0,5.0,24.0,LPDDR5X,,512.0,16.0,2880 x 1800,120.0,AMD,1.5,"75 WHrs, 4-cell",30990000.0,data/anphat/detail_htmls\asus_85_specs.html,AMD_RADEON_GRAPHICS,INTEGRATED,False,0.8,0.8,0.8138041733547352,0.6898073836276084,0.8487158908507223,0.1736111111111111,30.99,0.807,0.69,True,True,True,True,False,False,True,75.0,0.7979482604817127,0.5,0.7979482604817127,1,0.62175,0.6371,0.679582584269663,0.4719201444622793,0.6826461918138043,True,True,True,False
ASUS Rog Strix G18 G815jpr S9057w,Asus,Intel,Core i9,14900.0,4.6,32.0,DDR5,5600.0,1024.0,18.0,2560 x 1600,240.0,NVIDIA,3.2,"90WHrs, 4S1P, 4-cell Li-ion",55999000.0,data/anphat/detail_htmls\asus_87_specs.html,RTX 5070,DISCRETE_GAMING,False,1.0,1.0,0.4534510433386838,0.006821829855537698,0.9951845906902088,0.3472847222222222,56.0,0.727,0.007,True,True,True,False,True,False,True,90.0,0.9402319357716324,0.45,0.9402319357716324,1,0.60175,0.6156,0.4342264909248055,0.1868471416224225,0.4872213492406469,True,True,False,False
ASUS Rog Strix Scar 18 G835lw Sa172w,Asus,Intel,Core Ultra 9,275.0,5.4,64.0,DDR5,5600.0,2048.0,18.0,2560 x 1600,,NVIDIA,3.3,"90WHrs, 4S1P, 4-cell Li-ion",121990000.0,data/anphat/detail_htmls\asus_88_specs.html,RTX 5080,DISCRETE_GAMING,False,1.0,1.0,0.9542536115569824,0.0032102728731941976,0.9951845906902088,0.8055555555555556,121.99,0.977,0.003,True,True,True,False,True,False,True,90.0,0.9402319357716324,0.45,0.9402319357716324,1,0.66425,0.6906,0.5454624459809854,0.1852219409803679,0.6244524888875169,True,True,False,False
ASUS Rog Strix Scar 16 G635lx Rw179w,Asus,Intel,Core Ultra 9,275.0,5.4,64.0,DDR5,5600.0,2048.0,16.0,2560 x 1600,,NVIDIA,2.8,"90WHrs, 4S1P, 4-cell Li-ion",141990000.0,data/anphat/detail_htmls\asus_89_specs.html,RTX 5090,DISCRETE_GAMING,False,1.0,1.0,0.9542536115569824,0.013242375601926204,0.8487158908507223,0.9444444444444444,141.99,0.977,0.013,True,True,True,False,True,False,True,90.0,0.9402319357716324,0.45,0.9402319357716324,1,0.66425,0.6906,0.5489736819360415,0.2190301271761945,0.6327941823064576,True,True,False,False
ASUS Rog Strix Scar 16 G635lx Rw192w,Asus,Intel,Core Ultra 9,275.0,5.4,32.0,DDR5,5600.0,2048.0,16.0,2560 x 1600,240.0,NVIDIA,2.8,"90WHrs, 4S1P, 4-cell Li-ion",123790000.0,data/anphat/detail_htmls\asus_91_specs.html,RTX 5090,DISCRETE_GAMING,False,1.0,1.0,0.9542536115569824,0.013242375601926204,0.8487158908507223,0.8180555555555555,123.79,0.977,0.013,True,True,True,False,True,False,True,90.0,0.9402319357716324,0.45,0.9402319357716324,1,0.66425,0.6906,0.5489736819360415,0.2190301271761945,0.6327941823064576,True,True,False,False
ASUS Rog Strix G615jhr S5069w,Asus,Intel,Core i7,14650.0,5.2,32.0,DDR5,5600.0,1024.0,16.0,2560 x 1600,240.0,NVIDIA,2.73,"4-cell, 90WHrs",44990000.0,data/anphat/detail_htmls\asus_93_specs.html,RTX 5050,DISCRETE_GAMING,False,1.0,1.0,0.914526484751204,0.0160513643659711,0.8487158908507223,0.2708333333333333,44.99,0.957,0.016,True,True,True,False,True,False,True,90.0,0.9402319357716324,0.45,0.9402319357716324,1,0.65925,0.6846,0.5409568280034572,0.2202941721200148,0.6224394070255587,True,True,False,False
ASUS Vivobook 16 K3607vu Rp280w,Asus,Intel,Core 5,210.0,4.8,16.0,DDR5,,512.0,16.0,1920 x 1200,144.0,NVIDIA,1.95,"63WHrs, 3S1P, 3-cell Li-ion",25490000.0,data/anphat/detail_htmls\asus_94_specs.html,RTX 4050,DISCRETE_GAMING,False,0.8,0.8,0.6460674157303371,0.271669341894061,0.8487158908507223,0.1354166666666666,25.49,0.723,0.272,True,True,True,False,False,False,True,63.0,0.6119536128456735,1.0,0.6119536128456735,1,0.90075,0.8869,0.4729191443388072,0.2440957216940363,0.5146827592912705,True,True,False,False
ASUS Expertbook P1403cva I308 50w,Asus,Intel,Core i3,1315.0,4.5,8.0,DDR5,,512.0,14.0,1920 x 1080,,Intel,1.4,3-cell 50WHrs,11990000.0,data/anphat/detail_htmls\asus_95_specs.html,INTEL_UHD,INTEGRATED,False,0.6,0.8,0.3029695024077046,0.7885232744783306,0.2114767255216693,0.0416666666666666,11.99,0.491,0.789,True,True,True,True,False,True,False,50.0,0.25111507582515613,0.45,0.25111507582515613,1,0.48275,0.4848,0.5238562229904926,0.5596555130262996,0.5195164029509816,False,False,False,False
ASUS Expertbook P1503cva I308 50w,Asus,Intel,Core i3,1315.0,4.5,8.0,DDR5,,512.0,15.6,1920 x 1080,,Intel,1.62,3-cell 50WHrs,13999000.0,data/anphat/detail_htmls\asus_96_specs.html,INTEL_UHD,INTEGRATED,False,0.6,0.8,0.3029695024077046,0.579454253611557,0.5842696629213483,0.0556180555555555,14.0,0.491,0.579,True,True,True,False,False,False,True,50.0,0.25111507582515613,0.45,0.25111507582515613,1,0.48275,0.4848,0.4512438634399308,0.3917381775527843,0.4532573740585257,False,False,False,False
ASUS Expertbook P1403cva I516 63ws,Asus,Intel,Core i5,13420.0,4.6,16.0,DDR5,,1024.0,14.0,1920 x 1080,,Intel,1.45,3-cell 63WHrs,16590000.0,data/anphat/detail_htmls\asus_97_specs.html,INTEL_UHD,INTEGRATED,False,0.8,1.0,0.4534510433386838,0.7387640449438202,0.2114767255216693,0.0736111111111111,16.59,0.667,0.739,True,True,True,True,False,True,False,63.0,0.6119536128456735,0.45,0.6119536128456735,1,0.5567500000000001,0.5676,0.610640492653414,0.5810138597357699,0.6244409936411903,False,False,True,True
ASUS Vivobook 16 K3607vj Rp106w,Asus,Intel,Core 7,240.0,5.2,16.0,DDR5,,512.0,16.0,1920 x 1200,144.0,NVIDIA,1.95,"63WHrs, 3S1P, 3-cell Li-ion",24490000.0,data/anphat/detail_htmls\asus_100_specs.html,RTX 3050,DISCRETE_GAMING,False,0.8,0.8,0.914526484751204,0.271669341894061,0.8487158908507223,0.1284722222222222,24.49,0.857,0.272,True,True,True,False,False,False,True,63.0,0.6119536128456735,0.9,0.6119536128456735,1,0.8742500000000001,0.8721,0.5332191443388072,0.2440957216940363,0.5887177592912706,True,True,False,False
ASUS Vivobook Go 15 E1504ga Bq1141w,Asus,Intel,Core i3,,3.8,8.0,DDR4,,512.0,15.6,1920 x 1080,60.0,Intel,1.63,"42WHrs, 3S1P, 3-cell Li-ion",9990000.0,data/anphat/detail_htmls\asus_101_specs.html,INTEL_UHD,INTEGRATED,False,0.6,0.8,0.1865971107544141,0.562199036918138,0.5842696629213483,0.0277777777777777,9.99,0.433,0.562,True,True,True,False,False,False,True,42.0,0.11864406779661017,0.45,0.11864406779661017,1,0.46825,0.4674,0.4037199222126187,0.3570502531176688,0.4046340156192122,False,False,False,False
ASUS Rog Strix Scar 18 G835lr Sa130w,Asus,Intel,Core Ultra 9,275.0,5.4,32.0,DDR5,5600.0,1024.0,18.0,2560 x 1600,,NVIDIA,3.3,"90WHrs, 4S1P, 4-cell Li-ion",69990000.0,data/anphat/detail_htmls\asus_103_specs.html,RTX 5070,DISCRETE_GAMING,False,1.0,1.0,0.9542536115569824,0.0032102728731941976,0.9951845906902088,0.4444444444444444,69.99,0.977,0.003,True,True,True,False,True,False,True,90.0,0.9402319357716324,0.45,0.9402319357716324,1,0.66425,0.6906,0.5454624459809854,0.1852219409803679,0.6244524888875169,True,True,False,False
ASUS Gaming Rog Zephyrus G16 Gu605cx Qr083w,Asus,Intel,Core Ultra 9,285.0,5.4,64.0,LPDDR5X,7467.0,2048.0,16.0,2560 x 1600,240.0,NVIDIA,1.95,"4-cell, 90WHrs",131990000.0,data/anphat/detail_htmls\asus_108_specs.html,RTX 5090,DISCRETE_GAMING,False,1.0,1.0,0.9542536115569824,0.271669341894061,0.8487158908507223,0.875,131.99,0.977,0.272,True,True,True,False,False,False,True,90.0,0.9402319357716324,0.45,0.9402319357716324,1,0.66425,0.6906,0.6391422212618842,0.3349611063094209,0.6965562208297321,True,True,True,False
ASUS Rog Strix G18 G815lw S9164w,Asus,Intel,Core Ultra 9,275.0,2.7,32.0,DDR5,5600.0,1024.0,18.0,2560 x 1600,240.0,NVIDIA,3.2,"90WHrs, 4S1P, 4-cell Li-ion",78490000.0,data/anphat/detail_htmls\asus_109_specs.html,RTX 5080,DISCRETE_GAMING,False,1.0,1.0,0.1167736757624398,0.006821829855537698,0.9951845906902088,0.5034722222222222,78.49,0.558,0.007,True,True,True,False,True,False,True,90.0,0.9402319357716324,0.45,0.9402319357716324,1,0.5595,0.5649000000000001,0.3581764909248056,0.1868471416224225,0.393848849240647,False,False,False,False
ASUS Rog Strix G16 G615lw S5135w,Asus,Intel,Core Ultra 9,275.0,5.4,32.0,DDR5,5600.0,1024.0,16.0,2560 x 1600,240.0,NVIDIA,2.65,"4-cell, 90WHrs",73630000.0,data/anphat/detail_htmls\asus_110_specs.html,RTX 5080,DISCRETE_GAMING,False,1.0,1.0,0.9542536115569824,0.027688603531300204,0.8487158908507223,0.4697222222222222,73.63,0.977,0.028,True,True,True,False,True,False,True,90.0,0.9402319357716324,0.45,0.9402319357716324,1,0.66425,0.6906,0.5540298617113224,0.2255309297444128,0.6363696237189777,True,True,False,False
ASUS Zenbook 14 Um3406ka Pp555ws,Asus,AMD,RYZEN AI 7,350.0,2.0,32.0,LPDDR5X,,512.0,14.0,2880 x 1800,120.0,AMD,1.2,"75 WHrs, 4-cell",31990000.0,data/anphat/detail_htmls\asus_111_specs.html,AMD_RADEON_GRAPHICS,INTEGRATED,False,1.0,0.8,0.0581861958266452,0.949438202247191,0.2114767255216693,0.1805555555555555,31.99,0.489,0.949,True,True,True,True,False,True,False,75.0,0.7979482604817127,0.5,0.7979482604817127,1,0.57225,0.5717,0.6273533707865169,0.7162018459069022,0.5966993860353131,False,False,True,True
ASUS Expertbook P5 P5405csa Nz0017w,Asus,Intel,Core Ultra 7,258.0,1.8,32.0,LPDDR5X,,1024.0,14.0,2560 x 1600,144.0,Intel,1.27,"63WHrs, 3S1P, 3-cell Li-ion",30990000.0,data/anphat/detail_htmls\asus_114_specs.html,INTEL_GRAPHICS,INTEGRATED,False,1.0,1.0,0.0453451043338683,0.9073033707865168,0.2114767255216693,0.1736111111111111,30.99,0.523,0.907,True,True,True,True,False,True,False,63.0,0.6119536128456735,0.45,0.6119536128456735,1,0.5507500000000001,0.5544,0.6048292566983577,0.6568565563649833,0.5865944767872577,False,False,True,True
ASUS Vivobook 15 X1504za Nj1039w,Asus,Intel,,1255.0,4.4,16.0,DDR4,,512.0,15.6,1920 x 1080,60.0,Intel,1.7,"3-cell, 42WHrs",17690000.0,data/anphat/detail_htmls\asus_113_specs.html,INTEL_IRIS_XE,INTEGRATED,False,0.8,0.8,0.2451845906902086,0.442215088282504,0.5842696629213483,0.08125,17.69,0.523,0.442,True,True,True,False,False,False,True,42.0,0.11864406779661017,0.55,0.11864406779661017,1,0.58075,0.5794,0.4022255401901469,0.3030574762316335,0.4246629883318927,False,False,False,False
ASUS Rog Strix G16 G615lr S5238w,Asus,Intel,Core Ultra 7,255.0,5.2,32.0,DDR5,5600.0,1024.0,16.0,2560 x 1600,240.0,NVIDIA,2.65,"4-cell, 90WHrs",57920000.0,data/anphat/detail_htmls\asus_118_specs.html,RTX 5070,DISCRETE_GAMING,False,1.0,1.0,0.914526484751204,0.027688603531300204,0.8487158908507223,0.360625,57.92,0.957,0.028,True,True,True,False,True,False,True,90.0,0.9402319357716324,0.45,0.9402319357716324,1,0.65925,0.6846,0.5450298617113223,0.2255309297444128,0.6253196237189776,True,True,False,False
ASUS Gaming Rog Zephyrus G14 Ga403wr Qs103ws,Asus,AMD,Ryzen AI 9,370.0,5.1,32.0,LPDDR5X,8000.0,1024.0,14.0,2880 x 1800,,NVIDIA,1.5,"73WHrs, 4S1P, 4-cell Li-ion",77990000.0,data/anphat/detail_htmls\asus_119_specs.html,RTX 5070,DISCRETE_GAMING,False,1.0,1.0,0.8743980738362761,0.6898073836276084,0.2114767255216693,0.5,77.99,0.937,0.69,True,True,True,True,False,True,False,73.0,0.7551293487957181,0.45,0.7551293487957181,1,0.6542500000000001,0.6786000000000001,0.7342364304235091,0.5926372082973207,0.7768838353500432,True,True,True,False
ASUS Vivobook 15 Oled A1505va Ma492w,Asus,Intel,Core  i7,13700.0,5.0,16.0,DDR4,3200.0,512.0,15.6,2880 x 1620,120.0,Intel,1.7,"3-cell, 50WHrs",22990000.0,data/anphat/detail_htmls\asus_120_specs.html,INTEL_IRIS_XE,INTEGRATED,False,0.8,0.8,0.8138041733547352,0.442215088282504,0.5842696629213483,0.1180555555555555,22.99,0.807,0.442,True,True,True,False,False,False,True,50.0,0.25111507582515613,0.55,0.25111507582515613,1,0.65175,0.6646000000000001,0.5454101555747624,0.3299805531547105,0.5938806806395852,True,True,False,False
ASUS Gaming Rog Zephyrus G16 Gu605mv Qr196ws,Asus,Intel,Core Ultra 9,185.0,4.6,16.0,LPDDR5X,7467.0,1024.0,16.0,2560 x 1600,240.0,NVIDIA,1.85,"4-cell, 90WHrs",69900000.0,data/anphat/detail_htmls\asus_124_specs.html,RTX 4060,DISCRETE_GAMING,False,0.8,1.0,0.4534510433386838,0.3278491171749599,0.8487158908507223,0.4438194444444444,69.9,0.667,0.328,True,True,True,False,False,False,True,90.0,0.9402319357716324,1.0,0.9402319357716324,1,0.88675,0.8701,0.5193051426101989,0.3602420051858254,0.5391857152117545,True,True,False,False
ASUS Gaming Rog Zephyrus G16 Gu603vu N4019w,Asus,Intel,Core i7,13620.0,4.9,16.0,DDR4,,512.0,16.0,2560 x 1600,240.0,NVIDIA,2.0,"4-cell, 90WHrs",44990000.0,data/anphat/detail_htmls\asus_123_specs.html,RTX 4050,DISCRETE_GAMING,False,0.8,0.8,0.7391653290529695,0.2471910112359551,0.8487158908507223,0.2708333333333333,44.99,0.77,0.247,True,True,True,False,False,False,True,90.0,0.9402319357716324,1.0,0.9402319357716324,1,0.9125,0.901,0.5374248055315471,0.3239458575132732,0.5761303339918508,True,True,False,False
ASUS Gaming Rog Zephyrus G16 Gu603vv N4022w,Asus,Intel,Core i7,13620.0,4.9,16.0,DDR4,,512.0,16.0,2560 x 1600,240.0,NVIDIA,2.0,"4-cell, 90WHrs",47990000.0,data/anphat/detail_htmls\asus_125_specs.html,RTX 4060,DISCRETE_GAMING,False,0.8,0.8,0.7391653290529695,0.2471910112359551,0.8487158908507223,0.2916666666666667,47.99,0.77,0.247,True,True,True,False,False,False,True,90.0,0.9402319357716324,1.0,0.9402319357716324,1,0.9125,0.901,0.5374248055315471,0.3239458575132732,0.5761303339918508,True,True,False,False
ASUS Gaming Rog Zephyrus G16 Gu605mi Qr116w INTEL Ultra 9,Asus,Intel,Ultra 9,185.0,4.6,16.0,LPDDR5X,7467.0,1024.0,16.0,2560 x 1600,,NVIDIA,1.85,"4-cell, 90WHrs",79900000.0,data/anphat/detail_htmls\asus_126_specs.html,RTX 4070,DISCRETE_GAMING,False,0.8,1.0,0.4534510433386838,0.3278491171749599,0.8487158908507223,0.5132638888888889,79.9,0.667,0.328,True,True,True,False,False,False,True,90.0,0.9402319357716324,1.0,0.9402319357716324,1,0.88675,0.8701,0.5193051426101989,0.3602420051858254,0.5391857152117545,True,True,False,False
ASUS Zenbook S 13 Oled Ux5304ma Nq117w,Asus,Intel,Core Ultra 7,155.0,4.8,32.0,LPDDR5X,,1024.0,13.3,2880 x 1800,60.0,Intel,1.0,"63WHrs, 2S2P, 4-cell Li-ion",44590000.0,data/anphat/detail_htmls\asus_127_specs.html,INTEL_GRAPHICS,INTEGRATED,False,1.0,1.0,0.6460674157303371,0.9823434991974318,0.0176565008025682,0.2680555555555555,44.59,0.823,0.982,True,True,True,True,False,True,False,63.0,0.6119536128456735,0.45,0.6119536128456735,1,0.62575,0.6444,0.766093301642178,0.7293886590937153,0.7786697175577232,True,True,True,True
ASUS Gaming Vivobook K3605zu Rp296w,Asus,Intel,Core i5,12500.0,4.5,16.0,DDR4,,512.0,16.0,1920 x 1200,144.0,NVIDIA,1.8,"70WHrs, 3S1P, 3-cell Li-ion",25030000.0,data/anphat/detail_htmls\asus_128_specs.html,RTX 4050,DISCRETE_GAMING,False,0.8,0.8,0.3029695024077046,0.3591492776886035,0.8487158908507223,0.1322222222222222,25.03,0.551,0.359,True,True,True,False,False,False,True,70.0,0.6882247992863515,1.0,0.6882247992863515,1,0.85775,0.8353,0.4395986603284356,0.3070193851092727,0.4520732741696506,True,True,False,False
ASUS Vivobook 14 Oled A1405va Km095w,Asus,Intel,Core  i5,13500.0,4.7,16.0,DDR4,,512.0,14.0,2880 x 1800,90.0,NVIDIA,1.6,3 cell /50WHrs,21990000.0,data/anphat/detail_htmls\asus_130_specs.html,INTEL_IRIS_XE,INTEGRATED,False,0.8,0.8,0.5714285714285714,0.6071428571428572,0.2114767255216693,0.1111111111111111,21.99,0.686,0.607,True,True,True,False,False,True,False,50.0,0.25111507582515613,0.55,0.25111507582515613,1,0.6215,0.6283000000000001,0.5486848746758859,0.4787566366218052,0.5827595209285097,True,True,False,False
ASUS Vivobook S 15 S5507qa Ma090ws,Asus,Qualcomm,Snapdragon X Elite,100.0,3.4,32.0,LPDDR5X,,1024.0,15.6,2880 x 1620,120.0,Qualcomm,1.42,"70WHrs, 3S1P, 3-cell Li-ion",35990000.0,data/anphat/detail_htmls\asus_132_specs.html,QUALCOMM_ADRENO,INTEGRATED_ARM,False,1.0,1.0,0.1565008025682183,0.7620385232744783,0.5842696629213483,0.2083333333333333,35.99,0.578,0.762,True,True,True,True,False,False,True,70.0,0.6882247992863515,0.45,0.6882247992863515,1,0.5645,0.5709,0.5921980985306827,0.5404864798123225,0.5768864403012717,False,False,False,True
ASUS Tuf Gaming A15 Fa506nfr Hn006w,Asus,AMD,Ryzen 7,7435.0,4.5,16.0,DDR5,4800.0,512.0,15.6,1920 x 1080,144.0,NVIDIA,2.3,3-cell 48WHrs,21990000.0,data/anphat/detail_htmls\asus_133_specs.html,RTX 2050,DISCRETE_GAMING,False,0.8,0.8,0.3029695024077046,0.1211878009630819,0.5842696629213483,0.1111111111111111,21.99,0.551,0.121,True,True,True,False,False,False,True,48.0,0.2149866190900981,0.8,0.2149866190900981,1,0.73775,0.7253000000000001,0.3142853500432152,0.1791486603284355,0.3701081395851339,True,True,False,False
ASUS Tuf Gaming A15 Fa506ncr Hn047w,Asus,AMD,Ryzen 7,7435.0,4.5,16.0,DDR5,4800.0,512.0,15.6,1920 x 1080,144.0,NVIDIA,2.3,3-cell 48WHrs,23490000.0,data/anphat/detail_htmls\asus_136_specs.html,RTX 3050,DISCRETE_GAMING,False,0.8,0.8,0.3029695024077046,0.1211878009630819,0.5842696629213483,0.1215277777777777,23.49,0.551,0.121,True,True,True,False,False,False,True,48.0,0.2149866190900981,0.9,0.2149866190900981,1,0.7977500000000001,0.7803000000000001,0.3142853500432152,0.1791486603284355,0.3701081395851339,True,True,False,False
ASUS Rog Strix G16 G614jv N4369w,Asus,Intel,Core i7,13650.0,4.9,16.0,DDR5,4800.0,1024.0,16.0,1920 x 1200,240.0,NVIDIA,2.5,"90WHrs, 4S1P, 4-cell Li-ion",42990000.0,data/anphat/detail_htmls\asus_137_specs.html,RTX 4060,DISCRETE_GAMING,False,0.8,1.0,0.7391653290529695,0.052969502407704705,0.8487158908507223,0.2569444444444444,42.99,0.81,0.053,True,True,True,False,True,False,True,90.0,0.9402319357716324,1.0,0.9402319357716324,1,0.9225,0.913,0.487728176318064,0.2369073342387949,0.5503591461908878,True,True,False,False
ASUS Expertbook B5 B5404cma Q70250wl,Asus,Intel,Core Ultra 7,155.0,1.4,16.0,DDR5,,512.0,14.0,1920 x 1200,60.0,Intel,1.4,"63WHrs, 3S1P, 3-cell Li-ion",31990000.0,data/anphat/detail_htmls\asus_138_specs.html,INTEL_GRAPHICS,INTEGRATED,False,0.8,0.8,0.0292937399678972,0.7885232744783306,0.2114767255216693,0.1805555555555555,31.99,0.415,0.789,True,True,True,True,False,True,False,63.0,0.6119536128456735,0.45,0.6119536128456735,1,0.49375,0.492,0.5146562229904926,0.6034055130262996,0.4975264029509816,False,False,False,True
ASUS Rog Strix G16 G614ju N4132w,Asus,Intel,Core i7,13650.0,4.9,16.0,DDR5,4800.0,512.0,16.0,2560 x 1600,240.0,NVIDIA,2.5,"4-cell, 90WHrs",41990000.0,data/anphat/detail_htmls\asus_139_specs.html,RTX 4050,DISCRETE_GAMING,False,0.8,0.8,0.7391653290529695,0.052969502407704705,0.8487158908507223,0.25,41.99,0.77,0.053,True,True,True,False,True,False,True,90.0,0.9402319357716324,1.0,0.9402319357716324,1,0.9125,0.901,0.469728176318064,0.2369073342387949,0.5282591461908878,True,True,False,False
ASUS Expertbook P1503cva I5se16 63ws,Asus,Intel,Core i5,13500.0,2.6,16.0,DDR5,,512.0,15.6,1920 x 1080,60.0,Intel,1.65,"63WHrs, 3S1P, 3-cell Li-ion",16790000.0,data/anphat/detail_htmls\asus_140_specs.html,INTEL_UHD,INTEGRATED,False,0.8,0.8,0.1111556982343499,0.5417335473515249,0.5842696629213483,0.075,16.79,0.456,0.542,True,True,True,False,False,False,True,63.0,0.6119536128456735,0.45,0.6119536128456735,1,0.504,0.5043,0.4472916162489196,0.4185138597357698,0.4445839992591678,False,False,False,False
ASUS Zenbook 14 Oled Ux3405ma Pp151w,Asus,Intel,Core Ultra 5,125.0,4.5,16.0,LPDDR5X,,512.0,14.0,2880 x 1800,120.0,Intel,1.2,4-cell 75WHrs,29990000.0,data/anphat/detail_htmls\asus_145_specs.html,INTEL_GRAPHICS,INTEGRATED,False,0.8,0.8,0.3029695024077046,0.949438202247191,0.2114767255216693,0.1666666666666666,29.99,0.551,0.949,True,True,True,True,False,True,False,75.0,0.7979482604817127,0.45,0.7979482604817127,1,0.52775,0.5328,0.6552533707865169,0.7162018459069022,0.6309543860353131,False,False,True,True
ASUS Vivobook S 14 Flip Tp3402va Lz025w,Asus,Intel,Core i3,1315.0,4.5,8.0,DDR4,,256.0,14.0,1920 x 1200,60.0,Intel,1.5,"3 cell, 50WHrs",16990000.0,data/anphat/detail_htmls\asus_144_specs.html,INTEL_UHD,INTEGRATED,False,0.6,0.6,0.3029695024077046,0.6898073836276084,0.2114767255216693,0.0763888888888889,16.99,0.451,0.69,True,True,True,True,False,True,False,50.0,0.25111507582515613,0.45,0.25111507582515613,1,0.47275,0.4728,0.4713056611927398,0.5152333621434746,0.4729842199654278,False,False,False,False
ASUS Vivobook 15x Oled S3504va L1227ws,Asus,Intel,Core i7,1360.0,5.0,8.0,DDR4,,512.0,15.6,FHD,60.0,Intel,1.7,3 cell 50WHrs,25990000.0,data/anphat/detail_htmls\asus_143_specs.html,INTEL_IRIS_XE,INTEGRATED,False,0.6,0.8,0.8138041733547352,0.442215088282504,0.5842696629213483,0.1388888888888889,25.99,0.747,0.442,True,True,True,False,False,False,True,50.0,0.25111507582515613,0.55,0.25111507582515613,1,0.60675,0.6166,0.5184101555747623,0.3299805531547105,0.5607306806395851,True,True,False,False
ASUS Vivobook 15 Oled A1505va L1491w,Asus,Intel,Core  i7,13700.0,5.0,16.0,DDR4,,512.0,15.6,1920 x 1080,60.0,Intel,1.7,"3-cell, 50WHrs",22990000.0,data/anphat/detail_htmls\asus_146_specs.html,INTEL_IRIS_XE,INTEGRATED,False,0.8,0.8,0.8138041733547352,0.442215088282504,0.5842696629213483,0.1180555555555555,22.99,0.807,0.442,True,True,True,False,False,False,True,50.0,0.25111507582515613,0.55,0.25111507582515613,1,0.65175,0.6646000000000001,0.5454101555747624,0.3299805531547105,0.5938806806395852,True,True,False,False
ASUS Expertbook B1 B1502cva Nj0148w,Asus,Intel,Core i7,1355.0,5.0,8.0,DDR4,3200.0,512.0,15.6,1920 x 1080,,Intel,1.69,3 Cell 42WHr,19990000.0,data/anphat/detail_htmls\asus_147_specs.html,INTEL_UHD,INTEGRATED,False,0.6,0.8,0.8138041733547352,0.4719101123595506,0.5842696629213483,0.0972222222222222,19.99,0.747,0.472,True,True,True,False,False,False,True,42.0,0.11864406779661017,0.45,0.11864406779661017,1,0.54675,0.5616,0.5134187986171131,0.3164202370663044,0.5557725067909618,False,False,False,False
ASUS Expertbook B1 B1402cva Nk0176w,Asus,Intel,Core  i5,1335.0,4.6,16.0,DDR4,,512.0,14.0,1920 x 1080,60.0,Intel,1.46,3Cell 42WHrs,14990000.0,data/anphat/detail_htmls\asus_148_specs.html,INTEL_UHD,INTEGRATED,False,0.8,0.8,0.4534510433386838,0.7323434991974318,0.2114767255216693,0.0625,14.99,0.627,0.732,True,True,True,True,False,True,False,42.0,0.11864406779661017,0.45,0.11864406779661017,1,0.5467500000000001,0.5556,0.5500086862575626,0.5074515372268181,0.5684442162612668,False,False,False,False
ASUS Vivobook S 14 Oled S5406ma Pp161w,Asus,Intel,Core Ultra 5,125.0,4.5,16.0,LPDDR5,,1024.0,14.0,3K,120.0,Intel,1.3,"75 WHrs, 4-cell",26990000.0,data/anphat/detail_htmls\asus_150_specs.html,INTEL_GRAPHICS,INTEGRATED,False,0.8,1.0,0.3029695024077046,0.8900481540930979,0.2114767255216693,0.1458333333333333,26.99,0.591,0.89,True,True,True,True,False,True,False,75.0,0.7979482604817127,0.45,0.7979482604817127,1,0.53775,0.5448,0.6524668539325842,0.6894763242375601,0.638355349117175,False,False,True,True
ASUS Tuf Gaming A15 Fa506nf Hn005w,Asus,AMD,Ryzen 5,7535.0,4.5,8.0,DDR5,4800.0,512.0,15.6,1920 x 1080,144.0,NVIDIA,2.3,48WHrs,18990000.0,data/anphat/detail_htmls\asus_149_specs.html,RTX 2050,DISCRETE_GAMING,False,0.6,0.8,0.3029695024077046,0.1211878009630819,0.5842696629213483,0.0902777777777777,18.99,0.491,0.121,True,True,True,False,False,False,True,48.0,0.2149866190900981,0.8,0.2149866190900981,1,0.69275,0.6773,0.2872853500432151,0.1791486603284355,0.3369581395851339,True,True,False,False
ASUS Vivobook S 14 Oled S5406ma Pp136w,Asus,Intel,Core Ultra 5,125.0,4.5,16.0,LPDDR5,,1024.0,14.0,3K,120.0,Intel,1.3,"75 WHrs, 4-cell",26790000.0,data/anphat/detail_htmls\asus_151_specs.html,INTEL_GRAPHICS,INTEGRATED,False,0.8,1.0,0.3029695024077046,0.8900481540930979,0.2114767255216693,0.1444444444444444,26.79,0.591,0.89,True,True,True,True,False,True,False,75.0,0.7979482604817127,0.45,0.7979482604817127,1,0.53775,0.5448,0.6524668539325842,0.6894763242375601,0.638355349117175,False,False,True,True
ASUS Rog Flow X16 Gv601vv Nf044w,Asus,Intel,Core i9,13900.0,5.4,16.0,DDR5,4800.0,1024.0,16.0,2560 x 1600,240.0,NVIDIA,2.2,"90WHrs, 4S1P, 4-cell Li-ion",54990000.0,data/anphat/detail_htmls\asus_152_specs.html,RTX 4060,DISCRETE_GAMING,False,0.8,1.0,0.9542536115569824,0.1761637239165329,0.8487158908507223,0.3402777777777778,54.99,0.917,0.176,True,True,True,False,False,False,True,90.0,0.9402319357716324,1.0,0.9402319357716324,1,0.94925,0.9451,0.5789961538461539,0.2923447339177676,0.6399672160143228,True,True,False,False
ASUS Tuf Gaming A15 Fa506nfr Hn075w,Asus,AMD,Ryzen 7,7435.0,4.5,16.0,DDR5,4800.0,512.0,15.6,1920 x 1080,144.0,NVIDIA,2.3,3-cell 48WHrs,22990000.0,data/anphat/detail_htmls\asus_153_specs.html,RTX 2050,DISCRETE_GAMING,False,0.8,0.8,0.3029695024077046,0.1211878009630819,0.5842696629213483,0.1180555555555555,22.99,0.551,0.121,True,True,True,False,False,False,True,48.0,0.2149866190900981,0.8,0.2149866190900981,1,0.73775,0.7253000000000001,0.3142853500432152,0.1791486603284355,0.3701081395851339,True,True,False,False
ASUS Zenbook S 13 Oled Ux5304va Nq126w,Asus,Intel,Core i7,1355.0,5.0,32.0,LPDDR5,,1024.0,13.3,2880 x 1800,60.0,Intel,1.0,4Cell 63WHrs,49990000.0,data/anphat/detail_htmls\asus_157_specs.html,INTEL_IRIS_XE,INTEGRATED,False,1.0,1.0,0.8138041733547352,0.9823434991974318,0.0176565008025682,0.3055555555555556,49.99,0.907,0.982,True,True,True,True,False,True,False,63.0,0.6119536128456735,0.55,0.6119536128456735,1,0.7067500000000001,0.7246,0.8038933016421781,0.7293886590937153,0.8250797175577232,True,True,True,True
ASUS Rog Strix G16 G614jv N3514w,Asus,Intel,Core i7,13650.0,4.9,16.0,DDR5,4800.0,1024.0,16.0,1920 x 1200,165.0,NVIDIA,2.5,"90WHrs, 4S1P, 4-cell Li-ion",40990000.0,data/anphat/detail_htmls\asus_159_specs.html,RTX 4060,DISCRETE_GAMING,False,0.8,1.0,0.7391653290529695,0.052969502407704705,0.8487158908507223,0.2430555555555555,40.99,0.81,0.053,True,True,True,False,True,False,True,90.0,0.9402319357716324,1.0,0.9402319357716324,1,0.9225,0.913,0.487728176318064,0.2369073342387949,0.5503591461908878,True,True,False,False
ASUS Expertbook B5 B5402cva Ki0229w,Asus,Intel,Core i7,1360.0,5.0,16.0,DDR5,,512.0,14.0,1920 x 1080,,Intel,1.27,3Cell 63WHrs,27990000.0,data/anphat/detail_htmls\asus_158_specs.html,INTEL_IRIS_XE,INTEGRATED,False,0.8,0.8,0.8138041733547352,0.9073033707865168,0.2114767255216693,0.1527777777777778,27.99,0.807,0.907,True,True,True,True,False,True,False,63.0,0.6119536128456735,0.55,0.6119536128456735,1,0.65175,0.6646000000000001,0.7326292566983579,0.6568565563649833,0.7435044767872576,True,True,True,True
ASUS Zenbook 14 Flip Oled Up3404va Kn038w,Asus,Intel,Core I5,1340.0,4.6,16.0,LPDDR5,,512.0,14.0,2880 x 1800,90.0,Intel,1.5,"4 cell, 75WHrs",29990000.0,data/anphat/detail_htmls\asus_156_specs.html,INTEL_IRIS_XE,INTEGRATED,False,0.8,0.8,0.4534510433386838,0.6898073836276084,0.2114767255216693,0.1666666666666666,29.99,0.627,0.69,True,True,True,True,False,True,False,75.0,0.7979482604817127,0.55,0.7979482604817127,1,0.60675,0.6106,0.598582584269663,0.5993679775280899,0.6086857584269664,True,True,False,False
ASUS Proart H7600zm L2079w,Asus,Intel,Core i9,12900.0,5.0,32.0,DDR5,,1024.0,16.0,3840 x 2400,,NVIDIA,2.05,"4-cell, 90Wh",69900000.0,data/anphat/detail_htmls\asus_160_specs.html,RTX 3060,DISCRETE_GAMING,False,1.0,1.0,0.8138041733547352,0.2447833065810594,0.8487158908507223,0.4438194444444444,69.9,0.907,0.245,True,True,True,False,False,False,True,90.0,0.9402319357716324,0.9,0.9402319357716324,1,0.91675,0.9171,0.5982321089023337,0.3228623904185702,0.6512269270897642,True,True,False,False
ASUS Rog Strix Scar 15 G533zs Ln036w,Asus,Intel,Core i9,12900.0,5.0,32.0,DDR5,4800.0,2048.0,15.6,2560 x 1440,240.0,NVIDIA,2.3,4 Cell 90WHrs,89990000.0,data/anphat/detail_htmls\asus_161_specs.html,RTX 3080,DISCRETE_GAMING,False,1.0,1.0,0.8138041733547352,0.1211878009630819,0.5842696629213483,0.5833333333333334,89.99,0.907,0.121,True,True,True,False,False,False,True,90.0,0.9402319357716324,0.9,0.9402319357716324,1,0.91675,0.9171,0.555254580812446,0.3204948141745894,0.6314135242005187,True,True,False,False
ASUS Zenbook Pro 14 Duo Oled Ux8402vu P1028w,Asus,Intel,Core i9,13900.0,5.4,32.0,LPDDR5,,1024.0,14.5,2880 x 1800,120.0,NVIDIA,1.75,4 cell 76WHrs,69990000.0,data/anphat/detail_htmls\asus_162_specs.html,RTX 4050,DISCRETE_GAMING,False,1.0,1.0,0.9542536115569824,0.3896468699839486,0.3936597110754414,0.4444444444444444,69.99,0.977,0.39,True,True,True,False,False,False,False,76.0,0.844335414808207,1.0,0.844335414808207,1,0.99425,0.9931,0.653511279170268,0.4319468452895419,0.722419444684529,True,True,True,False
ASUS Zenbook Ux333fa A4016t_id28175,asus,Intel,Core i5,8265.0,3.9,8.0,LPDDR3,2133.0,256.0,13.3,1920 x 1080,,Intel,1.19,3 cell /50Wh,22490000.0,data/anphat/detail_htmls\asus_164_specs.html,INTEL_UHD,INTEGRATED,False,0.6,0.6,0.1914125200642054,0.9602728731942215,0.0176565008025682,0.1145833333333333,22.49,0.396,0.96,True,True,True,True,False,True,False,50.0,0.25111507582515613,0.45,0.25111507582515613,1,0.4589999999999999,0.4563,0.5412185825410545,0.6757068773922708,0.5172897376219286,False,False,False,False
ASUS Zenbook S 13 Oled Ux5304va Nq125w,Asus,Intel,Core i7,1355.0,5.0,16.0,LPDDR5,,512.0,13.3,2880 x 1800,60.0,Intel,1.0,4Cell 63WHrs,39590000.0,data/anphat/detail_htmls\asus_163_specs.html,INTEL_IRIS_XE,INTEGRATED,False,0.8,0.8,0.8138041733547352,0.9823434991974318,0.0176565008025682,0.2333333333333333,39.59,0.807,0.982,True,True,True,True,False,True,False,63.0,0.6119536128456735,0.55,0.6119536128456735,1,0.65175,0.6646000000000001,0.7588933016421782,0.7293886590937153,0.7698297175577232,True,True,True,True
ASUS Zenbook Ux333fa A4011t_id28176,asus,Intel,Core i5,8265.0,3.9,8.0,LPDDR3,2133.0,256.0,13.3,1920 x 1080,,Intel,1.19,3 cell /50Wh,22990000.0,data/anphat/detail_htmls\asus_165_specs.html,INTEL_UHD,INTEGRATED,False,0.6,0.6,0.1914125200642054,0.9602728731942215,0.0176565008025682,0.1180555555555555,22.99,0.396,0.96,True,True,True,True,False,True,False,50.0,0.25111507582515613,0.45,0.25111507582515613,1,0.4589999999999999,0.4563,0.5412185825410545,0.6757068773922708,0.5172897376219286,False,False,False,False
ACER Aspire A515 58p 9841 Nx.kvgsv.003,Acer,Intel,Core i9,13900.0,5.4,16.0,DDR5,5200.0,512.0,15.6,1920 x 1080,60.0,,1.7,50Wh,22990000.0,data/anphat/detail_htmls\acer_3_specs.html,UNKNOWN,UNKNOWN,False,0.8,0.8,0.9542536115569824,0.442215088282504,0.5842696629213483,0.1180555555555555,22.99,0.877,0.442,True,True,True,False,False,False,True,50.0,0.25111507582515613,0.45,0.25111507582515613,1,0.6092500000000001,0.6306,0.5769101555747623,0.3299805531547105,0.6325556806395851,True,True,False,False
ACER Gaming Nitro 16 Ai Propanel An16s 61 R5f4 Nh.qxfsv.001,Acer,AMD,Ryzen AI 7,350.0,4.8,16.0,DDR5,5600.0,512.0,16.0,1920 x 1200,180.0,NVIDIA,2.18,76Wh 4-cell Li-ion battery 230W AC Adapter,44990000.0,data/anphat/detail_htmls\acer_7_specs.html,RTX 5060,DISCRETE_GAMING,False,0.8,0.8,0.6460674157303371,0.1886035313001605,0.8487158908507223,0.2708333333333333,44.99,0.723,0.189,True,True,True,False,False,False,True,76.0,0.844335414808207,0.45,0.844335414808207,1,0.57075,0.5844,0.4691270095073466,0.2508272626250154,0.514322606803309,False,False,False,False
ACER Gaming Nitro V 16 Ai Propanel Anv16s 61 R9zv,Acer,AMD,Ryzen AI 7,350.0,4.8,32.0,DDR5,5600.0,1024.0,16.0,2560 x 1600,180.0,NVIDIA,2.18,76Wh 4-cell Li-ion battery 135W AC adapter,46990000.0,data/anphat/detail_htmls\acer_8_specs.html,RTX 5060,DISCRETE_GAMING,False,1.0,1.0,0.6460674157303371,0.1886035313001605,0.8487158908507223,0.2847222222222222,46.99,0.823,0.189,True,True,True,False,False,False,True,76.0,0.844335414808207,0.45,0.844335414808207,1,0.62575,0.6444,0.5141270095073467,0.2508272626250154,0.569572606803309,True,True,False,False
ACER Aspire Lite 15 Al15 71p 517d Nx.j7ksv.001,Acer,Intel,Core i5,12450.0,4.4,16.0,DDR5,4800.0,512.0,15.6,1920 x 1080,60.0,Intel,1.79,58Wh 3-cell Li-ion battery Adapter 90W_5.5PHY,15490000.0,data/anphat/detail_htmls\acer_5_specs.html,INTEL_UHD,INTEGRATED,False,0.8,0.8,0.2451845906902086,0.372792937399679,0.5842696629213483,0.0659722222222222,15.49,0.523,0.373,True,True,True,False,False,False,True,58.0,0.5156110615521855,0.45,0.5156110615521855,1,0.52075,0.5244,0.4086970181503889,0.3256636621805161,0.4320963906037782,False,False,False,False
ACER Gaming Nitro V 15 Propanel Anv15 41 R0y4 Nh.qpesv.004,Acer,AMD,Ryzen 7,7735.0,4.75,16.0,DDR5,4800.0,512.0,15.6,1920 x 1080,180.0,NVIDIA,2.1,57Whr 4-cell Li-ion Battery 135W AC Adapter,28990000.0,data/anphat/detail_htmls\acer_11_specs.html,RTX 4050,DISCRETE_GAMING,False,0.8,0.8,0.5862760834670947,0.2215088282504013,0.5842696629213483,0.1597222222222222,28.99,0.693,0.222,True,True,True,False,False,False,True,57.0,0.4683318465655665,1.0,0.4683318465655665,1,0.89325,0.8779,0.4303245030250647,0.2542204284479565,0.4870401120508704,True,True,False,False
ACER Gaming Nitro V 15 Propanel Anv15 41 R0fe Nh.qpfsv.005,Acer,AMD,Ryzen 7,7735.0,4.75,16.0,DDR5,4800.0,512.0,15.6,1920 x 1080,180.0,NVIDIA,2.1,57Whr 4-cell Li-ion Battery 135W AC Adapter,25990000.0,data/anphat/detail_htmls\acer_13_specs.html,RTX 3050,DISCRETE_GAMING,False,0.8,0.8,0.5862760834670947,0.2215088282504013,0.5842696629213483,0.1388888888888889,25.99,0.693,0.222,True,True,True,False,False,False,True,57.0,0.4683318465655665,0.9,0.4683318465655665,1,0.83325,0.8229000000000001,0.4303245030250647,0.2542204284479565,0.4870401120508704,True,True,False,False
ACER Aspire 7 A715 59g 73lb Nh.qx6sv.002,Acer,Intel,Core i7,12650.0,4.7,16.0,DDR4,3200.0,512.0,15.6,1920 x 1080,144.0,NVIDIA,1.99,54.8Wh 3-cell,23999000.0,data/anphat/detail_htmls\acer_14_specs.html,RTX 3050,DISCRETE_GAMING,False,0.8,0.8,0.5714285714285714,0.2520064205457464,0.5842696629213483,0.1250625,24.0,0.686,0.252,True,True,True,False,False,False,True,54.8,0.3800178412132025,0.9,0.3800178412132025,1,0.8315,0.8208000000000001,0.4336178910976664,0.2605404988270156,0.487336150759353,True,True,False,False
ACER Gaming Nitro V 15 Propanel Anv15 41 R9m1 Nh.qpfsv.004,Acer,AMD,Ryzen 5,7535.0,4.55,16.0,DDR5,4800.0,512.0,15.6,1920 x 1080,180.0,NVIDIA,2.1,57Whr 4-cell Li-ion Battery 135W AC Adapter,23990000.0,data/anphat/detail_htmls\acer_16_specs.html,RTX 3050,DISCRETE_GAMING,False,0.8,0.8,0.3451043338683788,0.2215088282504013,0.5842696629213483,0.125,23.99,0.573,0.222,True,True,True,False,False,False,True,57.0,0.4683318465655665,0.9,0.4683318465655665,1,0.80325,0.7869,0.3763245030250648,0.2542204284479565,0.4207401120508705,True,True,False,False
ACER Gaming Nitro V 15 Propanel Anv15 52 59aa Nh.qz9sv.002,Acer,Intel,Core i5,13420.0,4.6,16.0,DDR4,3200.0,512.0,15.6,1920 x 1080,180.0,NVIDIA,2.1,76Wh 4-cell Li-ion battery 135W 5.5PHY Adapter,30990000.0,data/anphat/detail_htmls\acer_18_specs.html,RTX 5050,DISCRETE_GAMING,False,0.8,0.8,0.4534510433386838,0.2215088282504013,0.5842696629213483,0.1736111111111111,30.99,0.627,0.222,True,True,True,False,False,False,True,76.0,0.844335414808207,0.45,0.844335414808207,1,0.5467500000000001,0.5556,0.4371629645635264,0.3181627361402642,0.4798058812816397,False,False,False,False
ACER Gaming Nitro V Anv15 51 500a Nh.qnasv.008,Acer,Intel,Core i5,13420.0,4.6,16.0,DDR5,5200.0,512.0,15.6,1920 x 1080,180.0,NVIDIA,2.1,57Whr 4-cell,23990000.0,data/anphat/detail_htmls\acer_19_specs.html,RTX 2050,DISCRETE_GAMING,False,0.8,0.8,0.4534510433386838,0.2215088282504013,0.5842696629213483,0.125,23.99,0.627,0.222,True,True,True,False,False,False,True,57.0,0.4683318465655665,0.8,0.4683318465655665,1,0.7567499999999999,0.7481000000000001,0.4006245030250648,0.2542204284479565,0.4505751120508704,True,True,False,False
ACER Gaming Nitro V 15 Propanel Anv15 52 72bm,Acer,Intel,Core i7,13620.0,4.9,16.0,DDR4,3200.0,512.0,15.6,1920 x 1080,180.0,NVIDIA,2.1,76Wh 4-cell Li-ion battery 135W 5.5PHY Adapter,32990000.0,data/anphat/detail_htmls\acer_17_specs.html,RTX 5050,DISCRETE_GAMING,False,0.8,0.8,0.7391653290529695,0.2215088282504013,0.5842696629213483,0.1875,32.99,0.77,0.222,True,True,True,False,False,False,True,76.0,0.844335414808207,0.45,0.844335414808207,1,0.5825,0.5985,0.5015129645635263,0.3181627361402642,0.5588133812816396,False,False,False,False
ACER Swift Go 14 Sfg14 41 R251_nx.kg3sv.005,Acer,AMD,Ryzen 5,7430.0,4.3,16.0,LPDDR4X,4800.0,1024.0,14.0,1920 x 1080,60.0,AMD,1.25,4 cell,18990000.0,data/anphat/detail_htmls\acer_20_specs.html,AMD_RADEON_GRAPHICS,INTEGRATED,False,0.8,1.0,0.2146869983948635,0.916131621187801,0.2114767255216693,0.0902777777777777,18.99,0.547,0.916,True,True,True,True,False,True,False,,,0.5,,0,0.55675,0.5591,0.6667960674157304,0.7449638844301767,0.6405010072231141,False,False,True,False
ACER Gaming Nitro V 15 Propanel Anv15 41 R7cr Nh.qpesv.003,Acer,AMD,Ryzen 5,7535.0,4.55,16.0,DDR5,4800.0,512.0,15.6,1920 x 1080,180.0,NVIDIA,2.1,57Whr 4-cell Li-ion Battery 135W AC Adapter,26990000.0,data/anphat/detail_htmls\acer_21_specs.html,RTX 4050,DISCRETE_GAMING,False,0.8,0.8,0.3451043338683788,0.2215088282504013,0.5842696629213483,0.1458333333333333,26.99,0.573,0.222,True,True,True,False,False,False,True,57.0,0.4683318465655665,1.0,0.4683318465655665,1,0.86325,0.8419,0.3763245030250648,0.2542204284479565,0.4207401120508705,True,True,False,False
ACER Nitro Lite 16 Nl16 71g 56wq_nh.d59sv.001,Acer,Intel,Core i5,13420.0,4.6,8.0,DDR5,4800.0,512.0,16.0,1920 x 1200,165.0,NVIDIA,1.95,53 Wh 3-cell,22990000.0,data/anphat/detail_htmls\acer_22_specs.html,RTX 3050,DISCRETE_GAMING,False,0.6,0.8,0.4534510433386838,0.271669341894061,0.8487158908507223,0.1180555555555555,22.99,0.567,0.272,True,True,True,False,False,False,True,53.0,0.32292595896520965,0.9,0.32292595896520965,1,0.77175,0.7551,0.383488375108038,0.2104418755401901,0.4131081439066551,True,True,False,False
ACER Aspire 5 A514 56p 55k5 Nx.khrsv.003,Acer,Intel,Core i5,1335.0,4.6,16.0,LPDDR5,6400.0,1024.0,14.0,1920 x 1200,60.0,Intel,1.5,3 Cell 50 Wh,16990000.0,data/anphat/detail_htmls\acer_15_specs.html,INTEL_IRIS_XE,INTEGRATED,False,0.8,1.0,0.4534510433386838,0.6898073836276084,0.2114767255216693,0.0763888888888889,16.99,0.667,0.69,True,True,True,True,False,True,False,50.0,0.25111507582515613,0.55,0.25111507582515613,1,0.61675,0.6226,0.5685056611927399,0.5152333621434746,0.592324219965428,True,True,False,False
ACER Aspire 7 A715 59g 57tu Nh.qx6sv.001,Acer,Intel,Core i5,12450.0,4.4,16.0,DDR4,3200.0,512.0,15.6,1920 x 1080,144.0,NVIDIA,1.99,54.8Wh 3-cell,22490000.0,data/anphat/detail_htmls\acer_23_specs.html,RTX 3050,DISCRETE_GAMING,False,0.8,0.8,0.2451845906902086,0.2520064205457464,0.5842696629213483,0.1145833333333333,22.49,0.523,0.252,True,True,True,False,False,False,True,54.8,0.3800178412132025,0.9,0.3800178412132025,1,0.7907500000000001,0.7719,0.3602678910976664,0.2605404988270156,0.397278650759353,True,True,False,False
ACER Gaming Nitro Lite 16 Nl16 71g 71uj,Acer,Intel,Core i7,13620.0,4.9,8.0,DDR5,4800.0,512.0,16.0,1920 x 1200,165.0,NVIDIA,1.95,53Wh 3-cell Li-ion battery 100W TypeC adapter,23999000.0,data/anphat/detail_htmls\acer_24_specs.html,RTX 3050,DISCRETE_GAMING,False,0.6,0.8,0.7391653290529695,0.271669341894061,0.8487158908507223,0.1250625,24.0,0.71,0.272,True,True,True,False,False,False,True,53.0,0.32292595896520965,0.9,0.32292595896520965,1,0.8075,0.798,0.447838375108038,0.2104418755401901,0.4921156439066551,True,True,False,False
ACER Predator Helios Neo 16s Ai Phn16s 71 95ms,Acer,Intel,Core Ultra 9,275.0,5.4,64.0,DDR5,,2048.0,16.0,2560 x 1600,240.0,NVIDIA,2.3,76Wh 4-cell Li-ion battery,69990000.0,data/anphat/detail_htmls\acer_25_specs.html,RTX 5070,DISCRETE_GAMING,False,1.0,1.0,0.9542536115569824,0.1211878009630819,0.8487158908507223,0.4444444444444444,69.99,0.977,0.121,True,True,True,False,False,False,True,76.0,0.844335414808207,0.45,0.844335414808207,1,0.66425,0.6906,0.5598315038893691,0.22049018397333,0.637972213544882,True,True,False,False
ACER Gaming Nitro V 16 Ai Propanel Anv16s 61 R0b8,Acer,AMD,Ryzen AI 5,340.0,4.8,16.0,DDR5,5600.0,512.0,16.0,1920 x 1080,180.0,NVIDIA,2.1,76Wh 4-cell Li-ion battery 135W AC adapter,36990000.0,data/anphat/detail_htmls\acer_27_specs.html,RTX 5050,DISCRETE_GAMING,False,0.8,0.8,0.6460674157303371,0.2215088282504013,0.8487158908507223,0.2152777777777778,36.99,0.723,0.222,True,True,True,False,False,False,True,76.0,0.844335414808207,0.45,0.844335414808207,1,0.57075,0.5844,0.4803629645635263,0.2652734905543894,0.5222680321644648,False,False,False,False
ACER Gaming Nitro V Anv15 51 73bt Nh.qnasv.009,Acer,Intel,Core i7,13620.0,4.9,16.0,DDR5,5200.0,512.0,15.6,1920 x 1080,180.0,NVIDIA,2.1,57Whr 4-cell,25990000.0,data/anphat/detail_htmls\acer_29_specs.html,RTX 2050,DISCRETE_GAMING,False,0.8,0.8,0.7391653290529695,0.2215088282504013,0.5842696629213483,0.1388888888888889,25.99,0.77,0.222,True,True,True,False,False,False,True,57.0,0.4683318465655665,0.8,0.4683318465655665,1,0.7925,0.791,0.4649745030250648,0.2542204284479565,0.5295826120508704,True,True,False,False
ACER Gaming Aspire 5 A515 58gm 53cm Nx.kw1sv.003,Acer,Intel,Core i5,13420.0,4.6,32.0,DDR4,3200.0,512.0,15.6,1920 x 1080,144.0,NVIDIA,1.78,50 Wh,22990000.0,data/anphat/detail_htmls\acer_30_specs.html,RTX 2050,DISCRETE_GAMING,False,1.0,0.8,0.4534510433386838,0.3816211878009631,0.5842696629213483,0.1180555555555555,22.99,0.687,0.382,True,True,True,False,False,False,True,50.0,0.25111507582515613,0.8,0.25111507582515613,1,0.8017500000000001,0.7961000000000001,0.470202290406223,0.302713297938017,0.5125836902704037,True,True,False,False
ACER Aspire Lite 14 Al14 71m 52gq Nx.j4asv.001,Acer,Intel,Core i5,12500.0,4.5,16.0,DDR5,4800.0,512.0,14.0,1920 x 1200,60.0,Intel,1.55,58Wh 3-cell Li-ion battery,14990000.0,data/anphat/detail_htmls\acer_31_specs.html,INTEL_IRIS_XE,INTEGRATED,False,0.8,0.8,0.3029695024077046,0.6408507223113964,0.2114767255216693,0.0625,14.99,0.551,0.641,True,True,True,True,False,True,False,58.0,0.5156110615521855,0.55,0.5156110615521855,1,0.58775,0.5878000000000001,0.5148363439930855,0.5204870971724904,0.5286237742313866,False,False,False,False
ACER Aspire Lite 15al15 72p 581v Nx.d4csv.001,Acer,Intel,Core i5,13500.0,4.7,16.0,DDR5,4800.0,512.0,15.6,1920 x 1080,60.0,Intel,1.79,58Wh 3-cell Li-ion battery 90W AC adapter,15690000.0,data/anphat/detail_htmls\acer_32_specs.html,INTEL_UHD,INTEGRATED,False,0.8,0.8,0.5714285714285714,0.372792937399679,0.5842696629213483,0.0673611111111111,15.69,0.686,0.373,True,True,True,False,False,False,True,58.0,0.5156110615521855,0.45,0.5156110615521855,1,0.5615,0.5733,0.482047018150389,0.3256636621805161,0.5221538906037783,False,False,False,False
ACER Gaming Nitro V 16 Propanel Anv16 41 R36y Nh.qp1sv.004,Acer,AMD,Ryzen 7,8845.0,5.1,16.0,DDR5,5600.0,512.0,16.0,1920 x 1200,165.0,NVIDIA,2.5,4 cell - 57 Wh,31990000.0,data/anphat/detail_htmls\acer_33_specs.html,RTX 4050,DISCRETE_GAMING,False,0.8,0.8,0.8743980738362761,0.052969502407704705,0.8487158908507223,0.1805555555555555,31.99,0.837,0.053,True,True,True,False,True,False,True,57.0,0.4683318465655665,1.0,0.4683318465655665,1,0.92925,0.9211,0.4364166378565255,0.1258496419311026,0.514507415421657,True,True,False,False
Gaming ACER Aspire 7 A715 76g 5806 Nh.qmfsv.002,Acer,Intel,Core i5,12450.0,4.4,16.0,DDR4,3200.0,512.0,15.6,1920 x 1080,144.0,NVIDIA,2.1,"3-cell, 50Wh",22990000.0,data/anphat/detail_htmls\acer_35_specs.html,RTX 3050,DISCRETE_GAMING,False,0.8,0.8,0.2451845906902086,0.2215088282504013,0.5842696629213483,0.1180555555555555,22.99,0.523,0.222,True,True,True,False,False,False,True,50.0,0.25111507582515613,0.9,0.25111507582515613,1,0.7907500000000001,0.7719,0.3403629645635264,0.2306627361402642,0.3823458812816397,True,True,False,False
ACER Aspire Lite 16 Gen 2 Al16 52p 572a Nx.j2ssv.004,Acer,Intel,Core i5,1334.0,4.6,16.0,DDR5,4800.0,2048.0,16.0,1920 x 1200,60.0,Intel,1.7,58Whr 3-cell 65W PD Type-C Adapter,16990000.0,data/anphat/detail_htmls\acer_37_specs.html,INTEL_IRIS_XE,INTEGRATED,False,0.8,1.0,0.4534510433386838,0.442215088282504,0.8487158908507223,0.0763888888888889,16.99,0.667,0.442,True,True,True,False,False,False,True,58.0,0.5156110615521855,0.55,0.5156110615521855,1,0.61675,0.6226,0.4977947709593777,0.3040143844919126,0.5182605238301025,True,True,False,False
ACER Nitro V 15 Propanel Anv15 51 73uu Nh.qn9sv.00c,Acer,Intel,Core i7,13620.0,4.9,16.0,DDR5,5200.0,512.0,15.6,1920 x 1080,180.0,NVIDIA,2.1,4 cell - 57 Wh,27990000.0,data/anphat/detail_htmls\acer_38_specs.html,RTX 3050,DISCRETE_GAMING,False,0.8,0.8,0.7391653290529695,0.2215088282504013,0.5842696629213483,0.1527777777777778,27.99,0.77,0.222,True,True,True,False,False,False,True,57.0,0.4683318465655665,0.9,0.4683318465655665,1,0.8525,0.846,0.4649745030250648,0.2542204284479565,0.5295826120508704,True,True,False,False
ACER Aspire Go 14 Ai Ag14 71m 57wr Nx.jfwsv.001,Acer,Intel,Core Ultra 5,125.0,4.5,16.0,DDR5,5600.0,512.0,14.0,1920 x 1200,60.0,Intel,1.5,55 Wh 3-cell Li-ion battery USB Type-C 65 W PD AC adapter,18790000.0,data/anphat/detail_htmls\acer_39_specs.html,INTEL_GRAPHICS,INTEGRATED,False,0.8,0.8,0.3029695024077046,0.6898073836276084,0.2114767255216693,0.0888888888888888,18.79,0.551,0.69,True,True,True,True,False,True,False,55.0,0.3862622658340767,0.45,0.3862622658340767,1,0.52775,0.5328,0.5259210458081245,0.5320602852203975,0.5359265276577355,False,False,False,False
ACER Aspire Lite 16 Ai Al16 71p 71wu Nx.d4xsv.002,Acer,Intel,Core Ultra 7,155.0,4.8,16.0,DDR5,5600.0,512.0,16.0,1920 x 1200,60.0,Intel,1.6,58Wh 3-cell Li-ion battery 90W AC adapter,20999000.0,data/anphat/detail_htmls\acer_40_specs.html,INTEL_GRAPHICS,INTEGRATED,False,0.8,0.8,0.6460674157303371,0.6071428571428572,0.8487158908507223,0.1042291666666666,21.0,0.723,0.607,True,True,True,False,False,False,True,58.0,0.5156110615521855,0.45,0.5156110615521855,1,0.57075,0.5844,0.5807194900605012,0.3782318804790715,0.5900201466230399,False,False,False,False
ACER Aspire Go 15 Ag15 71p 58x1 Nx.j4gsv.001,Acer,Intel,Core i5,13420.0,4.6,16.0,DDR5,5200.0,512.0,15.6,1920 x 1080,60.0,Intel,1.8,58Wh 3-cell Li-ion battery,16990000.0,data/anphat/detail_htmls\acer_41_specs.html,INTEL_UHD,INTEGRATED,False,0.8,0.8,0.4534510433386838,0.3591492776886035,0.5842696629213483,0.0763888888888889,16.99,0.627,0.359,True,True,True,False,False,False,True,58.0,0.5156110615521855,0.45,0.5156110615521855,1,0.5467500000000001,0.5556,0.4507217372515125,0.3195240153105321,0.486179584825287,False,False,False,False
ACER Aspire Lite 16 Ai Al16 71p 5674 Nx.d4xsv.001,Acer,Intel,Core Ultra 5,125.0,4.5,16.0,DDR5,5600.0,512.0,16.0,1920 x 1200,60.0,Intel,1.6,58Wh 3-cell Li-ion battery 90W AC adapter,18990000.0,data/anphat/detail_htmls\acer_42_specs.html,INTEL_GRAPHICS,INTEGRATED,False,0.8,0.8,0.3029695024077046,0.6071428571428572,0.8487158908507223,0.0902777777777777,18.99,0.551,0.607,True,True,True,False,False,False,True,58.0,0.5156110615521855,0.45,0.5156110615521855,1,0.52775,0.5328,0.5033194900605013,0.3782318804790715,0.4949901466230399,False,False,False,False
ACER Aspire 5 A514 56p 35x7 Nx.khrsv.001,Acer,Intel,Core  i3,1315.0,4.5,8.0,DDR5,6400.0,512.0,14.0,1920 x 1200,60.0,Intel,1.5,3 cell 50 Wh,12990000.0,data/anphat/detail_htmls\acer_43_specs.html,INTEL_UHD,INTEGRATED,False,0.6,0.8,0.3029695024077046,0.6898073836276084,0.2114767255216693,0.0486111111111111,12.99,0.491,0.69,True,True,True,True,False,True,False,50.0,0.25111507582515613,0.45,0.25111507582515613,1,0.48275,0.4848,0.4893056611927399,0.5152333621434746,0.4950842199654278,False,False,False,False
ACER Swift Ai Sf14 51 75vp Nx.j2ksv.001,Acer,Intel,Core Ultra 7,258.0,4.6,32.0,LPDDR5X,8533.0,1024.0,14.0,2880 x 1800,90.0,Intel,1.26,65 Wh 3-cell Li-ion battery,39990000.0,data/anphat/detail_htmls\acer_44_specs.html,INTEL_GRAPHICS,INTEGRATED,False,1.0,1.0,0.4534510433386838,0.913322632423756,0.2114767255216693,0.2361111111111111,39.99,0.727,0.913,True,True,True,True,False,True,False,65.0,0.6418376449598573,0.45,0.6418376449598573,1,0.60175,0.6156,0.7025821521175454,0.6662959933325101,0.7038711671193975,True,True,True,True
Gaming ACER Nitro V Anv15 51 55ca Nh.qn8sv.004,Acer,Intel,Core i5,13420.0,4.6,16.0,DDR5,5200.0,512.0,15.6,1920 x 1080,144.0,NVIDIA,2.1,57 Wh 4-cel,27990000.0,data/anphat/detail_htmls\acer_45_specs.html,RTX 4050,DISCRETE_GAMING,False,0.8,0.8,0.4534510433386838,0.2215088282504013,0.5842696629213483,0.1527777777777778,27.99,0.627,0.222,True,True,True,False,False,False,True,57.0,0.4683318465655665,1.0,0.4683318465655665,1,0.87675,0.8581,0.4006245030250648,0.2542204284479565,0.4505751120508704,True,True,False,False
ACER Gaming Predator Helios Neo 16 Ai Phn16 73 98s4,Acer,Intel,Core Ultra 9,275.0,5.4,32.0,DDR5,6400.0,1024.0,16.0,2560 x 1600,240.0,NVIDIA,2.7,90Wh 4-cell Li-ion battery 230W AC Adapter,61990000.0,data/anphat/detail_htmls\acer_48_specs.html,RTX 5060,DISCRETE_GAMING,False,1.0,1.0,0.9542536115569824,0.0200642054574639,0.8487158908507223,0.3888888888888889,61.99,0.977,0.02,True,True,True,False,True,False,True,90.0,0.9402319357716324,0.45,0.9402319357716324,1,0.66425,0.6906,0.5513613223854796,0.2220999506111865,0.6344825851957031,True,True,False,False
ACER Gaming Predator Helios Neo 16 Ai Phn16 73 757w,Acer,Intel,Core Ultra 7,255.0,5.2,32.0,DDR5,6400.0,1024.0,16.0,2560 x 1600,240.0,NVIDIA,2.7,90Wh 4-cell Li-ion battery 230W AC Adapter,56990000.0,data/anphat/detail_htmls\acer_49_specs.html,RTX 5060,DISCRETE_GAMING,False,1.0,1.0,0.914526484751204,0.0200642054574639,0.8487158908507223,0.3541666666666667,56.99,0.957,0.02,True,True,True,False,True,False,True,90.0,0.9402319357716324,0.45,0.9402319357716324,1,0.65925,0.6846,0.5423613223854797,0.2220999506111865,0.6234325851957032,True,True,False,False
ACER Swift Go 14 Sfg14 73 57fz_nx.ksgsv.001,Acer,Intel,Core Ultra 5,125.0,4.5,16.0,LPDDR5X,,512.0,14.0,2880 x 1800,90.0,Intel,1.32,65 Whr 4-cell Adapter: 100W Type-C adapter,24490000.0,data/anphat/detail_htmls\acer_51_specs.html,INTEL_GRAPHICS,INTEGRATED,False,0.8,0.8,0.3029695024077046,0.877207062600321,0.2114767255216693,0.1284722222222222,24.49,0.551,0.877,True,True,True,True,False,True,False,65.0,0.6418376449598573,0.45,0.6418376449598573,1,0.52775,0.5328,0.6107417026793431,0.6500439869119645,0.5976925635880973,False,False,True,True
ACER Swift X 14 Ai Sfx14 72g 708x,Acer,Intel,Core Ultra 7,155.0,4.8,32.0,LPDDR5,,1024.0,14.0,2880 x 1800,120.0,NVIDIA,1.5,76Wh Li-ion,47990000.0,data/anphat/detail_htmls\acer_54_specs.html,RTX 4060,DISCRETE_GAMING,False,1.0,1.0,0.6460674157303371,0.6898073836276084,0.2114767255216693,0.2916666666666667,47.99,0.823,0.69,True,True,True,True,False,True,False,76.0,0.844335414808207,1.0,0.844335414808207,1,0.95575,0.9469,0.6887056611927398,0.6027333621434745,0.7185142199654277,True,True,True,False
ACER Predator Helios 18 Ai Ph18 73 98aq,Acer,Intel,Core Ultra 9,275.0,5.4,192.0,DDR5,192.0,6144.0,18.0,3840 x 2400,120.0,NVIDIA,3.5,99.98Wh 4-cell Li-ion battery,149990000.0,data/anphat/detail_htmls\acer_53_specs.html,RTX 5090,DISCRETE_GAMING,False,1.0,1.0,0.9542536115569824,0.0012038523274477964,0.9951845906902088,1.0,149.99,0.977,0.001,True,True,True,False,True,False,True,99.98,0.987957181088314,0.45,0.987957181088314,1,0.66425,0.6906,0.5639525064822817,0.2179055901963205,0.6393097459562909,True,True,False,False
ACER Swift Go 14 Sfg14 41 R19z Nx.kg3sv.001,Acer,AMD,Ryzen 5,7530.0,4.5,16.0,LPDDR4X,,512.0,14.0,1920 x 1080,60.0,AMD,1.2,50 Wh 3-cell,18490000.0,data/anphat/detail_htmls\acer_50_specs.html,AMD_RADEON_GRAPHICS,INTEGRATED,False,0.8,0.8,0.3029695024077046,0.949438202247191,0.2114767255216693,0.0868055555555555,18.49,0.551,0.949,True,True,True,True,False,True,False,50.0,0.25111507582515613,0.5,0.25111507582515613,1,0.55775,0.5603,0.6071764477095938,0.6320672305222867,0.5924928475737746,False,False,True,False
ACER Swift X 14 Ai Sfx14 72g 77f9,Acer,Intel,Core Ultra 7,155.0,4.8,32.0,LPDDR5,,1024.0,14.0,2880 x 1800,120.0,NVIDIA,1.5,76Wh Li-ion,44990000.0,data/anphat/detail_htmls\acer_55_specs.html,RTX 4050,DISCRETE_GAMING,False,1.0,1.0,0.6460674157303371,0.6898073836276084,0.2114767255216693,0.2708333333333333,44.99,0.823,0.69,True,True,True,True,False,True,False,76.0,0.844335414808207,1.0,0.844335414808207,1,0.95575,0.9469,0.6887056611927398,0.6027333621434745,0.7185142199654277,True,True,True,False
ACER Swift Go Sfg14 71 513f Nx.kpzsv.003 Hang Gia Soc,Acer,Intel,Core i5,13500.0,4.7,16.0,LPDDR5,,512.0,14.0,2880 x 1800,90.0,Intel,1.2,65Wh Li-ion,24590000.0,data/anphat/detail_htmls\acer_59_specs.html,INTEL_IRIS_XE,INTEGRATED,False,0.8,0.8,0.5714285714285714,0.949438202247191,0.2114767255216693,0.1291666666666666,24.59,0.686,0.949,True,True,True,True,False,True,False,65.0,0.6418376449598573,0.55,0.6418376449598573,1,0.6215,0.6283000000000001,0.6967726015557476,0.6825479997530559,0.6901572706506977,True,True,True,True
ACER Swift Lite 14 Ai Sfl14 51m 78xz Nx.j1hsv.001,Acer,Intel,Core Ultra 7,155.0,4.8,16.0,DDR5,4800.0,512.0,14.0,1920 x 1200,60.0,Intel,1.27,58Whr 3-cell,23990000.0,data/anphat/detail_htmls\acer_58_specs.html,INTEL_GRAPHICS,INTEGRATED,False,0.8,0.8,0.6460674157303371,0.9073033707865168,0.2114767255216693,0.125,23.99,0.723,0.907,True,True,True,True,False,True,False,58.0,0.5156110615521855,0.45,0.5156110615521855,1,0.57075,0.5844,0.6852138720829731,0.6400296332880602,0.68940216909495,False,False,True,False
ACER Swift X 14 Sfx14 71g 78sy Nx.kevsv.006,Acer,Intel,Core i7,13700.0,5.0,32.0,LPDDR5,4800.0,1024.0,14.5,2880 x 1800,120.0,NVIDIA,1.5,76 Wh,42990000.0,data/anphat/detail_htmls\acer_57_specs.html,RTX 4050,DISCRETE_GAMING,False,1.0,1.0,0.8138041733547352,0.6898073836276084,0.3936597110754414,0.2569444444444444,42.99,0.907,0.69,True,True,True,True,False,False,False,76.0,0.844335414808207,1.0,0.844335414808207,1,0.97675,0.9721,0.7265056611927398,0.5662967650327201,0.7576369005432769,True,True,True,False
ACER Swift X 14 Ai Sfx14 72g 79uw,Acer,Intel,Core Ultra 7,155.0,4.8,32.0,LPDDR5,,1024.0,14.0,2880 x 1800,120.0,NVIDIA,1.5,76Wh Li-ion,53990000.0,data/anphat/detail_htmls\acer_56_specs.html,RTX 4070,DISCRETE_GAMING,False,1.0,1.0,0.6460674157303371,0.6898073836276084,0.2114767255216693,0.3333333333333333,53.99,0.823,0.69,True,True,True,True,False,True,False,76.0,0.844335414808207,1.0,0.844335414808207,1,0.95575,0.9469,0.6887056611927398,0.6027333621434745,0.7185142199654277,True,True,True,False
ACER Swift Go Sfg14 72 73yv Nx.krksv.005,Acer,Intel,Core Ultra 7,155.0,4.8,16.0,LPDDR5,,512.0,14.0,2240 x 1400,60.0,Intel,1.3,65Wh Li-ion,26990000.0,data/anphat/detail_htmls\acer_60_specs.html,INTEL_GRAPHICS,INTEGRATED,False,0.8,0.8,0.6460674157303371,0.8900481540930979,0.2114767255216693,0.1458333333333333,26.99,0.723,0.89,True,True,True,True,False,True,False,65.0,0.6418376449598573,0.45,0.6418376449598573,1,0.57075,0.5844,0.692636084701815,0.6558224780837141,0.6959007337325596,False,False,True,True
ACER Swift Go Sfg14 72 55hz Nx.krksv.002,Acer,Intel,Core Ultra 5,125.0,4.5,16.0,LPDDR5,,512.0,14.0,2240 x 1400,60.0,Intel,1.3,65Wh Li-ion,23990000.0,data/anphat/detail_htmls\acer_61_specs.html,INTEL_GRAPHICS,INTEGRATED,False,0.8,0.8,0.3029695024077046,0.8900481540930979,0.2114767255216693,0.125,23.99,0.551,0.89,True,True,True,True,False,True,False,65.0,0.6418376449598573,0.45,0.6418376449598573,1,0.52775,0.5328,0.6152360847018151,0.6558224780837141,0.6008707337325596,False,False,True,True
ACER Swift Go 14 Sfg14 41 R5jk Nx.kg3sv.002,Acer,AMD,Ryzen 5,7530.0,4.5,16.0,LPDDR4X,,1024.0,14.0,1920 x 1080,60.0,AMD,1.2,50 Wh 3-cell,19490000.0,data/anphat/detail_htmls\acer_62_specs.html,AMD_RADEON_GRAPHICS,INTEGRATED,False,0.8,1.0,0.3029695024077046,0.949438202247191,0.2114767255216693,0.09375,19.49,0.591,0.949,True,True,True,True,False,True,False,50.0,0.25111507582515613,0.5,0.25111507582515613,1,0.56775,0.5723,0.6251764477095938,0.6320672305222867,0.6145928475737745,False,False,True,False
ACER Swift Go Sfg14 73 53x7 Nx.kslsv.001,Acer,Intel,Core Ultra 5,125.0,4.5,16.0,LPDDR5,,512.0,14.0,8K,120.0,Intel,1.32,65Wh Li-ion,23990000.0,data/anphat/detail_htmls\acer_65_specs.html,INTEL_GRAPHICS,INTEGRATED,False,0.8,0.8,0.3029695024077046,0.877207062600321,0.2114767255216693,0.125,23.99,0.551,0.877,True,True,True,True,False,True,False,65.0,0.6418376449598573,0.45,0.6418376449598573,1,0.52775,0.5328,0.6107417026793431,0.6500439869119645,0.5976925635880973,False,False,True,True
ACER Swift Go Sfg14 71 74cp Nx.kpzsv.004 Hang Gia Soc,Acer,Intel,Core i7,13700.0,5.0,16.0,LPDDR5,,512.0,14.0,2880 x 1800,90.0,Intel,1.2,65Wh Li-ion,28690000.0,data/anphat/detail_htmls\acer_64_specs.html,INTEL_IRIS_XE,INTEGRATED,False,0.8,0.8,0.8138041733547352,0.949438202247191,0.2114767255216693,0.1576388888888888,28.69,0.807,0.949,True,True,True,True,False,True,False,65.0,0.6418376449598573,0.55,0.6418376449598573,1,0.65175,0.6646000000000001,0.7512226015557477,0.6825479997530559,0.7570097706506976,True,True,True,True
ACER Swift Go Sfg14 73 71zx Nx.kslsv.002,Acer,Intel,Core Ultra 7,155.0,4.8,16.0,LPDDR5,,512.0,14.0,8K,120.0,Intel,1.32,65Wh Li-ion,26990000.0,data/anphat/detail_htmls\acer_66_specs.html,INTEL_GRAPHICS,INTEGRATED,False,0.8,0.8,0.6460674157303371,0.877207062600321,0.2114767255216693,0.1458333333333333,26.99,0.723,0.877,True,True,True,True,False,True,False,65.0,0.6418376449598573,0.45,0.6418376449598573,1,0.57075,0.5844,0.688141702679343,0.6500439869119645,0.6927225635880974,False,False,True,True
ACER Swift Go Sfg14 71 74cp Nx.kpzsv.004,Acer,Intel,Core i7,13700.0,5.0,16.0,LPDDR5,,512.0,14.0,2880 x 1800,90.0,Intel,1.2,65Wh Li-ion,28690000.0,data/anphat/detail_htmls\acer_63_specs.html,INTEL_IRIS_XE,INTEGRATED,False,0.8,0.8,0.8138041733547352,0.949438202247191,0.2114767255216693,0.1576388888888888,28.69,0.807,0.949,True,True,True,True,False,True,False,65.0,0.6418376449598573,0.55,0.6418376449598573,1,0.65175,0.6646000000000001,0.7512226015557477,0.6825479997530559,0.7570097706506976,True,True,True,True
ACER Swift Go Ai Oled Sfg14 73 75ym Nx.ksgsv.002,Acer,Intel,Core Ultra 7,155.0,4.8,16.0,LPDDR5X,,512.0,14.0,2880 x 1800,90.0,Intel,1.32,65 Whr 4-cell Adapter: 100W Type-C adapter,27490000.0,data/anphat/detail_htmls\acer_68_specs.html,INTEL_GRAPHICS,INTEGRATED,False,0.8,0.8,0.6460674157303371,0.877207062600321,0.2114767255216693,0.1493055555555555,27.49,0.723,0.877,True,True,True,True,False,True,False,65.0,0.6418376449598573,0.45,0.6418376449598573,1,0.57075,0.5844,0.688141702679343,0.6500439869119645,0.6927225635880974,False,False,True,True
ACER Swift 3 Sf314 512 56qn Nx.k0fsv.002,Acer,Intel,Core i5,1240.0,4.4,16.0,LPDDR4X,4267.0,512.0,14.0,2560 x 1440,60.0,Intel,1.2,56Wh Li-ion,23990000.0,data/anphat/detail_htmls\acer_69_specs.html,INTEL_IRIS_XE,INTEGRATED,False,0.8,0.8,0.2451845906902086,0.949438202247191,0.2114767255216693,0.125,23.99,0.523,0.949,True,True,True,True,False,True,False,56.0,0.41480820695807313,0.55,0.41480820695807313,1,0.58075,0.5794,0.6061149092480552,0.6522595382145944,0.5862536168045437,False,False,True,False
ACER Swift Go Sfg14 71 513f Nx.kpzsv.003,Acer,Intel,Core i5,13500.0,4.7,16.0,LPDDR5,,512.0,14.0,2880 x 1800,90.0,Intel,1.2,65Wh Li-ion,24590000.0,data/anphat/detail_htmls\acer_67_specs.html,INTEL_IRIS_XE,INTEGRATED,False,0.8,0.8,0.5714285714285714,0.949438202247191,0.2114767255216693,0.1291666666666666,24.59,0.686,0.949,True,True,True,True,False,True,False,65.0,0.6418376449598573,0.55,0.6418376449598573,1,0.6215,0.6283000000000001,0.6967726015557476,0.6825479997530559,0.6901572706506977,True,True,True,True
ACER Aspire 5 A515 58m 951t Nx.kq8sv.001,Acer,Intel,Core i9,13900.0,5.4,16.0,LPDDR5,4800.0,512.0,15.6,1920 x 1080,60.0,Intel,1.7,"3cell, 50Wh",23990000.0,data/anphat/detail_htmls\acer_70_specs.html,INTEL_IRIS_XE,INTEGRATED,False,0.8,0.8,0.9542536115569824,0.442215088282504,0.5842696629213483,0.125,23.99,0.877,0.442,True,True,True,False,False,False,True,50.0,0.25111507582515613,0.55,0.25111507582515613,1,0.66925,0.6856000000000001,0.5769101555747623,0.3299805531547105,0.6325556806395851,True,True,False,False
ACER Gaming Aspire 5 A515 58gm 53pz Nx.kq4sv.008,Acer,Intel,Core i5,13420.0,4.6,8.0,DDR4,3200.0,512.0,15.6,1920 x 1080,60.0,NVIDIA,1.7,50 Wh,20490000.0,data/anphat/detail_htmls\acer_71_specs.html,RTX 2050,DISCRETE_GAMING,False,0.6,0.8,0.4534510433386838,0.442215088282504,0.5842696629213483,0.1006944444444444,20.49,0.567,0.442,True,True,True,False,False,False,True,50.0,0.25111507582515613,0.8,0.25111507582515613,1,0.71175,0.7001000000000001,0.4374101555747622,0.3299805531547105,0.461280680639585,True,True,False,False
ACER Aspire 7 A715 76 728x Nh.qgesv.008,Acer,Intel,Core i7,12650.0,4.7,16.0,DDR4,3200.0,512.0,15.6,1920 x 1080,60.0,Intel,2.1,"3-cell, 50Wh",19990000.0,data/anphat/detail_htmls\acer_72_specs.html,INTEL_UHD,INTEGRATED,False,0.8,0.8,0.5714285714285714,0.2215088282504013,0.5842696629213483,0.0972222222222222,19.99,0.686,0.222,True,True,True,False,False,False,True,50.0,0.25111507582515613,0.45,0.25111507582515613,1,0.5615,0.5733,0.4137129645635264,0.2306627361402642,0.4724033812816397,False,False,False,False
ACER Aspire 5 A514 55 5954 Nx.k5bsv.001,Acer,Intel,Core i5,1235.0,4.4,8.0,DDR4,2666.0,512.0,14.0,1920 x 1080,60.0,Intel,1.4,"3cell, 50Wh",18990000.0,data/anphat/detail_htmls\acer_74_specs.html,INTEL_IRIS_XE,INTEGRATED,False,0.6,0.8,0.2451845906902086,0.7885232744783306,0.2114767255216693,0.0902777777777777,18.99,0.463,0.789,True,True,True,True,False,True,False,50.0,0.25111507582515613,0.55,0.25111507582515613,1,0.5357500000000001,0.5314,0.5112562229904927,0.5596555130262996,0.5040464029509817,False,False,False,False
ACER Gaming Nitro V Anv15 51 53dm Nh.qn9sv.007,Acer,Intel,Core i5,13420.0,4.6,16.0,DDR5,5200.0,512.0,15.6,1920 x 1080,144.0,NVIDIA,2.1,4 cell - 57 Wh,23990000.0,data/anphat/detail_htmls\acer_76_specs.html,RTX 3050,DISCRETE_GAMING,False,0.8,0.8,0.4534510433386838,0.2215088282504013,0.5842696629213483,0.125,23.99,0.627,0.222,True,True,True,False,False,False,True,57.0,0.4683318465655665,0.9,0.4683318465655665,1,0.81675,0.8031,0.4006245030250648,0.2542204284479565,0.4505751120508704,True,True,False,False
ACER Aspire Lite Al16 51p 72s2_nx.kx0sv.002,Acer,Intel,Core i7,1255.0,4.7,16.0,DDR5,4800.0,512.0,16.0,1920 x 1200,60.0,Intel,1.8,58Whr 3-cell 65W PD Type-C Adapter,16990000.0,data/anphat/detail_htmls\acer_75_specs.html,INTEL_IRIS_XE,INTEGRATED,False,0.8,0.8,0.5714285714285714,0.3591492776886035,0.8487158908507223,0.0763888888888889,16.99,0.686,0.359,True,True,True,False,False,False,True,58.0,0.5156110615521855,0.55,0.5156110615521855,1,0.6215,0.6283000000000001,0.4772717372515125,0.2666347697246573,0.5081992357081121,True,True,False,False
Gaming ACER Nitro V 15 Propanel Anv15 41 R7ap Nh.qpgsv.002,Acer,AMD,Ryzen 5,7535.0,4.55,16.0,DDR5,4800.0,512.0,15.6,1920 x 1080,180.0,NVIDIA,2.11,"4 Cell, 57 Whr",22990000.0,data/anphat/detail_htmls\acer_77_specs.html,RTX 2050,DISCRETE_GAMING,False,0.8,0.8,0.3451043338683788,0.1998394863563403,0.5842696629213483,0.1180555555555555,22.99,0.573,0.2,True,True,True,False,False,False,True,57.0,0.4683318465655665,0.8,0.4683318465655665,1,0.74325,0.7319,0.3687402333621434,0.2444692245956291,0.4153769499320904,True,True,False,False
Aspire Go 15 Ag15 31p 32u6 Nx.krpsv.002 Cor I3 N305 8gb 512gb INTEL Uhd Graphics 15.6inch Fhd Win 11 Bac,Acer,Intel,Core i3,,3.8,8.0,DDR5,4800.0,512.0,15.6,1920 x 1080,60.0,Intel,1.75,3 cell 51WHrs,9990000.0,data/anphat/detail_htmls\acer_78_specs.html,INTEL_UHD,INTEGRATED,False,0.6,0.8,0.1865971107544141,0.3896468699839486,0.5842696629213483,0.0277777777777777,9.99,0.433,0.39,True,True,True,False,False,False,True,51.0,0.28055307760927745,0.45,0.28055307760927745,1,0.46825,0.4674,0.3606343560933448,0.3096902395357451,0.3757735081491541,False,False,False,False
ACER Gaming Nitro V 16 Propanel Anv16 41 R6na Nh.qp0sv.001,Acer,AMD,Ryzen 7,8845.0,5.1,16.0,DDR5,5600.0,512.0,16.0,1920 x 1200,165.0,NVIDIA,2.5,4 cell - 57 Wh,34990000.0,data/anphat/detail_htmls\acer_79_specs.html,RTX 4060,DISCRETE_GAMING,False,0.8,0.8,0.8743980738362761,0.052969502407704705,0.8487158908507223,0.2013888888888889,34.99,0.837,0.053,True,True,True,False,True,False,True,57.0,0.4683318465655665,1.0,0.4683318465655665,1,0.92925,0.9211,0.4364166378565255,0.1258496419311026,0.514507415421657,True,True,False,False
ACER Gaming Nitro V 16 Propanel Anv16 41 R7en Nh.qp2sv.004,Acer,AMD,Ryzen 7,8845.0,5.1,16.0,DDR5,5600.0,512.0,16.0,1920 x 1200,165.0,NVIDIA,2.5,4 cell - 57 Wh,28790000.0,data/anphat/detail_htmls\acer_80_specs.html,RTX 3050,DISCRETE_GAMING,False,0.8,0.8,0.8743980738362761,0.052969502407704705,0.8487158908507223,0.1583333333333333,28.79,0.837,0.053,True,True,True,False,True,False,True,57.0,0.4683318465655665,0.9,0.4683318465655665,1,0.86925,0.8661,0.4364166378565255,0.1258496419311026,0.514507415421657,True,True,False,False
ACER Predator Helios Neo 16s Ai Phn16s 71 94t0,Acer,Intel,Core Ultra 9,275.0,5.4,32.0,DDR5,,2048.0,16.0,2560 x 1600,240.0,NVIDIA,2.3,76Wh 4-cell Li-ion battery,64490000.0,data/anphat/detail_htmls\acer_81_specs.html,RTX 5070,DISCRETE_GAMING,False,1.0,1.0,0.9542536115569824,0.1211878009630819,0.8487158908507223,0.40625,64.49,0.977,0.121,True,True,True,False,False,False,True,76.0,0.844335414808207,0.45,0.844335414808207,1,0.66425,0.6906,0.5598315038893691,0.22049018397333,0.637972213544882,True,True,False,False
ACER Predator Helios Neo 16 Phn16 72 950p Nh.qnmsv.001,Acer,Intel,Core i9,14900.0,5.8,32.0,DDR5,5600.0,1024.0,16.0,2560 x 1600,240.0,NVIDIA,2.8,"4-cell, 90 Wh",59999000.0,data/anphat/detail_htmls\acer_83_specs.html,RTX 4070,DISCRETE_GAMING,False,1.0,1.0,0.9891653290529696,0.013242375601926204,0.8487158908507223,0.3750625,60.0,0.995,0.013,True,True,True,False,True,False,True,90.0,0.9402319357716324,1.0,0.9402319357716324,1,0.99875,0.9985,0.5570736819360415,0.2190301271761945,0.6427391823064575,True,True,False,False
ACER Predator Helios 18 Ai Ph18 73 93p0,Acer,Intel,Core Ultra 9,275.0,5.4,64.0,DDR5,192.0,3072.0,18.0,2560 x 1600,250.0,NVIDIA,3.5,99.98Wh 4-cell,99990000.0,data/anphat/detail_htmls\acer_82_specs.html,RTX 5080,DISCRETE_GAMING,False,1.0,1.0,0.9542536115569824,0.0012038523274477964,0.9951845906902088,0.6527777777777778,99.99,0.977,0.001,True,True,True,False,True,False,True,99.98,0.987957181088314,0.45,0.987957181088314,1,0.66425,0.6906,0.5639525064822817,0.2179055901963205,0.6393097459562909,True,True,False,False
ACER Aspire Lite Al14 51m 59bn_nx.ktxsv.001,Acer,Intel,Core i5,1235.0,4.4,16.0,DDR5,4800.0,512.0,14.0,1920 x 1200,60.0,Intel,1.5,58Wh 3-cell Li-ion battery Adapter 65W,14990000.0,data/anphat/detail_htmls\acer_84_specs.html,INTEL_UHD,INTEGRATED,False,0.8,0.8,0.2451845906902086,0.6898073836276084,0.2114767255216693,0.0625,14.99,0.523,0.69,True,True,True,True,False,True,False,58.0,0.5156110615521855,0.45,0.5156110615521855,1,0.52075,0.5244,0.5190902765773552,0.5421564390665514,0.5250719122731201,False,False,False,False
ACER Aspire Lite Al16 51p 55n7 Nx.kx0sv.001,Acer,Intel,Core i5,1235.0,4.4,16.0,DDR5,4800.0,2048.0,16.0,1920 x 1200,60.0,Intel,1.7,58Whr 3-cell 65W PD Type-C Adapter,13999000.0,data/anphat/detail_htmls\acer_85_specs.html,INTEL_GRAPHICS,INTEGRATED,False,0.8,1.0,0.2451845906902086,0.442215088282504,0.8487158908507223,0.0556180555555555,14.0,0.563,0.442,True,True,True,False,False,False,True,58.0,0.5156110615521855,0.45,0.5156110615521855,1,0.53075,0.5364,0.4509947709593776,0.3040143844919126,0.4608005238301024,False,False,False,False
ACER Nitro V Anv15 41 R1jy Nh.qpfsv.001,Acer,AMD,Ryzen 5,6600.0,4.5,16.0,DDR5,4800.0,512.0,15.6,1920 x 1080,,NVIDIA,2.1,"57WHrs, 4-cell Li-ion",22990000.0,data/anphat/detail_htmls\acer_86_specs.html,RTX 3050,DISCRETE_GAMING,False,0.8,0.8,0.3029695024077046,0.2215088282504013,0.5842696629213483,0.1180555555555555,22.99,0.551,0.222,True,True,True,False,False,False,True,57.0,0.4683318465655665,0.9,0.4683318465655665,1,0.7977500000000001,0.7803000000000001,0.3664245030250648,0.2542204284479565,0.4085851120508704,True,True,False,False
ACER Gaming Nitro V 16 Propanel Anv16 41 R6zy Nh.qp2sv.002,Acer,AMD,Ryzen 5,8645.0,5.0,16.0,DDR5,5600.0,512.0,16.0,1920 x 1200,165.0,NVIDIA,2.5,4 cell - 57 Wh,27490000.0,data/anphat/detail_htmls\acer_87_specs.html,RTX 3050,DISCRETE_GAMING,False,0.8,0.8,0.8138041733547352,0.052969502407704705,0.8487158908507223,0.1493055555555555,27.49,0.807,0.053,True,True,True,False,True,False,True,57.0,0.4683318465655665,0.9,0.4683318465655665,1,0.86175,0.8571000000000001,0.4229166378565255,0.1258496419311026,0.497932415421657,True,True,False,False
ACER Aspire 5 A515 58p 56rp Nx.khjsv.008,Acer,Intel,Core i5,1335.0,4.6,16.0,LPDDR5,4800.0,1024.0,15.6,1920 x 1080,60.0,Intel,1.7,3 Cell 50 Wh,16990000.0,data/anphat/detail_htmls\acer_90_specs.html,INTEL_UHD,INTEGRATED,False,0.8,1.0,0.4534510433386838,0.442215088282504,0.5842696629213483,0.0763888888888889,16.99,0.667,0.442,True,True,True,False,False,False,True,50.0,0.25111507582515613,0.45,0.25111507582515613,1,0.5567500000000001,0.5676,0.4824101555747623,0.3299805531547105,0.5165306806395852,False,False,False,False
ACER Gaming Nitro V Anv15 51 91t5 Nh.qqesv.009,Acer,Intel,Core i9,13900.0,5.4,16.0,DDR5,5200.0,512.0,15.6,1920 x 1080,144.0,NVIDIA,2.1,4 cell - 57 Wh,32990000.0,data/anphat/detail_htmls\acer_88_specs.html,RTX 4060,DISCRETE_GAMING,False,0.8,0.8,0.9542536115569824,0.2215088282504013,0.5842696629213483,0.1875,32.99,0.877,0.222,True,True,True,False,False,False,True,57.0,0.4683318465655665,1.0,0.4683318465655665,1,0.93925,0.9331,0.5131245030250648,0.2542204284479565,0.5887001120508705,True,True,False,False
ACER Predator Helios Neo Phn16 71 53m7 Nh.qlusv.005,Acer,Intel,Core i5,13500.0,4.7,16.0,DDR5,4800.0,512.0,16.0,1920 x 1200,165.0,NVIDIA,2.6,"4-cell, 90 Wh",37999000.0,data/anphat/detail_htmls\acer_91_specs.html,RTX 4060,DISCRETE_GAMING,False,0.8,0.8,0.5714285714285714,0.0341091492776886,0.8487158908507223,0.2222847222222222,38.0,0.686,0.034,True,True,True,False,True,False,True,90.0,0.9402319357716324,1.0,0.9402319357716324,1,0.8915,0.8758,0.4253270527225584,0.2284201753302877,0.4771812087912088,True,True,False,False
ACER Predator Helios Neo Phn16 71 779x_nh.qlusv.00b,Acer,Intel,Core i7,13700.0,5.0,16.0,DDR5,4800.0,512.0,16.0,2560 x 1600,165.0,NVIDIA,2.6,"4-cell, 90 Wh",43990000.0,data/anphat/detail_htmls\acer_93_specs.html,RTX 4060,DISCRETE_GAMING,False,0.8,0.8,0.8138041733547352,0.0341091492776886,0.8487158908507223,0.2638888888888889,43.99,0.807,0.034,True,True,True,False,True,False,True,90.0,0.9402319357716324,1.0,0.9402319357716324,1,0.92175,0.9121,0.4797770527225584,0.2284201753302877,0.5440337087912088,True,True,False,False
ACER Aspire 3 A314 42p R3b3 Nx.ksfsv.001,Acer,AMD,Ryzen 7,5700.0,4.3,16.0,LPDDR4X,,512.0,14.0,1920 x 1200,60.0,AMD,1.4,3 cell 50 Wh,13990000.0,data/anphat/detail_htmls\acer_94_specs.html,AMD_RADEON_GRAPHICS,INTEGRATED,False,0.8,0.8,0.2146869983948635,0.7885232744783306,0.2114767255216693,0.0555555555555555,13.99,0.507,0.789,True,True,True,True,False,True,False,50.0,0.25111507582515613,0.5,0.25111507582515613,1,0.54675,0.5471,0.5310562229904926,0.5596555130262996,0.5283564029509816,False,False,False,False
ACER Predator Helios Neo 16 Phn16 71 74qr Nh.qlvsv.002,Acer,Intel,Core i7,13700.0,5.0,16.0,DDR5,4800.0,512.0,16.0,2560 x 1600,165.0,NVIDIA,2.6,4 cell - 90 Wh,49990000.0,data/anphat/detail_htmls\acer_95_specs.html,RTX 4070,DISCRETE_GAMING,False,0.8,0.8,0.8138041733547352,0.0341091492776886,0.8487158908507223,0.3055555555555556,49.99,0.807,0.034,True,True,True,False,True,False,True,90.0,0.9402319357716324,1.0,0.9402319357716324,1,0.92175,0.9121,0.4797770527225584,0.2284201753302877,0.5440337087912088,True,True,False,False
ACER Predator Helios 16 Ph16 72 95zm Nh.qnzsv.008,Acer,Intel,Core i9,14900.0,5.8,32.0,DDR5,5600.0,1024.0,16.0,2560 x 1600,250.0,NVIDIA,2.7,"4-cell, 90 Wh",78990000.0,data/anphat/detail_htmls\acer_96_specs.html,RTX 4080,DISCRETE_GAMING,False,1.0,1.0,0.9891653290529696,0.0200642054574639,0.8487158908507223,0.5069444444444444,78.99,0.995,0.02,True,True,True,False,True,False,True,90.0,0.9402319357716324,1.0,0.9402319357716324,1,0.99875,0.9985,0.5594613223854796,0.2220999506111865,0.6444275851957031,True,True,False,False
ACER Predator Helios Neo Phn16 71 547e Nh.qlusv.00a,Acer,Intel,Core i5,13500.0,4.7,16.0,DDR5,4800.0,512.0,16.0,2560 x 1600,165.0,NVIDIA,2.6,"4-cell, 90 Wh",40890000.0,data/anphat/detail_htmls\acer_92_specs.html,RTX 4060,DISCRETE_GAMING,False,0.8,0.8,0.5714285714285714,0.0341091492776886,0.8487158908507223,0.2423611111111111,40.89,0.686,0.034,True,True,True,False,True,False,True,90.0,0.9402319357716324,1.0,0.9402319357716324,1,0.8915,0.8758,0.4253270527225584,0.2284201753302877,0.4771812087912088,True,True,False,False
ACER Predator Helios Neo 16 Phn16 72 94kc Nh.qnmsv.005,Acer,Intel,Core i9,14900.0,5.8,16.0,DDR5,5600.0,1024.0,16.0,2560 x 1600,240.0,NVIDIA,2.8,"4-cell, 90 Wh",56990000.0,data/anphat/detail_htmls\acer_98_specs.html,RTX 4070,DISCRETE_GAMING,False,0.8,1.0,0.9891653290529696,0.013242375601926204,0.8487158908507223,0.3541666666666667,56.99,0.935,0.013,True,True,True,False,True,False,True,90.0,0.9402319357716324,1.0,0.9402319357716324,1,0.95375,0.9505,0.5300736819360414,0.2190301271761945,0.6095891823064575,True,True,False,False
ACER Aspire 5 A514 56p 742f Nx.khrsv.005 Hang Gia Soc,Acer,Intel,Core i7,1355.0,5.0,16.0,LPDDR5,6400.0,1024.0,14.0,1920 x 1200,60.0,Intel,1.5,3 Cell 50 Wh,19990000.0,data/anphat/detail_htmls\acer_99_specs.html,INTEL_IRIS_XE,INTEGRATED,False,0.8,1.0,0.8138041733547352,0.6898073836276084,0.2114767255216693,0.0972222222222222,19.99,0.847,0.69,True,True,True,True,False,True,False,50.0,0.25111507582515613,0.55,0.25111507582515613,1,0.66175,0.6766,0.6495056611927399,0.5152333621434746,0.6917742199654279,True,True,True,False
ACER Aspire Lite Al15 51m 55nb Nx.krssv.001,Acer,Intel,Core i5,,4.5,8.0,DDR4,3200.0,1024.0,15.6,1920 x 1080,60.0,Intel,1.7,36 Wh,12990000.0,data/anphat/detail_htmls\acer_101_specs.html,INTEL_IRIS_XE,INTEGRATED,False,0.6,1.0,0.3029695024077046,0.442215088282504,0.5842696629213483,0.0486111111111111,12.99,0.531,0.442,True,True,True,False,False,False,True,36.0,0.0008920606601248885,0.55,0.0008920606601248885,1,0.55275,0.5518000000000001,0.3942870786516854,0.2828651685393258,0.4198522191011236,False,False,False,False
ACER Aspire 3 A314 42p R3b3 Nx.ksfsv.001 Hang Gia Soc,Acer,AMD,Ryzen 7,5700.0,4.3,16.0,LPDDR4X,,512.0,14.0,1920 x 1200,60.0,AMD,1.4,3 cell 50 Wh,13990000.0,data/anphat/detail_htmls\acer_100_specs.html,AMD_RADEON_GRAPHICS,INTEGRATED,False,0.8,0.8,0.2146869983948635,0.7885232744783306,0.2114767255216693,0.0555555555555555,13.99,0.507,0.789,True,True,True,True,False,True,False,50.0,0.25111507582515613,0.5,0.25111507582515613,1,0.54675,0.5471,0.5310562229904926,0.5596555130262996,0.5283564029509816,False,False,False,False
ACER Predator Helios Neo Phn16 71 54cd Nh.qltsv.001,Acer,Intel,Core i5,13500.0,4.7,8.0,DDR5,4800.0,512.0,16.0,2560 x 1600,165.0,NVIDIA,2.6,"4-cell, 90 Wh",35990000.0,data/anphat/detail_htmls\acer_104_specs.html,RTX 4050,DISCRETE_GAMING,False,0.6,0.8,0.5714285714285714,0.0341091492776886,0.8487158908507223,0.2083333333333333,35.99,0.626,0.034,True,True,True,False,True,False,True,90.0,0.9402319357716324,1.0,0.9402319357716324,1,0.8464999999999999,0.8278,0.3983270527225583,0.2284201753302877,0.4440312087912088,True,True,False,False
ACER Aspire Lite Al16 51p 596h Nx.kwzsv.002,Acer,Intel,Core i5,1235.0,4.4,8.0,DDR5,4800.0,2048.0,16.0,1920 x 1200,60.0,Intel,1.7,58Whr 3-cell 65W PD Type-C Adapter,12990000.0,data/anphat/detail_htmls\acer_102_specs.html,INTEL_GRAPHICS,INTEGRATED,False,0.6,1.0,0.2451845906902086,0.442215088282504,0.8487158908507223,0.0486111111111111,12.99,0.503,0.442,True,True,True,False,False,False,True,58.0,0.5156110615521855,0.45,0.5156110615521855,1,0.48575,0.4884,0.4239947709593777,0.3040143844919126,0.4276505238301025,False,False,False,False
ACER Predator Helios Phn16 72 78l4 Nh.qnpsv.012,Acer,Intel,Core i7,14700.0,5.5,16.0,DDR5,5600.0,1024.0,16.0,2560 x 1600,,NVIDIA,2.8,"90WHrs, 4-cell Li-ion",43990000.0,data/anphat/detail_htmls\acer_106_specs.html,RTX 4050,DISCRETE_GAMING,False,0.8,1.0,0.9787319422150884,0.013242375601926204,0.8487158908507223,0.2638888888888889,43.99,0.929,0.013,True,True,True,False,True,False,True,90.0,0.9402319357716324,1.0,0.9402319357716324,1,0.95225,0.9487,0.5273736819360415,0.2190301271761945,0.6062741823064576,True,True,False,False
ACER Predator Helios Neo 14 Phn14 51 96hg Nh.qrnsv.001,Acer,Intel,,185.0,5.1,32.0,DDR5,6400.0,1024.0,14.5,2560 x 1600,165.0,NVIDIA,1.9,76Whr 4-cell,59990000.0,data/anphat/detail_htmls\acer_107_specs.html,RTX 4070,DISCRETE_GAMING,False,1.0,1.0,0.8743980738362761,0.2969502407704655,0.3936597110754414,0.375,59.99,0.937,0.297,True,True,True,False,False,False,False,76.0,0.844335414808207,1.0,0.844335414808207,1,0.98425,0.9811,0.6030674589455489,0.3902333621434745,0.6773770289541919,True,True,True,False
MSI Katana 15 Hx B14wfk 267vn,MSI,Intel,Core i7,14650.0,5.2,32.0,DDR5,,512.0,15.6,2560 x 1440,165.0,NVIDIA,2.4,4 cell / 75 Whr,40990000.0,data/anphat/detail_htmls\msi_3_specs.html,RTX 5060,DISCRETE_GAMING,False,1.0,0.8,0.914526484751204,0.0806581059390048,0.5842696629213483,0.2430555555555555,40.99,0.917,0.081,True,True,True,False,True,False,True,75.0,0.7979482604817127,0.45,0.7979482604817127,1,0.64925,0.6726000000000001,0.5167230337078652,0.2517756821829855,0.6038305016051364,True,True,False,False
MSI Prestige 14 Ai Evo C2vmg 020vn,MSI,Intel,Core Ultra 7,258.0,4.8,32.0,LPDDR5X,,1024.0,14.0,2880 x 1800,120.0,Intel,1.7,"4 Cell, 90Whr",39990000.0,data/anphat/detail_htmls\msi_1_specs.html,INTEL_GRAPHICS,INTEGRATED,False,1.0,1.0,0.6460674157303371,0.442215088282504,0.2114767255216693,0.2361111111111111,39.99,0.823,0.442,True,True,True,False,False,True,False,90.0,0.9402319357716324,0.45,0.9402319357716324,1,0.62575,0.6444,0.6295332324978393,0.5391545252500309,0.6791708596740338,True,True,True,False
MSI Katana 15 Hx B14wfk 025vn,MSI,Intel,Core i7,14650.0,5.2,16.0,DDR5,,512.0,15.6,2560 x 1440,165.0,NVIDIA,2.4,4 cell / 75 Whr,39490000.0,data/anphat/detail_htmls\msi_0_specs.html,RTX 5060,DISCRETE_GAMING,False,0.8,0.8,0.914526484751204,0.0806581059390048,0.5842696629213483,0.2326388888888889,39.49,0.857,0.081,True,True,True,False,True,False,True,75.0,0.7979482604817127,0.45,0.7979482604817127,1,0.60425,0.6246,0.4897230337078652,0.2517756821829855,0.5706805016051364,True,True,False,False
MSI Venture 14 Ai A1mg 005vn,MSI,Intel,Core Ultra 5,125.0,4.5,16.0,DDR5,5600.0,512.0,14.0,2880 x 1800,120.0,Intel,1.7,"4 cell, 75Whr",25990000.0,data/anphat/detail_htmls\msi_2_specs.html,INTEL_GRAPHICS,INTEGRATED,False,0.8,0.8,0.3029695024077046,0.442215088282504,0.2114767255216693,0.1388888888888889,25.99,0.551,0.442,True,True,True,False,False,True,False,75.0,0.7979482604817127,0.45,0.7979482604817127,1,0.52775,0.5328,0.4782870786516854,0.4886737560192616,0.5058139365971108,False,False,False,False
MSI Cyborg 15 B2rwekg 402vn,MSI,Intel,Core 5,210.0,4.8,16.0,DDR5,,512.0,15.6,1920 x 1080,144.0,NVIDIA,2.1,"4 cell, 55.2Whr",31990000.0,data/anphat/detail_htmls\msi_4_specs.html,RTX 5050,DISCRETE_GAMING,False,0.8,0.8,0.6460674157303371,0.2215088282504013,0.5842696629213483,0.1805555555555555,31.99,0.723,0.222,True,True,True,False,False,False,True,55.2,0.39295272078501337,0.45,0.39295272078501337,1,0.57075,0.5844,0.4403629645635263,0.2481627361402642,0.5008458812816398,False,False,False,False
MSI Modern 14 F13mg 466vn,MSI,Intel,Core i5,1334.0,4.6,8.0,DDR4,3200.0,512.0,14.0,1920 x 1080,60.0,Intel,1.5,3 Cell,14990000.0,data/anphat/detail_htmls\msi_5_specs.html,INTEL_UHD,INTEGRATED,False,0.6,0.8,0.4534510433386838,0.6898073836276084,0.2114767255216693,0.0625,14.99,0.567,0.69,True,True,True,True,False,True,False,,,0.45,,0,0.50175,0.5075999999999999,0.5965825842696629,0.64311797752809,0.5955357584269663,False,False,False,False
MSI Vector A16 Hx A8whg 010vn,MSI,AMD,Ryzen 9,8940.0,5.3,16.0,DDR5,,512.0,16.0,2560 x 1600,240.0,NVIDIA,2.7,"4 cell, 90Whr",56990000.0,data/anphat/detail_htmls\msi_6_specs.html,RTX 5070,DISCRETE_GAMING,False,0.8,0.8,0.9337881219903692,0.0200642054574639,0.8487158908507223,0.3541666666666667,56.99,0.867,0.02,True,True,True,False,True,False,True,90.0,0.9402319357716324,0.45,0.9402319357716324,1,0.60675,0.6276,0.5018613223854798,0.2220999506111865,0.5737075851957032,True,True,False,False
MSI Sword 16 Hx B14vfkg 045vn,MSI,Intel,Core i7,14700.0,5.5,16.0,DDR5,5600.0,1024.0,16.0,2560 x 1600,240.0,NVIDIA,2.3,"4 cell, 65Whr",39990000.0,data/anphat/detail_htmls\msi_8_specs.html,RTX 4060,UNKNOWN,False,0.8,1.0,0.9787319422150884,0.1211878009630819,0.8487158908507223,0.2361111111111111,39.99,0.929,0.121,True,True,True,False,False,False,True,65.0,0.6418376449598573,1.0,0.6418376449598573,1,0.95225,0.9487,0.5170776577355229,0.1834709532040992,0.5945291366218051,True,True,False,False
MSI Venture A16 Ai A3hmg 017vn,MSI,AMD,Ryzen AI 7,350.0,5.0,16.0,DDR5,,512.0,16.0,2048 x 1280,120.0,AMD,1.9,"4 cell, 75Whr",33990000.0,data/anphat/detail_htmls\msi_9_specs.html,AMD_RADEON_GRAPHICS,INTEGRATED,False,0.8,0.8,0.8138041733547352,0.2969502407704655,0.8487158908507223,0.1944444444444444,33.99,0.807,0.297,True,True,True,False,False,False,True,75.0,0.7979482604817127,0.5,0.7979482604817127,1,0.62175,0.6371,0.542644382022472,0.2958567415730337,0.585811320224719,True,True,False,False
Gaming MSI Cyborg 15 Ai A1vek 245vn,MSI,Intel,Core Ultra 5,135.0,4.6,16.0,DDR5,5600.0,512.0,15.6,1920 x 1080,144.0,NVIDIA,1.98,3cell 53.5Whr,26990000.0,data/anphat/detail_htmls\msi_10_specs.html,RTX 4050,DISCRETE_GAMING,False,0.8,0.8,0.4534510433386838,0.2588282504012841,0.5842696629213483,0.1458333333333333,26.99,0.627,0.259,True,True,True,False,False,False,True,53.5,0.33719892952720787,1.0,0.33719892952720787,1,0.87675,0.8581,0.4069555315471045,0.2592353222620076,0.4544270536485986,True,True,False,False
MSI Prestige 16 Ai Evo B2vmg 016vn,MSI,Intel,Core Ultra 9,288.0,5.1,32.0,LPDDR5X,8533.0,1024.0,16.0,3840 x 2400,60.0,Intel,1.5,99WHrs,46990000.0,data/anphat/detail_htmls\msi_12_specs.html,INTEL_GRAPHICS,INTEGRATED,False,1.0,1.0,0.8743980738362761,0.6898073836276084,0.8487158908507223,0.2847222222222222,46.99,0.937,0.69,True,True,True,True,False,False,True,99.0,0.9790365744870652,0.45,0.9790365744870652,1,0.6542500000000001,0.6786000000000001,0.7842364304235091,0.5526893752315101,0.7913942687368811,True,True,True,False
MSI Prestige 13 Ai Evo A1mg 062vn,MSI,Intel,Core Ultra 7,155.0,4.8,32.0,LPDDR5,6400.0,1024.0,13.3,2880 x 1800,,Intel,0.99,4Cell 75WHrs,33990000.0,data/anphat/detail_htmls\msi_11_specs.html,INTEL_GRAPHICS,INTEGRATED,False,1.0,1.0,0.6460674157303371,0.9871589085072231,0.0176565008025682,0.1944444444444444,33.99,0.823,0.987,True,True,True,True,False,True,False,75.0,0.7979482604817127,0.45,0.7979482604817127,1,0.62575,0.6444,0.7908556179775281,0.7719402086677368,0.798323069823435,True,True,True,True
MSI Prestige 16 Ai Mercedesamg B2vmg 088vn,MSI,Intel,Core Ultra 9,288.0,5.1,32.0,LPDDR5X,8533.0,2048.0,16.0,3840 x 2400,60.0,Intel,1.5,99WHrs,56990000.0,data/anphat/detail_htmls\msi_13_specs.html,INTEL_GRAPHICS,INTEGRATED,False,1.0,1.0,0.8743980738362761,0.6898073836276084,0.8487158908507223,0.3541666666666667,56.99,0.937,0.69,True,True,True,True,False,False,True,99.0,0.9790365744870652,0.45,0.9790365744870652,1,0.6542500000000001,0.6786000000000001,0.7842364304235091,0.5526893752315101,0.7913942687368811,True,True,True,False
MSI Thin 15 B13uc 3247vn,MSI,Intel,Core i5,13420.0,4.6,8.0,DDR4,3200.0,512.0,15.6,1920 x 1080,144.0,NVIDIA,1.86,"3-Cell, 52.4 Whrs",19990000.0,data/anphat/detail_htmls\msi_14_specs.html,RTX 3050,DISCRETE_GAMING,False,0.6,0.8,0.4534510433386838,0.3214285714285714,0.5842696629213483,0.0972222222222222,19.99,0.567,0.321,True,True,True,False,False,False,True,52.4,0.2925958965209634,0.9,0.2925958965209634,1,0.77175,0.7551,0.3997502592912704,0.2837035436473638,0.4350783254105445,True,True,False,False
MSI Katana 15 Hx B14wek 286vn,MSI,Intel,Core i5,14450.0,4.8,16.0,DDR5,,512.0,15.6,2560 x 1440,165.0,NVIDIA,2.4,4 cell / 75 Whr,34990000.0,data/anphat/detail_htmls\msi_17_specs.html,RTX 5050,DISCRETE_GAMING,False,0.8,0.8,0.6460674157303371,0.0806581059390048,0.5842696629213483,0.2013888888888889,34.99,0.723,0.081,True,True,True,False,True,False,True,75.0,0.7979482604817127,0.45,0.7979482604817127,1,0.57075,0.5844,0.4294230337078651,0.2517756821829855,0.4966455016051364,False,False,False,False
MSI Stealth A16 Ai A3xwhg085vn,MSI,AMD,Ryzen AI 9,370.0,5.1,32.0,LPDDR5X,7500.0,1024.0,16.0,2560 x 1600,240.0,NVIDIA,2.1,4Cell 99.9WHr,75990000.0,data/anphat/detail_htmls\msi_16_specs.html,RTX 5070,DISCRETE_GAMING,False,1.0,1.0,0.8743980738362761,0.2215088282504013,0.8487158908507223,0.4861111111111111,75.99,0.937,0.222,True,True,True,False,False,False,True,99.9,0.983942908117752,0.45,0.983942908117752,1,0.6542500000000001,0.6786000000000001,0.6226245030250649,0.3457061828620817,0.6772722629336956,True,True,True,False
MSI Cyborg 15 A13uc 2082vn,MSI,Intel,Core i7,13620.0,4.6,16.0,DDR5,5200.0,512.0,15.6,1920 x 1080,144.0,NVIDIA,1.98,3cell 53.5Whr,21990000.0,data/anphat/detail_htmls\msi_19_specs.html,RTX 3050,DISCRETE_GAMING,False,0.8,0.8,0.4534510433386838,0.2588282504012841,0.5842696629213483,0.1111111111111111,21.99,0.627,0.259,True,True,True,False,False,False,True,53.5,0.33719892952720787,0.9,0.33719892952720787,1,0.81675,0.8031,0.4069555315471045,0.2592353222620076,0.4544270536485986,True,True,False,False
MSI Prestige 14 Ai Evo C1mg 081vn,MSI,Intel,Core Ultra 5,125.0,4.5,16.0,DDR5,5600.0,512.0,14.0,2880 x 1800,60.0,Intel,1.7,"4 Cell, 90Whr",29990000.0,data/anphat/detail_htmls\msi_18_specs.html,INTEL_GRAPHICS,INTEGRATED,False,0.8,0.8,0.3029695024077046,0.442215088282504,0.2114767255216693,0.1666666666666666,29.99,0.551,0.442,True,True,True,False,False,True,False,90.0,0.9402319357716324,0.45,0.9402319357716324,1,0.52775,0.5328,0.5071332324978393,0.5391545252500309,0.5288908596740338,False,False,False,False
MSI Katana 15 Hx B14wek 027vn,MSI,Intel,Core i7,14650.0,5.2,32.0,DDR5,5600.0,512.0,15.6,2560 x 1440,165.0,NVIDIA,2.4,4 cell / 75 Whr,38990000.0,data/anphat/detail_htmls\msi_20_specs.html,RTX 5050,DISCRETE_GAMING,False,1.0,0.8,0.914526484751204,0.0806581059390048,0.5842696629213483,0.2291666666666666,38.99,0.917,0.081,True,True,True,False,True,False,True,75.0,0.7979482604817127,0.45,0.7979482604817127,1,0.64925,0.6726000000000001,0.5167230337078652,0.2517756821829855,0.6038305016051364,True,True,False,False
MSI Crosshair 16 Hx Ai D2xwfkg 036vn,MSI,Intel,Core Ultra 7,255.0,5.2,16.0,DDR5,5600.0,1024.0,16.0,2560 x 1600,240.0,NVIDIA,2.5,"4 cell, 90Whr",46990000.0,data/anphat/detail_htmls\msi_23_specs.html,RTX 5060,DISCRETE_GAMING,False,0.8,1.0,0.914526484751204,0.052969502407704705,0.8487158908507223,0.2847222222222222,46.99,0.897,0.053,True,True,True,False,True,False,True,90.0,0.9402319357716324,0.45,0.9402319357716324,1,0.61425,0.6366,0.526878176318064,0.2369073342387949,0.5984266461908878,True,True,False,False
MSI Thin 15 B13ve 2824vn,MSI,Intel,Core i5,13420.0,4.6,16.0,DDR4,3200.0,512.0,15.6,1920 x 1080,144.0,NVIDIA,1.86,3 Cell 52.4 WHr,23990000.0,data/anphat/detail_htmls\msi_21_specs.html,RTX 4050,DISCRETE_GAMING,False,0.8,0.8,0.4534510433386838,0.3214285714285714,0.5842696629213483,0.125,23.99,0.627,0.321,True,True,True,False,False,False,True,52.4,0.2925958965209634,1.0,0.2925958965209634,1,0.87675,0.8581,0.4267502592912705,0.2837035436473638,0.4682283254105445,True,True,False,False
MSI Cyborg 15 A13vek 2089vn,MSI,Intel,Core i7,13620.0,4.9,16.0,DDR5,,512.0,15.6,1920 x 1080,144.0,NVIDIA,1.98,3 cell / 53.5 Whr,28990000.0,data/anphat/detail_htmls\msi_24_specs.html,RTX 4050,DISCRETE_GAMING,False,0.8,0.8,0.7391653290529695,0.2588282504012841,0.5842696629213483,0.1597222222222222,28.99,0.77,0.259,True,True,True,False,False,False,True,53.5,0.33719892952720787,1.0,0.33719892952720787,1,0.9125,0.901,0.4713055315471046,0.2592353222620076,0.5334345536485986,True,True,False,False
MSI Katana 15 B13udxk 2412vn,MSI,Intel,Core i5,13420.0,4.6,8.0,DDR5,5200.0,1024.0,15.6,1920 x 1080,144.0,NVIDIA,2.25,3cell 53.5Whr,23990000.0,data/anphat/detail_htmls\msi_22_specs.html,RTX 3050,DISCRETE_GAMING,False,0.6,1.0,0.4534510433386838,0.1468699839486356,0.5842696629213483,0.125,23.99,0.607,0.147,True,True,True,False,False,False,True,53.5,0.33719892952720787,0.9,0.33719892952720787,1,0.7817500000000001,0.7671,0.3590510371650821,0.2092152580565501,0.4158660183355969,True,True,False,False
MSI Cyborg 15 A13uc 2088vn,MSI,Intel,Core i5,13420.0,4.6,16.0,,,512.0,15.6,1920 x 1080,144.0,NVIDIA,1.98,3 cell / 53.5 Whr,21990000.0,data/anphat/detail_htmls\msi_25_specs.html,RTX 3050,DISCRETE_GAMING,False,0.8,0.8,0.4534510433386838,0.2588282504012841,0.5842696629213483,0.1111111111111111,21.99,0.627,0.259,True,True,True,False,False,False,True,53.5,0.33719892952720787,0.9,0.33719892952720787,1,0.81675,0.8031,0.4069555315471045,0.2592353222620076,0.4544270536485986,True,True,False,False
MSI Vector 16 Hx Ai A2xwjg 470vn,MSI,Intel,Core Ultra 9,275.0,5.4,32.0,DDR5,6400.0,1024.0,16.0,2560 x 1600,240.0,NVIDIA,2.7,4Cell 90WHr,115990000.0,data/anphat/detail_htmls\msi_26_specs.html,RTX 5090,DISCRETE_GAMING,False,1.0,1.0,0.9542536115569824,0.0200642054574639,0.8487158908507223,0.7638888888888888,115.99,0.977,0.02,True,True,True,False,True,False,True,90.0,0.9402319357716324,0.45,0.9402319357716324,1,0.66425,0.6906,0.5513613223854796,0.2220999506111865,0.6344825851957031,True,True,False,False
MSI Katana 15 Hx B14wfk 294vn,MSI,Intel,Core i9,14900.0,5.8,16.0,DDR5,,512.0,15.6,2560 x 1440,165.0,NVIDIA,2.4,4 cell / 75 Whr,40990000.0,data/anphat/detail_htmls\msi_27_specs.html,RTX 5060,DISCRETE_GAMING,False,0.8,0.8,0.9891653290529696,0.0806581059390048,0.5842696629213483,0.2430555555555555,40.99,0.895,0.081,True,True,True,False,True,False,True,75.0,0.7979482604817127,0.45,0.7979482604817127,1,0.61375,0.636,0.5068230337078652,0.2517756821829855,0.5916755016051365,True,True,False,False
MSI Cyborg 15 B2rwfkg 048vn,MSI,Intel,Core 7,240.0,5.2,16.0,DDR5,,512.0,15.6,1920 x 1080,144.0,NVIDIA,1.95,"4 cell, 55.2Whr",33990000.0,data/anphat/detail_htmls\msi_30_specs.html,RTX 5060,DISCRETE_GAMING,False,0.8,0.8,0.914526484751204,0.271669341894061,0.5842696629213483,0.1944444444444444,33.99,0.857,0.272,True,True,True,False,False,False,True,55.2,0.39295272078501337,0.45,0.39295272078501337,1,0.60425,0.6246,0.5182191443388072,0.2707349672799111,0.5872956084084454,True,True,False,False
MSI Katana 15 Hx B14wek 295vn,MSI,Intel,Core i9,14900.0,5.8,16.0,DDR5,5600.0,512.0,15.6,2560 x 1440,165.0,NVIDIA,2.4,4 cell / 75 Whr,38990000.0,data/anphat/detail_htmls\msi_31_specs.html,RTX 5050,DISCRETE_GAMING,False,0.8,0.8,0.9891653290529696,0.0806581059390048,0.5842696629213483,0.2291666666666666,38.99,0.895,0.081,True,True,True,False,True,False,True,75.0,0.7979482604817127,0.45,0.7979482604817127,1,0.61375,0.636,0.5068230337078652,0.2517756821829855,0.5916755016051365,True,True,False,False
MSI Crosshair 16 Hx Ai D2xwgkg 071vn,MSI,Intel,Core Ultra 9,275.0,5.4,32.0,DDR5,6400.0,1024.0,16.0,2560 x 1600,240.0,NVIDIA,2.5,"4 cell, 90Whr",58990000.0,data/anphat/detail_htmls\msi_29_specs.html,RTX 5070,DISCRETE_GAMING,False,1.0,1.0,0.9542536115569824,0.052969502407704705,0.8487158908507223,0.3680555555555556,58.99,0.977,0.053,True,True,True,False,True,False,True,90.0,0.9402319357716324,0.45,0.9402319357716324,1,0.66425,0.6906,0.5628781763180639,0.2369073342387949,0.6426266461908878,True,True,False,False
MSI Thin 15 B13ucx 2080vn,MSI,Intel,Core i5,13420.0,4.6,16.0,DDR4,3200.0,512.0,15.6,1920 x 1080,144.0,NVIDIA,1.86,3Cell 52.4WHrs,18990000.0,data/anphat/detail_htmls\msi_32_specs.html,RTX 2050,DISCRETE_GAMING,False,0.8,0.8,0.4534510433386838,0.3214285714285714,0.5842696629213483,0.0902777777777777,18.99,0.627,0.321,True,True,True,False,False,False,True,52.4,0.2925958965209634,0.8,0.2925958965209634,1,0.7567499999999999,0.7481000000000001,0.4267502592912705,0.2837035436473638,0.4682283254105445,True,True,False,False
MSI Crosshair 16 Hx Ai D2xwgkg 072vn,MSI,Intel,Core Ultra 7,255.0,5.2,32.0,DDR5,6400.0,1024.0,16.0,2560 x 1600,240.0,NVIDIA,2.5,"4 cell, 90Whr",56990000.0,data/anphat/detail_htmls\msi_33_specs.html,RTX 5070,DISCRETE_GAMING,False,1.0,1.0,0.914526484751204,0.052969502407704705,0.8487158908507223,0.3541666666666667,56.99,0.957,0.053,True,True,True,False,True,False,True,90.0,0.9402319357716324,0.45,0.9402319357716324,1,0.65925,0.6846,0.553878176318064,0.2369073342387949,0.6315766461908878,True,True,False,False
MSI Modern 15 F13mg 666vn,MSI,Intel,Core i5,1334.0,4.6,16.0,DDR4,3200.0,512.0,15.6,1920 x 1080,60.0,Intel,1.7,3cell 46.8Whr,14990000.0,data/anphat/detail_htmls\msi_34_specs.html,INTEL_IRIS_XE,INTEGRATED,False,0.8,0.8,0.4534510433386838,0.442215088282504,0.5842696629213483,0.0625,14.99,0.627,0.442,True,True,True,False,False,False,True,46.8,0.1694915254237288,0.55,0.1694915254237288,1,0.60675,0.6106,0.4582563094209161,0.3192113223854796,0.4895076037165082,True,True,False,False
MSI Prestige 13 Ai Evo A1mg 241vn,MSI,Intel,Core Ultra 5,125.0,4.5,16.0,LPDDR5,6400.0,512.0,13.3,2880 x 1800,,Intel,0.99,4Cell 75WHrs,29990000.0,data/anphat/detail_htmls\msi_35_specs.html,INTEL_GRAPHICS,INTEGRATED,False,0.8,0.8,0.3029695024077046,0.9871589085072231,0.0176565008025682,0.1666666666666666,29.99,0.551,0.987,True,True,True,True,False,True,False,75.0,0.7979482604817127,0.45,0.7979482604817127,1,0.52775,0.5328,0.6684556179775281,0.7719402086677368,0.648043069823435,False,False,True,True
MSI Cyborg 14 A13ve 090vn,MSI,Intel,Core i7,13620.0,4.9,8.0,DDR5,4800.0,512.0,14.0,1920 x 1200,144.0,NVIDIA,1.6,"3-Cell, 53.5 Whr",27990000.0,data/anphat/detail_htmls\msi_36_specs.html,RTX 4050,DISCRETE_GAMING,False,0.6,0.8,0.7391653290529695,0.6071428571428572,0.2114767255216693,0.1527777777777778,27.99,0.71,0.607,True,True,True,False,False,True,False,53.5,0.33719892952720787,1.0,0.33719892952720787,1,0.8674999999999999,0.853,0.5662156439066551,0.4905354827756513,0.6014041363131251,True,True,False,False
MSI Katana 15 B13udxk 2411vn,MSI,Intel,Core i7,13620.0,4.9,16.0,DDR5,5200.0,512.0,15.6,1920 x 1080,144.0,NVIDIA,2.25,"3 cell, 53.5Whr",25990000.0,data/anphat/detail_htmls\msi_38_specs.html,RTX 3050,DISCRETE_GAMING,False,0.8,0.8,0.7391653290529695,0.1468699839486356,0.5842696629213483,0.1388888888888889,25.99,0.77,0.147,True,True,True,False,False,False,True,53.5,0.33719892952720787,0.9,0.33719892952720787,1,0.8525,0.846,0.4324010371650821,0.2092152580565501,0.505923518335597,True,True,False,False
MSI Katana 15 B13vfk 676vn,MSI,Intel,Core i7,13620.0,4.9,16.0,DDR5,,1024.0,15.6,1920 x 1080,144.0,NVIDIA,2.2,"3 Cell, 53.5Whr",37990000.0,data/anphat/detail_htmls\msi_39_specs.html,RTX 4060,DISCRETE_GAMING,False,0.8,1.0,0.7391653290529695,0.1761637239165329,0.5842696629213483,0.2222222222222222,37.99,0.81,0.176,True,True,True,False,False,False,True,53.5,0.33719892952720787,1.0,0.33719892952720787,1,0.9225,0.913,0.4606538461538462,0.2223974410421039,0.5352737189776515,True,True,False,False
MSI Katana 15 B13vek 2256vn,MSI,Intel,Core i7,13620.0,4.9,16.0,DDR5,5200.0,512.0,15.6,1920 x 1080,144.0,NVIDIA,2.25,"3 Cell, 53.5Whr",28990000.0,data/anphat/detail_htmls\msi_40_specs.html,RTX 4050,DISCRETE_GAMING,False,0.8,0.8,0.7391653290529695,0.1468699839486356,0.5842696629213483,0.1597222222222222,28.99,0.77,0.147,True,True,True,False,False,False,True,53.5,0.33719892952720787,1.0,0.33719892952720787,1,0.9125,0.901,0.4324010371650821,0.2092152580565501,0.505923518335597,True,True,False,False
MSI Thin 15 B13uc 1411vn,MSI,Intel,Core i7,13620.0,4.9,8.0,DDR4,3200.0,512.0,15.6,1920 x 1080,144.0,NVIDIA,1.86,3 Cell 52.4 WHr,23990000.0,data/anphat/detail_htmls\msi_42_specs.html,RTX 3050,DISCRETE_GAMING,False,0.6,0.8,0.7391653290529695,0.3214285714285714,0.5842696629213483,0.125,23.99,0.71,0.321,True,True,True,False,False,False,True,52.4,0.2925958965209634,0.9,0.2925958965209634,1,0.8075,0.798,0.4641002592912704,0.2837035436473638,0.5140858254105445,True,True,False,False
MSI Stealth 14 Ai Studio A1vfg 085vn,MSI,Intel,Core Ultra 7,155.0,4.8,32.0,DDR5,5600.0,1024.0,14.0,2880 x 1800,120.0,NVIDIA,1.7,72WHrs,55990000.0,data/anphat/detail_htmls\msi_44_specs.html,RTX 4060,DISCRETE_GAMING,False,1.0,1.0,0.6460674157303371,0.442215088282504,0.2114767255216693,0.3472222222222222,55.99,0.823,0.442,True,True,True,False,False,True,False,72.0,0.724799286351472,1.0,0.724799286351472,1,0.95575,0.9469,0.5949178478824546,0.4785776021731078,0.6514785519817261,True,True,False,False
MSI Katana 15 Hx B14wgk 023vn,MSI,Intel,Core i7,14650.0,5.2,16.0,DDR5,,1024.0,15.6,2560 x 1440,165.0,NVIDIA,2.4,4 cell / 75 Whr,44990000.0,data/anphat/detail_htmls\msi_47_specs.html,RTX 5070,DISCRETE_GAMING,False,0.8,1.0,0.914526484751204,0.0806581059390048,0.5842696629213483,0.2708333333333333,44.99,0.897,0.081,True,True,True,False,True,False,True,75.0,0.7979482604817127,0.45,0.7979482604817127,1,0.61425,0.6366,0.5077230337078652,0.2517756821829855,0.5927805016051364,True,True,False,False
MSI Katana 15 Hx B14wgk 022vn,MSI,Intel,Core i9,14900.0,5.8,32.0,DDR5,,1024.0,15.6,2560 x 1440,165.0,NVIDIA,2.4,4 cell / 75 Whr,48990000.0,data/anphat/detail_htmls\msi_48_specs.html,RTX 5070,DISCRETE_GAMING,False,1.0,1.0,0.9891653290529696,0.0806581059390048,0.5842696629213483,0.2986111111111111,48.99,0.995,0.081,True,True,True,False,True,False,True,75.0,0.7979482604817127,0.45,0.7979482604817127,1,0.6687500000000001,0.6960000000000001,0.5518230337078651,0.2517756821829855,0.6469255016051365,True,True,False,False
MSI Cyborg 15 Ai A1vek 053vn,MSI,Intel,Core Ultra 7,155.0,4.8,16.0,DDR5,5600.0,512.0,15.6,1920 x 1080,144.0,NVIDIA,1.98,"3 Cell, 53.5Whr",30990000.0,data/anphat/detail_htmls\msi_50_specs.html,RTX 4050,UNKNOWN,False,0.8,0.8,0.6460674157303371,0.2588282504012841,0.5842696629213483,0.1736111111111111,30.99,0.723,0.259,True,True,True,False,False,False,True,53.5,0.33719892952720787,1.0,0.33719892952720787,1,0.90075,0.8869,0.4501555315471045,0.2592353222620076,0.5074670536485986,True,True,False,False
MSI Katana 15 B13vek 252vn,MSI,Intel,Core i7,13620.0,4.9,8.0,DDR5,5200.0,512.0,15.6,1920 x 1080,144.0,NVIDIA,2.25,"3 Cell, 53.5Whr",26990000.0,data/anphat/detail_htmls\msi_41_specs.html,RTX 4050,DISCRETE_GAMING,False,0.6,0.8,0.7391653290529695,0.1468699839486356,0.5842696629213483,0.1458333333333333,26.99,0.71,0.147,True,True,True,False,False,False,True,53.5,0.33719892952720787,1.0,0.33719892952720787,1,0.8674999999999999,0.853,0.4054010371650821,0.2092152580565501,0.4727735183355969,True,True,False,False
MSI Stealth 18 Hx Ai A2xwig 017vn,MSI,Intel,Core Ultra 9,275.0,4.6,32.0,DDR5,6400.0,2048.0,18.0,3840 x 2400,120.0,NVIDIA,2.89,"4-Cell, 99.99 Whr",109999000.0,data/anphat/detail_htmls\msi_49_specs.html,RTX 5080,DISCRETE_GAMING,False,1.0,1.0,0.4534510433386838,0.009630818619582704,0.9951845906902088,0.7222847222222222,110.0,0.727,0.01,True,True,True,False,True,False,True,99.99,0.9906333630686887,0.45,0.9906333630686887,1,0.60175,0.6156,0.4544211754537596,0.2217313788739349,0.5032858047289788,True,True,False,False
MSI Prestige 13 Ai Evo A1mg 240vn,MSI,Intel,Core Ultra 5,125.0,4.5,32.0,LPDDR5,6400.0,512.0,13.3,2880 x 1800,,Intel,0.99,4Cell 75WHrs,32990000.0,data/anphat/detail_htmls\msi_51_specs.html,INTEL_GRAPHICS,INTEGRATED,False,1.0,0.8,0.3029695024077046,0.9871589085072231,0.0176565008025682,0.1875,32.99,0.611,0.987,True,True,True,True,False,True,False,75.0,0.7979482604817127,0.45,0.7979482604817127,1,0.57275,0.5808,0.6954556179775282,0.7719402086677368,0.6811930698234351,False,False,True,True
MSI Prestige 13 Ai Evo A2vmg 062vn,MSI,Intel,Core Ultra 9,288.0,5.1,32.0,LPDDR5X,8533.0,1024.0,13.3,2880 x 1800,,Intel,0.99,4Cell 75WHrs,44990000.0,data/anphat/detail_htmls\msi_53_specs.html,INTEL_GRAPHICS,INTEGRATED,False,1.0,1.0,0.8743980738362761,0.9871589085072231,0.0176565008025682,0.2708333333333333,44.99,0.937,0.987,True,True,True,True,False,True,False,75.0,0.7979482604817127,0.45,0.7979482604817127,1,0.6542500000000001,0.6786000000000001,0.842155617977528,0.7719402086677368,0.861308069823435,True,True,True,True
MSI Prestige 14 Ai Evo C1mg 080vn,MSI,Intel,Core Ultra 5,125.0,4.5,32.0,DDR5,5600.0,512.0,14.0,2880 x 1800,60.0,Intel,1.7,"4 Cell, 90Whr",32990000.0,data/anphat/detail_htmls\msi_59_specs.html,INTEL_GRAPHICS,INTEGRATED,False,1.0,0.8,0.3029695024077046,0.442215088282504,0.2114767255216693,0.1875,32.99,0.611,0.442,True,True,True,False,False,True,False,90.0,0.9402319357716324,0.45,0.9402319357716324,1,0.57275,0.5808,0.5341332324978392,0.5391545252500309,0.5620408596740338,False,False,False,False
MSI Pulse 17 Ai C1vgkg 017vn,MSI,Intel,Core Ultra 7,155.0,4.8,32.0,DDR5,5600.0,1024.0,17.0,2560 x 1600,240.0,NVIDIA,2.8,"4 cell, 90Whr Li-Po",55990000.0,data/anphat/detail_htmls\msi_60_specs.html,RTX 4070,DISCRETE_GAMING,False,1.0,1.0,0.6460674157303371,0.013242375601926204,0.9891653290529696,0.3472222222222222,55.99,0.823,0.013,True,True,True,False,True,False,True,90.0,0.9402319357716324,1.0,0.9402319357716324,1,0.95575,0.9469,0.4796736819360415,0.190940239535745,0.5420912047783677,True,True,False,False
MSI Vector Gp68hx 12vh 070vn,MSI,Intel,Core i9,12900.0,5.0,16.0,DDR5,4800.0,1024.0,16.0,1920 x 1200,144.0,NVIDIA,2.67,"4 cell, 90Whr",61990000.0,data/anphat/detail_htmls\msi_65_specs.html,RTX 4080,DISCRETE_GAMING,False,0.8,1.0,0.8138041733547352,0.024077046548956704,0.8487158908507223,0.3888888888888889,61.99,0.847,0.024,True,True,True,False,True,False,True,90.0,0.9402319357716324,1.0,0.9402319357716324,1,0.93175,0.9241,0.4942658167675021,0.2239057291023582,0.5636507633658476,True,True,False,False
Lg Gram 2024 14z90s G.ah55a5,LG,Intel,Core Ultra 5,125.0,4.5,16.0,LPDDR5,6400.0,512.0,14.0,1920 x 1200,,Intel,1.12,72 Wh,36290000.0,data/anphat/detail_htmls\lg_2_specs.html,INTEL_GRAPHICS,INTEGRATED,False,0.8,0.8,0.3029695024077046,0.9691011235955056,0.2114767255216693,0.2104166666666666,36.29,0.551,0.969,True,True,True,True,False,True,False,72.0,0.724799286351472,0.45,0.724799286351472,1,0.52775,0.5328,0.6563661624891962,0.7149540066674898,0.6312055744536362,False,False,True,True
Lg Gram 2024 16z90s G.ah76a5,LG,Intel,Core Ultra 7,155.0,4.8,16.0,LPDDR5,,512.0,16.0,2560 x 1600,,Intel,1.199,77WHr,43390000.0,data/anphat/detail_htmls\lg_4_specs.html,INTEL_GRAPHICS,INTEGRATED,False,0.8,0.8,0.6460674157303371,0.9558587479935795,0.8487158908507223,0.2597222222222222,43.39,0.723,0.956,True,True,True,True,False,False,True,77.0,0.8621766280107047,0.45,0.8621766280107047,1,0.57075,0.5844,0.7387467156439067,0.5983740276577356,0.705160827571305,False,False,True,True
Lg Grambook 15u50t G.av56a5,LG,Intel,Core i5,1334.0,4.6,16.0,DDR4,3200.0,512.0,15.6,1920 x 1080,60.0,Intel,1.7,51 Wh Li-Ion,15990000.0,data/anphat/detail_htmls\lg_1_specs.html,INTEL_IRIS_XE,INTEGRATED,False,0.8,0.8,0.4534510433386838,0.442215088282504,0.5842696629213483,0.0694444444444444,15.99,0.627,0.442,True,True,True,False,False,False,True,51.0,0.28055307760927745,0.55,0.28055307760927745,1,0.60675,0.6106,0.4663332324978392,0.333345937770095,0.4959691421780466,True,True,False,False
Lg Gram Pro 16z90sp K.ah75a5,LG,Intel,Core Ultra 7,155.0,4.8,16.0,LPDDR5X,7467.0,512.0,16.0,2880 x 1800,,Intel,1.279,77WHr,48990000.0,data/anphat/detail_htmls\lg_0_specs.html,INTEL_GRAPHICS,INTEGRATED,False,0.8,0.8,0.6460674157303371,0.9020866773675762,0.8487158908507223,0.2986111111111111,48.99,0.723,0.902,True,True,True,True,False,False,True,77.0,0.8621766280107047,0.45,0.8621766280107047,1,0.57075,0.5844,0.7199264909248055,0.5741765958760341,0.6918522400913694,False,False,True,True
Lg Gram 2024 15z90st G.ah75a5,LG,Intel,Core Ultra 7,155.0,4.8,16.0,LPDDR5,,512.0,15.6,1920 x 1080,,Intel,0.99,60WHr,44290000.0,data/anphat/detail_htmls\lg_3_specs.html,INTEL_GRAPHICS,INTEGRATED,False,0.8,0.8,0.6460674157303371,0.9871589085072231,0.5842696629213483,0.2659722222222222,44.29,0.723,0.987,True,True,True,True,False,False,True,60.0,0.5709188224799286,0.45,0.5709188224799286,1,0.57075,0.5844,0.7170094641313741,0.6081368070132116,0.6973316202617607,False,False,True,False
Lg Gram 2024 14z90s G.ah75a5,LG,Intel,Core Ultra 7,155.0,4.8,16.0,LPDDR5,6400.0,512.0,14.0,1920 x 1200,,Intel,1.12,72 Wh,41390000.0,data/anphat/detail_htmls\lg_5_specs.html,INTEL_GRAPHICS,INTEGRATED,False,0.8,0.8,0.6460674157303371,0.9691011235955056,0.2114767255216693,0.2458333333333333,41.39,0.723,0.969,True,True,True,True,False,True,False,72.0,0.724799286351472,0.45,0.724799286351472,1,0.57075,0.5844,0.7337661624891961,0.7149540066674898,0.7262355744536362,False,False,True,True
Lg Gram 2024 2 In 1 14t90s G.ah55a5,LG,Intel,Core Ultra 5,125.0,4.5,16.0,LPDDR5,,512.0,14.0,1920 x 1200,,Intel,1.25,72WHr,41990000.0,data/anphat/detail_htmls\lg_6_specs.html,INTEL_GRAPHICS,INTEGRATED,False,0.8,0.8,0.3029695024077046,0.916131621187801,0.2114767255216693,0.25,41.99,0.551,0.916,True,True,True,True,False,True,False,72.0,0.724799286351472,0.45,0.724799286351472,1,0.52775,0.5328,0.6378268366464995,0.6911177305840228,0.6180956226077293,False,False,True,True
Lg Gram 2024 17z90s G.ah78a5,LG,Intel,Core Ultra 7,155.0,4.8,16.0,LPDDR5,,1024.0,17.0,2560 x 1600,,Intel,1.35,77WHr,46990000.0,data/anphat/detail_htmls\lg_7_specs.html,INTEL_GRAPHICS,INTEGRATED,False,0.8,1.0,0.6460674157303371,0.858346709470305,0.9891653290529696,0.2847222222222222,46.99,0.763,0.858,True,True,True,True,False,False,True,77.0,0.8621766280107047,0.45,0.8621766280107047,1,0.58075,0.5964,0.7226175021607606,0.5264037226818126,0.6975086205087048,False,False,True,True
