Product Name,Manufacturer,CPU manufacturer,CPU brand modifier,CPU generation,CPU Speed (GHz),RAM (GB),RAM Type,Bus (MHz),Storage (GB),Screen Size (inch),Screen Resolution,Refresh Rate (Hz),GPU manufacturer,Weight (kg),Battery,Price (VND),detail_specs_html_path,gpu_model,gpu_class,is_contact_price,norm_ram,norm_storage,norm_cpu,norm_weight,norm_screen,norm_price,price_million,base_performance_score,base_portability_score,has_price,ready_for_budget_filter,ready_for_performance_advice,is_light,is_heavy,is_small_screen,is_large_screen,Battery (Wh),norm_battery,gpu_score,battery_score,battery_available,gaming_score,ai_graphics_score,office_score,portability_score,general_score,is_gaming_ready,is_ai_ready,is_business_ready,is_ultrabook,cpu_gen
HP 245 G10 B8pf8at,hp,AMD,Ryzen5,7530.0,4.5,16.0,DDR4,3200.0,256.0,14.0,1920 x 1080,,AMD,1.36,"HP Long Life 3-cell, 41 Wh Li-ion",15590000.0,data/cellphones/detail_htmls\hp_2_specs.html,AMD_RADEON_GRAPHICS,INTEGRATED,False,0.8,0.6,0.3029695024077046,0.851123595505618,0.2114767255216693,0.0666666666666666,15.59,0.511,0.851,True,True,True,True,False,True,False,41.0,0.05798394290811775,0.5,0.05798394290811775,1,0.54775,0.5483,0.5394400470085898,0.5610046528910355,0.5337989517320725,False,False,False,False,7.0
HP Victus 15 Fa2731tx B85lnpa,hp,Intel,Core I5,13420.0,4.6,16.0,DDR4,3200.0,512.0,15.6,1920 x 1080,144.0,NVIDIA,2.185,3 Cell Int (52.5Wh),24045000.0,data/cellphones/detail_htmls\hp_4_specs.html,RTX 3050,DISCRETE_GAMING,False,0.8,0.8,0.4534510433386838,0.1890048154093098,0.5842696629213483,0.1253819444444444,24.04,0.627,0.189,True,True,True,False,False,False,True,52.5,0.3073148974130241,0.9,0.3073148974130241,1,0.81675,0.8031,0.40976466487586327,0.27575844844447817,0.45899578888303405,True,True,False,False,13.0
HP 14 Ep0112tu 8c5l1pa,hp,Intel,Core I5,1335.0,4.6,16.0,DDR4,3200.0,512.0,14.0,1920 x 1080,,Intel,1.46,"3-cell, 41 Wh Li-ion",19590000.0,data/cellphones/detail_htmls\hp_1_specs.html,INTEL_IRIS_XE,INTEGRATED,False,0.8,0.8,0.4534510433386838,0.7323434991974318,0.2114767255216693,0.0944444444444444,19.59,0.627,0.732,True,True,True,True,False,True,False,41.0,0.05798394290811775,0.55,0.05798394290811775,1,0.60675,0.6106,0.5500670133007246,0.5075536095523516,0.5684908778957964,True,True,False,False,13.0
HP 15 Fc0086au A6vv9pa,hp,AMD,Ryzen5,7430.0,4.3,16.0,DDR4,3200.0,512.0,15.6,1920 x 1080,,AMD,1.59,"3-cell, 41 Wh Li-ion polymer",15190000.0,data/cellphones/detail_htmls\hp_0_specs.html,AMD_RADEON_GRAPHICS,INTEGRATED,False,0.8,0.8,0.2146869983948635,0.622792937399679,0.5842696629213483,0.0638888888888888,15.19,0.507,0.623,True,True,True,True,False,False,True,41.0,0.05798394290811775,0.5,0.05798394290811775,1,0.54675,0.5471,0.4577243166715112,0.3836972692634271,0.4601653963548655,False,False,False,False,7.0
HP Victus 15 Fb3116ax Bx8u4pa,hp,AMD,Ryzen7,7445.0,4.7,16.0,DDR5,5600.0,512.0,15.6,1920 x 1080,144.0,NVIDIA,2.29,"3-cell, 52.5 Wh Li-ion polymer",25990000.0,data/cellphones/detail_htmls\hp_3_specs.html,RTX 3050,DISCRETE_GAMING,False,0.8,0.8,0.5714285714285714,0.134430176565008,0.5842696629213483,0.1388888888888889,25.99,0.686,0.134,True,True,True,False,False,False,True,52.5,0.3073148974130241,0.9,0.3073148974130241,1,0.8315,0.8208000000000001,0.41721354128035765,0.2511998609645424,0.4780860657690695,True,True,False,False,7.0
HP Pavilion 15 Eg3095tu 8c5l6pa 16gb,hp,Intel,Core I5,1335.0,1.3,16.0,DDR4,3200.0,512.0,15.6,1920 x 1080,60.0,Intel,1.74,"3-cell Li-ion, 41 Wh",19990000.0,data/cellphones/detail_htmls\hp_5_specs.html,INTEL_IRIS_XE,INTEGRATED,False,0.8,0.8,0.0220706260032102,0.4020866773675762,0.5842696629213483,0.0972222222222222,19.99,0.411,0.402,True,True,True,False,False,False,True,41.0,0.05798394290811775,0.55,0.05798394290811775,1,0.5527500000000001,0.5458000000000001,0.3372771256602752,0.2843794522489808,0.35250059699692,False,False,False,False,13.0
HP 245 G10 Bg5u8pt,hp,AMD,Ryzen7,7730.0,5.0,16.0,DDR4,3200.0,512.0,14.0,1920 x 1080,,AMD,1.36,"HP Long Life 3-cell, 41 Wh Li-ion",19990000.0,data/cellphones/detail_htmls\hp_9_specs.html,AMD_RADEON_GRAPHICS,INTEGRATED,False,0.8,0.8,0.8138041733547352,0.851123595505618,0.2114767255216693,0.0972222222222222,19.99,0.807,0.851,True,True,True,True,False,True,False,41.0,0.05798394290811775,0.5,0.05798394290811775,1,0.62175,0.6371,0.6726400470085898,0.5610046528910355,0.6973389517320726,True,True,True,False,7.0
HP Pavilion 15 Eg3094tu 8c5l5pa 16gb,hp,Intel,Core I5,1335.0,1.3,16.0,DDR4,3200.0,512.0,15.6,1920 x 1080,60.0,Intel,1.74,"3-cell Li-ion, 41 Wh",19990000.0,data/cellphones/detail_htmls\hp_7_specs.html,INTEL_IRIS_XE,INTEGRATED,False,0.8,0.8,0.0220706260032102,0.4020866773675762,0.5842696629213483,0.0972222222222222,19.99,0.411,0.402,True,True,True,False,False,False,True,41.0,0.05798394290811775,0.55,0.05798394290811775,1,0.5527500000000001,0.5458000000000001,0.3372771256602752,0.2843794522489808,0.35250059699692,False,False,False,False,13.0
HP 14 Ep0220tu B73vwpa 16gb,hp,Intel,Core I3,1315.0,4.5,16.0,DDR4,3200.0,512.0,14.0,1920 x 1080,,Intel+NVIDIA,1.4,"3-cell, 41 Wh Li-ion polymer Bộ đổi nguồn AC thông minh 45 W",13490000.0,data/cellphones/detail_htmls\hp_8_specs.html,INTEL_UHD+RTX 5500,INTEGRATED,False,0.8,0.8,0.3029695024077046,0.7885232744783306,0.2114767255216693,0.0520833333333333,13.49,0.551,0.789,True,True,True,True,False,True,False,41.0,0.05798394290811775,0.45,0.05798394290811775,1,0.52775,0.5328,0.5355299346490392,0.5328345084287562,0.5404053722778189,False,False,False,False,13.0
HP 15 Fd0305tu A2nl6pa,hp,Intel,Core I3,1315.0,5.0,16.0,DDR4,3200.0,256.0,15.6,1920 x 1080,,Intel,1.59,"Pin Li-ion polymer 3 cell, công suất 41 Wh",12490000.0,data/cellphones/detail_htmls\hp_6_specs.html,INTEL_UHD,INTEGRATED,False,0.8,0.6,0.8138041733547352,0.622792937399679,0.5842696629213483,0.0451388888888888,12.49,0.767,0.623,True,True,True,True,False,False,True,41.0,0.05798394290811775,0.45,0.05798394290811775,1,0.58175,0.5976,0.5747243166715112,0.3836972692634271,0.6038153963548655,False,False,False,False,13.0
HP 15 Fd0306tu A2nl7pa,hp,Intel,Core I3,1315.0,1.2,8.0,DDR4,3200.0,256.0,15.6,1920 x 1080,60.0,Intel,1.59,"3-cell, 41 Wh Li-ion",12490000.0,data/cellphones/detail_htmls\hp_13_specs.html,INTEL_UHD,INTEGRATED,False,0.6,0.6,0.0128410914927768,0.622792937399679,0.5842696629213483,0.0451388888888888,12.49,0.306,0.623,True,True,True,True,False,False,True,41.0,0.05798394290811775,0.45,0.05798394290811775,1,0.4365,0.4293,0.36727431667151117,0.3836972692634271,0.3491128963548655,False,False,False,False,13.0
HP Envy X360 14 Fa0045au A19bmpa,hp,AMD,Ryzen7,8840.0,5.1,32.0,LPDDR5,6400.0,1024.0,14.0,2880 x 1800,60.0,AMD,1.39,"3-cell, 59 Wh Li-ion polymer",35090000.0,data/cellphones/detail_htmls\hp_10_specs.html,AMD_RADEON_GRAPHICS,INTEGRATED,False,1.0,1.0,0.8743980738362761,0.819422150882825,0.2114767255216693,0.2020833333333333,35.09,0.937,0.819,True,True,True,True,False,True,False,59.0,0.5370205173951829,0.5,0.5370205173951829,1,0.68425,0.7061000000000001,0.8158518562880254,0.7144018038812514,0.8379636961058617,True,True,True,False,8.0
HP 14 Ep0220tu B73vwpa,hp,Intel,Core I3,1315.0,4.5,8.0,DDR4,3200.0,512.0,14.0,1920 x 1080,,Intel,1.4,"3-cell, 41 Wh Li-ion polymer Bộ đổi nguồn AC thông minh 45 W",13490000.0,data/cellphones/detail_htmls\hp_11_specs.html,INTEL_UHD,INTEGRATED,False,0.6,0.8,0.3029695024077046,0.7885232744783306,0.2114767255216693,0.0520833333333333,13.49,0.491,0.789,True,True,True,True,False,True,False,41.0,0.05798394290811775,0.45,0.05798394290811775,1,0.48275,0.4848,0.5085299346490393,0.5328345084287562,0.5072553722778189,False,False,False,False,13.0
HP Pavilion 15 Eg3112tu 8u6l9pa,hp,Intel,Core I7,1355.0,5.0,16.0,DDR4,3200.0,512.0,15.6,1920 x 1080,,Intel,1.69,3-cell,25290000.0,data/cellphones/detail_htmls\hp_12_specs.html,INTEL_IRIS_XE,INTEGRATED,False,0.8,0.8,0.8138041733547352,0.4735152487961477,0.5842696629213483,0.1340277777777777,25.29,0.807,0.474,True,True,True,False,False,False,True,,,0.55,,0,0.65175,0.6646000000000001,0.6288803370786517,0.47122792937399677,0.6596917375601926,True,True,True,False,13.0
HP 14 Dq2055wm 39k15ua,hp,Intel,Core I3,1115.0,4.6,4.0,DDR4,2666.0,256.0,14.0,1920 x 1080,,Intel,1.46,"3-cell, 41 Wh Li-ion",13990000.0,data/cellphones/detail_htmls\hp_14_specs.html,INTEL_UHD,INTEGRATED,False,0.4,0.6,0.4534510433386838,0.7323434991974318,0.2114767255216693,0.0555555555555555,13.99,0.467,0.732,True,True,True,True,False,True,False,41.0,0.05798394290811775,0.45,0.05798394290811775,1,0.44675,0.4476,0.47806701330072465,0.5075536095523516,0.48009087789579646,False,False,False,False,11.0
HP 15 Fd0237tu,hp,Intel,Core I5,1334.0,4.6,16.0,DDR4,3200.0,512.0,15.6,1920 x 1080,,Intel,1.59,"3-cell, 41 Wh Li-ion polymer",18390000.0,data/cellphones/detail_htmls\hp_16_specs.html,INTEL_IRIS_XE,INTEGRATED,False,0.8,0.8,0.4534510433386838,0.622792937399679,0.5842696629213483,0.0861111111111111,18.39,0.627,0.623,True,True,True,True,False,False,True,41.0,0.05798394290811775,0.55,0.05798394290811775,1,0.60675,0.6106,0.5117243166715111,0.3836972692634271,0.5264653963548654,True,True,False,False,13.0
HP 250 G9 Ag2k7at,hp,Intel,Core I5,1235.0,4.4,16.0,DDR4,3200.0,512.0,15.6,1920 x 1080,,Intel,1.696,3 Cell Int (41.04Wh),19190000.0,data/cellphones/detail_htmls\hp_18_specs.html,INTEL_UHD,INTEGRATED,False,0.8,0.8,0.2451845906902086,0.4703049759229535,0.5842696629213483,0.0916666666666666,19.19,0.523,0.47,True,True,True,False,False,False,True,41.04,0.09232827832292596,0.45,0.09232827832292596,1,0.52075,0.5244,0.4184223972376189,0.3270982039940835,0.4367597195557452,False,False,False,False,12.0
HP Envy X360 2in1 14 Fc0086tu A19bwpa,hp,Intel,Core Ultra 7,155.0,80.0,32.0,LPDDR5,6400.0,512.0,14.0,2880 x 1800,120.0,Intel,1.384,3 Cell Int (59.16Wh),35290000.0,data/cellphones/detail_htmls\hp_19_specs.html,INTEL_GRAPHICS,INTEGRATED,False,1.0,0.8,1.0,0.8306581059390048,0.2114767255216693,0.2034722222222222,35.29,0.96,0.831,True,True,True,True,False,True,False,59.16,0.544157002676182,0.45,0.544157002676182,1,0.66,0.6855,0.8315617376138881,0.721955753504882,0.8545939326272259,True,True,True,False,1.0
HP Victus 16 S0143ax 9q990pa,hp,AMD,Ryzen5,7640.0,5.0,32.0,DDR5,5600.0,512.0,16.1,1920 x 1080,144.0,NVIDIA,2.33,"4-cell, 70 Wh Li-ion polymer",31490000.0,data/cellphones/detail_htmls\hp_15_specs.html,RTX 4050,DISCRETE_GAMING,False,1.0,0.8,0.8138041733547352,0.1091492776886035,0.9743178170144462,0.1770833333333333,31.49,0.867,0.109,True,True,True,False,True,False,True,70.0,0.6882247992863515,1.0,0.6882247992863515,1,0.96675,0.9601,0.5659972070482815,0.29513229130720536,0.6171752014331677,True,True,False,False,7.0
HP Envy X360 14 Fa0096au Ay8u6pa,hp,AMD,Ryzen5,8640.0,9.0,16.0,LPDDR5,6400.0,1024.0,14.0,2880 x 1800,120.0,AMD,1.39,"Li-ion polymer 3 lõi, 59 Wh Bộ chuyển đổi nguồn điện 65 W USB Type-C Hỗ trợ sạc pin nhanh: khoảng 50% trong 30 phút",30390000.0,data/cellphones/detail_htmls\hp_17_specs.html,AMD_RADEON_GRAPHICS,INTEGRATED,False,0.8,1.0,0.9963884430176564,0.819422150882825,0.2114767255216693,0.1694444444444444,30.39,0.938,0.819,True,True,True,True,False,True,False,59.0,0.5370205173951829,0.5,0.5370205173951829,1,0.6545,0.6764,0.8163018562880253,0.7144018038812514,0.8385161961058617,True,True,True,False,8.0
HP 15 Fd0083tu 8d736pa,hp,Intel,Core I7,1355.0,0.0,16.0,DDR4,3200.0,512.0,15.6,1920 x 1080,,Intel,1.59,"3-cell, 41 Wh Li-ion polymer Bộ đổi nguồn AC thông minh 45 W",22490000.0,data/cellphones/detail_htmls\hp_24_specs.html,INTEL_IRIS_XE,INTEGRATED,False,0.8,0.8,0.0016051364365971,0.622792937399679,0.5842696629213483,0.1145833333333333,22.49,0.401,0.623,True,True,True,True,False,False,True,41.0,0.05798394290811775,0.55,0.05798394290811775,1,0.55025,0.5428000000000001,0.41002431667151124,0.3836972692634271,0.4016003963548655,False,False,False,False,13.0
HP Pavilion 15 Eg3093tu 8c5l4pa,hp,Intel,Core I5,1335.0,1.3,16.0,DDR4,3200.0,512.0,15.6,1920 x 1080,60.0,Intel,1.69,"3-cell Li-ion, 41 Wh",21290000.0,data/cellphones/detail_htmls\hp_23_specs.html,INTEL_IRIS_XE,INTEGRATED,False,0.8,0.8,0.0220706260032102,0.4735152487961477,0.5842696629213483,0.10625,21.29,0.411,0.474,True,True,True,False,False,False,True,41.0,0.05798394290811775,0.55,0.05798394290811775,1,0.5527500000000001,0.5458000000000001,0.3622771256602752,0.316522309391838,0.37017916842549137,False,False,False,False,13.0
HP 240 G9 Ag2j7at,hp,Intel,Core I5,1235.0,4.4,16.0,DDR4,3200.0,512.0,14.0,1920 x 1080,,Intel,1.42,3 Cell Int (41.04Wh),19790000.0,data/cellphones/detail_htmls\hp_21_specs.html,INTEL_UHD,INTEGRATED,False,0.8,0.8,0.2451845906902086,0.7620385232744783,0.2114767255216693,0.0958333333333333,19.79,0.523,0.762,True,True,True,True,False,True,False,41.04,0.09232827832292596,0.45,0.09232827832292596,1,0.52075,0.5244,0.5205291388106527,0.5329368877822054,0.5238754900212348,False,False,False,False,12.0
HP 15 Fd1063tu 9z2y1pa,hp,Intel,Core Ultra 5,125.0,5.0,16.0,DDR5,5600.0,512.0,15.6,1920 x 1080,,Intel,1.65,"3-cell, 41 Wh Li-ion polymer Hỗ trợ sạc pin nhanh: khoảng 50% trong 45 phút",20990000.0,data/cellphones/detail_htmls\hp_20_specs.html,INTEL_GRAPHICS,INTEGRATED,False,0.8,0.8,0.8138041733547352,0.543338683788122,0.5842696629213483,0.1041666666666666,20.99,0.807,0.543,True,True,True,False,False,False,True,41.0,0.05798394290811775,0.45,0.05798394290811775,1,0.59175,0.6096,0.5649153279074663,0.3479428551382264,0.6062504685860052,False,True,False,False,1.0
HP Pavilion 15 Eg3111tu 8u6l8pa,hp,Intel,Core I5,1335.0,4.6,16.0,DDR4,3200.0,512.0,15.6,1920 x 1080,,Intel,1.6,"3-cell, 41 Wh Li-ion",21290000.0,data/cellphones/detail_htmls\hp_22_specs.html,INTEL_IRIS_XE,INTEGRATED,False,0.8,0.8,0.4534510433386838,0.6087479935794542,0.5842696629213483,0.10625,21.29,0.627,0.609,True,True,True,False,False,False,True,41.0,0.05798394290811775,0.55,0.05798394290811775,1,0.60675,0.6106,0.5068085863344325,0.37737704454432597,0.5229892727593598,True,True,False,False,13.0
HP Gaming Omen 16 Am0129tx Bx9d1pa,hp,Intel,Core Ultra 7,255.0,5.1,32.0,DDR5,5600.0,512.0,16.0,1920 x 1200,165.0,NVIDIA,2.43,"6-cell, 83 Wh Li-ion polymer",48890000.0,data/cellphones/detail_htmls\hp_26_specs.html,RTX 5070,DISCRETE_GAMING,False,1.0,0.8,0.8743980738362761,0.069422150882825,0.8487158908507223,0.2979166666666666,48.89,0.897,0.069,True,True,True,False,True,False,True,83.0,0.8983050847457628,0.45,0.8983050847457628,1,0.64425,0.6666000000000001,0.6076087697581414,0.37590356938814373,0.6625546602687924,True,True,True,False,2.0
HP Gaming Omen 16 Am0176tx Bx9d3pa,hp,Intel,Core Ultra 7,255.0,5.1,16.0,DDR5,5600.0,512.0,16.0,1920 x 1200,165.0,NVIDIA,2.43,"6-cell, 83 Wh Li-ion polymer",43890000.0,data/cellphones/detail_htmls\hp_25_specs.html,RTX 5060,DISCRETE_GAMING,False,0.8,0.8,0.8743980738362761,0.069422150882825,0.8487158908507223,0.2631944444444444,43.89,0.837,0.069,True,True,True,False,True,False,True,83.0,0.8983050847457628,0.45,0.8983050847457628,1,0.5992500000000001,0.6186,0.5806087697581414,0.37590356938814373,0.6294046602687924,False,True,False,False,2.0
HP Victus 16 R0376tx Ay8z2pa,hp,Intel,Core I7,13700.0,5.0,16.0,DDR5,4800.0,512.0,16.1,1920 x 1080,165.0,NVIDIA,2.31,"4-cell, 70 Wh Li-ion polymer Bộ đổi nguồn AC thông minh 200 W Hỗ trợ sạc pin nhanh: khoảng 50% trong 30 phút",32690000.0,data/cellphones/detail_htmls\hp_27_specs.html,RTX 3050,DISCRETE_GAMING,False,0.8,0.8,0.8138041733547352,0.1123595505617978,0.9743178170144462,0.1854166666666666,32.69,0.807,0.112,True,True,True,False,True,False,True,70.0,0.6882247992863515,0.9,0.6882247992863515,1,0.86175,0.8571000000000001,0.5401208025538996,0.2965769141001428,0.5848197439692834,True,True,False,False,13.0
HP Victus 16 R0374tx Ay8y7pa,hp,Intel,Core I5,13500.0,4.7,16.0,DDR5,4800.0,512.0,16.1,1920 x 1080,165.0,NVIDIA,2.334,4 Cell Int (70.07Wh),30990000.0,data/cellphones/detail_htmls\hp_29_specs.html,RTX 4050,DISCRETE_GAMING,False,0.8,0.8,0.5714285714285714,0.108346709470305,0.9743178170144462,0.1736111111111111,30.99,0.686,0.108,True,True,True,False,True,False,True,70.07,0.7176628010704728,1.0,0.7176628010704728,1,0.8915,0.8758,0.49015390852870133,0.30507443623341346,0.5216841460845983,True,True,False,False,13.0
HP Pavilion X360 14 Ek2017tu 9z2v5pa,hp,Intel,Core 5,120.0,5.0,16.0,DDR4,3200.0,512.0,14.0,1920 x 1080,,,1.4,3 Cell Int (43.3Wh),24990000.0,data/cellphones/detail_htmls\hp_28_specs.html,INTEL_GRAPHICS,INTEGRATED,False,0.8,0.8,0.8138041733547352,0.7885232744783306,0.2114767255216693,0.1319444444444444,24.99,0.807,0.789,True,True,True,True,False,True,False,43.3,0.1471900089206066,0.45,0.1471900089206066,1,0.59175,0.6096,0.668571147851537,0.5640566315331272,0.6961183428398172,False,True,True,False,1.0
HP Gaming Victus 16 S0173ax A9lg9pa,hp,AMD,Ryzen5,7640.0,5.0,16.0,DDR5,5600.0,512.0,16.1,1920 x 1080,144.0,NVIDIA,2.31,"4-cell, 70 Wh Li-ion polymer",27390000.0,data/cellphones/detail_htmls\hp_30_specs.html,RTX 3050,DISCRETE_GAMING,False,0.8,0.8,0.8138041733547352,0.1123595505617978,0.9743178170144462,0.1486111111111111,27.39,0.807,0.112,True,True,True,False,True,False,True,70.0,0.6882247992863515,0.9,0.6882247992863515,1,0.86175,0.8571000000000001,0.5401208025538996,0.2965769141001428,0.5848197439692834,True,True,False,False,7.0
HP 15 Fd0235tu 9q970pa,hp,Intel,Core I5,1334.0,4.6,16.0,DDR4,3200.0,512.0,15.6,1920 x 1080,,Intel,1.59,"Pin Li-ion polymer 3 cell, công suất 41 Wh Bộ chuyển đổi nguồn điện AC thông minh 45 W Hỗ trợ sạc pin nhanh: khoảng 50% trong 45 phút",19190000.0,data/cellphones/detail_htmls\hp_31_specs.html,INTEL_IRIS_XE,INTEGRATED,False,0.8,0.8,0.4534510433386838,0.622792937399679,0.5842696629213483,0.0916666666666666,19.19,0.627,0.623,True,True,True,True,False,False,True,41.0,0.05798394290811775,0.55,0.05798394290811775,1,0.60675,0.6106,0.5117243166715111,0.3836972692634271,0.5264653963548654,True,True,False,False,13.0
HP Victus 15 Fa1139tx 8y6w3pa,hp,Intel,Core I5,12450.0,4.4,16.0,DDR4,3200.0,512.0,15.6,1920 x 1080,144.0,NVIDIA,2.22,3 Cell Int (52.5Wh),24590000.0,data/cellphones/detail_htmls\hp_33_specs.html,RTX 2050,DISCRETE_GAMING,False,0.8,0.8,0.2451845906902086,0.1645264847512039,0.5842696629213483,0.1291666666666666,24.59,0.523,0.165,True,True,True,False,False,False,True,52.5,0.3073148974130241,0.8,0.3073148974130241,1,0.73075,0.7169000000000001,0.35439724914552617,0.26474319964833054,0.3954774020451529,True,True,False,False,12.0
HP 15s Fq5231tu 8u241pa,hp,Intel,Core I3,1215.0,1.2,8.0,DDR4,3200.0,256.0,15.6,1080 x 1920,,Intel,2.0,3 cell,11990000.0,data/cellphones/detail_htmls\hp_34_specs.html,INTEL_UHD,INTEGRATED,False,0.6,0.6,0.0128410914927768,0.2487961476725522,0.5842696629213483,0.0416666666666666,11.99,0.306,0.249,True,True,True,False,False,False,True,,,0.45,,0,0.4365,0.4293,0.3247786516853932,0.3701043338683788,0.3272712600321027,False,False,False,False,12.0
HP Victus 16 S0136ax 9q984pa,hp,AMD,Ryzen5,7640.0,0.0,32.0,DDR5,5600.0,512.0,16.1,1920 x 1080,144.0,NVIDIA,2.31,"4 cell, 70 Wh Li-ion polime Bộ chuyển đổi nguồn điện AC thông minh 200 W Hỗ trợ sạc pin nhanh: khoảng 50% trong 30 phút Thời lượng pin Lên đến 7 tiếng 45 phút",28990000.0,data/cellphones/detail_htmls\hp_32_specs.html,RTX 3050,DISCRETE_GAMING,False,1.0,0.8,0.0016051364365971,0.1123595505617978,0.9743178170144462,0.1597222222222222,28.99,0.461,0.112,True,True,True,False,True,False,True,70.0,0.6882247992863515,0.9,0.6882247992863515,1,0.80525,0.7833000000000001,0.38442080255389954,0.2965769141001428,0.39365474396928335,True,True,False,False,7.0
HP Victus 16 D0293tx 5z9r4pa,hp,Intel,Core I5,11400.0,2.7,8.0,DDR4,3200.0,512.0,16.1,1920 x 1080,,NVIDIA,2.25,"4-cell, 70 Whrs",27890000.0,data/cellphones/detail_htmls\hp_37_specs.html,INTEL_GRAPHICS,INTEGRATED,False,0.6,0.8,0.1167736757624398,0.1492776886035313,0.9743178170144462,0.1520833333333333,27.89,0.398,0.149,True,True,True,False,False,False,True,70.0,0.6882247992863515,0.45,0.6882247992863515,1,0.4595,0.4569,0.36899215086850623,0.31319007621892286,0.3679844831346124,False,False,False,False,11.0
HP Pavilion 15 Eg2037tx 6k783pa,hp,Intel,Core I5,1235.0,4.6,8.0,DDR4,3200.0,256.0,15.6,1920 x 1080,,NVIDIA,1.74,"3-cell, 41 Wh Li-ion",16300000.0,data/cellphones/detail_htmls\hp_38_specs.html,MX 550,DISCRETE_LIGHT,False,0.6,0.6,0.4534510433386838,0.4020866773675762,0.5842696629213483,0.0715972222222222,16.3,0.527,0.402,True,True,True,False,False,False,True,41.0,0.05798394290811775,0.55,0.05798394290811775,1,0.55175,0.5506,0.3894771256602752,0.2843794522489808,0.41659059699692,False,False,False,False,12.0
HP Pavilion X360 14 Ek2024tu 9z2v6pa,hp,Intel,Core 5,120.0,1.4,16.0,DDR4,3200.0,512.0,14.0,1920 x 1080,60.0,Intel,1.51,"3-cell, 43Wh, công suất bộ sạc 65 W",24990000.0,data/cellphones/detail_htmls\hp_67_specs.html,INTEL_GRAPHICS,INTEGRATED,False,0.8,0.8,0.0292937399678972,0.6645264847512038,0.2114767255216693,0.1319444444444444,24.99,0.415,0.665,True,True,True,True,False,True,False,43.0,0.14585191793041927,0.45,0.14585191793041927,1,0.49375,0.492,0.4485046532490052,0.5077897443093546,0.44863504282392325,False,False,False,False,1.0
HP Gaming Victus 16 E0170ax 4r0u7pa,hp,AMD,Ryzen7,5800.0,4.6,8.0,DDR4,3200.0,512.0,16.1,1920 x 1080,144.0,NVIDIA,2.46,"4-cell Li-ion, 70 Wh",24990000.0,data/cellphones/detail_htmls\hp_86_specs.html,RTX 3050,DISCRETE_GAMING,False,0.6,0.8,0.4534510433386838,0.0666131621187801,0.9743178170144462,0.1319444444444444,24.99,0.567,0.067,True,True,True,False,True,False,True,70.0,0.6882247992863515,0.9,0.6882247992863515,1,0.77175,0.7551,0.41610956659884335,0.27599103930078484,0.4408975128296364,True,True,False,False,5.0
LENOVO Loq 15irx10 83je00pevn,lenovo,Intel,Core I7,13650.0,4.9,16.0,DDR5,4800.0,1024.0,15.6,1920 x 1080,144.0,NVIDIA,2.4,"60Wh, 170W Slim Tip (3-pin)",33990000.0,data/cellphones/detail_htmls\lenovo_4_specs.html,RTX 5050,DISCRETE_GAMING,False,0.8,1.0,0.7391653290529695,0.0830658105939005,0.5842696629213483,0.1944444444444444,33.99,0.81,0.083,True,True,True,False,True,False,True,60.0,0.5709188224799286,0.45,0.5709188224799286,1,0.5925,0.6105,0.507756798203851,0.3203472700509606,0.576060013201925,False,True,False,False,13.0
LENOVO Loq 15iax9e 83lk0079vn,lenovo,Intel,Core I5,12450.0,4.4,16.0,DDR5,4800.0,1024.0,15.6,1920 x 1080,144.0,NVIDIA,1.77,57Wh 135W Slim Tip (3-pin),22090000.0,data/cellphones/detail_htmls\lenovo_3_specs.html,RTX 3050,DISCRETE_GAMING,False,0.8,1.0,0.2451845906902086,0.3864365971107544,0.5842696629213483,0.1118055555555555,22.09,0.563,0.386,True,True,True,False,False,False,True,57.0,0.4683318465655665,0.9,0.4683318465655665,1,0.80075,0.7839,0.48226917830187727,0.4209586824135181,0.49826286671854836,True,True,False,False,12.0
LENOVO Loq 15arp9 83jc00m3vn,lenovo,AMD,Ryzen5,7235.0,4.2,16.0,DDR5,4800.0,1024.0,15.6,1920 x 1080,144.0,NVIDIA,2.38,"60Wh, 170W Slim Tip (3-pin)",24490000.0,data/cellphones/detail_htmls\lenovo_2_specs.html,RTX 3050,DISCRETE_GAMING,False,0.8,1.0,0.1978330658105939,0.1007223113964687,0.5842696629213483,0.1284722222222222,24.49,0.539,0.101,True,True,True,False,True,False,True,60.0,0.5709188224799286,0.9,0.5709188224799286,1,0.7947500000000001,0.7767000000000001,0.3919865734847498,0.32829269541211625,0.43070249715056064,True,True,False,False,7.0
LENOVO Ideapad Slim 3 15abr8 82xm00mdvn,lenovo,AMD,Ryzen5,5625.0,4.3,16.0,DDR4,3200.0,1024.0,15.6,1920 x 1080,,AMD,1.62,47Wh (Đầu tròn 65W (3 chân)),14290000.0,data/cellphones/detail_htmls\lenovo_1_specs.html,AMD_RADEON_GRAPHICS,INTEGRATED,False,0.8,1.0,0.2146869983948635,0.5810593900481541,0.5842696629213483,0.0576388888888888,14.29,0.547,0.581,True,True,True,False,False,False,True,47.0,0.18688670829616413,0.5,0.18688670829616413,1,0.55675,0.5591,0.4868981281760868,0.41003314084105713,0.4925607858474505,False,False,False,False,5.0
LENOVO Ideapad Slim 3 14irh10 83k00008vn,lenovo,Intel,Core I5,13420.0,4.6,16.0,DDR5,4800.0,1024.0,14.0,1920 x 1200,,Intel,1.43,60Wh (Đầu tròn 65W (3 chân),16990000.0,data/cellphones/detail_htmls\lenovo_0_specs.html,INTEL_UHD,INTEGRATED,False,0.8,1.0,0.4534510433386838,0.752808988764045,0.2114767255216693,0.0763888888888889,16.99,0.667,0.753,True,True,True,True,False,True,False,60.0,0.5709188224799286,0.45,0.5709188224799286,1,0.5567500000000001,0.5676,0.6778169105634015,0.6962902877074615,0.677725667295023,False,False,True,False,13.0
LENOVO Thinkpad E14 Gen 7 21t90021va,lenovo,Intel,Core 7,240.0,5.2,16.0,DDR5,5600.0,1024.0,14.0,1920 x 1200,60.0,Intel,1.34,"48Wh, 65W USB-C (3-pin)",24890000.0,data/cellphones/detail_htmls\lenovo_5_specs.html,INTEL_GRAPHICS,INTEGRATED,False,0.8,1.0,0.914526484751204,0.8663723916532905,0.2114767255216693,0.13125,24.89,0.897,0.866,True,True,True,True,False,True,False,48.0,0.2149866190900981,0.45,0.2149866190900981,1,0.61425,0.6366,0.7498776608966713,0.6228175478211813,0.7759584569677384,True,True,True,False,1.0
LENOVO Ideapad Slim 5 14q8x9 83hl005avn,lenovo,Qualcomm,Snapdragon X,,3.0,16.0,LPDDR5X,8448.0,1024.0,14.0,1920 x 1200,,Qualcomm,1.48,"57Wh, 65W USB-C Slim (Wall-mount)",20990000.0,data/cellphones/detail_htmls\lenovo_8_specs.html,QUALCOMM_ADRENO,INTEGRATED_ARM,False,0.8,1.0,0.1348314606741573,0.7219101123595506,0.2114767255216693,0.1041666666666666,20.99,0.507,0.722,True,True,True,True,False,True,False,57.0,0.4683318465655665,0.45,0.4683318465655665,1,0.51675,0.5196000000000001,0.5744849086389561,0.6464803517554122,0.5652642792386127,False,False,False,False,1.0
LENOVO Loq 15ahp10 83jg0047vn,lenovo,AMD,Ryzen7,250.0,5.1,16.0,DDR5,5600.0,1024.0,15.6,1920 x 1080,144.0,NVIDIA,2.4,"60Wh, 170W Slim Tip (3-pin)",32490000.0,data/cellphones/detail_htmls\lenovo_9_specs.html,RTX 5050,DISCRETE_GAMING,False,0.8,1.0,0.8743980738362761,0.0830658105939005,0.5842696629213483,0.1840277777777778,32.49,0.877,0.083,True,True,True,False,True,False,True,60.0,0.5709188224799286,0.45,0.5709188224799286,1,0.6092500000000001,0.6306,0.5379067982038509,0.3203472700509606,0.613077513201925,True,True,False,False,
LENOVO Legion 7 16iax10 83ky001vvn,lenovo,Intel,Core Ultra 9,275.0,5.4,32.0,DDR5,5600.0,1024.0,16.0,2560 x 1600,240.0,NVIDIA,2.0,"84Wh, 245W Slim Tip (3-pin)",70990000.0,data/cellphones/detail_htmls\lenovo_6_specs.html,RTX 5070,DISCRETE_GAMING,False,1.0,1.0,0.9542536115569824,0.2487961476725522,0.8487158908507223,0.4513888888888889,70.99,0.977,0.249,True,True,True,False,False,False,True,84.0,0.9009812667261374,0.45,0.9009812667261374,1,0.66425,0.6906,0.7069249050306208,0.45755853163665217,0.7515779135911097,True,True,True,False,2.0
LENOVO Ideapad Slim 3 16irh10 83k20002vn,lenovo,Intel,Core I5,13420.0,4.6,16.0,DDR5,4800.0,1024.0,16.0,1920 x 1200,60.0,Intel,1.73,60Wh (Đầu tròn 65W (3 chân)),16990000.0,data/cellphones/detail_htmls\lenovo_7_specs.html,INTEL_UHD,INTEGRATED,False,0.8,1.0,0.4534510433386838,0.4149277688603531,0.8487158908507223,0.0763888888888889,16.99,0.667,0.415,True,True,True,False,False,False,True,60.0,0.5709188224799286,0.45,0.5709188224799286,1,0.5567500000000001,0.5676,0.5595584835971094,0.4167959056849895,0.5686104987556971,False,False,False,False,13.0
LENOVO Legion 5 15irx10 83ly00hrvn,lenovo,Intel,Core I7,13650.0,4.9,16.0,DDR5,4800.0,1024.0,15.3,1920 x 1200,165.0,NVIDIA,2.1,"80Wh, 245W Slim Tip (3-pin)",36990000.0,data/cellphones/detail_htmls\lenovo_10_specs.html,RTX 5050,DISCRETE_GAMING,False,0.8,1.0,0.7391653290529695,0.2231139646869984,0.4297752808988764,0.2152777777777778,36.99,0.81,0.223,True,True,True,False,False,False,False,80.0,0.8818019625334522,0.45,0.8818019625334522,1,0.5925,0.6105,0.6189502801471399,0.5230769148160823,0.6666430090294294,False,True,True,False,13.0
LENOVO Loq 15arp9 83jc00lvvn,lenovo,AMD,Ryzen5,7235.0,4.2,16.0,DDR5,4800.0,1024.0,15.6,1920 x 1080,144.0,NVIDIA,2.38,"60Wh, 170W Slim Tip (3-pin)",23490000.0,data/cellphones/detail_htmls\lenovo_11_specs.html,RTX 3050,DISCRETE_GAMING,False,0.8,1.0,0.1978330658105939,0.1007223113964687,0.5842696629213483,0.1215277777777777,23.49,0.539,0.101,True,True,True,False,True,False,True,60.0,0.5709188224799286,0.9,0.5709188224799286,1,0.7947500000000001,0.7767000000000001,0.3919865734847498,0.32829269541211625,0.43070249715056064,True,True,False,False,7.0
LENOVO Thinkpad L16 Gen 2 21sa000fva,lenovo,Intel,Core Ultra 5,225.0,4.8,16.0,DDR5,5600.0,2048.0,16.0,1920 x 1200,60.0,Intel,1.79,"46.5Wh, 65W USB-C (3-pin)",24090000.0,data/cellphones/detail_htmls\lenovo_12_specs.html,INTEL_GRAPHICS,INTEGRATED,False,0.8,1.0,0.6460674157303371,0.3743980738362761,0.8487158908507223,0.1256944444444444,24.09,0.763,0.374,True,True,True,False,False,False,True,46.5,0.16369313113291703,0.45,0.16369313113291703,1,0.58075,0.5964,0.50712795206928,0.2560285509527008,0.5464632886217162,False,False,False,False,2.0
LENOVO Ideapad Slim 5 14akp10 83hx001jvn RYZEN Ai 7,lenovo,AMD,Ryzen AI 7,350.0,5.0,32.0,DDR5,5600.0,1024.0,14.0,1920 x 1200,,AMD,1.39,60Wh (65W USB-C Slim (Wall-mount)),27990000.0,data/cellphones/detail_htmls\lenovo_13_specs.html,AMD_RADEON_GRAPHICS,INTEGRATED,False,1.0,1.0,0.8138041733547352,0.819422150882825,0.2114767255216693,0.1527777777777778,27.99,0.907,0.819,True,True,True,True,False,True,False,60.0,0.5709188224799286,0.5,0.5709188224799286,1,0.6767500000000001,0.6971,0.8091315173049745,0.7262662106609123,0.826812424919421,True,True,True,False,3.0
LENOVO Ideapad Slim 5 15arp10 83j3002svn,lenovo,AMD,Ryzen7,7735.0,4.75,32.0,LPDDR5X,6400.0,1024.0,15.1,2560 x 1600,165.0,AMD,1.49,70Wh (65W USB-C Slim (Gắn tường)),23490000.0,data/cellphones/detail_htmls\lenovo_14_specs.html,AMD_RADEON_GRAPHICS,INTEGRATED,False,1.0,1.0,0.5862760834670947,0.7150882825040128,0.4097110754414125,0.1215277777777777,23.49,0.793,0.715,True,True,True,True,False,False,False,70.0,0.6882247992863515,0.5,0.6882247992863515,1,0.64825,0.6629,0.7447758587336748,0.6807261917887463,0.748844374787903,True,True,True,True,7.0
LENOVO Thinkpad E14 Gen 7 21t90022va,lenovo,Intel,Core 7,240.0,5.2,16.0,DDR5,5600.0,1024.0,14.0,1920 x 1200,60.0,Intel,1.34,"48Wh, 65W USB-C (3-pin)",25990000.0,data/cellphones/detail_htmls\lenovo_15_specs.html,INTEL_GRAPHICS,INTEGRATED,False,0.8,1.0,0.914526484751204,0.8663723916532905,0.2114767255216693,0.1388888888888889,25.99,0.897,0.866,True,True,True,True,False,True,False,48.0,0.2149866190900981,0.45,0.2149866190900981,1,0.61425,0.6366,0.7498776608966713,0.6228175478211813,0.7759584569677384,True,True,True,False,1.0
LENOVO V15 G4 Iru 83cc0041vn,lenovo,Intel,Core I5,13420.0,4.6,16.0,DDR4,3200.0,1024.0,15.6,1920 x 1080,,Intel,1.65,"38Wh, 65W USB-C (3-pin)",14790000.0,data/cellphones/detail_htmls\lenovo_16_specs.html,INTEL_UHD,INTEGRATED,False,0.8,1.0,0.4534510433386838,0.543338683788122,0.5842696629213483,0.0611111111111111,14.79,0.667,0.543,True,True,True,False,False,False,True,38.0,0.008920606601248885,0.45,0.008920606601248885,1,0.5567500000000001,0.5676,0.4921026606460925,0.33077068743082233,0.5210503347769061,False,False,False,False,13.0
LENOVO Ideapad Slim 3 15irh10 83k1000gvn,lenovo,Intel,Core I5,13420.0,4.6,24.0,DDR5,4800.0,1024.0,15.3,1920 x 1200,60.0,Intel,1.63,60Wh (Đầu tròn 65W (3 chân)),17990000.0,data/cellphones/detail_htmls\lenovo_17_specs.html,INTEL_UHD,INTEGRATED,False,0.8,1.0,0.4534510433386838,0.5638041733547352,0.4297752808988764,0.0833333333333333,17.99,0.667,0.564,True,True,True,False,False,False,False,60.0,0.5709188224799286,0.45,0.5709188224799286,1,0.5567500000000001,0.5676,0.6116652251701431,0.5675784096978307,0.6222150332661306,False,False,True,False,13.0
LENOVO Ideapad Slim 5 15arp10 83j3001dvn,lenovo,AMD,Ryzen7,7735.0,4.75,16.0,LPDDR5X,6400.0,1024.0,15.1,2560 x 1600,165.0,AMD,1.49,"70Wh, 65W USB-C Slim (Wall-mount)",21090000.0,data/cellphones/detail_htmls\lenovo_18_specs.html,AMD_RADEON_GRAPHICS,INTEGRATED,False,0.8,1.0,0.5862760834670947,0.7150882825040128,0.4097110754414125,0.1048611111111111,21.09,0.733,0.715,True,True,True,True,False,False,False,70.0,0.6882247992863515,0.5,0.6882247992863515,1,0.60325,0.6149,0.7177758587336748,0.6807261917887463,0.715694374787903,True,True,True,True,7.0
LENOVO Thinkpad X1 Carbon Gen 13 Aura Edition 21nx0039vn,lenovo,Intel,Core Ultra 7,255.0,5.1,32.0,LPDDR5X,8400.0,2048.0,14.0,1920 x 1200,60.0,Intel,1.006,"57Wh, 65W USB-C Slim GaN (3-pin)",55890000.0,data/cellphones/detail_htmls\lenovo_19_specs.html,INTEL_GRAPHICS,INTEGRATED,False,1.0,1.0,0.8743980738362761,0.978330658105939,0.2114767255216693,0.3465277777777777,55.89,0.937,0.978,True,True,True,True,False,True,False,57.0,0.4683318465655665,0.45,0.4683318465655665,1,0.6542500000000001,0.6786000000000001,0.8577320996501919,0.761869597341287,0.8663033643108438,True,True,True,False,2.0
LENOVO Thinkpad L16 Gen 2 21sa000gva,lenovo,Intel,Core Ultra 5,225.0,4.8,16.0,DDR5,5600.0,1024.0,16.0,1920 x 1200,60.0,Intel,1.79,"46.5Wh, 65W USB-C (3-pin)",25190000.0,data/cellphones/detail_htmls\lenovo_20_specs.html,INTEL_GRAPHICS,INTEGRATED,False,0.8,1.0,0.6460674157303371,0.3743980738362761,0.8487158908507223,0.1333333333333333,25.19,0.763,0.374,True,True,True,False,False,False,True,46.5,0.16369313113291703,0.45,0.16369313113291703,1,0.58075,0.5964,0.50712795206928,0.2560285509527008,0.5464632886217162,False,False,False,False,2.0
LENOVO Thinkpad E16 Gen 3 21sr002nvn,lenovo,Intel,Core Ultra 5,225.0,4.9,16.0,DDR5,5600.0,512.0,16.0,1920 x 1200,60.0,Intel,1.63,"48Wh, 65W USB-C (3-pin)",25390000.0,data/cellphones/detail_htmls\lenovo_21_specs.html,INTEL_GRAPHICS,INTEGRATED,False,0.8,0.8,0.7391653290529695,0.5638041733547352,0.8487158908507223,0.1347222222222222,25.39,0.77,0.564,True,True,True,False,False,False,True,48.0,0.2149866190900981,0.45,0.2149866190900981,1,0.5825,0.5985,0.5868287844921769,0.35921401652102075,0.6054157563256837,False,False,False,False,2.0
LENOVO V14 G4 Iru 83a000fnvn,lenovo,Intel,Core I5,13420.0,4.6,16.0,DDR4,3200.0,1024.0,14.0,1920 x 1080,,Intel,1.43,"38Wh, 65W USB-C (3-pin)",14590000.0,data/cellphones/detail_htmls\lenovo_23_specs.html,INTEL_UHD,INTEGRATED,False,0.8,1.0,0.4534510433386838,0.752808988764045,0.2114767255216693,0.0597222222222222,14.59,0.667,0.753,True,True,True,True,False,True,False,38.0,0.008920606601248885,0.45,0.008920606601248885,1,0.5567500000000001,0.5676,0.5654172673876655,0.49959091214992357,0.5878059527544341,False,False,False,False,13.0
LENOVO Legion Pro 5 16iax10 83f3002gvn,lenovo,Intel,Core Ultra 9,275.0,5.4,32.0,DDR5,5600.0,1024.0,16.0,2560 x 1600,165.0,NVIDIA,2.43,"80Wh, 245W Slim Tip (3-pin)",59990000.0,data/cellphones/detail_htmls\lenovo_25_specs.html,RTX 5070,DISCRETE_GAMING,False,1.0,1.0,0.9542536115569824,0.069422150882825,0.8487158908507223,0.375,59.99,0.977,0.069,True,True,True,False,True,False,True,80.0,0.8818019625334522,0.45,0.8818019625334522,1,0.66425,0.6906,0.6403081453156791,0.37012747661383505,0.7041141607148227,True,True,True,False,2.0
LENOVO Yoga Pro 7 14iah10 83kf002bvn,lenovo,Intel,Core Ultra 9,285.0,5.4,32.0,LPDDR5X,8533.0,1024.0,14.5,3000 x 1876,120.0,Intel,1.54,"84Wh, 100W USB-C Slim (3-pin)",39990000.0,data/cellphones/detail_htmls\lenovo_22_specs.html,INTEL_GRAPHICS,INTEGRATED,False,1.0,1.0,0.9542536115569824,0.6520866773675762,0.3936597110754414,0.2361111111111111,39.99,0.977,0.652,True,True,True,True,False,False,False,84.0,0.9009812667261374,0.45,0.9009812667261374,1,0.66425,0.6906,0.8480765904238792,0.7300505059544691,0.8695945668816395,True,True,True,False,2.0
LENOVO Yoga Slim 7 14ill10 83jx0086vn,lenovo,Intel,Core Ultra 5,226.0,4.5,16.0,LPDDR5X,8533.0,1024.0,14.0,2880 x 1800,120.0,Intel,1.19,"70Wh, 65W USB-C Slim (2-pin, Wall-mount)",29490000.0,data/cellphones/detail_htmls\lenovo_24_specs.html,INTEL_GRAPHICS,INTEGRATED,False,0.8,1.0,0.3029695024077046,0.9602728731942215,0.2114767255216693,0.1631944444444444,29.49,0.591,0.96,True,True,True,True,False,True,False,70.0,0.6882247992863515,0.45,0.6882247992863515,1,0.53775,0.5448,0.7396904654752479,0.8307061275832888,0.7058519349805193,False,False,True,True,2.0
LENOVO Ideapad Slim 3 14arp10 83k6000avn,lenovo,AMD,Ryzen5,7533.0,4.45,16.0,DDR5,4800.0,1024.0,14.0,1920 x 1200,,AMD,1.43,"60Wh, 65W Round Tip (3-pin)",15990000.0,data/cellphones/detail_htmls\lenovo_26_specs.html,AMD_RADEON_GRAPHICS,INTEGRATED,False,0.8,1.0,0.2632423756019261,0.752808988764045,0.2114767255216693,0.0694444444444444,15.99,0.572,0.753,True,True,True,True,False,True,False,60.0,0.5709188224799286,0.5,0.5709188224799286,1,0.563,0.5666,0.6350669105634015,0.6962902877074615,0.625238167295023,False,False,True,False,7.0
LENOVO V14 G3 Iap 82ts00ayvn,lenovo,Intel,Core I5,1235.0,4.4,16.0,DDR4,3200.0,256.0,14.0,1920 x 1080,,Intel,1.43,"38Wh, 65W Round Tip (3-pin)",13990000.0,data/cellphones/detail_htmls\lenovo_27_specs.html,INTEL_IRIS_XE,INTEGRATED,False,0.8,0.6,0.2451845906902086,0.752808988764045,0.2114767255216693,0.0555555555555555,13.99,0.483,0.753,True,True,True,True,False,True,False,38.0,0.008920606601248885,0.55,0.008920606601248885,1,0.57075,0.5674,0.4826172673876655,0.49959091214992357,0.4861459527544342,False,False,False,False,12.0
LENOVO Thinkbook 14 G8 Irl 21sg007rvn,lenovo,Intel,Core 5,210.0,4.8,16.0,DDR5,5600.0,1024.0,14.0,1920 x 1200,60.0,Intel,1.36,"45Wh, 65W USB-C (3-pin)",22990000.0,data/cellphones/detail_htmls\lenovo_29_specs.html,INTEL_GRAPHICS,INTEGRATED,False,0.8,1.0,0.6460674157303371,0.851123595505618,0.2114767255216693,0.1180555555555555,22.99,0.763,0.851,True,True,True,True,False,True,False,45.0,0.15388046387154328,0.45,0.15388046387154328,1,0.58075,0.5964,0.672019351201275,0.5945684352282344,0.6883723950862206,False,False,True,False,1.0
LENOVO Ideapad Slim 3 14irh10 83k00009vn,lenovo,Intel,Core I7,13620.0,4.9,24.0,DDR5,4800.0,1024.0,14.0,1920 x 1200,,Intel,1.43,60Wh (Đầu tròn 65W (3 chân),20990000.0,data/cellphones/detail_htmls\lenovo_30_specs.html,INTEL_UHD,INTEGRATED,False,0.8,1.0,0.7391653290529695,0.752808988764045,0.2114767255216693,0.1041666666666666,20.99,0.81,0.753,True,True,True,True,False,True,False,60.0,0.5709188224799286,0.45,0.5709188224799286,1,0.5925,0.6105,0.7421669105634016,0.6962902877074615,0.756733167295023,False,True,True,False,13.0
LENOVO Ideapad Slim 3 15irh10 83k1000jvn,lenovo,Intel,Core I7,13620.0,4.9,16.0,DDR5,4800.0,1024.0,15.3,1920 x 1200,60.0,Intel,1.63,60Wh (Đầu tròn 65W (3 chân)),19990000.0,data/cellphones/detail_htmls\lenovo_28_specs.html,INTEL_UHD,INTEGRATED,False,0.8,1.0,0.7391653290529695,0.5638041733547352,0.4297752808988764,0.0972222222222222,19.99,0.81,0.564,True,True,True,False,False,False,False,60.0,0.5709188224799286,0.45,0.5709188224799286,1,0.5925,0.6105,0.6760152251701431,0.5675784096978307,0.7012225332661306,False,True,True,False,13.0
LENOVO Legion 5 15irx10 83ly00hwvn,lenovo,Intel,Core I7,14700.0,5.5,16.0,DDR5,5600.0,1024.0,15.1,2560 x 1600,165.0,NVIDIA,1.9,"80Wh, 245W Slim Tip (3-pin)",43990000.0,data/cellphones/detail_htmls\lenovo_31_specs.html,RTX 5060,DISCRETE_GAMING,False,0.8,1.0,0.9787319422150884,0.2985553772070626,0.4097110754414125,0.2638888888888889,43.99,0.929,0.299,True,True,True,False,False,False,False,80.0,0.8818019625334522,0.45,0.8818019625334522,1,0.6222500000000001,0.6462,0.6989047745291624,0.561038391541604,0.7518648268464438,True,True,True,False,14.0
LENOVO Thinkbook 16 G8 Irl 21sh0093va,lenovo,Intel,Core 5,210.0,4.8,16.0,DDR5,5600.0,2048.0,16.0,1920 x 1200,60.0,Intel,1.7,"45Wh, 65W USB-C (3-pin)",20690000.0,data/cellphones/detail_htmls\lenovo_32_specs.html,INTEL_GRAPHICS,INTEGRATED,False,0.8,1.0,0.6460674157303371,0.4438202247191011,0.8487158908507223,0.1020833333333333,20.69,0.763,0.444,True,True,True,False,False,False,True,45.0,0.15388046387154328,0.45,0.15388046387154328,1,0.58075,0.5964,0.5294631714259941,0.2838340853084912,0.5620752442033956,False,False,False,False,1.0
LENOVO Thinkpad X9 14 Gen 1 21qa006lvn,lenovo,Intel,Core Ultra 7,258.0,4.8,32.0,LPDDR5X,8533.0,1024.0,14.0,2880 x 1800,120.0,Intel,1.27,55Wh (65W USB-C Slim GaN (3 chân)),55990000.0,data/cellphones/detail_htmls\lenovo_33_specs.html,INTEL_UHD,INTEGRATED,False,1.0,1.0,0.6460674157303371,0.9073033707865168,0.2114767255216693,0.3472222222222222,55.99,0.823,0.907,True,True,True,True,False,True,False,55.0,0.3862622658340767,0.45,0.3862622658340767,1,0.62575,0.6444,0.7651586329420961,0.7011829647915255,0.7726079777822483,True,True,True,False,2.0
LENOVO Thinkpad E16 Gen 3 21sr002gva,lenovo,Intel,Core Ultra 5,225.0,4.9,16.0,DDR5,5600.0,512.0,16.0,1920 x 1200,60.0,Intel,1.63,"48Wh, 65W USB-C (3-pin)",24190000.0,data/cellphones/detail_htmls\lenovo_34_specs.html,INTEL_GRAPHICS,INTEGRATED,False,0.8,0.8,0.7391653290529695,0.5638041733547352,0.8487158908507223,0.1263888888888888,24.19,0.77,0.564,True,True,True,False,False,False,True,48.0,0.2149866190900981,0.45,0.2149866190900981,1,0.5825,0.5985,0.5868287844921769,0.35921401652102075,0.6054157563256837,False,False,False,False,2.0
LENOVO Yoga Slim 7 14imh9 83cv00ajvn,lenovo,Intel,Core Ultra 7,155.0,4.8,32.0,LPDDR5X,7467.0,1024.0,14.0,1920 x 1200,60.0,Intel,1.39,65Wh (65W USB-C Slim (Wall-mount)),29490000.0,data/cellphones/detail_htmls\lenovo_35_specs.html,INTEL_GRAPHICS,INTEGRATED,False,1.0,1.0,0.6460674157303371,0.819422150882825,0.2114767255216693,0.1631944444444444,29.49,0.823,0.819,True,True,True,True,False,True,False,65.0,0.6418376449598573,0.45,0.6418376449598573,1,0.62575,0.6444,0.7855152818009602,0.7510877985288875,0.7917494365162097,True,True,True,True,1.0
LENOVO Thinkbook 16 G8 Irl 21sh0094va,lenovo,Intel,Core 5,210.0,4.8,16.0,DDR5,5600.0,1024.0,16.0,1920 x 1200,60.0,Intel,1.7,"45Wh, 65W USB-C (3-pin)",21190000.0,data/cellphones/detail_htmls\lenovo_36_specs.html,INTEL_GRAPHICS,INTEGRATED,False,0.8,1.0,0.6460674157303371,0.4438202247191011,0.8487158908507223,0.1055555555555555,21.19,0.763,0.444,True,True,True,False,False,False,True,45.0,0.15388046387154328,0.45,0.15388046387154328,1,0.58075,0.5964,0.5294631714259941,0.2838340853084912,0.5620752442033956,False,False,False,False,1.0
LENOVO Ideapad Slim 3 14irh10 83k0000avn,lenovo,Intel,Core I5,13420.0,4.6,24.0,DDR5,4800.0,1024.0,14.0,1920 x 1200,,Intel,1.43,60Wh (Đầu tròn 65W (3 chân)),17990000.0,data/cellphones/detail_htmls\lenovo_37_specs.html,INTEL_UHD,INTEGRATED,False,0.8,1.0,0.4534510433386838,0.752808988764045,0.2114767255216693,0.0833333333333333,17.99,0.667,0.753,True,True,True,True,False,True,False,60.0,0.5709188224799286,0.45,0.5709188224799286,1,0.5567500000000001,0.5676,0.6778169105634015,0.6962902877074615,0.677725667295023,False,False,True,False,13.0
LENOVO Thinkbook 14 G8 Irl 21sg007tvn,lenovo,Intel,Core 7,240.0,5.2,16.0,DDR5,5600.0,2048.0,14.0,1920 x 1200,60.0,Intel,1.36,"45Wh, 65W USB-C (3-pin)",24290000.0,data/cellphones/detail_htmls\lenovo_38_specs.html,INTEL_GRAPHICS,INTEGRATED,False,0.8,1.0,0.914526484751204,0.851123595505618,0.2114767255216693,0.1270833333333333,24.29,0.897,0.851,True,True,True,True,False,True,False,45.0,0.15388046387154328,0.45,0.15388046387154328,1,0.61425,0.6366,0.732319351201275,0.5945684352282344,0.7624073950862207,True,True,True,False,1.0
LENOVO Thinkpad X1 Carbon Gen 13 Aura Edition 21nx003bvn,lenovo,Intel,Core Ultra 7,255.0,5.1,32.0,LPDDR5X,8400.0,1024.0,14.0,2880 x 1800,120.0,Intel,1.006,"57Wh, 65W USB-C Slim GaN (3-pin)",61990000.0,data/cellphones/detail_htmls\lenovo_39_specs.html,INTEL_UHD,INTEGRATED,False,1.0,1.0,0.8743980738362761,0.978330658105939,0.2114767255216693,0.3888888888888889,61.99,0.937,0.978,True,True,True,True,False,True,False,57.0,0.4683318465655665,0.45,0.4683318465655665,1,0.6542500000000001,0.6786000000000001,0.8577320996501919,0.761869597341287,0.8663033643108438,True,True,True,False,2.0
LENOVO Ideapad Slim 3 15abr8 82xm00mcvn,lenovo,AMD,Ryzen7,5825.0,4.5,16.0,DDR4,3200.0,1024.0,15.6,1920 x 1080,,AMD,1.62,47Wh (Đầu tròn 65W (3 chân)),16190000.0,data/cellphones/detail_htmls\lenovo_41_specs.html,AMD_RADEON_GRAPHICS,INTEGRATED,False,0.8,1.0,0.3029695024077046,0.5810593900481541,0.5842696629213483,0.0708333333333333,16.19,0.591,0.581,True,True,True,False,False,False,True,47.0,0.18688670829616413,0.5,0.18688670829616413,1,0.56775,0.5723,0.5066981281760867,0.41003314084105713,0.5168707858474505,False,False,False,False,5.0
LENOVO Ideapad Flex 5 14abr8 82xx00fvvn,lenovo,AMD,Ryzen5,5625.0,4.3,16.0,LPDDR4X,4266.0,1024.0,14.0,1920 x 1200,60.0,AMD,1.55,52.5Wh (65W Round Tip (3-pin)),16990000.0,data/cellphones/detail_htmls\lenovo_40_specs.html,AMD_RADEON_GRAPHICS,INTEGRATED,False,0.8,1.0,0.2146869983948635,0.641653290529695,0.2114767255216693,0.0763888888888889,16.99,0.547,0.642,True,True,True,True,False,True,False,52.5,0.3073148974130241,0.5,0.3073148974130241,1,0.55675,0.5591,0.5321916311679981,0.5540088497285873,0.5417380039713166,False,False,False,False,5.0
LENOVO Legion 5 15ahp10 83m00030vn,lenovo,AMD,Ryzen7,260.0,5.1,24.0,DDR5,5600.0,1024.0,15.1,2560 x 1600,165.0,NVIDIA,1.9,"80Wh, 245W Slim Tip (3-pin)",43990000.0,data/cellphones/detail_htmls\lenovo_42_specs.html,RTX 5060,DISCRETE_GAMING,False,0.8,1.0,0.8743980738362761,0.2985553772070626,0.4097110754414125,0.2638888888888889,43.99,0.877,0.299,True,True,True,False,False,False,False,80.0,0.8818019625334522,0.45,0.8818019625334522,1,0.6092500000000001,0.6306,0.6755047745291624,0.561038391541604,0.7231348268464439,True,True,True,False,
LENOVO Ideadpad Slim 3 14irh10 83k00007vn,lenovo,Intel,Core I7,13620.0,4.9,16.0,DDR5,4800.0,1024.0,14.0,1920 x 1200,,Intel,1.43,60Wh (Đầu tròn 65W (3 chân)),19990000.0,data/cellphones/detail_htmls\lenovo_43_specs.html,INTEL_UHD,INTEGRATED,False,0.8,1.0,0.7391653290529695,0.752808988764045,0.2114767255216693,0.0972222222222222,19.99,0.81,0.753,True,True,True,True,False,True,False,60.0,0.5709188224799286,0.45,0.5709188224799286,1,0.5925,0.6105,0.7421669105634016,0.6962902877074615,0.756733167295023,False,True,True,False,13.0
LENOVO Ideapad Slim 5 14q8x9 83hl000kvn,lenovo,Qualcomm,Snapdragon X Lus,,3.4,16.0,LPDDR5X,8448.0,1024.0,14.0,1920 x 1200,,Qualcomm,1.48,57Wh,24990000.0,data/cellphones/detail_htmls\lenovo_44_specs.html,QUALCOMM_ADRENO,INTEGRATED_ARM,False,0.8,1.0,0.1565008025682183,0.7219101123595506,0.2114767255216693,0.1319444444444444,24.99,0.518,0.722,True,True,True,True,False,True,False,57.0,0.4683318465655665,0.45,0.4683318465655665,1,0.5195000000000001,0.5229,0.5794349086389561,0.6464803517554122,0.5713417792386127,False,False,False,False,1.0
LENOVO Ideapad Slim 3 15irh10 83k1002nvn,lenovo,Intel,Core I5,13420.0,4.6,24.0,DDR5,4800.0,1024.0,15.1,2560 x 1600,165.0,Intel,1.49,60Wh Đầu tròn 65W (3 chân),21490000.0,data/cellphones/detail_htmls\lenovo_48_specs.html,INTEL_UHD,INTEGRATED,False,0.8,1.0,0.4534510433386838,0.7150882825040128,0.4097110754414125,0.1076388888888889,21.49,0.667,0.715,True,True,True,True,False,False,False,60.0,0.5709188224799286,0.45,0.5709188224799286,1,0.5567500000000001,0.5676,0.6646146633723903,0.6396690999064982,0.6604604184988752,False,False,True,False,13.0
LENOVO Ideapad Slim 3 15q8x10 83n3002pvn,lenovo,Qualcomm,Snapdragon X,,3.0,16.0,LPDDR5X,8448.0,1024.0,15.3,1920 x 1200,,Qualcomm,1.55,"60Wh, 65W Round Tip (3-pin)",17990000.0,data/cellphones/detail_htmls\lenovo_45_specs.html,QUALCOMM_ADRENO,INTEGRATED_ARM,False,0.8,1.0,0.1348314606741573,0.641653290529695,0.4297752808988764,0.0833333333333333,17.99,0.507,0.642,True,True,True,True,False,False,False,60.0,0.5709188224799286,0.45,0.5709188224799286,1,0.51675,0.5196000000000001,0.566912416181379,0.6026105124265626,0.5530826897669331,False,False,False,False,1.0
LENOVO Thinkbook 16 G8 Irl 21sh0099vn,lenovo,Intel,Core 7,240.0,5.2,16.0,DDR5,5600.0,2048.0,16.0,1920 x 1200,60.0,Intel,1.7,"45Wh, 65W USB-C (3-pin)",24890000.0,data/cellphones/detail_htmls\lenovo_47_specs.html,INTEL_GRAPHICS,INTEGRATED,False,0.8,1.0,0.914526484751204,0.4438202247191011,0.8487158908507223,0.13125,24.89,0.897,0.444,True,True,True,False,False,False,True,45.0,0.15388046387154328,0.45,0.15388046387154328,1,0.61425,0.6366,0.5897631714259941,0.2838340853084912,0.6361102442033956,True,True,False,False,1.0
LENOVO Ideapad Slim 3 14irh10 83k0000bvn,lenovo,Intel,Core I5,13420.0,4.6,16.0,DDR5,4800.0,512.0,14.0,1920 x 1200,60.0,Intel,1.33,Đầu tròn 65W (3 chân),19490000.0,data/cellphones/detail_htmls\lenovo_46_specs.html,INTEL_UHD,INTEGRATED,False,0.8,0.8,0.4534510433386838,0.8739967897271268,0.2114767255216693,0.09375,19.49,0.627,0.874,True,True,True,True,False,True,False,,,0.45,,0,0.5467500000000001,0.5556,0.6880488764044944,0.7260032102728733,0.6742726364365972,False,False,True,False,13.0
LENOVO Thinkpad E14 Gen 7 21sx002yvn,lenovo,Intel,Core Ultra 7,255.0,5.1,16.0,DDR5,5600.0,512.0,14.0,1920 x 1200,60.0,Intel,1.34,"48Wh, 65W USB-C (3-pin)",29690000.0,data/cellphones/detail_htmls\lenovo_49_specs.html,INTEL_GRAPHICS,INTEGRATED,False,0.8,0.8,0.8743980738362761,0.8663723916532905,0.2114767255216693,0.1645833333333333,29.69,0.837,0.866,True,True,True,True,False,True,False,48.0,0.2149866190900981,0.45,0.2149866190900981,1,0.5992500000000001,0.6186,0.7228776608966714,0.6228175478211813,0.7428084569677383,False,True,True,False,2.0
LENOVO Legion 5 15irx10 83ly00hqvn,lenovo,Intel,Core I7,13650.0,4.9,16.0,DDR5,4800.0,1024.0,15.3,1920 x 1200,165.0,NVIDIA,2.1,"80Wh, 245W Slim Tip (3-pin)",39990000.0,data/cellphones/detail_htmls\lenovo_53_specs.html,RTX 5060,DISCRETE_GAMING,False,0.8,1.0,0.7391653290529695,0.2231139646869984,0.4297752808988764,0.2361111111111111,39.99,0.81,0.223,True,True,True,False,False,False,False,80.0,0.8818019625334522,0.45,0.8818019625334522,1,0.5925,0.6105,0.6189502801471399,0.5230769148160823,0.6666430090294294,False,True,True,False,13.0
LENOVO Legion 5 15irx10 83ly004gvn,lenovo,Intel,Core I7,14700.0,5.5,24.0,DDR5,4800.0,1024.0,15.1,2560 x 1600,165.0,NVIDIA,1.9,"80Wh, 245W Slim Tip (3-pin)",51490000.0,data/cellphones/detail_htmls\lenovo_52_specs.html,RTX 5070,DISCRETE_GAMING,False,0.8,1.0,0.9787319422150884,0.2985553772070626,0.4097110754414125,0.3159722222222222,51.49,0.929,0.299,True,True,True,False,False,False,False,80.0,0.8818019625334522,0.45,0.8818019625334522,1,0.6222500000000001,0.6462,0.6989047745291624,0.561038391541604,0.7518648268464438,True,True,True,False,14.0
LENOVO Thinkbook 14 G8 Irl 21sg007svn,lenovo,Intel,Core 5,210.0,4.8,16.0,DDR5,5600.0,2048.0,14.0,1920 x 1200,60.0,Intel,1.36,"45Wh, 65W USB-C (3-pin)",21990000.0,data/cellphones/detail_htmls\lenovo_50_specs.html,INTEL_GRAPHICS,INTEGRATED,False,0.8,1.0,0.6460674157303371,0.851123595505618,0.2114767255216693,0.1111111111111111,21.99,0.763,0.851,True,True,True,True,False,True,False,45.0,0.15388046387154328,0.45,0.15388046387154328,1,0.58075,0.5964,0.672019351201275,0.5945684352282344,0.6883723950862206,False,False,True,False,1.0
LENOVO V15 G4 Iru 83a100pmvn,lenovo,Intel,Core I5,13420.0,4.6,16.0,DDR4,3200.0,1024.0,15.6,1920 x 1080,,Intel,1.65,"38Wh, 65W Round Tip (3-pin)",15990000.0,data/cellphones/detail_htmls\lenovo_51_specs.html,INTEL_UHD,INTEGRATED,False,0.8,1.0,0.4534510433386838,0.543338683788122,0.5842696629213483,0.0694444444444444,15.99,0.667,0.543,True,True,True,False,False,False,True,38.0,0.008920606601248885,0.45,0.008920606601248885,1,0.5567500000000001,0.5676,0.4921026606460925,0.33077068743082233,0.5210503347769061,False,False,False,False,13.0
LENOVO Thinkpad X9 15 Gen 1 Aura Edition 21q60052vn,lenovo,Intel,Core Ultra 5,228.0,4.5,32.0,LPDDR5X,8533.0,1024.0,15.3,2880 x 1800,120.0,Intel,1.4,"80Wh, 65W USB-C Slim GaN (3-pin)",50490000.0,data/cellphones/detail_htmls\lenovo_54_specs.html,INTEL_UHD,INTEGRATED,False,1.0,1.0,0.3029695024077046,0.7885232744783306,0.4297752808988764,0.3090277777777778,50.49,0.651,0.789,True,True,True,True,False,False,False,80.0,0.8818019625334522,0.45,0.8818019625334522,1,0.58275,0.5928,0.7452935385741062,0.7775111042221818,0.7187343132027841,False,False,True,True,2.0
LENOVO Ideapad Flex 5 14abr8 82xx00fwvn,lenovo,AMD,Ryzen7,5825.0,4.5,16.0,LPDDR4X,4266.0,1024.0,14.0,1920 x 1200,60.0,AMD,1.55,52.5Wh (65W Round Tip (3-pin)),18990000.0,data/cellphones/detail_htmls\lenovo_55_specs.html,AMD_RADEON_GRAPHICS,INTEGRATED,False,0.8,1.0,0.3029695024077046,0.641653290529695,0.2114767255216693,0.0902777777777777,18.99,0.591,0.642,True,True,True,True,False,True,False,52.5,0.3073148974130241,0.5,0.3073148974130241,1,0.56775,0.5723,0.5519916311679981,0.5540088497285873,0.5660480039713166,False,False,False,False,5.0
LENOVO Ideapad Slim 3 16irh10 83k20001vn,lenovo,Intel,Core I7,13620.0,4.9,16.0,DDR5,4800.0,1024.0,16.0,1920 x 1200,60.0,Intel,1.73,60Wh Đầu tròn 65W (3 chân),19990000.0,data/cellphones/detail_htmls\lenovo_57_specs.html,INTEL_UHD,INTEGRATED,False,0.8,1.0,0.7391653290529695,0.4149277688603531,0.8487158908507223,0.0972222222222222,19.99,0.81,0.415,True,True,True,False,False,False,True,60.0,0.5709188224799286,0.45,0.5709188224799286,1,0.5925,0.6105,0.6239084835971094,0.4167959056849895,0.6476179987556971,False,True,True,False,13.0
LENOVO Ideapad Slim 3 15irh10 83k1002pvn,lenovo,Intel,Core I5,13420.0,4.6,16.0,DDR5,4800.0,1024.0,15.1,2560 x 1600,165.0,Intel,1.49,"60Wh, 65W Round Tip (3-pin)",20490000.0,data/cellphones/detail_htmls\lenovo_56_specs.html,INTEL_UHD,INTEGRATED,False,0.8,1.0,0.4534510433386838,0.7150882825040128,0.4097110754414125,0.1006944444444444,20.49,0.667,0.715,True,True,True,True,False,False,False,60.0,0.5709188224799286,0.45,0.5709188224799286,1,0.5567500000000001,0.5676,0.6646146633723903,0.6396690999064982,0.6604604184988752,False,False,True,False,13.0
LENOVO Yoga Slim 7 14imh9 83cv00dkvn,lenovo,Intel,Core Ultra 7,155.0,4.8,32.0,LPDDR5,6400.0,1024.0,14.0,1920 x 1200,60.0,Intel,1.39,"65Wh, 65W USB-C Slim (Wall-mount)",29990000.0,data/cellphones/detail_htmls\lenovo_58_specs.html,INTEL_GRAPHICS,INTEGRATED,False,1.0,1.0,0.6460674157303371,0.819422150882825,0.2114767255216693,0.1666666666666666,29.99,0.823,0.819,True,True,True,True,False,True,False,65.0,0.6418376449598573,0.45,0.6418376449598573,1,0.62575,0.6444,0.7855152818009602,0.7510877985288875,0.7917494365162097,True,True,True,True,1.0
LENOVO Legion 5 15iax10 83f0003cvn,lenovo,Intel,Core Ultra 7,255.0,5.2,32.0,DDR5,5600.0,1024.0,15.1,2560 x 1600,165.0,NVIDIA,1.9,"80Wh, 245W Slim Tip (3-pin)",49190000.0,data/cellphones/detail_htmls\lenovo_59_specs.html,RTX 5060,DISCRETE_GAMING,False,1.0,1.0,0.914526484751204,0.2985553772070626,0.4097110754414125,0.3,49.19,0.957,0.299,True,True,True,False,False,False,False,80.0,0.8818019625334522,0.45,0.8818019625334522,1,0.65925,0.6846,0.7115047745291624,0.561038391541604,0.7673348268464438,True,True,True,False,2.0
LENOVO Yoga 7 2 In 1 14ill10 83jq0093vn,lenovo,Intel,Core Ultra 7,258.0,4.8,32.0,LPDDR5X,8533.0,1024.0,14.0,2880 x 1800,120.0,Intel,1.38,70Wh (65W USB-C (3-pin)),39990000.0,data/cellphones/detail_htmls\lenovo_60_specs.html,INTEL_GRAPHICS,INTEGRATED,False,1.0,1.0,0.6460674157303371,0.8358747993579454,0.2114767255216693,0.2361111111111111,39.99,0.823,0.836,True,True,True,True,False,True,False,70.0,0.6882247992863515,0.45,0.6882247992863515,1,0.62575,0.6444,0.8005511396325512,0.7747269943569646,0.803243411706041,True,True,True,True,2.0
LENOVO Yoga Slim 7 14imh9 83cv00d8vn,lenovo,Intel,Core Ultra 5,125.0,4.5,16.0,LPDDR5,6400.0,1024.0,14.0,1920 x 1200,60.0,Intel,1.39,"65Wh, 65W USB-C Slim (Wall-mount)",25990000.0,data/cellphones/detail_htmls\lenovo_62_specs.html,INTEL_GRAPHICS,INTEGRATED,False,0.8,1.0,0.3029695024077046,0.819422150882825,0.2114767255216693,0.1388888888888889,25.99,0.591,0.819,True,True,True,True,False,True,False,65.0,0.6418376449598573,0.45,0.6418376449598573,1,0.53775,0.5448,0.6811152818009603,0.7510877985288875,0.6635694365162097,False,False,True,True,1.0
LENOVO Thinkpad X1 Carbon Gen 13 Aura Edition 21ns008hvn,lenovo,Intel,Core Ultra 7,258.0,4.8,32.0,LPDDR5X,8533.0,1024.0,14.0,1920 x 1200,60.0,Intel,0.986,"57Wh, 65W USB-C Slim GaN (3-pin)",62990000.0,data/cellphones/detail_htmls\lenovo_61_specs.html,INTEL_GRAPHICS,INTEGRATED,False,1.0,1.0,0.6460674157303371,0.9907704654895666,0.2114767255216693,0.3958333333333333,62.99,0.823,0.991,True,True,True,True,False,True,False,57.0,0.4683318465655665,0.45,0.4683318465655665,1,0.62575,0.6444,0.8107860322344617,0.7674675106639195,0.8063972166382916,True,True,True,False,2.0
LENOVO Ideapad Slim 3 14iah8 83eq0005vn,lenovo,Intel,Core I5,12450.0,4.4,16.0,LPDDR5,4800.0,1024.0,14.0,1920 x 1080,,Intel,1.37,47Wh,15490000.0,data/cellphones/detail_htmls\lenovo_63_specs.html,INTEL_UHD,INTEGRATED,False,0.8,1.0,0.2451845906902086,0.8430979133226324,0.2114767255216693,0.0659722222222222,15.49,0.563,0.843,True,True,True,True,False,True,False,47.0,0.18688670829616413,0.45,0.18688670829616413,1,0.53075,0.5364,0.5858116113221541,0.6025090637945082,0.5811670378538709,False,False,False,False,12.0
LENOVO Legion 5 15iax10 83f0003bvn,lenovo,Intel,Core Ultra 7,255.0,5.2,32.0,DDR5,5600.0,1024.0,15.1,2560 x 1600,165.0,NVIDIA,1.9,"80Wh, 245W Slim Tip (3-pin)",54990000.0,data/cellphones/detail_htmls\lenovo_64_specs.html,RTX 5070,DISCRETE_GAMING,False,1.0,1.0,0.914526484751204,0.2985553772070626,0.4097110754414125,0.3402777777777778,54.99,0.957,0.299,True,True,True,False,False,False,False,80.0,0.8818019625334522,0.45,0.8818019625334522,1,0.65925,0.6846,0.7115047745291624,0.561038391541604,0.7673348268464438,True,True,True,False,2.0
LENOVO Legion Pro 5 16iax10 83f3003vvn,lenovo,Intel,Core Ultra 9,275.0,5.4,32.0,DDR5,5600.0,1024.0,16.0,2560 x 1600,165.0,NVIDIA,2.43,"80Wh, 245W Slim Tip (3-pin)",53990000.0,data/cellphones/detail_htmls\lenovo_65_specs.html,RTX 5060,DISCRETE_GAMING,False,1.0,1.0,0.9542536115569824,0.069422150882825,0.8487158908507223,0.3333333333333333,53.99,0.977,0.069,True,True,True,False,True,False,True,80.0,0.8818019625334522,0.45,0.8818019625334522,1,0.66425,0.6906,0.6403081453156791,0.37012747661383505,0.7041141607148227,True,True,True,False,2.0
LENOVO Loq 15irx9 83dv012lvn,lenovo,Intel,Core I5,13450.0,4.6,12.0,DDR5,4800.0,1024.0,15.6,1920 x 1080,144.0,NVIDIA,2.38,60Wh (Đầu mỏng 170W (3 chân)),25490000.0,data/cellphones/detail_htmls\lenovo_67_specs.html,RTX 3050,DISCRETE_GAMING,False,0.6,1.0,0.4534510433386838,0.1007223113964687,0.5842696629213483,0.1354166666666666,25.49,0.607,0.101,True,True,True,False,True,False,True,60.0,0.5709188224799286,0.9,0.5709188224799286,1,0.7817500000000001,0.7671,0.42258657348474976,0.32829269541211625,0.46827249715056063,True,True,False,False,13.0
LENOVO V15 G5 Irl 83hf00byvn,lenovo,Intel,Core I5,13420.0,4.6,16.0,DDR5,5200.0,1024.0,15.6,1920 x 1080,,Intel,1.61,"47Wh, 65W USB-C (3-pin)",16390000.0,data/cellphones/detail_htmls\lenovo_66_specs.html,INTEL_UHD,INTEGRATED,False,0.8,1.0,0.4534510433386838,0.5947030497592296,0.5842696629213483,0.0722222222222222,16.39,0.667,0.595,True,True,True,False,False,False,True,47.0,0.18688670829616413,0.45,0.18688670829616413,1,0.5567500000000001,0.5676,0.5456734090749632,0.4161727877110411,0.5622375916259417,False,False,False,False,13.0
LENOVO Loq Essential 15irx11 83sc003rvn,lenovo,Intel,Core I5,13450.0,4.6,16.0,DDR5,4800.0,1024.0,15.6,1920 x 1080,144.0,NVIDIA,2.3,"60Wh, 135W Slim Tip (3-pin)",28490000.0,data/cellphones/detail_htmls\lenovo_68_specs.html,RTX 5050,DISCRETE_GAMING,False,0.8,1.0,0.4534510433386838,0.1235955056179775,0.5842696629213483,0.15625,28.49,0.667,0.124,True,True,True,False,False,False,True,60.0,0.5709188224799286,0.45,0.5709188224799286,1,0.5567500000000001,0.5676,0.45759219146227786,0.3385856328117952,0.507083612720384,False,False,False,False,13.0
LENOVO Loq 15arp9 83jc00hxvn,lenovo,AMD,Ryzen5,7235.0,4.2,12.0,DDR5,4800.0,1024.0,15.6,1920 x 1080,144.0,NVIDIA,2.38,60Wh (Đầu mỏng 170W (3 chân)),22990000.0,data/cellphones/detail_htmls\lenovo_69_specs.html,RTX 3050,DISCRETE_GAMING,False,0.6,1.0,0.1978330658105939,0.1007223113964687,0.5842696629213483,0.1180555555555555,22.99,0.479,0.101,True,True,True,False,True,False,True,60.0,0.5709188224799286,0.9,0.5709188224799286,1,0.74975,0.7287,0.3649865734847498,0.32829269541211625,0.3975524971505606,True,True,False,False,7.0
LENOVO Ideapad Flex 5 14abr8 82xx00dlvn,lenovo,AMD,Ryzen7,7730.0,4.5,16.0,LPDDR5X,8448.0,1024.0,14.0,1920 x 1200,60.0,AMD,1.55,52.5Wh,18990000.0,data/cellphones/detail_htmls\lenovo_70_specs.html,AMD_RADEON_GRAPHICS,INTEGRATED,False,0.8,1.0,0.3029695024077046,0.641653290529695,0.2114767255216693,0.0902777777777777,18.99,0.591,0.642,True,True,True,True,False,True,False,52.5,0.3073148974130241,0.5,0.3073148974130241,1,0.56775,0.5723,0.5519916311679981,0.5540088497285873,0.5660480039713166,False,False,False,False,7.0
LENOVO Thinkpad E14 Gen 7 21t90025vn,lenovo,Intel,Core 7,240.0,5.2,16.0,DDR5,5600.0,512.0,14.0,1920 x 1200,60.0,Intel,1.34,"48Wh, 65W USB-C (3-pin)",26190000.0,data/cellphones/detail_htmls\lenovo_72_specs.html,INTEL_GRAPHICS,INTEGRATED,False,0.8,0.8,0.914526484751204,0.8663723916532905,0.2114767255216693,0.1402777777777777,26.19,0.857,0.866,True,True,True,True,False,True,False,48.0,0.2149866190900981,0.45,0.2149866190900981,1,0.60425,0.6246,0.7318776608966713,0.6228175478211813,0.7538584569677383,True,True,True,False,1.0
LENOVO Loq 15arp9 83jc00hyvn,lenovo,AMD,Ryzen5,7235.0,4.2,24.0,DDR5,4800.0,1024.0,15.6,1920 x 1080,144.0,NVIDIA,2.38,60Wh (Đầu mỏng 170W (3 chân)),24490000.0,data/cellphones/detail_htmls\lenovo_71_specs.html,RTX 3050,DISCRETE_GAMING,False,0.8,1.0,0.1978330658105939,0.1007223113964687,0.5842696629213483,0.1284722222222222,24.49,0.539,0.101,True,True,True,False,True,False,True,60.0,0.5709188224799286,0.9,0.5709188224799286,1,0.7947500000000001,0.7767000000000001,0.3919865734847498,0.32829269541211625,0.43070249715056064,True,True,False,False,7.0
LENOVO Thinkpad E16 Gen 3 21sr002kva,lenovo,Intel,Core Ultra 5,225.0,4.8,16.0,DDR5,5600.0,1024.0,16.0,1920 x 1200,60.0,Intel,1.63,"48Wh, 65W USB-C (3-pin)",25190000.0,data/cellphones/detail_htmls\lenovo_74_specs.html,INTEL_GRAPHICS,INTEGRATED,False,0.8,1.0,0.6460674157303371,0.5638041733547352,0.8487158908507223,0.1333333333333333,25.19,0.763,0.564,True,True,True,False,False,False,True,48.0,0.2149866190900981,0.45,0.2149866190900981,1,0.58075,0.5964,0.5836787844921769,0.35921401652102075,0.6015482563256838,False,False,False,False,2.0
LENOVO Loq 15iax9 83gs001rvn,lenovo,Intel,Core I5,12450.0,4.4,12.0,DDR5,4800.0,1024.0,15.6,1920 x 1080,144.0,NVIDIA,2.38,60Wh,23990000.0,data/cellphones/detail_htmls\lenovo_75_specs.html,RTX 3050,DISCRETE_GAMING,False,0.6,1.0,0.2451845906902086,0.1007223113964687,0.5842696629213483,0.125,23.99,0.503,0.101,True,True,True,False,True,False,True,60.0,0.5709188224799286,0.9,0.5709188224799286,1,0.75575,0.7359,0.37578657348474975,0.32829269541211625,0.4108124971505606,True,True,False,False,12.0
LENOVO Ideapad Slim 5 14irh10r 83j0006cvn,lenovo,Intel,Core 5,210.0,4.8,32.0,DDR5,5600.0,1024.0,14.0,1920 x 1200,,Intel,1.39,"60Wh, 65W USB-C Slim (Wall-mount)",24590000.0,data/cellphones/detail_htmls\lenovo_77_specs.html,INTEL_GRAPHICS,INTEGRATED,False,1.0,1.0,0.6460674157303371,0.819422150882825,0.2114767255216693,0.1291666666666666,24.59,0.823,0.819,True,True,True,True,False,True,False,60.0,0.5709188224799286,0.45,0.5709188224799286,1,0.62575,0.6444,0.7713315173049745,0.7262662106609123,0.780402424919421,True,True,True,False,1.0
LENOVO Thinkpad X1 Carbon Gen 13 Aura Edition 21ns008fvn,lenovo,Intel,Core Ultra 7,258.0,4.8,32.0,LPDDR5X,8533.0,1024.0,14.0,2880 x 1800,120.0,Intel,0.986,"57Wh, 65W USB-C Slim GaN (3-pin)",65190000.0,data/cellphones/detail_htmls\lenovo_76_specs.html,INTEL_GRAPHICS,INTEGRATED,False,1.0,1.0,0.6460674157303371,0.9907704654895666,0.2114767255216693,0.4111111111111111,65.19,0.823,0.991,True,True,True,True,False,True,False,57.0,0.4683318465655665,0.45,0.4683318465655665,1,0.62575,0.6444,0.8107860322344617,0.7674675106639195,0.8063972166382916,True,True,True,False,2.0
LENOVO Ideapad Slim 5 14imh9 83da001nvn,lenovo,Intel,Core Ultra 5,125.0,4.5,16.0,LPDDR5X,7467.0,1024.0,14.0,1920 x 1200,60.0,Intel,1.46,57Wh,21990000.0,data/cellphones/detail_htmls\lenovo_78_specs.html,INTEL_GRAPHICS,INTEGRATED,False,0.8,1.0,0.3029695024077046,0.7323434991974318,0.2114767255216693,0.1111111111111111,21.99,0.591,0.732,True,True,True,True,False,True,False,57.0,0.4683318465655665,0.45,0.4683318465655665,1,0.53775,0.5448,0.6159365940322145,0.6511753758324588,0.6142565424809883,False,False,True,False,1.0
LENOVO Loq 15irx9 83dv01alvn,lenovo,Intel,Core I7,13650.0,4.9,16.0,DDR5,4800.0,1024.0,15.6,1920 x 1080,144.0,NVIDIA,2.38,"60Wh, 170W Slim Tip (3-pin)",29990000.0,data/cellphones/detail_htmls\lenovo_80_specs.html,RTX 4050,DISCRETE_GAMING,False,0.8,1.0,0.7391653290529695,0.1007223113964687,0.5842696629213483,0.1666666666666666,29.99,0.81,0.101,True,True,True,False,True,False,True,60.0,0.5709188224799286,1.0,0.5709188224799286,1,0.9225,0.913,0.5139365734847499,0.32829269541211625,0.5804299971505607,True,True,False,False,13.0
LENOVO Ideapad Slim 5 14imh9 83da006tvn,lenovo,Intel,Core Ultra 5,125.0,4.5,16.0,LPDDR5X,7467.0,1024.0,14.0,1920 x 1200,,Intel,1.48,57Wh,23690000.0,data/cellphones/detail_htmls\lenovo_82_specs.html,INTEL_GRAPHICS,INTEGRATED,False,0.8,1.0,0.3029695024077046,0.7219101123595506,0.2114767255216693,0.1229166666666666,23.69,0.591,0.722,True,True,True,True,False,True,False,57.0,0.4683318465655665,0.45,0.4683318465655665,1,0.53775,0.5448,0.612284908638956,0.6464803517554122,0.6116742792386126,False,False,True,False,1.0
LENOVO Yoga Slim 7 14akp10 83jy006pvn RYZEN Ai,lenovo,AMD,Ryzen AI 7,350.0,5.0,32.0,LPDDR5,6400.0,1024.0,14.0,2880 x 1800,120.0,AMD,1.19,"70Wh, 65W USB-C Slim (2-pin, Wall-mount)",33990000.0,data/cellphones/detail_htmls\lenovo_79_specs.html,AMD_RADEON_GRAPHICS,INTEGRATED,False,1.0,1.0,0.8138041733547352,0.9602728731942215,0.2114767255216693,0.1944444444444444,33.99,0.907,0.96,True,True,True,True,False,True,False,70.0,0.6882247992863515,0.5,0.6882247992863515,1,0.6767500000000001,0.6971,0.8818904654752479,0.8307061275832888,0.8804419349805194,True,True,True,True,3.0
LENOVO Thinkbook 16 G8 Irl,lenovo,Intel,Core 5,210.0,4.8,16.0,DDR5,5600.0,2048.0,16.0,1920 x 1200,60.0,Intel,1.7,"45Wh, 65W USB-C (3-pin)",21490000.0,data/cellphones/detail_htmls\lenovo_81_specs.html,INTEL_GRAPHICS,INTEGRATED,False,0.8,1.0,0.6460674157303371,0.4438202247191011,0.8487158908507223,0.1076388888888889,21.49,0.763,0.444,True,True,True,False,False,False,True,45.0,0.15388046387154328,0.45,0.15388046387154328,1,0.58075,0.5964,0.5294631714259941,0.2838340853084912,0.5620752442033956,False,False,False,False,1.0
LENOVO V14 G4 Iru 83a00012vn,lenovo,Intel,Core I7,1355.0,5.0,16.0,DDR4,3200.0,1024.0,14.0,1920 x 1080,,Intel,1.43,38Wh (Đầu tròn 65W (3 chân)),19990000.0,data/cellphones/detail_htmls\lenovo_83_specs.html,INTEL_IRIS_XE,INTEGRATED,False,0.8,1.0,0.8138041733547352,0.752808988764045,0.2114767255216693,0.0972222222222222,19.99,0.847,0.753,True,True,True,True,False,True,False,38.0,0.008920606601248885,0.55,0.008920606601248885,1,0.66175,0.6766,0.6464172673876655,0.49959091214992357,0.6872559527544342,True,True,True,False,13.0
LENOVO Ideapad Slim 5 14irh10r 83j0006evn,lenovo,Intel,Core 5,210.0,4.8,16.0,DDR5,5600.0,512.0,14.0,1920 x 1200,,Intel,1.39,"60Wh, 65W USB-C Slim (Wall-mount)",21490000.0,data/cellphones/detail_htmls\lenovo_84_specs.html,INTEL_GRAPHICS,INTEGRATED,False,0.8,0.8,0.6460674157303371,0.819422150882825,0.2114767255216693,0.1076388888888889,21.49,0.723,0.819,True,True,True,True,False,True,False,60.0,0.5709188224799286,0.45,0.5709188224799286,1,0.57075,0.5844,0.7263315173049745,0.7262662106609123,0.725152424919421,False,False,True,False,1.0
LENOVO Ideapad Slim 5 14akp10 83hx001kvn RYZEN Ai 5,lenovo,AMD,Ryzen AI 5,340.0,4.8,24.0,DDR5,4800.0,1024.0,14.0,1920 x 1200,,AMD,1.39,60Wh (65W USB-C Slim (Wall-mount)),23090000.0,data/cellphones/detail_htmls\lenovo_85_specs.html,AMD_RADEON_GRAPHICS,INTEGRATED,False,0.8,1.0,0.6460674157303371,0.819422150882825,0.2114767255216693,0.11875,23.09,0.763,0.819,True,True,True,True,False,True,False,60.0,0.5709188224799286,0.5,0.5709188224799286,1,0.61075,0.6239,0.7443315173049745,0.7262662106609123,0.747252424919421,True,True,True,False,3.0
LENOVO Thinkpad X1 Carbon Gen 13 Aura Edition 21nx003avn,lenovo,Intel,Core Ultra 7,255.0,5.1,32.0,LPDDR5X,8400.0,1024.0,14.0,1920 x 1200,60.0,Intel,1.006,"57Wh, 65W USB-C Slim GaN (3-pin)",57190000.0,data/cellphones/detail_htmls\lenovo_86_specs.html,INTEL_GRAPHICS,INTEGRATED,False,1.0,1.0,0.8743980738362761,0.978330658105939,0.2114767255216693,0.3555555555555555,57.19,0.937,0.978,True,True,True,True,False,True,False,57.0,0.4683318465655665,0.45,0.4683318465655665,1,0.6542500000000001,0.6786000000000001,0.8577320996501919,0.761869597341287,0.8663033643108438,True,True,True,False,2.0
LENOVO Ideapad Slim 3 15 Abr8 82xm00ejvn,lenovo,AMD,Ryzen5,7430.0,4.3,16.0,DDR4,3200.0,1024.0,15.6,1920 x 1080,,AMD,1.62,47Wh,14390000.0,data/cellphones/detail_htmls\lenovo_87_specs.html,AMD_RADEON_GRAPHICS,INTEGRATED,False,0.8,1.0,0.2146869983948635,0.5810593900481541,0.5842696629213483,0.0583333333333333,14.39,0.547,0.581,True,True,True,False,False,False,True,47.0,0.18688670829616413,0.5,0.18688670829616413,1,0.55675,0.5591,0.4868981281760868,0.41003314084105713,0.4925607858474505,False,False,False,False,7.0
LENOVO Ideapad Slim 5 14irh10 83hr0001vn,lenovo,Intel,Core I5,13420.0,4.6,32.0,DDR5,5600.0,1024.0,14.0,1920 x 1200,,Intel,1.39,60Wh (65W USB-C Slim (Gắn tường)),23490000.0,data/cellphones/detail_htmls\lenovo_88_specs.html,INTEL_UHD,INTEGRATED,False,1.0,1.0,0.4534510433386838,0.819422150882825,0.2114767255216693,0.1215277777777777,23.49,0.727,0.819,True,True,True,True,False,True,False,60.0,0.5709188224799286,0.45,0.5709188224799286,1,0.60175,0.6156,0.7281315173049745,0.7262662106609123,0.7273624249194209,True,True,True,False,13.0
LENOVO Legion 5 15irx10 83ly00a7vn,lenovo,Intel,Core I7,14700.0,5.5,16.0,DDR5,5600.0,1024.0,15.1,2560 x 1600,165.0,NVIDIA,1.9,"80Wh, 245W Slim Tip (3-pin)",40990000.0,data/cellphones/detail_htmls\lenovo_89_specs.html,RTX 5050,DISCRETE_GAMING,False,0.8,1.0,0.9787319422150884,0.2985553772070626,0.4097110754414125,0.2430555555555555,40.99,0.929,0.299,True,True,True,False,False,False,False,80.0,0.8818019625334522,0.45,0.8818019625334522,1,0.6222500000000001,0.6462,0.6989047745291624,0.561038391541604,0.7518648268464438,True,True,True,False,14.0
LENOVO Yoga Slim 7 14ill10 83jx0081vn,lenovo,Intel,Core Ultra 7,258.0,4.8,32.0,LPDDR5X,8533.0,1024.0,14.0,2880 x 1800,120.0,Intel,1.19,"70Wh, 65W USB-C Slim (2-pin, Wall-mount)",37990000.0,data/cellphones/detail_htmls\lenovo_90_specs.html,INTEL_GRAPHICS,INTEGRATED,False,1.0,1.0,0.6460674157303371,0.9602728731942215,0.2114767255216693,0.2222222222222222,37.99,0.823,0.96,True,True,True,True,False,True,False,70.0,0.6882247992863515,0.45,0.6882247992863515,1,0.62575,0.6444,0.8440904654752478,0.8307061275832888,0.8340319349805193,True,True,True,True,2.0
LENOVO Ideapad Flex 5 14abr8 82xx00dmvn,lenovo,AMD,Ryzen5,7430.0,4.3,16.0,LPDDR5X,8448.0,1024.0,14.0,1920 x 1200,60.0,AMD,1.55,52.5Wh,16990000.0,data/cellphones/detail_htmls\lenovo_91_specs.html,AMD_RADEON_GRAPHICS,INTEGRATED,False,0.8,1.0,0.2146869983948635,0.641653290529695,0.2114767255216693,0.0763888888888889,16.99,0.547,0.642,True,True,True,True,False,True,False,52.5,0.3073148974130241,0.5,0.3073148974130241,1,0.55675,0.5591,0.5321916311679981,0.5540088497285873,0.5417380039713166,False,False,False,False,7.0
LENOVO Ideapad Slim 3 16irh10 83k20004vn,lenovo,Intel,Core I7,13620.0,4.9,24.0,DDR5,4800.0,1024.0,16.0,1920 x 1200,60.0,Intel,1.73,60Wh Đầu tròn 65W (3 chân),20990000.0,data/cellphones/detail_htmls\lenovo_93_specs.html,INTEL_UHD,INTEGRATED,False,0.8,1.0,0.7391653290529695,0.4149277688603531,0.8487158908507223,0.1041666666666666,20.99,0.81,0.415,True,True,True,False,False,False,True,60.0,0.5709188224799286,0.45,0.5709188224799286,1,0.5925,0.6105,0.6239084835971094,0.4167959056849895,0.6476179987556971,False,True,True,False,13.0
LENOVO Yoga 7 2 In 1 14ill10 83jq0094vn,lenovo,Intel,Core Ultra 7,258.0,4.8,32.0,LPDDR5X,8533.0,1024.0,14.0,2880 x 1800,120.0,Intel,1.38,70Wh 65W USB-C (3-pin),39990000.0,data/cellphones/detail_htmls\lenovo_92_specs.html,INTEL_GRAPHICS,INTEGRATED,False,1.0,1.0,0.6460674157303371,0.8358747993579454,0.2114767255216693,0.2361111111111111,39.99,0.823,0.836,True,True,True,True,False,True,False,70.0,0.6882247992863515,0.45,0.6882247992863515,1,0.62575,0.6444,0.8005511396325512,0.7747269943569646,0.803243411706041,True,True,True,True,2.0
LENOVO Legion 5 15ahp10 83m0002xvn,lenovo,AMD,Ryzen7,260.0,5.1,24.0,DDR5,5600.0,1024.0,15.1,2560 x 1600,165.0,NVIDIA,1.9,"80Wh, 245W Slim Tip (3-pin)",39490000.0,data/cellphones/detail_htmls\lenovo_94_specs.html,RTX 5050,DISCRETE_GAMING,False,0.8,1.0,0.8743980738362761,0.2985553772070626,0.4097110754414125,0.2326388888888889,39.49,0.877,0.299,True,True,True,False,False,False,False,80.0,0.8818019625334522,0.45,0.8818019625334522,1,0.6092500000000001,0.6306,0.6755047745291624,0.561038391541604,0.7231348268464439,True,True,True,False,
LENOVO Loq 15arp9 83jc007hvn,lenovo,AMD,Ryzen5,7235.0,4.2,12.0,DDR5,4800.0,1024.0,15.6,1920 x 1080,144.0,NVIDIA,2.38,60Wh,23490000.0,data/cellphones/detail_htmls\lenovo_95_specs.html,RTX 3050,DISCRETE_GAMING,False,0.6,1.0,0.1978330658105939,0.1007223113964687,0.5842696629213483,0.1215277777777777,23.49,0.479,0.101,True,True,True,False,True,False,True,60.0,0.5709188224799286,0.9,0.5709188224799286,1,0.74975,0.7287,0.3649865734847498,0.32829269541211625,0.3975524971505606,True,True,False,False,7.0
LENOVO Loq 15arp9 83jc007jvn,lenovo,AMD,Ryzen5,7235.0,4.2,24.0,DDR5,4800.0,1024.0,15.6,1920 x 1080,144.0,NVIDIA,2.38,60Wh,24490000.0,data/cellphones/detail_htmls\lenovo_97_specs.html,RTX 3050,DISCRETE_GAMING,False,0.8,1.0,0.1978330658105939,0.1007223113964687,0.5842696629213483,0.1284722222222222,24.49,0.539,0.101,True,True,True,False,True,False,True,60.0,0.5709188224799286,0.9,0.5709188224799286,1,0.7947500000000001,0.7767000000000001,0.3919865734847498,0.32829269541211625,0.43070249715056064,True,True,False,False,7.0
LENOVO Thinkpad E14 21eb0063vn,lenovo,AMD,Ryzen7,5825.0,4.5,8.0,DDR4,3200.0,1024.0,14.0,1920 x 1080,,AMD,1.64,45Wh,21700000.0,data/cellphones/detail_htmls\lenovo_100_specs.html,AMD_RADEON_GRAPHICS,INTEGRATED,False,0.6,1.0,0.3029695024077046,0.5545746388443018,0.2114767255216693,0.1090972222222222,21.7,0.531,0.555,True,True,True,False,False,True,False,45.0,0.15388046387154328,0.5,0.15388046387154328,1,0.5227499999999999,0.5243,0.46382721636981433,0.4611214047306421,0.4867965283125449,False,False,False,False,5.0
LENOVO Ideapad Slim 3 14iah8 83eq0009vn,lenovo,Intel,Core I5,12450.0,4.4,16.0,LPDDR5,4800.0,1024.0,14.0,1920 x 1080,,Intel,1.37,47Wh,16490000.0,data/cellphones/detail_htmls\lenovo_105_specs.html,INTEL_UHD,INTEGRATED,False,0.8,1.0,0.2451845906902086,0.8430979133226324,0.2114767255216693,0.0729166666666666,16.49,0.563,0.843,True,True,True,True,False,True,False,47.0,0.18688670829616413,0.45,0.18688670829616413,1,0.53075,0.5364,0.5858116113221541,0.6025090637945082,0.5811670378538709,False,False,False,False,12.0
LENOVO Legion Slim 5 16irh8 82ya00buvn,lenovo,Intel,Core I7,13700.0,2.4,16.0,,5200.0,1024.0,16.0,2560 x 1600,165.0,NVIDIA,2.4,80Wh,43990000.0,data/cellphones/detail_htmls\lenovo_107_specs.html,RTX 4060,DISCRETE_GAMING,False,0.8,1.0,0.095505617977528,0.0830658105939005,0.8487158908507223,0.2638888888888889,43.99,0.488,0.083,True,True,True,False,True,False,True,80.0,0.8818019625334522,1.0,0.8818019625334522,1,0.842,0.8164,0.42503342621455564,0.376267123483819,0.43731846649331385,True,True,False,False,13.0
LENOVO Ideapad Yoga 6 13alc6 82nd00bdvn,lenovo,AMD,Ryzen7,5700.0,1.8,8.0,DDR4,3200.0,512.0,13.3,1920 x 1080,,AMD,1.31,"4Cell, 60Wh",16800000.0,data/cellphones/detail_htmls\lenovo_108_specs.html,AMD_RADEON_GRAPHICS,INTEGRATED,False,0.6,0.8,0.0453451043338683,0.8808186195826645,0.0176565008025682,0.0750694444444444,16.8,0.363,0.881,True,True,True,True,False,True,False,60.0,0.5709188224799286,0.5,0.5709188224799286,1,0.48075,0.4739,0.5858202813499183,0.7926586665196604,0.5492008599113953,False,False,False,False,5.0
LENOVO Ideapad Slim 5 16imh9 83dc001svn,lenovo,Intel,Core Ultra 7,155.0,4.8,32.0,LPDDR5X,7467.0,1024.0,16.0,2048 x 1280,120.0,Intel,1.82,57Wh,26990000.0,data/cellphones/detail_htmls\lenovo_115_specs.html,INTEL_GRAPHICS,INTEGRATED,False,1.0,1.0,0.6460674157303371,0.3370786516853933,0.8487158908507223,0.1458333333333333,26.99,0.823,0.337,True,True,True,False,False,False,True,57.0,0.4683318465655665,0.45,0.4683318465655665,1,0.62575,0.6444,0.581993897403001,0.34585836138623083,0.6191189261085966,True,True,False,False,1.0
DELL Inspiron 15 3530 J9xfd,dell,Intel,Core I5,1334.0,4.6,16.0,DDR4,3200.0,1024.0,15.6,1920 x 1080,60.0,Intel,1.62,"3 cell, 41Wh",16990000.0,data/cellphones/detail_htmls\dell_1_specs.html,INTEL_IRIS_XE,INTEGRATED,False,0.8,1.0,0.4534510433386838,0.5810593900481541,0.5842696629213483,0.0763888888888889,16.99,0.667,0.581,True,True,True,False,False,False,True,41.0,0.05798394290811775,0.55,0.05798394290811775,1,0.61675,0.6226,0.5151175750984776,0.3649171729552409,0.5382363433853631,True,True,False,False,13.0
DELL 15 Dc15255 Dc5r5802w1,dell,AMD,Ryzen5,7530.0,2.0,16.0,DDR4,3200.0,1024.0,15.6,1920 x 1080,120.0,AMD,1.63,"3-Cell Battery, 41WHr",16990000.0,data/cellphones/detail_htmls\dell_4_specs.html,AMD_RADEON_GRAPHICS,INTEGRATED,False,0.8,1.0,0.0581861958266452,0.5638041733547352,0.5842696629213483,0.0763888888888889,16.99,0.469,0.564,True,True,True,False,False,False,True,41.0,0.05798394290811775,0.5,0.05798394290811775,1,0.53725,0.5357000000000001,0.4199782492557808,0.3571523254432024,0.42457067725374187,False,False,False,False,7.0
DELL Inspiron 14 5440 D0f3w,dell,Intel,Core I5,1334.0,4.6,24.0,DDR5,4400.0,1024.0,14.0,1920 x 1080,60.0,Intel,1.69,3 cell 41 Wh,18990000.0,data/cellphones/detail_htmls\dell_0_specs.html,INTEL_GRAPHICS,INTEGRATED,False,0.8,1.0,0.4534510433386838,0.4735152487961477,0.2114767255216693,0.0902777777777777,18.99,0.667,0.474,True,True,True,False,False,True,False,41.0,0.05798394290811775,0.45,0.05798394290811775,1,0.5567500000000001,0.5676,0.4774771256602753,0.39108089687177383,0.5265308859214787,False,False,False,False,13.0
DELL 15 Dc15250 79n4m,dell,Intel,Core 3,100.0,4.6,16.0,DDR4,,512.0,15.6,1920 x 1080,120.0,Intel,1.9,"3 cell, 41Wh",14490000.0,data/cellphones/detail_htmls\dell_2_specs.html,INTEL_GRAPHICS,INTEGRATED,False,0.8,0.8,0.4534510433386838,0.2985553772070626,0.5842696629213483,0.0590277777777777,14.49,0.627,0.299,True,True,True,False,False,False,True,41.0,0.05798394290811775,0.45,0.05798394290811775,1,0.5467500000000001,0.5556,0.3982411706040955,0.23779036717674973,0.4462166002071929,False,False,False,False,1.0
DELL Vostro 3530 2h1tpi5 16gb,dell,Intel,Core I5,1334.0,0.9,16.0,DDR4,2666.0,1024.0,15.6,1920 x 1080,120.0,Intel,1.66,"41Wh , 3Cell",18990000.0,data/cellphones/detail_htmls\dell_3_specs.html,INTEL_UHD,INTEGRATED,False,0.8,1.0,0.0048154093097913,0.507223113964687,0.5842696629213483,0.0902777777777777,18.99,0.442,0.507,True,True,True,False,False,False,True,41.0,0.05798394290811775,0.45,0.05798394290811775,1,0.5005,0.5001,0.388024878469264,0.3316908487176807,0.39564936505470494,False,False,False,False,13.0
DELL 15 Dc15250 71073959,dell,Intel,Core I7,1355.0,4.6,16.0,DDR4,2666.0,512.0,15.6,1920 x 1080,120.0,Intel,1.66,,21990000.0,data/cellphones/detail_htmls\dell_5_specs.html,INTEL_IRIS_XE,INTEGRATED,False,0.8,0.8,0.4534510433386838,0.507223113964687,0.5842696629213483,0.1111111111111111,21.99,0.627,0.507,True,True,True,False,False,False,True,,,0.55,,0,0.60675,0.6106,0.5596780898876405,0.4863964686998395,0.5685844341894061,True,True,False,False,13.0
DELL Vostro 3520 F0v0vi3,dell,Intel,Core I3,1215.0,1.2,8.0,DDR4,,512.0,15.6,1920 x 1080,120.0,Intel,1.9,"3-cell, 41 Wh lithium-polymer",11990000.0,data/cellphones/detail_htmls\dell_8_specs.html,INTEL_UHD,INTEGRATED,False,0.6,0.8,0.0128410914927768,0.2985553772070626,0.5842696629213483,0.0416666666666666,11.99,0.346,0.299,True,True,True,False,False,False,True,41.0,0.05798394290811775,0.45,0.05798394290811775,1,0.4465,0.4413,0.27179117060409547,0.23779036717674973,0.2909641002071929,False,False,False,False,12.0
DELL Latitude 3450 L3450 1335u 16512w Umc,dell,Intel,Core I5,1335.0,4.6,16.0,DDR5,5200.0,1024.0,14.0,1920 x 1080,60.0,Intel,1.5,"3- cell, 42Wh Battery",19590000.0,data/cellphones/detail_htmls\dell_6_specs.html,INTEL_IRIS_XE,INTEGRATED,False,0.8,1.0,0.4534510433386838,0.6898073836276084,0.2114767255216693,0.0944444444444444,19.59,0.667,0.69,True,True,True,True,False,True,False,42.0,0.11864406779661017,0.55,0.11864406779661017,1,0.61675,0.6226,0.565311397828985,0.5096434012569035,0.589768809274424,True,True,False,False,13.0
DELL Vostro 3530 2h1tpi7,dell,Intel,Core I7,1355.0,1.2,16.0,DDR4,2666.0,1024.0,15.6,1920 x 1080,120.0,Intel,1.66,"41Wh , 3Cell",20990000.0,data/cellphones/detail_htmls\dell_7_specs.html,INTEL_IRIS_XE,INTEGRATED,False,0.8,1.0,0.0128410914927768,0.507223113964687,0.5842696629213483,0.1041666666666666,20.99,0.446,0.507,True,True,True,False,False,False,True,41.0,0.05798394290811775,0.55,0.05798394290811775,1,0.5615,0.5563,0.389824878469264,0.3316908487176807,0.3978593650547049,False,False,False,False,13.0
DELL 15 Dc15250 H02df,dell,Intel,Core I5,1334.0,4.6,24.0,DDR4,,1024.0,15.6,1920 x 1080,120.0,Intel,1.9,"3 cell, 41Wh",16990000.0,data/cellphones/detail_htmls\dell_9_specs.html,INTEL_UHD,INTEGRATED,False,0.8,1.0,0.4534510433386838,0.2985553772070626,0.5842696629213483,0.0763888888888889,16.99,0.667,0.299,True,True,True,False,False,False,True,41.0,0.05798394290811775,0.45,0.05798394290811775,1,0.5567500000000001,0.5676,0.4162411706040955,0.23779036717674973,0.46831660020719296,False,False,False,False,13.0
DELL Vostro 3530 2h1tpi3,dell,Intel,Core I3,1305.0,4.6,8.0,DDR4,,1024.0,15.6,1920 x 1080,120.0,Intel,1.66,"41Wh , 3Cell",12990000.0,data/cellphones/detail_htmls\dell_10_specs.html,INTEL_UHD,INTEGRATED,False,0.6,1.0,0.4534510433386838,0.507223113964687,0.5842696629213483,0.0486111111111111,12.99,0.607,0.507,True,True,True,False,False,False,True,41.0,0.05798394290811775,0.45,0.05798394290811775,1,0.51175,0.5196,0.462274878469264,0.3316908487176807,0.4868118650547049,False,False,False,False,13.0
DELL Inspiron 14 5440 N4i5211w1,dell,Intel,Core 5,120.0,4.6,16.0,DDR5,,512.0,14.0,1920 x 1200,60.0,Intel,1.67,"Li-ion 4-Cell Battery, 54WHr",23690000.0,data/cellphones/detail_htmls\dell_12_specs.html,INTEL_IRIS_XE,INTEGRATED,False,0.8,0.8,0.4534510433386838,0.4787319422150883,0.2114767255216693,0.1229166666666666,23.69,0.627,0.479,True,True,True,False,False,True,False,54.0,0.3661909009812667,0.55,0.3661909009812667,1,0.60675,0.6106,0.5229443599715343,0.5013008442358993,0.5550351308343703,True,True,False,False,1.0
DELL Inspiron 14 5440 Ndy5v1,dell,Intel,Core I5,1334.0,4.6,16.0,DDR5,4400.0,512.0,14.0,1920 x 1200,,Intel,1.54,3 Cell Int (41Wh),20990000.0,data/cellphones/detail_htmls\dell_13_specs.html,INTEL_IRIS_XE,INTEGRATED,False,0.8,0.8,0.4534510433386838,0.6520866773675762,0.2114767255216693,0.1041666666666666,20.99,0.627,0.652,True,True,True,True,False,True,False,41.0,0.05798394290811775,0.55,0.05798394290811775,1,0.60675,0.6106,0.5219771256602752,0.4714380397289167,0.5486273144929072,True,True,False,False,13.0
DELL 15 Dc15250 I5u165w11slu,dell,Intel,Core I5,1334.0,4.6,16.0,DDR4,2666.0,512.0,15.6,1920 x 1080,120.0,Intel,1.9,"Pin liền, 3-Cell Battery, 41WHr",19190000.0,data/cellphones/detail_htmls\dell_11_specs.html,INTEL_UHD,INTEGRATED,False,0.8,0.8,0.4534510433386838,0.2985553772070626,0.5842696629213483,0.0916666666666666,19.19,0.627,0.299,True,True,True,False,False,False,True,41.0,0.05798394290811775,0.45,0.05798394290811775,1,0.5467500000000001,0.5556,0.3982411706040955,0.23779036717674973,0.4462166002071929,False,False,False,False,13.0
DELL 15 Dc15255 X9ym41,dell,AMD,Ryzen7,7730.0,4.5,16.0,DDR4,,1024.0,15.6,1920 x 1080,120.0,AMD,1.6,3 Cell Int (41Wh),19490000.0,data/cellphones/detail_htmls\dell_14_specs.html,AMD_RADEON_GRAPHICS,INTEGRATED,False,0.8,1.0,0.3029695024077046,0.6087479935794542,0.5842696629213483,0.09375,19.49,0.591,0.609,True,True,True,False,False,False,True,41.0,0.05798394290811775,0.5,0.05798394290811775,1,0.56775,0.5723,0.49060858633443255,0.37737704454432597,0.5030992727593598,False,False,False,False,7.0
DELL Inspiron 15 3520 Jym17,dell,Intel,Core I3,1215.0,1.2,8.0,DDR4,,1024.0,15.6,1920 x 1080,120.0,Intel,1.66,"41Wh , 3Cell",12290000.0,data/cellphones/detail_htmls\dell_17_specs.html,INTEL_UHD,INTEGRATED,False,0.6,1.0,0.0128410914927768,0.507223113964687,0.5842696629213483,0.04375,12.29,0.386,0.507,True,True,True,False,False,False,True,41.0,0.05798394290811775,0.45,0.05798394290811775,1,0.4565,0.4533,0.362824878469264,0.3316908487176807,0.3647093650547049,False,False,False,False,12.0
DELL Inspiron 14 5440 N5440 C7u165w11ibd2,dell,Intel,Core 7,150.0,5.4,16.0,DDR5,5200.0,512.0,14.0,1920 x 1080,60.0,NVIDIA,1.54,"4-Cell Battery, 54WHr",29990000.0,data/cellphones/detail_htmls\dell_15_specs.html,MX 570A,DISCRETE_LIGHT,False,0.8,0.8,0.9542536115569824,0.6520866773675762,0.2114767255216693,0.1666666666666666,29.99,0.877,0.652,True,True,True,True,False,True,False,54.0,0.3661909009812667,0.55,0.3661909009812667,1,0.66925,0.6856000000000001,0.696118517274905,0.5793104750545188,0.736065427784611,True,True,True,False,1.0
DELL Inspiron 14 5441 N4o10441w1,dell,Qualcomm,Snapdragon X Lus,,3.4,16.0,LPDDR5X,8448.0,1024.0,14.0,1920 x 1200,60.0,Qualcomm,1.53,"3-cell, 54 Wh, lithium-ion",30390000.0,data/cellphones/detail_htmls\dell_16_specs.html,QUALCOMM_ADRENO,INTEGRATED_ARM,False,0.8,1.0,0.1565008025682183,0.656099518459069,0.2114767255216693,0.1694444444444444,30.39,0.518,0.656,True,True,True,True,False,True,False,54.0,0.3661909009812667,0.45,0.3661909009812667,1,0.5195000000000001,0.5229,0.5359730116569275,0.5811162535456906,0.5387111059547556,False,False,False,False,1.0
DELL Xps 13 9350 71058714,dell,Intel,Core Ultra 5,226.0,2.1,16.0,LPDDR5X,8533.0,1024.0,13.4,2560 x 1600,120.0,Intel,1.18,"Pin liền, 3-cell, 55 Wh ""smart"" lithium-ion",60990000.0,data/cellphones/detail_htmls\dell_18_specs.html,INTEL_GRAPHICS,INTEGRATED,False,0.8,1.0,0.0718298555377207,0.9646869983948636,0.0361155698234349,0.3819444444444444,60.99,0.476,0.965,True,True,True,True,False,True,False,55.0,0.3862622658340767,0.45,0.3862622658340767,1,0.509,0.5103,0.6290929026050176,0.7620778283549285,0.6021073718432436,False,False,True,False,2.0
DELL Inspiron 15 3520 5124blk Gj8w7,dell,Intel,Core I5,1235.0,1.3,8.0,DDR4,,1024.0,15.6,1920 x 1080,60.0,Intel,1.66,"3-cell, 41 Wh lithium-polymer",15490000.0,data/cellphones/detail_htmls\dell_19_specs.html,INTEL_UHD,INTEGRATED,False,0.6,1.0,0.0220706260032102,0.507223113964687,0.5842696629213483,0.0659722222222222,15.49,0.391,0.507,True,True,True,False,False,False,True,41.0,0.05798394290811775,0.45,0.05798394290811775,1,0.45775,0.4548,0.365074878469264,0.3316908487176807,0.36747186505470497,False,False,False,False,12.0
DELL Inspiron 15 3520 I3520 7896blk Pus,dell,Intel,Core I7,1255.0,70.0,16.0,DDR4,,1024.0,15.6,1920 x 1080,60.0,Intel,1.66,"3 Cell, 41 Wh",20490000.0,data/cellphones/detail_htmls\dell_20_specs.html,INTEL_IRIS_XE,INTEGRATED,False,0.8,1.0,0.9991974317817014,0.507223113964687,0.5842696629213483,0.1006944444444444,20.49,0.94,0.507,True,True,True,False,False,False,True,41.0,0.05798394290811775,0.55,0.05798394290811775,1,0.6849999999999999,0.7045,0.6121248784692639,0.3316908487176807,0.6707943650547048,True,True,True,False,12.0
DELL Inspiron 15 3520 6r6nk,dell,Intel,Core I5,1235.0,1.3,8.0,DDR4,,1024.0,15.6,1920 x 1080,120.0,Intel,1.66,"3-cell, 41 Wh lithium-polymer",14490000.0,data/cellphones/detail_htmls\dell_22_specs.html,INTEL_UHD,INTEGRATED,False,0.6,1.0,0.0220706260032102,0.507223113964687,0.5842696629213483,0.0590277777777777,14.49,0.391,0.507,True,True,True,False,False,False,True,41.0,0.05798394290811775,0.45,0.05798394290811775,1,0.45775,0.4548,0.365074878469264,0.3316908487176807,0.36747186505470497,False,False,False,False,12.0
DELL Latitude 3540 71038100,dell,Intel,Core I5,1235.0,4.4,16.0,DDR4,3200.0,1024.0,15.6,1920 x 1080,60.0,Intel,1.81,"3 cell, 42 Wh, có khả năng sạc nhanh",18990000.0,data/cellphones/detail_htmls\dell_21_specs.html,INTEL_IRIS_XE,INTEGRATED,False,0.8,1.0,0.2451845906902086,0.348314606741573,0.5842696629213483,0.0902777777777777,18.99,0.563,0.348,True,True,True,False,False,False,True,42.0,0.11864406779661017,0.55,0.11864406779661017,1,0.59075,0.5914,0.39898892591887253,0.28141306417825174,0.43287762949914294,False,False,False,False,12.0
DELL Inspiron 15 3520 N3520 I5u165w11slu,dell,Intel,Core I5,1235.0,4.4,16.0,DDR4,3200.0,512.0,15.6,1920 x 1080,120.0,Intel,1.9,"Pin liền, 3-Cell Battery, 41WHrC32",16990000.0,data/cellphones/detail_htmls\dell_23_specs.html,INTEL_UHD,INTEGRATED,False,0.8,0.8,0.2451845906902086,0.2985553772070626,0.5842696629213483,0.0763888888888889,16.99,0.523,0.299,True,True,True,False,False,False,True,41.0,0.05798394290811775,0.45,0.05798394290811775,1,0.52075,0.5244,0.35144117060409547,0.23779036717674973,0.3887566002071929,False,False,False,False,12.0
DELL Vostro 3520 F0v0v256,dell,Intel,Core I5,1235.0,1.3,8.0,DDR4,,256.0,15.6,1920 x 1080,60.0,Intel,1.9,,13990000.0,data/cellphones/detail_htmls\dell_25_specs.html,INTEL_IRIS_XE,INTEGRATED,False,0.6,0.6,0.0220706260032102,0.2985553772070626,0.5842696629213483,0.0555555555555555,13.99,0.311,0.299,True,True,True,False,False,False,True,,,0.55,,0,0.49775,0.4858,0.3444443820224719,0.3924959871589085,0.342349169341894,False,False,False,False,12.0
DELL 15 Dc15250 3g7t0,dell,Intel,Core I7,1355.0,5.0,16.0,DDR4,,1024.0,15.6,1920 x 1080,120.0,Intel,1.9,"3 cell, 41Wh",20990000.0,data/cellphones/detail_htmls\dell_26_specs.html,INTEL_UHD,INTEGRATED,False,0.8,1.0,0.8138041733547352,0.2985553772070626,0.5842696629213483,0.1041666666666666,20.99,0.847,0.299,True,True,True,False,False,False,True,41.0,0.05798394290811775,0.45,0.05798394290811775,1,0.60175,0.6216,0.49724117060409545,0.23779036717674973,0.5677666002071928,True,True,False,False,13.0
DELL Inspiron 15 3530 P16wd2,dell,Intel,Core I5,1334.0,4.6,16.0,DDR4,2666.0,0.0,15.6,1920 x 1080,120.0,Intel,1.67,3 Cell Int (41Wh),19190000.0,data/cellphones/detail_htmls\dell_27_specs.html,INTEL_IRIS_XE,INTEGRATED,False,0.8,0.4,0.4534510433386838,0.4787319422150883,0.5842696629213483,0.0916666666666666,19.19,0.547,0.479,True,True,True,False,False,False,True,41.0,0.05798394290811775,0.55,0.05798394290811775,1,0.58675,0.5866,0.42530296835690445,0.3188698214303613,0.44661030004667934,False,False,False,False,13.0
DELL Inspiron 16 5620 N6i7110w1,dell,Intel,Core I7,1255.0,4.6,8.0,DDR4,3200.0,512.0,16.0,1920 x 1200,60.0,Intel,1.91,"4-cell Li-ion, 54 WHr",25290000.0,data/cellphones/detail_htmls\dell_32_specs.html,INTEL_UHD,INTEGRATED,False,0.6,0.8,0.4534510433386838,0.2837078651685393,0.8487158908507223,0.1340277777777777,25.29,0.567,0.284,True,True,True,False,False,False,True,54.0,0.3661909009812667,0.45,0.3661909009812667,1,0.50175,0.5075999999999999,0.4276859330052421,0.2860921764991416,0.4481271051521873,False,False,False,False,12.0
DELL Inspiron 14 5440 N4i7204w1,dell,Intel,Core 7,150.0,4.6,16.0,DDR5,,512.0,14.0,1920 x 1200,60.0,Intel,1.67,"Li-ion 4-Cell Battery, 54WHr",26490000.0,data/cellphones/detail_htmls\dell_31_specs.html,INTEL_GRAPHICS,INTEGRATED,False,0.8,0.8,0.4534510433386838,0.4787319422150883,0.2114767255216693,0.1423611111111111,26.49,0.627,0.479,True,True,True,False,False,True,False,54.0,0.3661909009812667,0.45,0.3661909009812667,1,0.5467500000000001,0.5556,0.5229443599715343,0.5013008442358993,0.5550351308343703,False,False,False,False,1.0
DELL Vostro 3530 2h1tpi5,dell,Intel,Core I5,1334.0,0.9,8.0,DDR4,2666.0,1024.0,15.6,1920 x 1080,120.0,Intel,1.66,"41Wh , 3Cell",16990000.0,data/cellphones/detail_htmls\dell_70_specs.html,INTEL_UHD,INTEGRATED,False,0.6,1.0,0.0048154093097913,0.507223113964687,0.5842696629213483,0.0763888888888889,16.99,0.382,0.507,True,True,True,False,False,False,True,41.0,0.05798394290811775,0.45,0.05798394290811775,1,0.4555,0.4521,0.36102487846926395,0.3316908487176807,0.3624993650547049,False,False,False,False,13.0
DELL Inspiron 15 3530 71043885,dell,Intel,Core I5,1334.0,4.6,16.0,DDR4,2660.0,512.0,15.6,1920 x 1080,120.0,Intel,1.66,Pin liền,19290000.0,data/cellphones/detail_htmls\dell_80_specs.html,INTEL_IRIS_XE,INTEGRATED,False,0.8,0.8,0.4534510433386838,0.507223113964687,0.5842696629213483,0.0923611111111111,19.29,0.627,0.507,True,True,True,False,False,False,True,,,0.55,,0,0.60675,0.6106,0.5596780898876405,0.4863964686998395,0.5685844341894061,True,True,False,False,13.0
ASUS Vivobook Go 14 E1404fa Nk177w,asus,AMD,Ryzen5,7520.0,4.3,16.0,LPDDR5,,512.0,14.0,1920 x 1080,60.0,AMD,1.3,"42WHrs, 3S1P, Li-ion 3 cell",14490000.0,data/cellphones/detail_htmls\asus_1_specs.html,AMD_RADEON_GRAPHICS,INTEGRATED,False,0.8,0.8,0.2146869983948635,0.8900481540930979,0.2114767255216693,0.0590277777777777,14.49,0.507,0.89,True,True,True,True,False,True,False,42.0,0.11864406779661017,0.5,0.11864406779661017,1,0.54675,0.5471,0.5633956674919063,0.5997517479663738,0.5509283999646326,False,False,False,False,7.0
ASUS Tuf Gaming F16 Fx607vj Rl034w,asus,Intel,Core 5,210.0,2.2,16.0,DDR4,3200.0,2048.0,16.0,1920 x 1200,144.0,NVIDIA,2.2,"56WHrs, 4S1P, 4-cell Li-ion",24490000.0,data/cellphones/detail_htmls\asus_0_specs.html,RTX 3050,DISCRETE_GAMING,False,0.8,1.0,0.081059390048154,0.1785714285714286,0.8487158908507223,0.1284722222222222,24.49,0.481,0.179,True,True,True,False,False,False,True,56.0,0.41480820695807313,0.9,0.41480820695807313,1,0.78025,0.7593,0.3619116413916147,0.25579683712232404,0.38236960605069137,True,True,False,False,1.0
ASUS Vivobook 16x K3605vc Rp431w,asus,Intel,Core I5,13420.0,2.1,16.0,DDR4,,512.0,16.0,1920 x 1200,144.0,NVIDIA,1.8,"50WHrs, 3S1P, 3-cell Li-ion",22090000.0,data/cellphones/detail_htmls\asus_2_specs.html,RTX 3050,DISCRETE_GAMING,False,0.8,0.8,0.0718298555377207,0.3607544141252006,0.8487158908507223,0.1118055555555555,22.09,0.436,0.361,True,True,True,False,False,False,True,50.0,0.25111507582515613,0.9,0.25111507582515613,1,0.769,0.7458,0.37268706010885144,0.2804865847250005,0.37640649399398324,True,True,False,False,13.0
ASUS Gaming V16 V3607vm Rp044w,asus,Intel,Core 7,240.0,2.5,16.0,DDR5,,1024.0,16.0,1920 x 1200,144.0,NVIDIA,1.95,"63WHrs, 3S1P, 3-cell Li-ion",37990000.0,data/cellphones/detail_htmls\asus_3_specs.html,RTX 5060,DISCRETE_GAMING,False,0.8,1.0,0.1039325842696629,0.2732744783306581,0.8487158908507223,0.2222222222222222,37.99,0.492,0.273,True,True,True,False,False,False,True,63.0,0.6119536128456735,0.45,0.6119536128456735,1,0.513,0.5151,0.439436789984865,0.36741410157463744,0.4434293758081167,False,False,False,False,1.0
ASUS Vivobook 16 A1607qa Mb067ws Snapdragon,asus,Qualcomm,Snapdragon X,,2.97,16.0,LPDDR5X,,512.0,16.0,1920 x 1200,60.0,Qualcomm,1.88,"50WHrs, 3S1P, 3-cell Li-ion",20990000.0,data/cellphones/detail_htmls\asus_4_specs.html,QUALCOMM_ADRENO,INTEGRATED_ARM,False,0.8,0.8,0.1300160513643659,0.3142054574638844,0.8487158908507223,0.1041666666666666,20.99,0.465,0.314,True,True,True,False,False,False,True,50.0,0.25111507582515613,0.45,0.25111507582515613,1,0.5062500000000001,0.507,0.3694449252773908,0.2595395542274082,0.38090812722030754,False,False,False,False,1.0
ASUS Vivobook Go 14 E1404fa Eb482w,asus,AMD,Ryzen5,7520.0,2.8,16.0,LPDDR5,,512.0,14.0,1920 x 1080,60.0,AMD,1.38,"42WHrs, 3S1P, 3-cell Li-ion",14190000.0,data/cellphones/detail_htmls\asus_5_specs.html,AMD_RADEON_GRAPHICS,INTEGRATED,False,0.8,0.8,0.1195826645264847,0.8358747993579454,0.2114767255216693,0.0569444444444444,14.19,0.46,0.836,True,True,True,True,False,True,False,42.0,0.11864406779661017,0.5,0.11864406779661017,1,0.5349999999999999,0.533,0.5232849933346029,0.5753737383355552,0.5115529946676823,False,False,False,False,7.0
ASUS Gaming V16 V3607vu Rp343w,asus,Intel,Core 5,210.0,2.2,16.0,DDR5,,512.0,16.0,1920 x 1200,144.0,NVIDIA,1.95,"63WHrs, 3S1P, 3-cell Li-ion",25490000.0,data/cellphones/detail_htmls\asus_6_specs.html,RTX 4050,DISCRETE_GAMING,False,0.8,0.8,0.081059390048154,0.2732744783306581,0.8487158908507223,0.1354166666666666,25.49,0.441,0.273,True,True,True,False,False,False,True,63.0,0.6119536128456735,1.0,0.6119536128456735,1,0.8302499999999999,0.8023,0.41648678998486505,0.36741410157463744,0.41525187580811673,True,True,False,False,1.0
ASUS Vivobook Go 15 E1504ga Bq1141w,asus,Intel,Core I3,305.0,1.8,8.0,DDR4,,512.0,15.6,1920 x 1080,60.0,Intel,1.63,"42WHrs, 3S1P, 3-cell Li-ion",10190000.0,data/cellphones/detail_htmls\asus_7_specs.html,INTEL_UHD,INTEGRATED,False,0.6,0.8,0.0453451043338683,0.5638041733547352,0.5842696629213483,0.0291666666666666,10.19,0.363,0.564,True,True,True,False,False,False,True,42.0,0.11864406779661017,0.45,0.11864406779661017,1,0.45075,0.4464,0.38441027423347934,0.37838336915417475,0.3757112972359007,False,False,False,False,1.0
ASUS Vivobook S14 S3407qa Sf043ws,asus,Qualcomm,Snapdragon X,,2.97,16.0,LPDDR5X,,512.0,14.0,1920 x 1200,60.0,Qualcomm,1.35,"70WHrs, 3S1P, 3-cell Li-ion",22990000.0,data/cellphones/detail_htmls\asus_8_specs.html,QUALCOMM_ADRENO,INTEGRATED_ARM,False,0.8,0.8,0.1300160513643659,0.858346709470305,0.2114767255216693,0.1180555555555555,22.99,0.465,0.858,True,True,True,True,False,True,False,70.0,0.6882247992863515,0.45,0.6882247992863515,1,0.5062500000000001,0.507,0.647316308171877,0.7848393539075265,0.61101020945885,False,False,True,True,1.0
ASUS Tuf Gaming A15 Fa506ncg Hn184w,asus,AMD,Ryzen7,7445.0,3.2,16.0,DDR5,5600.0,1024.0,15.6,1920 x 1080,144.0,NVIDIA,2.3,"48WHrs, 3S1P, 3-cell Li-ion",22490000.0,data/cellphones/detail_htmls\asus_10_specs.html,RTX 3050,DISCRETE_GAMING,False,0.8,1.0,0.1380417335473515,0.1235955056179775,0.5842696629213483,0.1145833333333333,22.49,0.509,0.124,True,True,True,False,False,False,True,48.0,0.2149866190900981,0.9,0.2149866190900981,1,0.78725,0.7677,0.3153057507843117,0.21400936162535455,0.3628394601780112,True,True,False,False,7.0
ASUS Vivobook 15 Oled A1505va Ma505w,asus,Intel,Core I5,13420.0,2.1,16.0,DDR4,,512.0,15.6,2880 x 1620,120.0,Intel,1.7,"50WHrs, 3S1P, 3-cell Li-ion",19690000.0,data/cellphones/detail_htmls\asus_12_specs.html,INTEL_UHD,INTEGRATED,False,0.8,0.8,0.0718298555377207,0.4438202247191011,0.5842696629213483,0.0951388888888888,19.69,0.436,0.444,True,True,True,False,False,False,True,50.0,0.25111507582515613,0.45,0.25111507582515613,1,0.499,0.4983,0.4017600938167166,0.37075544507813046,0.4075431312331486,False,False,False,False,13.0
ASUS Tuf Gaming F16 Fx608jhr Rv037w,asus,Intel,Core I7,14650.0,2.2,16.0,DDR5,5600.0,1024.0,16.0,1920 x 1200,165.0,NVIDIA,2.2,"90WHrs, 4S1P, 4-cell Li-ion",38990000.0,data/cellphones/detail_htmls\asus_11_specs.html,RTX 5050,DISCRETE_GAMING,False,0.8,1.0,0.081059390048154,0.1785714285714286,0.8487158908507223,0.2291666666666666,38.99,0.481,0.179,True,True,True,False,False,False,True,90.0,0.9402319357716324,0.45,0.9402319357716324,1,0.51025,0.5118,0.46699638715432656,0.43969514220706973,0.46643740266086087,False,False,False,False,14.0
ASUS Vivobook S14 S3407va Ly046w,asus,Intel,Core I5,13420.0,2.1,16.0,DDR5,,512.0,14.0,1920 x 1200,60.0,Intel,1.39,"70WHrs, 4S1P, 4-cell Li-ion",18990000.0,data/cellphones/detail_htmls\asus_9_specs.html,INTEL_UHD,INTEGRATED,False,0.8,0.8,0.0718298555377207,0.819422150882825,0.2114767255216693,0.0902777777777777,18.99,0.436,0.819,True,True,True,True,False,True,False,70.0,0.6882247992863515,0.45,0.6882247992863515,1,0.499,0.4983,0.620642712666259,0.7673233025431605,0.5853538812084487,False,False,True,True,13.0
ASUS Tuf Gaming F16 Fx607vu Rl045w,asus,Intel,Core 5,210.0,2.2,16.0,DDR5,5600.0,2048.0,16.0,1920 x 1200,144.0,NVIDIA,2.2,"56WHrs, 4S1P, 4-cell Li-ion Sạc lại từ 0-50% trong 30 phút",28490000.0,data/cellphones/detail_htmls\asus_13_specs.html,RTX 4050,DISCRETE_GAMING,False,0.8,1.0,0.081059390048154,0.1785714285714286,0.8487158908507223,0.15625,28.49,0.481,0.179,True,True,True,False,False,False,True,56.0,0.41480820695807313,1.0,0.41480820695807313,1,0.8402499999999999,0.8143,0.3619116413916147,0.25579683712232404,0.38236960605069137,True,True,False,False,1.0
ASUS Vivobook Go 15 E1504fa Nj454w,asus,AMD,Ryzen5,7520.0,4.3,16.0,LPDDR5,,512.0,15.6,1920 x 1080,60.0,AMD,1.8,"42WHrs, 3S1P, 3-cell Li-ion",14490000.0,data/cellphones/detail_htmls\asus_14_specs.html,AMD_RADEON_GRAPHICS,INTEGRATED,False,0.8,0.8,0.2146869983948635,0.3607544141252006,0.5842696629213483,0.0590277777777777,14.49,0.507,0.361,True,True,True,False,False,False,True,42.0,0.11864406779661017,0.5,0.11864406779661017,1,0.54675,0.5471,0.3781428585031423,0.28701097750088417,0.40501648182659084,False,False,False,False,7.0
ASUS Vivobook 14 X1405va Ly623w,asus,Intel,Core I5,13420.0,2.1,16.0,DDR4,,512.0,14.0,1920 x 1200,60.0,Intel,1.6,"42WHrs, 3S1P, 3-cell Li-ion",16490000.0,data/cellphones/detail_htmls\asus_16_specs.html,INTEL_UHD,INTEGRATED,False,0.8,0.8,0.0718298555377207,0.6087479935794542,0.2114767255216693,0.0729166666666666,16.49,0.436,0.609,True,True,True,False,False,True,False,42.0,0.11864406779661017,0.45,0.11864406779661017,1,0.499,0.4983,0.432990611312131,0.47316667573523413,0.4420791102375058,False,False,False,False,13.0
ASUS Vivobook 16x K3605vc Rp491w,asus,Intel,Core I7,13620.0,2.4,16.0,DDR4,,512.0,16.0,1920 x 1200,144.0,NVIDIA,1.8,"50WHrs, 3S1P, 3-cell Li-ion",22990000.0,data/cellphones/detail_htmls\asus_15_specs.html,RTX 3050,DISCRETE_GAMING,False,0.8,0.8,0.095505617977528,0.3607544141252006,0.8487158908507223,0.1180555555555555,22.99,0.448,0.361,True,True,True,False,False,False,True,50.0,0.25111507582515613,0.9,0.25111507582515613,1,0.772,0.7494000000000001,0.37808706010885146,0.2804865847250005,0.3830364939939832,True,True,False,False,13.0
ASUS Vivobook S 14 Flip Tp3402va Lz632w,asus,Intel,Core I5,13420.0,2.1,16.0,DDR4,,512.0,14.0,1920 x 1200,60.0,Intel,1.5,"50WHrs, 3S1P, 3-cell Li-ion",20990000.0,data/cellphones/detail_htmls\asus_18_specs.html,INTEL_UHD,INTEGRATED,False,0.8,0.8,0.0718298555377207,0.6898073836276084,0.2114767255216693,0.1041666666666666,20.99,0.436,0.69,True,True,True,True,False,True,False,50.0,0.25111507582515613,0.45,0.25111507582515613,1,0.499,0.4983,0.4878555994346942,0.5560082540668946,0.48333667055899127,False,False,False,False,13.0
ASUS Vivobook 15 X1502va Bq885w,asus,Intel,Core I5,13420.0,2.1,16.0,DDR4,,512.0,15.6,1920 x 1080,60.0,Intel,1.7,"42WHrs, 3S1P, 3-cell Li-ion",15990000.0,data/cellphones/detail_htmls\asus_17_specs.html,INTEL_GRAPHICS,INTEGRATED,False,0.8,0.8,0.0718298555377207,0.4438202247191011,0.5842696629213483,0.0694444444444444,15.99,0.436,0.444,True,True,True,False,False,False,True,42.0,0.11864406779661017,0.45,0.11864406779661017,1,0.499,0.4983,0.3752658922110074,0.3243905922681394,0.3863477699485812,False,False,False,False,13.0
ASUS Rog Strix G16 G615jmr S5155w,asus,Intel,Core I7,14650.0,2.2,32.0,DDR5,5600.0,1024.0,16.0,2560 x 1600,240.0,NVIDIA,2.65,"90WHrs, 4S1P, 4-cell Li-ion",46990000.0,data/cellphones/detail_htmls\asus_19_specs.html,RTX 5060,DISCRETE_GAMING,False,1.0,1.0,0.081059390048154,0.030096308186195797,0.8487158908507223,0.2847222222222222,46.99,0.541,0.03,True,True,True,False,True,False,True,90.0,0.9402319357716324,0.45,0.9402319357716324,1,0.55525,0.5598000000000001,0.4420300950194951,0.372881338033715,0.4628398103655158,False,False,False,False,14.0
ASUS Vivobook 14 X1404va Nk394w,asus,Intel,Core I3,1315.0,1.2,8.0,DDR4,,512.0,14.0,1920 x 1080,60.0,Intel,1.4,"42WHrs, 3S1P, 3-cell Li-ion",12690000.0,data/cellphones/detail_htmls\asus_20_specs.html,INTEL_UHD,INTEGRATED,False,0.6,0.8,0.0128410914927768,0.7885232744783306,0.2114767255216693,0.0465277777777777,12.69,0.346,0.789,True,True,True,True,False,True,False,42.0,0.11864406779661017,0.45,0.11864406779661017,1,0.4465,0.4413,0.45541195962673775,0.5540655521397285,0.4368484922599777,False,False,False,False,13.0
ASUS Zenbook A14 Ux3407qa Qd299ws Copilot X Plus,asus,Qualcomm,Snapdragon X,,2.97,16.0,LPDDR5X,,512.0,14.0,1920 x 1200,60.0,Qualcomm,0.98,"70WHrs, 3S1P, 3-cell Li-ion",29990000.0,data/cellphones/detail_htmls\asus_21_specs.html,QUALCOMM_ADRENO,INTEGRATED_ARM,False,0.8,0.8,0.1300160513643659,0.9919743178170144,0.2114767255216693,0.1666666666666666,29.99,0.465,0.992,True,True,True,True,False,True,False,70.0,0.6882247992863515,0.45,0.6882247992863515,1,0.5062500000000001,0.507,0.6940859710932253,0.8449717776635457,0.6440830425246605,False,False,True,True,1.0
ASUS Vivobook 15 X1502va Bq886w,asus,Intel,Core I7,13620.0,2.4,16.0,DDR4,,512.0,15.6,1920 x 1080,60.0,Intel,1.7,"42WHrs, 3S1P, 3-cell Li-ion",17990000.0,data/cellphones/detail_htmls\asus_24_specs.html,INTEL_UHD,INTEGRATED,False,0.8,0.8,0.095505617977528,0.4438202247191011,0.5842696629213483,0.0833333333333333,17.99,0.448,0.444,True,True,True,False,False,False,True,42.0,0.11864406779661017,0.45,0.11864406779661017,1,0.502,0.5019,0.3806658922110074,0.3243905922681394,0.39297776994858125,False,False,False,False,13.0
ASUS Zenbook S 16 Um5606ka Rk127ws RYZEN Ai 7,asus,AMD,Ryzen AI 7,350.0,2.0,24.0,LPDDR5X,,1024.0,16.0,2880 x 1800,120.0,AMD,1.5,"78WHrs, 2S2P, 4-cell Li-ion",42990000.0,data/cellphones/detail_htmls\asus_23_specs.html,AMD_RADEON_GRAPHICS,INTEGRATED,False,0.8,1.0,0.0581861958266452,0.6898073836276084,0.8487158908507223,0.2569444444444444,42.99,0.469,0.69,True,True,True,True,False,False,True,78.0,0.8652988403211418,0.5,0.8652988403211418,1,0.53725,0.5357000000000001,0.6255423523338913,0.643524738574679,0.5743490062651869,False,False,True,False,3.0
ASUS Vivobook 15 Oled A1505va L1688w,asus,Intel,Core I7,13620.0,2.4,16.0,DDR4,,512.0,15.6,1920 x 1080,60.0,Intel,1.7,"50WHrs, 3S1P, 3-cell Li-ion",20990000.0,data/cellphones/detail_htmls\asus_22_specs.html,INTEL_UHD,INTEGRATED,False,0.8,0.8,0.095505617977528,0.4438202247191011,0.5842696629213483,0.1041666666666666,20.99,0.448,0.444,True,True,True,False,False,False,True,50.0,0.25111507582515613,0.45,0.25111507582515613,1,0.502,0.5019,0.4071600938167166,0.37075544507813046,0.4141731312331486,False,False,False,False,13.0
ASUS Zenbook 14 Um3406ka Pp113ws RYZEN Ai 7,asus,AMD,Ryzen AI 7,350.0,2.0,16.0,LPDDR5X,,512.0,14.0,2880 x 1800,120.0,AMD,1.2,"75WHrs, 4S1P, 4-cell Li-ion",28990000.0,data/cellphones/detail_htmls\asus_25_specs.html,AMD_RADEON_GRAPHICS,INTEGRATED,False,0.8,0.8,0.0581861958266452,0.949438202247191,0.2114767255216693,0.1597222222222222,28.99,0.429,0.949,True,True,True,True,False,True,False,75.0,0.7979482604817127,0.5,0.7979482604817127,1,0.52725,0.5237,0.6849430228828594,0.8642337370755016,0.631221107712387,False,False,True,True,3.0
ASUS Vivobook Go 15 E1504fa Bq1150w,asus,AMD,Ryzen5,7520.0,2.8,16.0,LPDDR5,,512.0,15.6,1920 x 1080,60.0,AMD,1.63,"42WHrs, 3S1P, 3-cell Li-ion",14190000.0,data/cellphones/detail_htmls\asus_26_specs.html,AMD_RADEON_GRAPHICS,INTEGRATED,False,0.8,0.8,0.1195826645264847,0.5638041733547352,0.5842696629213483,0.0569444444444444,14.19,0.46,0.564,True,True,True,False,False,False,True,42.0,0.11864406779661017,0.5,0.11864406779661017,1,0.5349999999999999,0.533,0.42806027423347937,0.37838336915417475,0.42930379723590073,False,False,False,False,7.0
ASUS Vivobook 15 X1504va Bq2076w,asus,Intel,Core I5,1334.0,1.3,16.0,DDR4,,512.0,15.6,1920 x 1080,60.0,Intel,1.7,"42WHrs, 3S1P, 3-cell Li-ion",15990000.0,data/cellphones/detail_htmls\asus_28_specs.html,INTEL_IRIS_XE,INTEGRATED,False,0.8,0.8,0.0220706260032102,0.4438202247191011,0.5842696629213483,0.0694444444444444,15.99,0.411,0.444,True,True,True,False,False,False,True,42.0,0.11864406779661017,0.55,0.11864406779661017,1,0.5527500000000001,0.5458000000000001,0.36401589221100744,0.3243905922681394,0.3725352699485812,False,False,False,False,13.0
ASUS Vivobook S 14 Oled M5406wa Pp071ws,asus,AMD,Ryzen AI 9,370.0,2.0,32.0,LPDDR5X,,1024.0,14.0,2880 x 1800,120.0,AMD,1.3,"75WHrs, 4S1P, 4-cell Li-ion",33990000.0,data/cellphones/detail_htmls\asus_27_specs.html,AMD_RADEON_GRAPHICS,INTEGRATED,False,1.0,1.0,0.0581861958266452,0.8900481540930979,0.2114767255216693,0.1944444444444444,33.99,0.529,0.89,True,True,True,True,False,True,False,75.0,0.7979482604817127,0.5,0.7979482604817127,1,0.58225,0.5837,0.7091565060289269,0.8375082154061597,0.671772070794249,False,False,True,True,3.0
ASUS Vivobook 15 X1504va Bq165w,asus,Intel,Core 5,120.0,1.4,16.0,DDR4,,512.0,15.6,1920 x 1080,60.0,Intel,1.7,"42WHrs, 3S1P, 3-cell Li-ion",16990000.0,data/cellphones/detail_htmls\asus_30_specs.html,INTEL_GRAPHICS,INTEGRATED,False,0.8,0.8,0.0292937399678972,0.4438202247191011,0.5842696629213483,0.0763888888888889,16.99,0.415,0.444,True,True,True,False,False,False,True,42.0,0.11864406779661017,0.45,0.11864406779661017,1,0.49375,0.492,0.3658158922110074,0.3243905922681394,0.37474526994858126,False,False,False,False,1.0
ASUS Vivobook S16 S3607qa Sh040ws,asus,Qualcomm,Snapdragon X,,2.97,16.0,LPDDR5X,,512.0,16.0,1920 x 1200,60.0,Qualcomm,1.74,"70WHrs, 3S1P, 3-cell Li-ion",23490000.0,data/cellphones/detail_htmls\asus_31_specs.html,QUALCOMM_ADRENO,INTEGRATED_ARM,False,0.8,0.8,0.1300160513643659,0.4020866773675762,0.8487158908507223,0.1215277777777777,23.49,0.465,0.402,True,True,True,False,False,False,True,70.0,0.6882247992863515,0.45,0.6882247992863515,1,0.5062500000000001,0.507,0.48762529693592194,0.45207450639548785,0.47259628490026245,False,False,False,False,1.0
ASUS Zenbook 14 Ux3405ca Pz188ws,asus,Intel,Core Ultra 7,255.0,2.0,32.0,LPDDR5X,,1024.0,14.0,2880 x 1800,120.0,Intel,1.28,"75WHrs, 2S2P, 4-cell Li-ion",35990000.0,data/cellphones/detail_htmls\asus_32_specs.html,INTEL_GRAPHICS,INTEGRATED,False,1.0,1.0,0.0581861958266452,0.9000802568218298,0.2114767255216693,0.2083333333333333,35.99,0.529,0.9,True,True,True,True,False,True,False,75.0,0.7979482604817127,0.45,0.7979482604817127,1,0.55225,0.5562,0.712667741983983,0.8420226616340891,0.6742550162196101,False,False,True,True,2.0
ASUS Rog Zephyrus G14 Ga403wm Qs051ws RYZEN Ai 9,asus,AMD,Ryzen AI 9,370.0,2.0,32.0,LPDDR5X,7500.0,1024.0,14.0,2880 x 1800,120.0,NVIDIA,1.5,"73WHrs, 4S1P, 4-cell Li-ion Sạc lại từ 0-50% trong 30 phút",56940000.0,data/cellphones/detail_htmls\asus_33_specs.html,RTX 5060,DISCRETE_GAMING,False,1.0,1.0,0.0581861958266452,0.6898073836276084,0.2114767255216693,0.3538194444444444,56.94,0.529,0.69,True,True,True,True,False,True,False,73.0,0.7551293487957181,0.45,0.7551293487957181,1,0.55225,0.5562,0.6305084540288066,0.7324132496065914,0.6153614542342813,False,False,True,False,3.0
ASUS Rog Strix G18 G815lm S9088w,asus,Intel,Core Ultra 9,275.0,2.7,32.0,DDR5,5600.0,1024.0,18.0,2560 x 1600,240.0,NVIDIA,3.2,"90WHrs, 4S1P, 4-cell Li-ion, Sạc từ 0-50% trong 30 phút",52090000.0,data/cellphones/detail_htmls\asus_29_specs.html,RTX 5060,DISCRETE_GAMING,False,1.0,1.0,0.1167736757624398,0.009229534510433401,0.9951845906902088,0.3201388888888888,52.09,0.558,0.009,True,True,True,False,True,False,True,90.0,0.9402319357716324,0.45,0.9402319357716324,1,0.5595,0.5649000000000001,0.44237672423297825,0.3341975499117246,0.46120903588718515,False,False,False,False,2.0
ASUS Vivobook S 16 Oled S5606ma Mx051w,asus,Intel,Core Ultra 7,155.0,1.4,16.0,LPDDR5X,,512.0,16.0,3200 x 2000,120.0,Intel,1.5,"75WHrs, 4S1P, 4-cell Li-ion",29990000.0,data/cellphones/detail_htmls\asus_34_specs.html,INTEL_GRAPHICS,INTEGRATED,False,0.8,0.8,0.0292937399678972,0.6898073836276084,0.8487158908507223,0.1666666666666666,29.99,0.415,0.69,True,True,True,True,False,False,True,75.0,0.7979482604817127,0.45,0.7979482604817127,1,0.49375,0.492,0.5877722363660055,0.6199520356308788,0.5337379134908782,False,False,False,False,1.0
ASUS Rog Strix G18 G815lp S9102w,asus,Intel,Core Ultra 9,275.0,2.7,32.0,DDR5,5600.0,1024.0,18.0,2560 x 1600,240.0,NVIDIA,3.2,"90WHrs, 4S1P, 4-cell Li-ion, Sạc từ 0-50% trong 30 phút",56990000.0,data/cellphones/detail_htmls\asus_35_specs.html,RTX 5070,DISCRETE_GAMING,False,1.0,1.0,0.1167736757624398,0.009229534510433401,0.9951845906902088,0.3541666666666667,56.99,0.558,0.009,True,True,True,False,True,False,True,90.0,0.9402319357716324,0.45,0.9402319357716324,1,0.5595,0.5649000000000001,0.44237672423297825,0.3341975499117246,0.46120903588718515,False,False,False,False,2.0
ASUS Vivobook S14 S3407va Ly053w,asus,Intel,Core I7,13620.0,2.4,16.0,DDR5,,512.0,14.0,1920 x 1200,60.0,Intel,1.4,"70WHrs, 4S1P, 4-cell Li-ion",20990000.0,data/cellphones/detail_htmls\asus_38_specs.html,INTEL_UHD,INTEGRATED,False,0.8,0.8,0.095505617977528,0.7885232744783306,0.2114767255216693,0.1041666666666666,20.99,0.448,0.789,True,True,True,True,False,True,False,70.0,0.6882247992863515,0.45,0.6882247992863515,1,0.502,0.5019,0.615228105924686,0.7534188081611379,0.5843364092983363,False,False,True,True,13.0
ASUS Gaming V16 V3607vu Rp216w,asus,Intel,Core 7,240.0,2.5,16.0,DDR5,,512.0,16.0,1920 x 1200,144.0,NVIDIA,1.95,"63WHrs, 3S1P, 3-cell Li-ion",27490000.0,data/cellphones/detail_htmls\asus_36_specs.html,RTX 4050,DISCRETE_GAMING,False,0.8,0.8,0.1039325842696629,0.2732744783306581,0.8487158908507223,0.1493055555555555,27.49,0.452,0.273,True,True,True,False,False,False,True,63.0,0.6119536128456735,1.0,0.6119536128456735,1,0.833,0.8056,0.421436789984865,0.36741410157463744,0.42132937580811675,True,True,False,False,1.0
ASUS Zenbook S 14 Oled Ux5406sa Pv140ws,asus,Intel,Core Ultra 7,258.0,1.8,32.0,LPDDR5X,,1024.0,14.0,2880 x 1800,120.0,Intel,1.2,"72WHrs, 2S2P, 4-cell Li-ion",44990000.0,data/cellphones/detail_htmls\asus_37_specs.html,INTEL_GRAPHICS,INTEGRATED,False,1.0,1.0,0.0453451043338683,0.949438202247191,0.2114767255216693,0.2708333333333333,44.99,0.523,0.949,True,True,True,True,False,True,False,72.0,0.724799286351472,0.45,0.724799286351472,1,0.5507500000000001,0.5544,0.7126132280568112,0.8386315961299173,0.6714522718515485,False,False,True,True,2.0
ASUS Vivobook 15 X1504va Nj1969w,asus,Intel,Core I5,1334.0,1.3,16.0,DDR4,,512.0,15.6,1920 x 1080,60.0,Intel,1.7,"42WHrs, 3S1P, 3-cell Li-ion",15990000.0,data/cellphones/detail_htmls\asus_39_specs.html,INTEL_IRIS_XE,INTEGRATED,False,0.8,0.8,0.0220706260032102,0.4438202247191011,0.5842696629213483,0.0694444444444444,15.99,0.411,0.444,True,True,True,False,False,False,True,42.0,0.11864406779661017,0.55,0.11864406779661017,1,0.5527500000000001,0.5458000000000001,0.36401589221100744,0.3243905922681394,0.3725352699485812,False,False,False,False,13.0
ASUS Tuf Gaming F15 Fx507zc4 Hn095w,asus,Intel,Core I5,12500.0,2.5,16.0,DDR4,3200.0,1024.0,15.6,1920 x 1080,144.0,NVIDIA,2.2,"56WHrs, 4S1P, 4-cell Li-ion",24990000.0,data/cellphones/detail_htmls\asus_40_specs.html,RTX 3050,DISCRETE_GAMING,False,0.8,1.0,0.1039325842696629,0.1785714285714286,0.5842696629213483,0.1319444444444444,24.99,0.492,0.179,True,True,True,False,False,False,True,56.0,0.41480820695807313,0.9,0.41480820695807313,1,0.783,0.7626000000000001,0.3668616413916147,0.3086860827081988,0.3990249551678664,True,True,False,False,12.0
ASUS Vivobook S 16 Oled M5606ka Ri016ws RYZEN Ai 7,asus,AMD,Ryzen AI 7,350.0,2.0,24.0,LPDDR5X,,512.0,16.0,2880 x 1800,120.0,AMD,1.5,"75WHrs, 4S1P, 4-cell Li-ion",30990000.0,data/cellphones/detail_htmls\asus_42_specs.html,AMD_RADEON_GRAPHICS,INTEGRATED,False,0.8,0.8,0.0581861958266452,0.6898073836276084,0.8487158908507223,0.1736111111111111,30.99,0.429,0.69,True,True,True,True,False,False,True,75.0,0.7979482604817127,0.5,0.7979482604817127,1,0.52725,0.5237,0.5940722363660055,0.6199520356308788,0.5414729134908782,False,False,False,False,3.0
ASUS Vivobook S16 S3607va Rp056w,asus,Intel,Core I7,13620.0,2.4,16.0,DDR5,,512.0,16.0,1920 x 1200,144.0,Intel,1.7,"70WHrs, 4S1P, 4-cell Li-ion",20490000.0,data/cellphones/detail_htmls\asus_41_specs.html,INTEL_UHD,INTEGRATED,False,0.8,0.8,0.095505617977528,0.4438202247191011,0.8487158908507223,0.1006944444444444,20.49,0.448,0.444,True,True,True,False,False,False,True,70.0,0.6882247992863515,0.45,0.6882247992863515,1,0.502,0.5019,0.49458203850895566,0.4708546027036741,0.47353283786976486,False,False,False,False,13.0
ASUS Zenbook 14 Ux3405ca Pz187ws,asus,Intel,Core Ultra 5,225.0,1.7,16.0,LPDDR5X,,512.0,14.0,2880 x 1800,120.0,Intel,1.28,"75WHrs, 2S2P, 4-cell Li-ion",31990000.0,data/cellphones/detail_htmls\asus_43_specs.html,INTEL_GRAPHICS,INTEGRATED,False,0.8,0.8,0.0381219903691813,0.9000802568218298,0.2114767255216693,0.1805555555555555,31.99,0.419,0.9,True,True,True,True,False,True,False,75.0,0.7979482604817127,0.45,0.7979482604817127,1,0.49475,0.4931999999999999,0.663167741983983,0.8420226616340891,0.6134800162196101,False,False,True,True,2.0
ASUS Gaming V16 V3607vh Rp024w,asus,Intel,Core 5,210.0,2.2,16.0,DDR5,,512.0,16.0,1920 x 1200,144.0,NVIDIA,1.95,"63WHrs, 3S1P, 3-cell Li-ion",28990000.0,data/cellphones/detail_htmls\asus_44_specs.html,RTX 5050,DISCRETE_GAMING,False,0.8,0.8,0.081059390048154,0.2732744783306581,0.8487158908507223,0.1597222222222222,28.99,0.441,0.273,True,True,True,False,False,False,True,63.0,0.6119536128456735,0.45,0.6119536128456735,1,0.5002500000000001,0.4998,0.41648678998486505,0.36741410157463744,0.41525187580811673,False,False,False,False,1.0
ASUS Tuf Gaming F16 Fx608jmr Rv048w,asus,Intel,Core I7,14650.0,2.2,16.0,DDR5,5600.0,1024.0,16.0,1920 x 1200,165.0,NVIDIA,2.2,"90WHrs, 4S1P, 4-cell Li-ion",40990000.0,data/cellphones/detail_htmls\asus_45_specs.html,RTX 5060,DISCRETE_GAMING,False,0.8,1.0,0.081059390048154,0.1785714285714286,0.8487158908507223,0.2430555555555555,40.99,0.481,0.179,True,True,True,False,False,False,True,90.0,0.9402319357716324,0.45,0.9402319357716324,1,0.51025,0.5118,0.46699638715432656,0.43969514220706973,0.46643740266086087,False,False,False,False,14.0
ASUS Gaming V16 V3607vh Rp025w,asus,Intel,Core 7,240.0,2.5,16.0,DDR5,,512.0,16.0,1920 x 1200,144.0,NVIDIA,1.95,"63WHrs, 3S1P, 3-cell Li-ion",30430000.0,data/cellphones/detail_htmls\asus_48_specs.html,RTX 5050,DISCRETE_GAMING,False,0.8,0.8,0.1039325842696629,0.2732744783306581,0.8487158908507223,0.1697222222222222,30.43,0.452,0.273,True,True,True,False,False,False,True,63.0,0.6119536128456735,0.45,0.6119536128456735,1,0.503,0.5031,0.421436789984865,0.36741410157463744,0.42132937580811675,False,False,False,False,1.0
ASUS Rog Flow Z13 Gz302ea Ru145ws,asus,AMD,Ryzenaimax,395.0,3.0,128.0,LPDDR5X,8000.0,1024.0,13.4,2560 x 1600,180.0,AMD,1.2,"70WHrs, 4S1P, 4-cell Li-ion Sạc lại từ 0-50% trong 30 phút",83490000.0,data/cellphones/detail_htmls\asus_47_specs.html,AMD_RADEON_GRAPHICS,INTEGRATED,False,1.0,1.0,0.1348314606741573,0.949438202247191,0.0361155698234349,0.5381944444444444,83.49,0.567,0.949,True,True,True,True,False,True,False,70.0,0.6882247992863515,0.5,0.6882247992863515,1,0.59175,0.5951,0.7250983306437871,0.8609027567967721,0.6969248001490586,False,False,True,True,
ASUS Vivobook S16 S5606ca Ri171ws,asus,Intel,Core Ultra 7,255.0,2.0,16.0,LPDDR5X,,512.0,16.0,2880 x 1800,120.0,Intel,1.5,"75WHrs, 4S1P, 4-cell Li-ion",31410000.0,data/cellphones/detail_htmls\asus_46_specs.html,INTEL_GRAPHICS,INTEGRATED,False,0.8,0.8,0.0581861958266452,0.6898073836276084,0.8487158908507223,0.1765277777777777,31.41,0.429,0.69,True,True,True,True,False,False,True,75.0,0.7979482604817127,0.45,0.7979482604817127,1,0.49725,0.4962,0.5940722363660055,0.6199520356308788,0.5414729134908782,False,False,False,False,2.0
ASUS Vivobook S14 S3407ca Ly095ws,asus,Intel,Core Ultra 5,225.0,1.7,16.0,DDR5,,512.0,14.0,1920 x 1200,60.0,Intel,1.4,"70WHrs, 4S1P, 4-cell Li-ion",22990000.0,data/cellphones/detail_htmls\asus_49_specs.html,INTEL_UHD,INTEGRATED,False,0.8,0.8,0.0381219903691813,0.7885232744783306,0.2114767255216693,0.1180555555555555,22.99,0.419,0.789,True,True,True,True,False,True,False,70.0,0.6882247992863515,0.45,0.6882247992863515,1,0.49475,0.4931999999999999,0.602178105924686,0.7534188081611379,0.5683139092983364,False,False,True,True,2.0
ASUS Rog Strix G16 G615jhr S5069w,asus,Intel,Core I7,14650.0,2.2,32.0,DDR5,,1024.0,16.0,2560 x 1600,240.0,NVIDIA,2.65,"90WHrs, 4S1P, 4-cell Li-ion",44170000.0,data/cellphones/detail_htmls\asus_53_specs.html,RTX 5050,DISCRETE_GAMING,False,1.0,1.0,0.081059390048154,0.030096308186195797,0.8487158908507223,0.2651388888888888,44.17,0.541,0.03,True,True,True,False,True,False,True,90.0,0.9402319357716324,0.45,0.9402319357716324,1,0.55525,0.5598000000000001,0.4420300950194951,0.372881338033715,0.4628398103655158,False,False,False,False,14.0
ASUS Rog Zephyrus G16 Gu605cm Qr078w,asus,Intel,Core Ultra 9,285.0,2.9,32.0,LPDDR5X,7467.0,1024.0,16.0,2560 x 1600,240.0,NVIDIA,1.85,"90WHrs, 4S1P, 4-cell Li-ion Sạc lại từ 0-50% trong 30 phút",62990000.0,data/cellphones/detail_htmls\asus_50_specs.html,RTX 5060,DISCRETE_GAMING,False,1.0,1.0,0.1235955056179775,0.329454253611557,0.8487158908507223,0.3958333333333333,62.99,0.562,0.329,True,True,True,False,False,False,True,90.0,0.9402319357716324,0.45,0.9402319357716324,1,0.5605,0.5661,0.5562553759183715,0.5075924134751275,0.5485334018582927,False,False,False,False,2.0
ASUS Tuf Gaming F16 Fx608jh Rv039w,asus,Intel,Core I5,13450.0,2.4,16.0,DDR5,,1024.0,16.0,1920 x 1200,165.0,NVIDIA,2.2,"90WHrs, 4S1P, 4-cell Li-ion",33370000.0,data/cellphones/detail_htmls\asus_52_specs.html,RTX 5050,DISCRETE_GAMING,False,0.8,1.0,0.095505617977528,0.1785714285714286,0.8487158908507223,0.1901388888888888,33.37,0.488,0.179,True,True,True,False,False,False,True,90.0,0.9402319357716324,0.45,0.9402319357716324,1,0.512,0.5139,0.47014638715432655,0.43969514220706973,0.47030490266086084,False,False,False,False,13.0
ASUS Vivobook S14 S3407va Ly146w,asus,Intel,Core 5,210.0,2.2,16.0,DDR5,,512.0,14.0,1920 x 1200,60.0,Intel,1.4,"70WHrs, 4S1P, 4-cell Li-ion",19490000.0,data/cellphones/detail_htmls\asus_51_specs.html,INTEL_UHD,INTEGRATED,False,0.8,0.8,0.081059390048154,0.7885232744783306,0.2114767255216693,0.09375,19.49,0.441,0.789,True,True,True,True,False,True,False,70.0,0.6882247992863515,0.45,0.6882247992863515,1,0.5002500000000001,0.4998,0.612078105924686,0.7534188081611379,0.5804689092983363,False,False,True,True,1.0
ASUS Zenbook Duo Ux8406ca Pz109ws,asus,Intel,Core Ultra 9,285.0,2.9,32.0,LPDDR5X,,1024.0,14.0,2880 x 1800,120.0,Intel,1.65,"75WHrs, 4S1P, 4-cell Li-ion",61990000.0,data/cellphones/detail_htmls\asus_54_specs.html,INTEL_GRAPHICS,INTEGRATED,False,1.0,1.0,0.1235955056179775,0.543338683788122,0.2114767255216693,0.3888888888888889,61.99,0.562,0.543,True,True,True,False,False,True,False,75.0,0.7979482604817127,0.45,0.7979482604817127,1,0.5605,0.5661,0.6026581914221852,0.6814889537689204,0.6041939768937675,False,False,True,False,2.0
ASUS Zenbook 14 Um3406ka Pp590ws RYZEN Ai 7,asus,AMD,Ryzen AI 7,350.0,2.0,32.0,LPDDR5X,,1024.0,14.0,2880 x 1800,120.0,AMD,1.2,"75WHrs, 4S1P, 4-cell Li-ion",31990000.0,data/cellphones/detail_htmls\asus_55_specs.html,AMD_RADEON_GRAPHICS,INTEGRATED,False,1.0,1.0,0.0581861958266452,0.949438202247191,0.2114767255216693,0.1805555555555555,31.99,0.529,0.949,True,True,True,True,False,True,False,75.0,0.7979482604817127,0.5,0.7979482604817127,1,0.58225,0.5837,0.7299430228828594,0.8642337370755016,0.6864711077123871,False,False,True,True,3.0
ASUS Vivobook S14 M3407ka Sf032ws RYZEN Ai 7,asus,AMD,Ryzen AI 7,350.0,2.0,32.0,DDR5,,512.0,14.0,1920 x 1200,60.0,AMD,1.4,"70WHrs, 4S1P, 4-cell Li-ion",25990000.0,data/cellphones/detail_htmls\asus_57_specs.html,AMD_RADEON_GRAPHICS,INTEGRATED,False,1.0,0.8,0.0581861958266452,0.7885232744783306,0.2114767255216693,0.1388888888888889,25.99,0.489,0.789,True,True,True,True,False,True,False,70.0,0.6882247992863515,0.5,0.6882247992863515,1,0.57225,0.5717,0.633678105924686,0.7534188081611379,0.6069889092983364,False,False,True,True,3.0
ASUS Zenbook 14 Ux3405ca Pz204ws,asus,Intel,Core Ultra 9,285.0,2.9,32.0,LPDDR5X,,1024.0,14.0,2880 x 1800,120.0,Intel,1.28,"75WHrs, 2S2P, 4-cell Li-ion",38990000.0,data/cellphones/detail_htmls\asus_56_specs.html,INTEL_GRAPHICS,INTEGRATED,False,1.0,1.0,0.1235955056179775,0.9000802568218298,0.2114767255216693,0.2291666666666666,38.99,0.562,0.9,True,True,True,True,False,True,False,75.0,0.7979482604817127,0.45,0.7979482604817127,1,0.5605,0.5661,0.727517741983983,0.8420226616340891,0.6924875162196102,False,False,True,True,2.0
ASUS Vivobook S14 M3407ka Sf034ws RYZEN Ai 5,asus,AMD,Ryzen AI 5,330.0,4.6,16.0,DDR5,,512.0,14.0,1920 x 1200,60.0,AMD,1.4,"70WHrs, 4S1P, 4-cell Li-ion",22990000.0,data/cellphones/detail_htmls\asus_58_specs.html,AMD_RADEON_GRAPHICS,INTEGRATED,False,0.8,0.8,0.4534510433386838,0.7885232744783306,0.2114767255216693,0.1180555555555555,22.99,0.627,0.789,True,True,True,True,False,True,False,70.0,0.6882247992863515,0.5,0.6882247992863515,1,0.57675,0.5831,0.695778105924686,0.7534188081611379,0.6832339092983364,False,False,True,True,3.0
ASUS Vivobook S 16 S5606ca Ri114ws,asus,Intel,Core Ultra 5,225.0,1.7,16.0,LPDDR5X,,512.0,16.0,2880 x 1800,120.0,Intel,1.5,"75WHrs, 4S1P, 4-cell Li-ion",28990000.0,data/cellphones/detail_htmls\asus_59_specs.html,INTEL_GRAPHICS,INTEGRATED,False,0.8,0.8,0.0381219903691813,0.6898073836276084,0.8487158908507223,0.1597222222222222,28.99,0.419,0.69,True,True,True,True,False,False,True,75.0,0.7979482604817127,0.45,0.7979482604817127,1,0.49475,0.4931999999999999,0.5895722363660055,0.6199520356308788,0.5359479134908782,False,False,False,False,2.0
ASUS Tuf Gaming A14 Fa401km Rg010ws RYZEN Ai 7,asus,AMD,Ryzen AI 7,350.0,2.0,32.0,LPDDR5X,,1024.0,14.0,2560 x 1600,165.0,NVIDIA,1.46,"73WHrs, 4S1P, 4-cell Li-ion Sạc lại từ 0-50% trong 30 phút",45150000.0,data/cellphones/detail_htmls\asus_60_specs.html,RTX 5060,DISCRETE_GAMING,False,1.0,1.0,0.0581861958266452,0.7323434991974318,0.2114767255216693,0.2719444444444444,45.15,0.529,0.732,True,True,True,True,False,True,False,73.0,0.7551293487957181,0.45,0.7551293487957181,1,0.55225,0.5562,0.6453960944782448,0.7515545016130118,0.6258891428378126,False,False,True,True,3.0
ASUS Vivobook S14 S3407ca Ly096ws,asus,Intel,Core Ultra 7,255.0,2.0,16.0,DDR5,,512.0,14.0,1920 x 1200,60.0,Intel,1.4,"70WHrs, 4S1P, 4-cell Li-ion",25990000.0,data/cellphones/detail_htmls\asus_62_specs.html,INTEL_UHD,INTEGRATED,False,0.8,0.8,0.0581861958266452,0.7885232744783306,0.2114767255216693,0.1388888888888889,25.99,0.429,0.789,True,True,True,True,False,True,False,70.0,0.6882247992863515,0.45,0.6882247992863515,1,0.49725,0.4962,0.606678105924686,0.7534188081611379,0.5738389092983363,False,False,True,True,2.0
ASUS Rog Strix G16 G615jpr S5107w,asus,Intel,Core I7,14650.0,2.2,32.0,DDR5,5600.0,1024.0,16.0,2560 x 1600,240.0,NVIDIA,2.65,"90WHrs, 4S1P, 4-cell Li-ion",51090000.0,data/cellphones/detail_htmls\asus_63_specs.html,RTX 5070,DISCRETE_GAMING,False,1.0,1.0,0.081059390048154,0.030096308186195797,0.8487158908507223,0.3131944444444444,51.09,0.541,0.03,True,True,True,False,True,False,True,90.0,0.9402319357716324,0.45,0.9402319357716324,1,0.55525,0.5598000000000001,0.4420300950194951,0.372881338033715,0.4628398103655158,False,False,False,False,14.0
ASUS Rog Strix G16 G615lr S5289w,asus,Intel,Core Ultra 7,255.0,2.4,16.0,DDR5,5600.0,1024.0,16.0,2560 x 1600,240.0,NVIDIA,2.65,"90WHrs, 4S1P, 4-cell Li-ion, Sạc từ 0-50% trong 30 phút",57990000.0,data/cellphones/detail_htmls\asus_61_specs.html,RTX 5070,DISCRETE_GAMING,False,0.8,1.0,0.095505617977528,0.030096308186195797,0.8487158908507223,0.3611111111111111,57.99,0.488,0.03,True,True,True,False,True,False,True,90.0,0.9402319357716324,0.45,0.9402319357716324,1,0.512,0.5139,0.41818009501949505,0.372881338033715,0.43355731036551576,False,False,False,False,2.0
ASUS Rog Zephyrus G14 Ga403wr Qs156ws,asus,AMD,Ryzen AI 9,370.0,2.0,32.0,LPDDR5X,8000.0,1024.0,14.0,2880 x 1800,120.0,NVIDIA,1.57,"73WHrs, 4S1P, 4-cell Li-ion Sạc lại từ 0-50% trong 30 phút",71690000.0,data/cellphones/detail_htmls\asus_65_specs.html,RTX 5070,DISCRETE_GAMING,False,1.0,1.0,0.0581861958266452,0.630016051364366,0.2114767255216693,0.45625,71.69,0.529,0.63,True,True,True,True,False,True,False,73.0,0.7551293487957181,0.45,0.7551293487957181,1,0.55225,0.5562,0.6095814877366718,0.7055071500881323,0.6005630994991288,False,False,True,False,3.0
ASUS Zenbook S 13 Oled Ux5304va Nq125w,asus,Intel,Core I7,1355.0,1.7,16.0,LPDDR5,,512.0,13.3,2880 x 1800,60.0,Intel,1.0,"63WHrs, 2S2P, 4-cell Li-ion",39990000.0,data/cellphones/detail_htmls\asus_66_specs.html,INTEL_IRIS_XE,INTEGRATED,False,0.8,0.8,0.0381219903691813,0.9823434991974318,0.0176565008025682,0.2361111111111111,39.99,0.419,0.982,True,True,True,True,False,True,False,63.0,0.6119536128456735,0.55,0.6119536128456735,1,0.5547500000000001,0.5482,0.6547609472882359,0.8527070389743164,0.6118338340745694,False,False,True,True,13.0
ASUS Vivobook 14 A1407ca Ly008ws,asus,Intel,Core Ultra 5,225.0,1.7,16.0,DDR5,,512.0,14.0,1920 x 1200,60.0,Intel,1.46,"42WHrs, 3S1P, 3-cell Li-ion",22490000.0,data/cellphones/detail_htmls\asus_64_specs.html,INTEL_GRAPHICS,INTEGRATED,False,0.8,0.8,0.0381219903691813,0.7323434991974318,0.2114767255216693,0.1145833333333333,22.49,0.419,0.732,True,True,True,True,False,True,False,42.0,0.11864406779661017,0.45,0.11864406779661017,1,0.49475,0.4931999999999999,0.46859903827842314,0.528784653263324,0.4632764978779552,False,False,False,False,2.0
ASUS Rog Zephyrus G16 Gu605cr Qr107w,asus,Intel,Core Ultra 9,285.0,2.9,32.0,LPDDR5X,7467.0,1024.0,16.0,2560 x 1600,240.0,NVIDIA,1.95,"90WHrs, 4S1P, 4-cell Li-ion Sạc lại từ 0-50% trong 30 phút",76590000.0,data/cellphones/detail_htmls\asus_67_specs.html,RTX 5070,DISCRETE_GAMING,False,1.0,1.0,0.1235955056179775,0.2732744783306581,0.8487158908507223,0.4902777777777777,76.59,0.562,0.273,True,True,True,False,False,False,True,90.0,0.9402319357716324,0.45,0.9402319357716324,1,0.5605,0.5661,0.5365924545700569,0.482311514598723,0.5346289074762702,False,False,False,False,2.0
ASUS Tuf Gaming F16 Fx608jpr Rv044w,asus,Intel,Core I7,14650.0,2.2,16.0,DDR5,,1024.0,16.0,1920 x 1200,165.0,NVIDIA,2.2,"90WHrs, 4S1P, 4-cell Li-ion",45190000.0,data/cellphones/detail_htmls\asus_68_specs.html,RTX 5070,DISCRETE_GAMING,False,0.8,1.0,0.081059390048154,0.1785714285714286,0.8487158908507223,0.2722222222222222,45.19,0.481,0.179,True,True,True,False,False,False,True,90.0,0.9402319357716324,0.45,0.9402319357716324,1,0.51025,0.5118,0.46699638715432656,0.43969514220706973,0.46643740266086087,False,False,False,False,14.0
ASUS Zenbook 14 Ux3405ca Pz368ws,asus,Intel,Core Ultra 7,255.0,2.0,16.0,LPDDR5X,,512.0,14.0,2880 x 1800,120.0,Intel,1.28,"75WHrs, 2S2P, 4-cell Li-ion",34990000.0,data/cellphones/detail_htmls\asus_72_specs.html,INTEL_GRAPHICS,INTEGRATED,False,0.8,0.8,0.0581861958266452,0.9000802568218298,0.2114767255216693,0.2013888888888889,34.99,0.429,0.9,True,True,True,True,False,True,False,75.0,0.7979482604817127,0.45,0.7979482604817127,1,0.49725,0.4962,0.667667741983983,0.8420226616340891,0.6190050162196102,False,False,True,True,2.0
ASUS Vivobook S14 S5406sa Pp168ws,asus,Intel,Core Ultra 5,226.0,2.1,16.0,LPDDR5X,,512.0,14.0,2880 x 1800,120.0,Intel,1.3,"75WHrs, 4S1P, 4-cell Li-ion",28490000.0,data/cellphones/detail_htmls\asus_69_specs.html,INTEL_GRAPHICS,INTEGRATED,False,0.8,0.8,0.0718298555377207,0.8900481540930979,0.2114767255216693,0.15625,28.49,0.436,0.89,True,True,True,True,False,True,False,75.0,0.7979482604817127,0.45,0.7979482604817127,1,0.499,0.4983,0.6673065060289268,0.8375082154061597,0.6203895707942491,False,False,True,True,2.0
ASUS Vivobook S16 S3607ca Sh082ws,asus,Intel,Core Ultra 5,225.0,1.7,16.0,DDR5,,512.0,16.0,1920 x 1200,60.0,Intel,1.7,"70WHrs, 4S1P, 4-cell Li-ion",23990000.0,data/cellphones/detail_htmls\asus_70_specs.html,INTEL_GRAPHICS,INTEGRATED,False,0.8,0.8,0.0381219903691813,0.4438202247191011,0.8487158908507223,0.125,23.99,0.419,0.444,True,True,True,False,False,False,True,70.0,0.6882247992863515,0.45,0.6882247992863515,1,0.49475,0.4931999999999999,0.48153203850895565,0.4708546027036741,0.45751033786976486,False,False,False,False,2.0
ASUS Vivobook S16 S3607ca Sh083ws,asus,Intel,Core Ultra 7,255.0,2.0,16.0,DDR5,,512.0,16.0,1920 x 1200,60.0,Intel,1.7,"70WHrs, 4S1P, 4-cell Li-ion",26990000.0,data/cellphones/detail_htmls\asus_71_specs.html,INTEL_GRAPHICS,INTEGRATED,False,0.8,0.8,0.0581861958266452,0.4438202247191011,0.8487158908507223,0.1458333333333333,26.99,0.429,0.444,True,True,True,False,False,False,True,70.0,0.6882247992863515,0.45,0.6882247992863515,1,0.49725,0.4962,0.4860320385089557,0.4708546027036741,0.4630353378697649,False,False,False,False,2.0
ASUS Tuf Gaming F15 Fx507zc4 Hn074w,asus,Intel,Core I5,12500.0,2.5,8.0,DDR4,3200.0,1024.0,15.6,1920 x 1080,144.0,NVIDIA,2.2,"56WHrs, 4S1P, 4-cell Li-ion",25990000.0,data/cellphones/detail_htmls\asus_73_specs.html,RTX 3050,DISCRETE_GAMING,False,0.6,1.0,0.1039325842696629,0.1785714285714286,0.5842696629213483,0.1388888888888889,25.99,0.432,0.179,True,True,True,False,False,False,True,56.0,0.41480820695807313,0.9,0.41480820695807313,1,0.738,0.7146,0.3398616413916147,0.3086860827081988,0.3658749551678664,True,True,False,False,12.0
ASUS Vivobook 15 Oled A1505va Ma468w,asus,Intel,Core I5,13500.0,2.6,16.0,DDR4,,512.0,15.6,2880 x 1620,120.0,Intel,1.7,"50WHrs, 3S1P, 3-cell Li-ion",20990000.0,data/cellphones/detail_htmls\asus_76_specs.html,INTEL_IRIS_XE,INTEGRATED,False,0.8,0.8,0.1111556982343499,0.4438202247191011,0.5842696629213483,0.1041666666666666,20.99,0.456,0.444,True,True,True,False,False,False,True,50.0,0.25111507582515613,0.55,0.25111507582515613,1,0.5640000000000001,0.5593,0.41076009381671663,0.37075544507813046,0.4185931312331486,False,False,False,False,13.0
ASUS Vivoboook S 14 Oled S5406ma Pp046ws,asus,Intel,Core Ultra 5,125.0,1.2,16.0,LPDDR5X,,512.0,14.0,2880 x 1800,120.0,Intel,1.3,"75WHrs, 4S1P, 4-cell Li-ion",26990000.0,data/cellphones/detail_htmls\asus_77_specs.html,INTEL_GRAPHICS,INTEGRATED,False,0.8,0.8,0.0128410914927768,0.8900481540930979,0.2114767255216693,0.1458333333333333,26.99,0.406,0.89,True,True,True,True,False,True,False,75.0,0.7979482604817127,0.45,0.7979482604817127,1,0.4915,0.4893,0.6538065060289269,0.8375082154061597,0.603814570794249,False,False,True,True,1.0
ASUS Rog Strix G16 G614ju N3135w,asus,Intel,Core I5,13450.0,2.4,16.0,DDR5,4800.0,1024.0,16.0,1920 x 1200,165.0,NVIDIA,2.5,"90WHrs, 4S1P, 4-cell Li-ion",33990000.0,data/cellphones/detail_htmls\asus_75_specs.html,RTX 4050,DISCRETE_GAMING,False,0.8,1.0,0.095505617977528,0.0553772070626003,0.8487158908507223,0.1944444444444444,33.99,0.488,0.055,True,True,True,False,True,False,True,90.0,0.9402319357716324,1.0,0.9402319357716324,1,0.842,0.8164,0.42702840962623656,0.384257742528097,0.4398143328374258,True,True,False,False,13.0
ASUS Vivobook S 15 S5507qa Ma092ws Copilot X Plus,asus,Qualcomm,Snapdragon X Lus,,3.4,16.0,LPDDR5X,,512.0,15.6,2880 x 1620,120.0,Qualcomm,1.42,"70WHrs, 3S1P, 3-cell Li-ion",26990000.0,data/cellphones/detail_htmls\asus_74_specs.html,QUALCOMM_ADRENO,INTEGRATED_ARM,False,0.8,0.8,0.1565008025682183,0.7620385232744783,0.5842696629213483,0.1458333333333333,26.99,0.478,0.762,True,True,True,True,False,False,True,70.0,0.6882247992863515,0.45,0.6882247992863515,1,0.5095000000000001,0.5109,0.6194584430033377,0.6669420826394686,0.5794447158793956,False,False,True,True,1.0
ASUS Vivobook 15 Oled A1505va Ma469w,asus,Intel,Core I9,13900.0,2.6,16.0,DDR4,,512.0,15.6,2880 x 1620,120.0,Intel,1.7,"50WHrs, 3S1P, 3-cell Li-ion",24990000.0,data/cellphones/detail_htmls\asus_78_specs.html,INTEL_IRIS_XE,INTEGRATED,False,0.8,0.8,0.1111556982343499,0.4438202247191011,0.5842696629213483,0.1319444444444444,24.99,0.456,0.444,True,True,True,False,False,False,True,50.0,0.25111507582515613,0.55,0.25111507582515613,1,0.5640000000000001,0.5593,0.41076009381671663,0.37075544507813046,0.4185931312331486,False,False,False,False,13.0
ASUS Vivobook 15 Oled S5507qa Ma090ws,asus,Qualcomm,Snapdragon X Lite,,3.4,32.0,LPDDR5X,,1024.0,15.6,2880 x 1620,120.0,Qualcomm,1.42,"70WHrs, 3S1P, 3-cell Li-ion",34990000.0,data/cellphones/detail_htmls\asus_79_specs.html,QUALCOMM_ADRENO,INTEGRATED_ARM,False,1.0,1.0,0.1565008025682183,0.7620385232744783,0.5842696629213483,0.2013888888888889,34.99,0.578,0.762,True,True,True,True,False,False,True,70.0,0.6882247992863515,0.45,0.6882247992863515,1,0.5645,0.5709,0.6644584430033377,0.6669420826394686,0.6346947158793956,False,False,True,True,1.0
ASUS Rog Strix G16 G614ju N3480w,asus,Intel,Core I5,13450.0,2.4,32.0,DDR5,4800.0,2048.0,16.0,1920 x 1200,165.0,NVIDIA,2.5,"90WHrs, 4S1P, 4-cell Li-ion Sạc lại từ 0-50% trong 30 phút",37990000.0,data/cellphones/detail_htmls\asus_80_specs.html,RTX 4050,DISCRETE_GAMING,False,1.0,1.0,0.095505617977528,0.0553772070626003,0.8487158908507223,0.2222222222222222,37.99,0.548,0.055,True,True,True,False,True,False,True,90.0,0.9402319357716324,1.0,0.9402319357716324,1,0.887,0.8644000000000001,0.4540284096262366,0.384257742528097,0.4729643328374259,True,True,False,False,13.0
ASUS Vivobook 16 M1607ka Mb091ws RYZEN Ai 7,asus,AMD,Ryzen AI 7,350.0,2.0,16.0,DDR5,,512.0,16.0,1920 x 1200,60.0,AMD,1.88,"42WHrs, 3S1P, 3-cell Li-ion",22990000.0,data/cellphones/detail_htmls\asus_81_specs.html,AMD_RADEON_GRAPHICS,INTEGRATED,False,0.8,0.8,0.0581861958266452,0.3142054574638844,0.8487158908507223,0.1180555555555555,22.99,0.429,0.314,True,True,True,False,False,False,True,42.0,0.11864406779661017,0.5,0.11864406779661017,1,0.52725,0.5237,0.32675072367168156,0.2131747014174171,0.33982276593574007,False,False,False,False,3.0
ASUS Gaming Vivobook K3605zf Rp634w,asus,Intel,Core I5,12500.0,2.5,16.0,DDR4,,512.0,16.0,1920 x 1200,144.0,NVIDIA,1.8,"50WHrs, 3S1P, 3-cell Li-ion",20990000.0,data/cellphones/detail_htmls\asus_82_specs.html,RTX 2050,DISCRETE_GAMING,False,0.8,0.8,0.1039325842696629,0.3607544141252006,0.8487158908507223,0.1041666666666666,20.99,0.452,0.361,True,True,True,False,False,False,True,50.0,0.25111507582515613,0.8,0.25111507582515613,1,0.713,0.6956000000000001,0.3798870601088514,0.2804865847250005,0.38524649399398325,True,True,False,False,12.0
ASUS Vivoboook S 14 Oled S5406ma Pp198ws,asus,Intel,Core Ultra 7,155.0,1.4,16.0,LPDDR5X,,512.0,14.0,2880 x 1800,120.0,Intel,1.3,"75WHrs, 4S1P, 4-cell Li-ion",29990000.0,data/cellphones/detail_htmls\asus_83_specs.html,INTEL_GRAPHICS,INTEGRATED,False,0.8,0.8,0.0292937399678972,0.8900481540930979,0.2114767255216693,0.1666666666666666,29.99,0.415,0.89,True,True,True,True,False,True,False,75.0,0.7979482604817127,0.45,0.7979482604817127,1,0.49375,0.492,0.6578565060289269,0.8375082154061597,0.6087870707942491,False,False,True,True,1.0
ASUS Tuf Gaming F15 Fx506hf Hn078w,asus,Intel,Core I5,11260.0,2.9,16.0,DDR4,3200.0,1024.0,15.6,1920 x 1080,144.0,NVIDIA,2.3,"48WHrs, 3S1P, 3-cell Li-ion",20990000.0,data/cellphones/detail_htmls\asus_84_specs.html,RTX 2050,DISCRETE_GAMING,False,0.8,1.0,0.1235955056179775,0.1235955056179775,0.5842696629213483,0.1041666666666666,20.99,0.502,0.124,True,True,True,False,False,False,True,48.0,0.2149866190900981,0.8,0.2149866190900981,1,0.7254999999999999,0.7106,0.31215575078431174,0.21400936162535455,0.35897196017801125,True,True,False,False,11.0
ASUS Gaming Vivobook K3605zu Rp296w,asus,Intel,Core I5,12500.0,2.5,16.0,DDR4,,512.0,16.0,1920 x 1200,144.0,NVIDIA,1.8,"70WHrs, 3S1P, 3-cell Li-ion",28490000.0,data/cellphones/detail_htmls\asus_85_specs.html,RTX 4050,DISCRETE_GAMING,False,0.8,0.8,0.1039325842696629,0.3607544141252006,0.8487158908507223,0.15625,28.49,0.452,0.361,True,True,True,False,False,False,True,70.0,0.6882247992863515,1.0,0.6882247992863515,1,0.833,0.8056,0.4673090048010905,0.4334749879364188,0.45518404974777454,True,True,False,False,12.0
ASUS Vivobook S 14 Oled S5406ma Pp136w,asus,Intel,Core Ultra 5,125.0,1.2,16.0,LPDDR5X,,1024.0,14.0,2880 x 1800,120.0,Intel,1.3,"75WHrs, 4S1P, 4-cell Li-ion",26990000.0,data/cellphones/detail_htmls\asus_86_specs.html,INTEL_GRAPHICS,INTEGRATED,False,0.8,1.0,0.0128410914927768,0.8900481540930979,0.2114767255216693,0.1458333333333333,26.99,0.446,0.89,True,True,True,True,False,True,False,75.0,0.7979482604817127,0.45,0.7979482604817127,1,0.5015000000000001,0.5013000000000001,0.6718065060289269,0.8375082154061597,0.6259145707942491,False,False,True,True,1.0
ASUS Vivobook 14 Oled A1405va Km257w,asus,Intel,Core I5,13500.0,2.6,16.0,DDR4,,512.0,14.0,2880 x 1800,90.0,Intel,1.6,"50WHrs, 3S1P, 3-cell Li-ion",20990000.0,data/cellphones/detail_htmls\asus_87_specs.html,INTEL_IRIS_XE,INTEGRATED,False,0.8,0.8,0.1111556982343499,0.6087479935794542,0.2114767255216693,0.1041666666666666,20.99,0.456,0.609,True,True,True,False,False,True,False,50.0,0.25111507582515613,0.55,0.25111507582515613,1,0.5640000000000001,0.5593,0.4684848129178402,0.5195315285452252,0.47432447152207313,False,False,False,False,13.0
ASUS Expertbook B1402cba Nk2669w,asus,Intel,Core I5,1235.0,1.7,16.0,DDR4,,512.0,14.0,1920 x 1080,60.0,Intel,1.49,"42WHrs, 3S1P, 3-cell Li-ion",19990000.0,data/cellphones/detail_htmls\asus_88_specs.html,INTEL_UHD,INTEGRATED,False,0.8,0.8,0.0381219903691813,0.7150882825040128,0.2114767255216693,0.0972222222222222,19.99,0.419,0.715,True,True,True,True,False,True,False,42.0,0.11864406779661017,0.45,0.11864406779661017,1,0.49475,0.4931999999999999,0.4625597124357265,0.5210198057512855,0.459005831746334,False,False,False,False,12.0
ASUS Vivobook 15 X1504za Nj517w,asus,Intel,Core I5,1235.0,1.3,16.0,DDR4,,512.0,15.6,1920 x 1080,60.0,Intel,1.7,"42WHrs, 3S1P, 3-cell Li-ion",16490000.0,data/cellphones/detail_htmls\asus_89_specs.html,INTEL_IRIS_XE,INTEGRATED,False,0.8,0.8,0.0220706260032102,0.4438202247191011,0.5842696629213483,0.0729166666666666,16.49,0.411,0.444,True,True,True,False,False,False,True,42.0,0.11864406779661017,0.55,0.11864406779661017,1,0.5527500000000001,0.5458000000000001,0.36401589221100744,0.3243905922681394,0.3725352699485812,False,False,False,False,12.0
ASUS Vivobook 15 Oled A1505va L1201w,asus,Intel,Core I9,13900.0,2.6,16.0,DDR4,,512.0,15.6,1920 x 1080,60.0,Intel,1.7,"50WHrs, 3S1P, 3-cell Li-ion",24990000.0,data/cellphones/detail_htmls\asus_92_specs.html,INTEL_IRIS_XE,INTEGRATED,False,0.8,0.8,0.1111556982343499,0.4438202247191011,0.5842696629213483,0.1319444444444444,24.99,0.456,0.444,True,True,True,False,False,False,True,50.0,0.25111507582515613,0.55,0.25111507582515613,1,0.5640000000000001,0.5593,0.41076009381671663,0.37075544507813046,0.4185931312331486,False,False,False,False,13.0
ASUS Vivobook 14 Oled A1405za Km264w,asus,Intel,Core I5,12500.0,2.5,16.0,DDR4,,512.0,14.0,2880 x 1800,90.0,Intel,1.6,"50WHrs, 3S1P, 3-cell Li-ion",17990000.0,data/cellphones/detail_htmls\asus_91_specs.html,INTEL_IRIS_XE,INTEGRATED,False,0.8,0.8,0.1039325842696629,0.6087479935794542,0.2114767255216693,0.0833333333333333,17.99,0.452,0.609,True,True,True,False,False,True,False,50.0,0.25111507582515613,0.55,0.25111507582515613,1,0.563,0.5581,0.4666848129178402,0.5195315285452252,0.4721144715220731,False,False,False,False,12.0
ASUS Tuf Gaming A15 Fa507nu Lp140w,asus,AMD,Ryzen5,7535.0,4.5,16.0,DDR5,4800.0,2048.0,15.6,1920 x 1080,144.0,NVIDIA,2.2,"90WHrs, 4S1P, 4-cell Li-ion",25990000.0,data/cellphones/detail_htmls\asus_94_specs.html,RTX 4050,DISCRETE_GAMING,False,0.8,1.0,0.3029695024077046,0.1785714285714286,0.5842696629213483,0.1388888888888889,25.99,0.591,0.179,True,True,True,False,False,False,True,90.0,0.9402319357716324,1.0,0.9402319357716324,1,0.8677499999999999,0.8473,0.5164963871543266,0.4925843877929445,0.5377902517780357,True,True,False,False,7.0
ASUS Vivobook 15 X1504za Nj1039w,asus,Intel,Core I7,1255.0,1.7,16.0,DDR4,,512.0,15.6,1920 x 1080,60.0,Intel,1.7,"42WHrs, 3S1P, 3-cell Li-ion",17990000.0,data/cellphones/detail_htmls\asus_93_specs.html,INTEL_IRIS_XE,INTEGRATED,False,0.8,0.8,0.0381219903691813,0.4438202247191011,0.5842696629213483,0.0833333333333333,17.99,0.419,0.444,True,True,True,False,False,False,True,42.0,0.11864406779661017,0.55,0.11864406779661017,1,0.5547500000000001,0.5482,0.3676158922110074,0.3243905922681394,0.3769552699485812,False,False,False,False,12.0
ASUS Rog Strix G16 G614jv N4156w,asus,Intel,Core I7,13650.0,2.6,16.0,DDR5,4800.0,2048.0,16.0,2560x1600,240.0,NVIDIA,2.5,"90WHrs, 4S1P, 4-cell Li-ion",40990000.0,data/cellphones/detail_htmls\asus_97_specs.html,RTX 4060,DISCRETE_GAMING,False,0.8,1.0,0.1111556982343499,0.0553772070626003,0.8487158908507223,0.2430555555555555,40.99,0.496,0.055,True,True,True,False,True,False,True,90.0,0.9402319357716324,1.0,0.9402319357716324,1,0.844,0.8188000000000001,0.4306284096262366,0.384257742528097,0.4442343328374259,True,True,False,False,13.0
ASUS Vivobook Flip 14 Tp470ea Ec346w,asus,Intel,Core I3,1115.0,4.6,4.0,LPDDR4X,3200.0,512.0,14.0,1920 x 1080,,Intel,1.5,3 Cells 42WHrs,16590000.0,data/cellphones/detail_htmls\asus_96_specs.html,INTEL_UHD,INTEGRATED,False,0.4,0.8,0.4534510433386838,0.6898073836276084,0.2114767255216693,0.0736111111111111,16.59,0.507,0.69,True,True,True,True,False,True,False,42.0,0.11864406779661017,0.45,0.11864406779661017,1,0.45675,0.4596,0.493311397828985,0.5096434012569035,0.501368809274424,False,False,False,False,11.0
ASUS Tuf Gaming A15 Fa506nf Hn005w,asus,AMD,Ryzen5,7535.0,3.3,8.0,DDR5,4800.0,512.0,15.6,1920 x 1080,144.0,NVIDIA,2.3,"48WHrs, 3S1P, 3-cell Li-ion",19990000.0,data/cellphones/detail_htmls\asus_95_specs.html,RTX 2050,DISCRETE_GAMING,False,0.6,0.8,0.1432584269662921,0.1235955056179775,0.5842696629213483,0.0972222222222222,19.99,0.412,0.124,True,True,True,False,False,False,True,48.0,0.2149866190900981,0.8,0.2149866190900981,1,0.6729999999999999,0.6536000000000001,0.2716557507843117,0.21400936162535455,0.3092469601780112,True,True,False,False,7.0
ASUS Vivobook Pro M3401qa Km025w,asus,AMD,Ryzen7,5800.0,4.6,8.0,DDR4,3200.0,512.0,14.0,2880 x 1800,90.0,AMD,1.45,3 Cells 63WHrs,18600000.0,data/cellphones/detail_htmls\asus_99_specs.html,AMD_RADEON_GRAPHICS,INTEGRATED,False,0.6,0.8,0.4534510433386838,0.7387640449438202,0.2114767255216693,0.0875694444444444,18.6,0.567,0.739,True,True,True,True,False,True,False,63.0,0.6119536128456735,0.5,0.6119536128456735,1,0.53175,0.5351,0.6361081382994718,0.7043322396163709,0.6255651101580364,False,False,True,True,5.0
ASUS Zenbook Duo Ux8406ma Pz307w,asus,Intel,Core Ultra 7,155.0,1.4,16.0,LPDDR5X,,512.0,14.0,2880 x 1800,120.0,Intel,1.65,"75WHrs, 4S1P, 4-cell Li-ion",49990000.0,data/cellphones/detail_htmls\asus_98_specs.html,INTEL_GRAPHICS,INTEGRATED,False,0.8,0.8,0.0292937399678972,0.543338683788122,0.2114767255216693,0.3055555555555556,49.99,0.415,0.543,True,True,True,False,False,True,False,75.0,0.7979482604817127,0.45,0.7979482604817127,1,0.49375,0.492,0.5365081914221852,0.6814889537689204,0.5229764768937675,False,False,False,False,1.0
ASUS Vivobook Pro M3401qa Km006w,asus,AMD,Ryzen5,5600.0,4.6,8.0,DDR4,3200.0,512.0,14.0,2880 x 1800,,AMD,1.4,"3-cell Li-ion, 63 Wh",17800000.0,data/cellphones/detail_htmls\asus_101_specs.html,AMD_RADEON_GRAPHICS,INTEGRATED,False,0.6,0.8,0.4534510433386838,0.7885232744783306,0.2114767255216693,0.0820138888888888,17.8,0.567,0.789,True,True,True,True,False,True,False,63.0,0.6119536128456735,0.5,0.6119536128456735,1,0.53175,0.5351,0.6535238686365504,0.7267238929069006,0.6378805194678278,False,False,True,True,5.0
ASUS Expertbook B1 B1502cva Nj0149w,asus,Intel,Core I3,1315.0,1.2,8.0,DDR4,,512.0,15.6,1920 x 1080,60.0,Intel,1.69,"42WHrs, 3S1P, 3-cell Li-ion",12490000.0,data/cellphones/detail_htmls\asus_111_specs.html,INTEL_UHD,INTEGRATED,False,0.6,0.8,0.0128410914927768,0.4735152487961477,0.5842696629213483,0.0451388888888888,12.49,0.346,0.474,True,True,True,False,False,False,True,42.0,0.11864406779661017,0.45,0.11864406779661017,1,0.4465,0.4413,0.3451591506379737,0.33775335310281035,0.34397228840765026,False,False,False,False,13.0
ASUS Rog Strix G16 G614ji N4125w,asus,Intel,Core I7,13650.0,2.6,16.0,DDR5,4800.0,2048.0,16.0,2560 x 1600,240.0,NVIDIA,2.5,"90WHrs, 4S1P, 4-cell Li-ion",46990000.0,data/cellphones/detail_htmls\asus_119_specs.html,RTX 4070,DISCRETE_GAMING,False,0.8,1.0,0.1111556982343499,0.0553772070626003,0.8487158908507223,0.2847222222222222,46.99,0.496,0.055,True,True,True,False,True,False,True,90.0,0.9402319357716324,1.0,0.9402319357716324,1,0.844,0.8188000000000001,0.4306284096262366,0.384257742528097,0.4442343328374259,True,True,False,False,13.0
ACER Aspire Lite 16 Gen 2 Al16 52p 572a,acer,Intel,Core I5,1334.0,3.4,16.0,DDR5,4800.0,2048.0,16.0,1920 x 1200,60.0,Intel,1.7,58Whr 3-cell 65W PD Type-C Adapter,14790000.0,data/cellphones/detail_htmls\acer_1_specs.html,INTEL_IRIS_XE,INTEGRATED,False,0.8,1.0,0.1565008025682183,0.4438202247191011,0.8487158908507223,0.0611111111111111,14.79,0.518,0.444,True,True,True,False,False,False,True,58.0,0.5156110615521855,0.55,0.5156110615521855,1,0.5795,0.5779000000000001,0.4915592909621225,0.41043979449671597,0.4845896398322983,False,False,False,False,13.0
ACER Gaming Nitro Lite 16 Nl16 71g 71uj,acer,Intel,Core I7,13620.0,3.6,16.0,DDR5,4800.0,2048.0,16.0,1920 x 1200,165.0,NVIDIA,1.95,53Wh 3-cell Li-ion battery 100W Type C adapter,23990000.0,data/cellphones/detail_htmls\acer_4_specs.html,RTX 3050,DISCRETE_GAMING,False,0.8,1.0,0.1761637239165329,0.2732744783306581,0.8487158908507223,0.125,23.99,0.528,0.273,True,True,True,False,False,False,True,53.0,0.32292595896520965,0.9,0.32292595896520965,1,0.792,0.7734000000000001,0.39783125920877227,0.2662544227164751,0.4170749511872425,True,True,False,False,13.0
Gaming ACER Nitro V Anv15 51 57b2,acer,Intel,Core I5,13420.0,4.6,16.0,DDR5,5200.0,2048.0,15.6,1920 x 1080,144.0,NVIDIA,2.1,"4 Cell, 57 Whr",26990000.0,data/cellphones/detail_htmls\acer_3_specs.html,RTX 4050,DISCRETE_GAMING,False,0.8,1.0,0.4534510433386838,0.2231139646869984,0.5842696629213483,0.1458333333333333,26.99,0.667,0.223,True,True,True,False,False,False,True,57.0,0.4683318465655665,1.0,0.4683318465655665,1,0.88675,0.8701,0.47190625695356275,0.34746349782282787,0.5153005151936688,True,True,False,False,13.0
Gaming ACER Nitro V Anv15 41 R7ap,acer,AMD,Ryzen5,7535.0,3.3,16.0,DDR5,4800.0,4096.0,15.6,1920 x 1080,180.0,NVIDIA,2.1,57Whr 4-cell Adapter: 135W AC adapter,22990000.0,data/cellphones/detail_htmls\acer_2_specs.html,RTX 2050,DISCRETE_GAMING,False,0.8,1.0,0.1432584269662921,0.2231139646869984,0.5842696629213483,0.1180555555555555,22.99,0.512,0.223,True,True,True,False,False,False,True,57.0,0.4683318465655665,0.8,0.4683318465655665,1,0.728,0.7136,0.4021562569535628,0.34746349782282787,0.4296630151936689,True,True,False,False,7.0
ACER Gaming Aspire 7 A715 59g 57tu,acer,Intel,Core I5,12450.0,3.3,16.0,DDR4,3200.0,4096.0,15.6,1920 x 1080,144.0,NVIDIA,1.99,"Pin Li-ion 3 cell 54,8Wh Bộ đổi nguồn AC 150W",20490000.0,data/cellphones/detail_htmls\acer_0_specs.html,RTX 3050,DISCRETE_GAMING,False,0.8,1.0,0.1432584269662921,0.2536115569823435,0.5842696629213483,0.1006944444444444,20.49,0.512,0.254,True,True,True,False,False,False,True,54.8,0.3800178412132025,0.9,0.3800178412132025,1,0.788,0.7686000000000001,0.3951676131864607,0.3302775124824058,0.42308092843038847,True,True,False,False,12.0
ACER Aspire Go 15 Ag15 51p 3151,acer,Intel,Core I3,1215.0,1.2,8.0,DDR5,5600.0,2048.0,15.3,1920 x 1200,60.0,Intel,1.7,"53 Wh 3-cell, 65W PD PCR 50%, TCO 9.0 AC adapter",10990000.0,data/cellphones/detail_htmls\acer_6_specs.html,INTEL_UHD,INTEGRATED,False,0.6,1.0,0.0128410914927768,0.4438202247191011,0.4297752808988764,0.0347222222222222,10.99,0.386,0.444,True,True,True,False,False,False,False,53.0,0.32292595896520965,0.45,0.32292595896520965,1,0.4565,0.4533,0.39362227044472736,0.4267881305816436,0.39758764781645606,False,False,False,False,12.0
Gaming ACER Nitro V Anv15 51 72vs,acer,Intel,Core I7,13620.0,4.9,16.0,DDR5,5200.0,2048.0,15.6,1920 x 1080,144.0,NVIDIA,2.1,"4 cell, 57Wh",25990000.0,data/cellphones/detail_htmls\acer_8_specs.html,RTX 2050,DISCRETE_GAMING,False,0.8,1.0,0.7391653290529695,0.2231139646869984,0.5842696629213483,0.1388888888888889,25.99,0.81,0.223,True,True,True,False,False,False,True,57.0,0.4683318465655665,0.8,0.4683318465655665,1,0.8025,0.803,0.5362562569535628,0.34746349782282787,0.5943080151936688,True,True,False,False,13.0
ACER Gaming Nitro Lite 16 Nl16 71g 56wq,acer,Intel,Core I5,13420.0,3.4,16.0,DDR5,4800.0,2048.0,16.0,1920 x 1200,165.0,NVIDIA,1.95,Pin Li-ion 3 cell 53Wh Bộ chuyển đổi TypeC 100W,21990000.0,data/cellphones/detail_htmls\acer_9_specs.html,RTX 3050,DISCRETE_GAMING,False,0.8,1.0,0.1565008025682183,0.2732744783306581,0.8487158908507223,0.1111111111111111,21.99,0.518,0.273,True,True,True,False,False,False,True,53.0,0.32292595896520965,0.9,0.32292595896520965,1,0.7895,0.7704000000000001,0.39333125920877227,0.2662544227164751,0.4115499511872425,True,True,False,False,13.0
ACER Nitro V Anv15 41 R2up,acer,AMD,Ryzen5,6600.0,3.3,16.0,DDR5,4800.0,4096.0,15.6,1920 x 1080,165.0,NVIDIA,2.1,"57Whr 4-cell, 135W AC Adapter",18690000.0,data/cellphones/detail_htmls\acer_5_specs.html,RTX 2050,DISCRETE_GAMING,False,0.8,1.0,0.1432584269662921,0.2231139646869984,0.5842696629213483,0.0881944444444444,18.69,0.512,0.223,True,True,True,False,False,False,True,57.0,0.4683318465655665,0.8,0.4683318465655665,1,0.728,0.7136,0.4021562569535628,0.34746349782282787,0.4296630151936689,True,True,False,False,6.0
ACER Gaming Nitro V 15 Propanel Anv15 41 R7cr,acer,AMD,Ryzen5,7535.0,3.3,16.0,DDR5,4800.0,4096.0,15.6,1920 x 1080,180.0,NVIDIA,2.1,"57Whr 4-cell Li-ion Battery, 135W AC Adapter",26990000.0,data/cellphones/detail_htmls\acer_7_specs.html,RTX 4050,DISCRETE_GAMING,False,0.8,1.0,0.1432584269662921,0.2231139646869984,0.5842696629213483,0.1458333333333333,26.99,0.512,0.223,True,True,True,False,False,False,True,57.0,0.4683318465655665,1.0,0.4683318465655665,1,0.848,0.8236,0.4021562569535628,0.34746349782282787,0.4296630151936689,True,True,False,False,7.0
ACER Aspire Lite 14 Al14 71m 52gq,acer,Intel,Core I5,12500.0,4.5,16.0,DDR5,4800.0,2048.0,14.0,1920 x 1200,60.0,Intel,1.55,3 cell 58WHrs,15990000.0,data/cellphones/detail_htmls\acer_10_specs.html,INTEL_IRIS_XE,INTEGRATED,False,0.8,1.0,0.3029695024077046,0.641653290529695,0.2114767255216693,0.0694444444444444,15.99,0.591,0.642,True,True,True,True,False,True,False,58.0,0.5156110615521855,0.55,0.5156110615521855,1,0.59775,0.5998,0.5936508639958304,0.6269125071772939,0.5993753902335824,False,False,False,False,12.0
Gaming ACER Nitro V 15 Propanel Anv15 51 73bt,acer,Intel,Core I7,13620.0,3.6,16.0,DDR5,5200.0,4096.0,15.6,1920 x 1080,180.0,NVIDIA,2.1,57Whr 4-cell 135W 5.5 PHY Adapter,27990000.0,data/cellphones/detail_htmls\acer_12_specs.html,RTX 2050,DISCRETE_GAMING,False,0.8,1.0,0.1761637239165329,0.2231139646869984,0.5842696629213483,0.1527777777777778,27.99,0.528,0.223,True,True,True,False,False,False,True,57.0,0.4683318465655665,0.8,0.4683318465655665,1,0.732,0.7184,0.40935625695356276,0.34746349782282787,0.43850301519366885,True,True,False,False,13.0
ACER Gaming Nitro V 15 Propanel Anv15 41 R9m1,acer,AMD,Ryzen5,7535.0,3.3,16.0,DDR5,4800.0,4096.0,15.6,1920 x 1080,180.0,NVIDIA,2.1,Pin Li-ion 4 cell 57Whr Bộ đổi nguồn AC 135W,21990000.0,data/cellphones/detail_htmls\acer_11_specs.html,RTX 3050,DISCRETE_GAMING,False,0.8,1.0,0.1432584269662921,0.2231139646869984,0.5842696629213483,0.1111111111111111,21.99,0.512,0.223,True,True,True,False,False,False,True,57.0,0.4683318465655665,0.9,0.4683318465655665,1,0.788,0.7686000000000001,0.4021562569535628,0.34746349782282787,0.4296630151936689,True,True,False,False,7.0
ACER Aspire 3 A315 58 53s6,acer,Intel,Core I5,1135.0,2.4,8.0,DDR4,2400.0,2048.0,15.6,1920 x 1080,60.0,Intel,1.7,36.7 Wh 2-cell Li-ion battery,15990000.0,data/cellphones/detail_htmls\acer_14_specs.html,INTEL_IRIS_XE,INTEGRATED,False,0.6,1.0,0.095505617977528,0.4438202247191011,0.5842696629213483,0.0694444444444444,15.99,0.428,0.444,True,True,True,False,False,False,True,36.7,0.001784121320249777,0.55,0.001784121320249777,1,0.527,0.5209,0.3482939029157353,0.2834896110014133,0.3632301785123636,False,False,False,False,11.0
ACER Aspire Lite Gen 2 Al14 52m 32kv,acer,Intel,Core I3,1305.0,3.3,8.0,DDR5,4800.0,2048.0,14.0,1920 x 1200,60.0,Intel,1.5,Pin Li-ion 3 cell 58Wh Bộ chuyển đổi 65W PD Type C,9990000.0,data/cellphones/detail_htmls\acer_13_specs.html,INTEL_UHD,INTEGRATED,False,0.6,1.0,0.1432584269662921,0.6898073836276084,0.2114767255216693,0.0277777777777777,9.99,0.452,0.69,True,True,True,True,False,True,False,58.0,0.5156110615521855,0.45,0.5156110615521855,1,0.473,0.4730999999999999,0.5479547965801,0.6485818490713549,0.534496028275316,False,False,False,False,13.0
ACER Aspire Lite 15 Al15 41p R3u5,acer,AMD,Ryzen7,5700.0,1.8,16.0,DDR4,3200.0,2048.0,15.6,1920 x 1080,60.0,AMD,1.7,"Pin Li-ion 3 cell 58Wh, Bộ chuyển đổi 65W PD Type C",12990000.0,data/cellphones/detail_htmls\acer_15_specs.html,AMD_RADEON_GRAPHICS,INTEGRATED,False,0.8,1.0,0.0453451043338683,0.4438202247191011,0.5842696629213483,0.0486111111111111,12.99,0.463,0.444,True,True,True,False,False,False,True,58.0,0.5156110615521855,0.5,0.5156110615521855,1,0.53575,0.5339,0.4668092909621225,0.46332904008259074,0.46477998894947326,False,False,False,False,5.0
ACER Aspire Lite 16 Al16 51p 72s2,acer,Intel,Core I7,1255.0,3.5,24.0,DDR5,4800.0,2048.0,16.0,1920 x 1200,60.0,Intel,1.8,Li-ion Battery 58Whr 3-cell 65W PD Type-C Adapter,16990000.0,data/cellphones/detail_htmls\acer_17_specs.html,INTEL_IRIS_XE,INTEGRATED,False,0.8,1.0,0.1689406099518459,0.3607544141252006,0.8487158908507223,0.0763888888888889,16.99,0.524,0.361,True,True,True,False,False,False,True,58.0,0.5156110615521855,0.55,0.5156110615521855,1,0.581,0.5797000000000001,0.46518625725425733,0.3730601797294607,0.46734585171030796,False,False,False,False,12.0
ACER Aspire Lite 15 Al15 42p R08m,acer,AMD,Ryzen7,7730.0,2.0,16.0,DDR4,3200.0,2048.0,15.6,1920 x 1080,60.0,AMD,1.7,58Wh 3-cell Li-ion battery 65W Type-C Adapter,15490000.0,data/cellphones/detail_htmls\acer_16_specs.html,AMD_RADEON_GRAPHICS,INTEGRATED,False,0.8,1.0,0.0581861958266452,0.4438202247191011,0.5842696629213483,0.0659722222222222,15.49,0.469,0.444,True,True,True,False,False,False,True,58.0,0.5156110615521855,0.5,0.5156110615521855,1,0.53725,0.5357000000000001,0.46950929096212246,0.46332904008259074,0.4680949889494732,False,False,False,False,7.0
ACER Aspire Lite 15 Al15 71p 517d,acer,Intel,Core I5,12450.0,4.4,16.0,,4800.0,512.0,15.6,1920 x 1080,60.0,Intel,1.79,58Wh 3-cell Li-ion battery,15490000.0,data/cellphones/detail_htmls\acer_19_specs.html,INTEL_UHD,INTEGRATED,False,0.8,0.8,0.2451845906902086,0.3743980738362761,0.5842696629213483,0.0659722222222222,15.49,0.523,0.374,True,True,True,False,False,False,True,58.0,0.5156110615521855,0.45,0.5156110615521855,1,0.52075,0.5244,0.46951153815313373,0.4320890721853195,0.4807480066059741,False,False,False,False,12.0
ACER Gaming Aspire 7 A715 59g 73lb,acer,Intel,Core I7,12650.0,3.5,16.0,DDR4,3200.0,4096.0,15.6,1920 x 1080,144.0,NVIDIA,1.99,"Pin Li-ion 3 cell 54,8Wh Bộ đổi nguồn AC 150W",23990000.0,data/cellphones/detail_htmls\acer_18_specs.html,RTX 3050,DISCRETE_GAMING,False,0.8,1.0,0.1689406099518459,0.2536115569823435,0.5842696629213483,0.125,23.99,0.524,0.254,True,True,True,False,False,False,True,54.8,0.3800178412132025,0.9,0.3800178412132025,1,0.791,0.7722000000000001,0.4005676131864607,0.3302775124824058,0.4297109284303885,True,True,False,False,12.0
ACER Gaming Nitro V 15 Propanel Anv15 41 R0fe,acer,AMD,Ryzen7,7735.0,3.2,16.0,DDR5,4800.0,4096.0,15.6,1920 x 1080,180.0,NVIDIA,2.1,"57Whr 4-cell Li-ion Battery, 135W AC Adapter",25990000.0,data/cellphones/detail_htmls\acer_22_specs.html,RTX 3050,DISCRETE_GAMING,False,0.8,1.0,0.1380417335473515,0.2231139646869984,0.5842696629213483,0.1388888888888889,25.99,0.509,0.223,True,True,True,False,False,False,True,57.0,0.4683318465655665,0.9,0.4683318465655665,1,0.78725,0.7677,0.4008062569535627,0.34746349782282787,0.4280055151936688,True,True,False,False,7.0
ACER Aspire Lite Al16 51p 55n7,acer,Intel,Core I5,1235.0,3.3,16.0,DDR5,4800.0,2048.0,16.0,1920 x 1200,60.0,Intel,1.8,58Whr 3-cell 65W PD Type-C Adapter,14990000.0,data/cellphones/detail_htmls\acer_21_specs.html,INTEL_GRAPHICS,INTEGRATED,False,0.8,1.0,0.1432584269662921,0.3607544141252006,0.8487158908507223,0.0625,14.99,0.512,0.361,True,True,True,False,False,False,True,58.0,0.5156110615521855,0.45,0.5156110615521855,1,0.518,0.5211,0.4597862572542573,0.3730601797294607,0.46071585171030793,False,False,False,False,12.0
ACER Nitro V 15 Propanel Anv15 51 73uu,acer,Intel,Core I7,13620.0,3.6,16.0,DDR5,5200.0,4096.0,15.6,1920 x 1080,180.0,NVIDIA,2.1,"57Whr 4-cell, 135W 5.5 PHY Adapter",27990000.0,data/cellphones/detail_htmls\acer_20_specs.html,RTX 3050,DISCRETE_GAMING,False,0.8,1.0,0.1761637239165329,0.2231139646869984,0.5842696629213483,0.1527777777777778,27.99,0.528,0.223,True,True,True,False,False,False,True,57.0,0.4683318465655665,0.9,0.4683318465655665,1,0.792,0.7734000000000001,0.40935625695356276,0.34746349782282787,0.43850301519366885,True,True,False,False,13.0
ACER Gaming Predator Helios Neo 16 Ai Phn16 73 757w,acer,Intel,Core Ultra 7,255.0,4.5,32.0,DDR5,6400.0,1024.0,16.0,2560 x 1600,240.0,NVIDIA,2.7,Pin Li-ion 4 cell 90Wh Bộ đổi nguồn AC 230W,54990000.0,data/cellphones/detail_htmls\acer_23_specs.html,RTX 5060,DISCRETE_GAMING,False,1.0,1.0,0.3029695024077046,0.022471910112359605,0.8487158908507223,0.3402777777777778,54.99,0.651,0.022,True,True,True,False,True,False,True,90.0,0.9402319357716324,0.45,0.9402319357716324,1,0.58275,0.5928,0.4888615556936524,0.3694503589004887,0.5217277718422414,False,False,False,False,2.0
ACER Gaming Nitro V 15 Propanel Anv15 52 59aa,acer,Intel,Core I5,13420.0,3.4,16.0,DDR4,3200.0,2048.0,15.6,1920 x 1080,180.0,NVIDIA,2.1,Pin Li-ion 4 cell 76Wh Bộ chuyển đổi 135W 5.5PHY,28990000.0,data/cellphones/detail_htmls\acer_24_specs.html,RTX 5050,DISCRETE_GAMING,False,0.8,1.0,0.1565008025682183,0.2231139646869984,0.5842696629213483,0.1597222222222222,28.99,0.518,0.223,True,True,True,False,False,False,True,76.0,0.844335414808207,0.45,0.844335414808207,1,0.5195000000000001,0.5229,0.48005697060209085,0.479064746707752,0.4931385861124913,False,False,False,False,13.0
ACER Aspire Lite 15 Al15 72p 581v,acer,Intel,Core I5,13500.0,3.5,16.0,DDR5,4800.0,2048.0,15.6,1920 x 1080,60.0,Intel,1.79,Pin Li-ion 3 cell 58Wh Bộ đổi nguồn AC 90W,15990000.0,data/cellphones/detail_htmls\acer_27_specs.html,INTEL_UHD,INTEGRATED,False,0.8,1.0,0.1689406099518459,0.3743980738362761,0.5842696629213483,0.0694444444444444,15.99,0.524,0.374,True,True,True,False,False,False,True,58.0,0.5156110615521855,0.45,0.5156110615521855,1,0.521,0.5247,0.46996153815313374,0.4320890721853195,0.4813005066059741,False,False,False,False,13.0
ACER Aspire Lite 15 Al15 72p 7232,acer,Intel,Core I7,13620.0,3.6,16.0,DDR5,4800.0,2048.0,15.6,1920 x 1080,60.0,Intel,1.79,58Wh 3-cell Li-ion battery 90W AC adapter,16990000.0,data/cellphones/detail_htmls\acer_25_specs.html,INTEL_UHD,INTEGRATED,False,0.8,1.0,0.1761637239165329,0.3743980738362761,0.5842696629213483,0.0763888888888889,16.99,0.528,0.374,True,True,True,False,False,False,True,58.0,0.5156110615521855,0.45,0.5156110615521855,1,0.522,0.5259,0.47176153815313376,0.4320890721853195,0.4835105066059741,False,False,False,False,13.0
ACER Gaming Nitro V 15 Propanel Anv15 41 R0y4,acer,AMD,Ryzen7,7735.0,3.2,16.0,DDR5,4800.0,4096.0,15.6,1920 x 1080,180.0,NVIDIA,2.1,Pin Li-ion 4 cell 57Whr Bộ đổi nguồn AC 135W,26990000.0,data/cellphones/detail_htmls\acer_26_specs.html,RTX 4050,DISCRETE_GAMING,False,0.8,1.0,0.1380417335473515,0.2231139646869984,0.5842696629213483,0.1458333333333333,26.99,0.509,0.223,True,True,True,False,False,False,True,57.0,0.4683318465655665,1.0,0.4683318465655665,1,0.84725,0.8227000000000001,0.4008062569535627,0.34746349782282787,0.4280055151936688,True,True,False,False,7.0
ACER Gaming Nitro V 15 Propanel Anv15 52 72bm,acer,Intel,Core I7,13620.0,3.6,16.0,DDR4,3200.0,2048.0,15.6,1920 x 1080,180.0,NVIDIA,2.1,Pin Li-ion 4 cell 76Wh Bộ chuyển đổi 135W 5.5PHY,30990000.0,data/cellphones/detail_htmls\acer_28_specs.html,RTX 5050,DISCRETE_GAMING,False,0.8,1.0,0.1761637239165329,0.2231139646869984,0.5842696629213483,0.1736111111111111,30.99,0.528,0.223,True,True,True,False,False,False,True,76.0,0.844335414808207,0.45,0.844335414808207,1,0.522,0.5259,0.4845569706020909,0.479064746707752,0.4986635861124913,False,False,False,False,13.0
ACER Swift Lite 14 Ai Sfl14 51m 56hs,acer,Intel,Core Ultra 5,125.0,3.6,16.0,DDR5,4800.0,2048.0,14.0,1920 x 1200,60.0,Intel,1.27,58Whr 3-cell 65W PD Type-C Adapter,19990000.0,data/cellphones/detail_htmls\acer_29_specs.html,INTEL_GRAPHICS,INTEGRATED,False,0.8,1.0,0.1761637239165329,0.9073033707865168,0.2114767255216693,0.0972222222222222,19.99,0.528,0.907,True,True,True,True,False,True,False,58.0,0.5156110615521855,0.45,0.5156110615521855,1,0.522,0.5259,0.658278392085718,0.7464550432928636,0.6303162850971458,False,False,True,False,1.0
ACER Swift Lite 14 Ai Sfl14 51m 78xz,acer,Intel,Core Ultra 7,155.0,3.8,16.0,DDR5,5600.0,2048.0,14.0,1920 x 1200,60.0,Intel,1.27,58Whr 3-cell 65W PD Type-C Adapter,22990000.0,data/cellphones/detail_htmls\acer_32_specs.html,INTEL_GRAPHICS,INTEGRATED,False,0.8,1.0,0.1865971107544141,0.9073033707865168,0.2114767255216693,0.1180555555555555,22.99,0.533,0.907,True,True,True,True,False,True,False,58.0,0.5156110615521855,0.45,0.5156110615521855,1,0.52325,0.5274000000000001,0.6605283920857179,0.7464550432928636,0.6330787850971458,False,False,True,False,1.0
ACER Aspire Go 14 Ai Ag14 71m 57wr,acer,Intel,Core Ultra 5,125.0,3.6,16.0,DDR5,5600.0,2048.0,14.0,1920 x 1200,60.0,Intel,1.5,Pin Li-ion 3 cell 55 Wh Bộ chuyển đổi AC USB Type-C 65 W PD,18990000.0,data/cellphones/detail_htmls\acer_30_specs.html,INTEL_GRAPHICS,INTEGRATED,False,0.8,1.0,0.1761637239165329,0.6898073836276084,0.2114767255216693,0.0902777777777777,18.99,0.528,0.69,True,True,True,True,False,True,False,55.0,0.3862622658340767,0.45,0.3862622658340767,1,0.522,0.5259,0.5562850374364783,0.6033097705700168,0.5557902209604186,False,False,False,False,1.0
ACER Swift 14 Ai Sf14 51 53p9,acer,Intel,Core Ultra 5,226.0,3.5,16.0,LPDDR5X,8533.0,1024.0,14.0,2880 x 1800,90.0,Intel,1.26,"Pin Li-ion 3 cell 65 Wh 3 pin USB Type-C 65 W PD PCR 50%, Bộ đổi nguồn AC TCO 9.0",34990000.0,data/cellphones/detail_htmls\acer_31_specs.html,INTEL_GRAPHICS,INTEGRATED,False,0.8,1.0,0.1689406099518459,0.913322632423756,0.2114767255216693,0.2013888888888889,34.99,0.524,0.913,True,True,True,True,False,True,False,65.0,0.6418376449598573,0.45,0.6418376449598573,1,0.521,0.5247,0.6838304503402861,0.7933430152223064,0.6497923056975901,False,False,True,True,2.0
ACER Gaming Nitro V 16 Ai Propanel Anv16s 61 R9zv,acer,AMD,Ryzen AI 7,350.0,5.0,32.0,DDR5,5600.0,4096.0,16.0,2560 x 1600,180.0,NVIDIA,2.1,Pin Li-ion 4 cell 76Wh Bộ đổi nguồn AC 135W,44990000.0,data/cellphones/detail_htmls\acer_34_specs.html,RTX 5060,DISCRETE_GAMING,False,1.0,1.0,0.8138041733547352,0.2231139646869984,0.8487158908507223,0.2708333333333333,44.99,0.907,0.223,True,True,True,False,False,False,True,76.0,0.844335414808207,0.45,0.844335414808207,1,0.64675,0.6696000000000001,0.6551069706020909,0.42617550112187724,0.6974832369953163,True,True,True,False,3.0
ACER Swift 14 Ai Sf14 51 75vp,acer,Intel,Core Ultra 7,258.0,3.7,32.0,LPDDR5X,8533.0,1024.0,14.0,2880 x 1800,90.0,Intel,1.26,"Pin Li-ion 3 cell 65 Wh 3 pin USB Type-C 65 W PD PCR 50%, Bộ đổi nguồn AC TCO 9.0",39990000.0,data/cellphones/detail_htmls\acer_33_specs.html,INTEL_GRAPHICS,INTEGRATED,False,1.0,1.0,0.1813804173354735,0.913322632423756,0.2114767255216693,0.2361111111111111,39.99,0.591,0.913,True,True,True,True,False,True,False,65.0,0.6418376449598573,0.45,0.6418376449598573,1,0.56775,0.5748,0.713980450340286,0.7933430152223064,0.68680980569759,False,False,True,True,2.0
ACER Gaming Nitro 16 Ai Propanel An16s 61 R5f4,acer,AMD,Ryzen AI 7,350.0,3.5,16.0,DDR5,5600.0,4096.0,16.0,1920 x 1200,180.0,NVIDIA,2.18,Pin Li-ion 4 cell 76Wh Bộ đổi nguồn AC 230W,42990000.0,data/cellphones/detail_htmls\acer_42_specs.html,RTX 5060,DISCRETE_GAMING,False,0.8,1.0,0.1689406099518459,0.1910112359550562,0.8487158908507223,0.2569444444444444,42.99,0.524,0.191,True,True,True,False,False,False,True,76.0,0.844335414808207,0.45,0.844335414808207,1,0.521,0.5247,0.4715210155459111,0.41172927319250324,0.47793031163416066,False,False,False,False,3.0
ACER Gaming Nitro V 16 Ai Propanel Anv16s 61 R0b8,acer,AMD,Ryzen AI 5,340.0,4.8,16.0,DDR5,5600.0,4096.0,16.0,1920 x 1200,180.0,NVIDIA,2.1,Pin Li-ion 4 cell 76Wh Bộ đổi nguồn AC 135W,34990000.0,data/cellphones/detail_htmls\acer_47_specs.html,RTX 5050,DISCRETE_GAMING,False,0.8,1.0,0.6460674157303371,0.2231139646869984,0.8487158908507223,0.2013888888888889,34.99,0.763,0.223,True,True,True,False,False,False,True,76.0,0.844335414808207,0.45,0.844335414808207,1,0.58075,0.5964,0.5903069706020908,0.42617550112187724,0.6179232369953163,False,False,False,False,3.0
Gaming ACER Nitro 5 Tiger An515 58 52sp,acer,Intel,Core I5,12500.0,4.5,16.0,DDR4,3200.0,2048.0,15.6,1920 x 1080,144.0,NVIDIA,2.5,"4-cell, 57.5 Wh",27990000.0,data/cellphones/detail_htmls\acer_50_specs.html,RTX 3050,DISCRETE_GAMING,False,0.8,1.0,0.3029695024077046,0.0553772070626003,0.5842696629213483,0.1527777777777778,27.99,0.591,0.055,True,True,True,False,True,False,True,57.5,0.5004460303300624,0.9,0.5004460303300624,1,0.8077500000000001,0.7923,0.3854212285379226,0.2832219212094223,0.43693393708394956,True,True,False,False,12.0
ACER Gaming Aspire 7 A715 76 53pj,acer,Intel,Core I5,12450.0,4.4,16.0,DDR4,3200.0,1024.0,15.6,1920 x 1080,60.0,Intel,2.1,"3-cell, 50Wh",16990000.0,data/cellphones/detail_htmls\acer_51_specs.html,INTEL_UHD,INTEGRATED,False,0.8,1.0,0.2451845906902086,0.2231139646869984,0.5842696629213483,0.0763888888888889,16.99,0.563,0.223,True,True,True,False,False,False,True,50.0,0.25111507582515613,0.45,0.25111507582515613,1,0.53075,0.5364,0.38166290280548065,0.27143762806368427,0.4230858318752031,False,False,False,False,12.0
ACER Swift Go 14 Ai Sfg14 73 71zx,acer,Intel,Core Ultra 7,155.0,3.8,16.0,LPDDR5X,6400.0,512.0,14.0,2880 x 1800,120.0,Intel,1.3,"4 cell 65 Wh , Pin liền",26990000.0,data/cellphones/detail_htmls\acer_52_specs.html,INTEL_GRAPHICS,INTEGRATED,False,0.8,0.8,0.1865971107544141,0.8900481540930979,0.2114767255216693,0.1458333333333333,26.99,0.493,0.89,True,True,True,True,False,True,False,65.0,0.6418376449598573,0.45,0.6418376449598573,1,0.51325,0.5154000000000001,0.6617343829245557,0.7828694999735102,0.6269043723107521,False,False,True,True,1.0
ACER Gaming Aspire 5 A515 58gm 53pz,acer,Intel,Core I5,13420.0,3.4,16.0,DDR4,3200.0,2048.0,15.6,1920 x 1080,60.0,NVIDIA,1.7,50Wh Li-ion,20490000.0,data/cellphones/detail_htmls\acer_53_specs.html,RTX 2050,DISCRETE_GAMING,False,0.8,1.0,0.1565008025682183,0.4438202247191011,0.5842696629213483,0.1006944444444444,20.49,0.518,0.444,True,True,True,False,False,False,True,50.0,0.25111507582515613,0.8,0.25111507582515613,1,0.7294999999999999,0.7154,0.4386600938167166,0.37075544507813046,0.45284813123314854,True,True,False,False,13.0
ACER Aspire 7 A715 76g 5806,acer,Intel,Core I5,12450.0,2.0,16.0,DDR4,3200.0,1024.0,15.6,1920 x 1080,144.0,NVIDIA,2.1,"3-cell Li-ion, 50 Wh",22990000.0,data/cellphones/detail_htmls\acer_54_specs.html,RTX 3050,DISCRETE_GAMING,False,0.8,1.0,0.0581861958266452,0.2231139646869984,0.5842696629213483,0.1180555555555555,22.99,0.469,0.223,True,True,True,False,False,False,True,50.0,0.25111507582515613,0.9,0.25111507582515613,1,0.77725,0.7557,0.33936290280548065,0.27143762806368427,0.37115083187520315,True,True,False,False,12.0
Gaming ACER Nitro V Anv15 51 55ca,acer,Intel,Core I5,13420.0,4.6,16.0,DDR5,5200.0,2048.0,15.6,1920 x 1080,144.0,NVIDIA,2.1,"4 cell, 57Wh",27990000.0,data/cellphones/detail_htmls\acer_56_specs.html,RTX 4050,DISCRETE_GAMING,False,0.8,1.0,0.4534510433386838,0.2231139646869984,0.5842696629213483,0.1527777777777778,27.99,0.667,0.223,True,True,True,False,False,False,True,57.0,0.4683318465655665,1.0,0.4683318465655665,1,0.88675,0.8701,0.47190625695356275,0.34746349782282787,0.5153005151936688,True,True,False,False,13.0
Gaming ACER Nitro V Anv15 51 58an,acer,Intel,Core I5,13420.0,4.6,16.0,DDR5,5200.0,2048.0,15.6,1920 x 1080,144.0,NVIDIA,2.1,4 cell - 57 Wh,21490000.0,data/cellphones/detail_htmls\acer_55_specs.html,RTX 2050,DISCRETE_GAMING,False,0.8,1.0,0.4534510433386838,0.2231139646869984,0.5842696629213483,0.1076388888888889,21.49,0.667,0.223,True,True,True,False,False,False,True,57.0,0.4683318465655665,0.8,0.4683318465655665,1,0.7667499999999999,0.7601000000000001,0.47190625695356275,0.34746349782282787,0.5153005151936688,True,True,False,False,13.0
Gaming ACER Nitro 5 Eagle An515 57 54mv,acer,Intel,Core I5,11400.0,2.6,8.0,DDR4,3200.0,2048.0,15.6,1920 x 1080,144.0,NVIDIA,2.2,"4-cell, 57.5 Wh",26490000.0,data/cellphones/detail_htmls\acer_57_specs.html,RTX 3050,DISCRETE_GAMING,False,0.6,1.0,0.1111556982343499,0.1785714285714286,0.5842696629213483,0.1423611111111111,26.49,0.436,0.179,True,True,True,False,False,False,True,57.5,0.5004460303300624,0.9,0.5004460303300624,1,0.739,0.7158,0.3587892060660125,0.33865932088839507,0.3817870069073846,True,True,False,False,11.0
ACER Aspire 3 A314 42p R3b3,acer,AMD,Ryzen7,5700.0,4.3,16.0,LPDDR4X,,1024.0,14.0,1920 x 1200,60.0,AMD,1.4,3 cell 50 Wh,13990000.0,data/cellphones/detail_htmls\acer_59_specs.html,AMD_RADEON_GRAPHICS,INTEGRATED,False,0.8,1.0,0.2146869983948635,0.7885232744783306,0.2114767255216693,0.0555555555555555,13.99,0.547,0.789,True,True,True,True,False,True,False,50.0,0.25111507582515613,0.5,0.25111507582515613,1,0.55675,0.5591,0.5723561612324469,0.6004304049497196,0.569096353544545,False,False,False,False,5.0
ACER Aspire 3 Spin 14 A3sp14 31pt 387z,acer,Intel,Core I3,305.0,4.6,8.0,LPDDR5,,512.0,14.0,1920 x 1200,60.0,Intel,1.5,40Wh Li-ion battery,14990000.0,data/cellphones/detail_htmls\acer_61_specs.html,INTEL_UHD,INTEGRATED,False,0.6,0.8,0.4534510433386838,0.6898073836276084,0.2114767255216693,0.0625,14.99,0.567,0.69,True,True,True,True,False,True,False,40.0,0.0231935771632471,0.45,0.0231935771632471,1,0.50175,0.5075999999999999,0.5012212997023123,0.4762357295352264,0.5192467307730858,False,False,False,False,1.0
ACER Gaming Aspire 7 A715 76g 73fm,acer,Intel,Core I7,12650.0,4.6,16.0,DDR4,3200.0,1024.0,15.6,1920 x 1080,144.0,NVIDIA,2.1,50 Wh 3-cell Li-ion battery,23990000.0,data/cellphones/detail_htmls\acer_58_specs.html,RTX 2050,DISCRETE_GAMING,False,0.8,1.0,0.4534510433386838,0.2231139646869984,0.5842696629213483,0.125,23.99,0.667,0.223,True,True,True,False,False,False,True,50.0,0.25111507582515613,0.8,0.25111507582515613,1,0.7667499999999999,0.7601000000000001,0.4284629028054807,0.27143762806368427,0.48054583187520317,True,True,False,False,12.0
Gaming ACER Nitro 5 An515 58 52sp 43910,acer,Intel,Core I5,12500.0,3.3,8.0,DDR4,3200.0,2048.0,15.6,1920 x 1080,144.0,NVIDIA,2.5,"4-cell, 57.5 Wh",27990000.0,data/cellphones/detail_htmls\acer_60_specs.html,RTX 3050,DISCRETE_GAMING,False,0.6,1.0,0.1432584269662921,0.0553772070626003,0.5842696629213483,0.1527777777777778,27.99,0.452,0.055,True,True,True,False,True,False,True,57.5,0.5004460303300624,0.9,0.5004460303300624,1,0.743,0.7206,0.3228712285379226,0.2832219212094223,0.3601364370839496,True,True,False,False,12.0
Gaming ACER Nitro V Anv16 41 R6na,acer,AMD,Ryzen7,8845.0,3.8,16.0,DDR5,5600.0,2048.0,16.0,1920 x 1200,165.0,NVIDIA,2.5,57Whr 4-cell Adapter: 135W AC adapter,34990000.0,data/cellphones/detail_htmls\acer_65_specs.html,RTX 4060,DISCRETE_GAMING,False,0.8,1.0,0.1865971107544141,0.0553772070626003,0.8487158908507223,0.2013888888888889,34.99,0.533,0.055,True,True,True,False,True,False,True,57.0,0.4683318465655665,1.0,0.4683318465655665,1,0.85325,0.8299000000000001,0.3528983917850234,0.21909271130597394,0.38917281856445535,True,True,False,False,8.0
Gaming ACER Nitro V Anv16 41 R7en,acer,AMD,Ryzen7,8845.0,3.8,16.0,DDR5,5600.0,4096.0,16.0,1920 x 1200,165.0,NVIDIA,2.5,57Whr 4-cell Adapter: 135W AC adapter,28790000.0,data/cellphones/detail_htmls\acer_63_specs.html,RTX 3050,DISCRETE_GAMING,False,0.8,1.0,0.1865971107544141,0.0553772070626003,0.8487158908507223,0.1583333333333333,28.79,0.533,0.055,True,True,True,False,True,False,True,57.0,0.4683318465655665,0.9,0.4683318465655665,1,0.79325,0.7749,0.3528983917850234,0.21909271130597394,0.38917281856445535,True,True,False,False,8.0
Gaming ACER Nitro V Anv16 41 R36y,acer,AMD,Ryzen7,8845.0,3.8,16.0,DDR5,5600.0,2048.0,16.0,1920 x 1200,165.0,NVIDIA,2.5,57Whr 4-cell Adapter: 135W AC adapter,31990000.0,data/cellphones/detail_htmls\acer_66_specs.html,RTX 4050,DISCRETE_GAMING,False,0.8,1.0,0.1865971107544141,0.0553772070626003,0.8487158908507223,0.1805555555555555,31.99,0.533,0.055,True,True,True,False,True,False,True,57.0,0.4683318465655665,1.0,0.4683318465655665,1,0.85325,0.8299000000000001,0.3528983917850234,0.21909271130597394,0.38917281856445535,True,True,False,False,8.0
Gaming ACER Nitro V Anv16 41 R6zy,acer,AMD,Ryzen5,8645.0,4.3,16.0,DDR5,5600.0,4096.0,16.0,1920 x 1200,165.0,NVIDIA,2.5,57Whr 4-cell Adapter: 135W AC adapter,27490000.0,data/cellphones/detail_htmls\acer_79_specs.html,RTX 3050,DISCRETE_GAMING,False,0.8,1.0,0.2146869983948635,0.0553772070626003,0.8487158908507223,0.1493055555555555,27.49,0.547,0.055,True,True,True,False,True,False,True,57.0,0.4683318465655665,0.9,0.4683318465655665,1,0.7967500000000001,0.7791,0.35919839178502344,0.21909271130597394,0.3969078185644554,True,True,False,False,8.0
ACER Gaming Aspire 7 A715 76 728x,acer,Intel,Core I7,12650.0,3.5,16.0,DDR4,,512.0,15.6,1920 x 1080,60.0,Intel,2.1,,19990000.0,data/cellphones/detail_htmls\acer_82_specs.html,INTEL_UHD,INTEGRATED,False,0.8,0.8,0.1689406099518459,0.2231139646869984,0.5842696629213483,0.0972222222222222,19.99,0.484,0.223,True,True,True,False,False,False,True,,,0.45,,0,0.511,0.5127,0.3958898876404494,0.3585473515248796,0.41925991974317817,False,False,False,False,12.0
ACER Aspire 5 A515 58p 56rp,acer,Intel,Core I5,1335.0,3.4,16.0,LPDDR5,,2048.0,15.6,1920 x 1080,,Intel,1.7,50Wh Li-ion battery,16990000.0,data/cellphones/detail_htmls\acer_85_specs.html,INTEL_UHD,INTEGRATED,False,0.8,1.0,0.1565008025682183,0.4438202247191011,0.5842696629213483,0.0763888888888889,16.99,0.518,0.444,True,True,True,False,False,False,True,50.0,0.25111507582515613,0.45,0.25111507582515613,1,0.5195000000000001,0.5229,0.4386600938167166,0.37075544507813046,0.45284813123314854,False,False,False,False,13.0
ACER Aspire 5 A514 56p 55k5,acer,Intel,Core I5,1335.0,1.3,16.0,LPDDR5,6400.0,512.0,14.0,1200 x 1920,,Intel,1.5,"3 cell 50 Wh , Pin liền",16990000.0,data/cellphones/detail_htmls\acer_87_specs.html,INTEL_IRIS_XE,INTEGRATED,False,0.8,0.8,0.0220706260032102,0.6898073836276084,0.2114767255216693,0.0763888888888889,16.99,0.411,0.69,True,True,True,True,False,True,False,50.0,0.25111507582515613,0.55,0.25111507582515613,1,0.5527500000000001,0.5458000000000001,0.47660559943469416,0.5560082540668946,0.46952417055899126,False,False,False,False,13.0
MSI Katana 15 B13vfk 676vn,msi,Intel,Core I7,13620.0,3.6,16.0,DDR5,5200.0,1024.0,15.6,1920 x 1080,144.0,NVIDIA,2.25,"3 cell, 53.5Whr",30990000.0,data/cellphones/detail_htmls\msi_1_specs.html,RTX 4060,DISCRETE_GAMING,False,0.8,1.0,0.1761637239165329,0.1492776886035313,0.5842696629213483,0.1736111111111111,30.99,0.528,0.149,True,True,True,False,False,False,True,53.5,0.33719892952720787,1.0,0.33719892952720787,1,0.852,0.8284,0.35728697691667755,0.26834065262184215,0.3992472701368733,True,True,False,False,13.0
MSI Katana 15 B13udxk 2270vn 16gb,msi,Intel,Core I5,13500.0,2.6,16.0,DDR5,5200.0,1024.0,15.6,1920 x 1080,144.0,NVIDIA,2.25,3-Cell,22990000.0,data/cellphones/detail_htmls\msi_0_specs.html,RTX 3050,DISCRETE_GAMING,False,0.8,1.0,0.1111556982343499,0.1492776886035313,0.5842696629213483,0.1180555555555555,22.99,0.496,0.149,True,True,True,False,False,False,True,,,0.9,,0,0.784,0.7638,0.3754471910112359,0.32532102728731943,0.40761544141252004,True,True,False,False,13.0
MSI Modern 14 C12mo 660vn,msi,Intel,Core I5,1235.0,4.4,16.0,DDR4,3200.0,512.0,14.0,1920 x 1080,,Intel,1.4,39Wh,15990000.0,data/cellphones/detail_htmls\msi_4_specs.html,INTEL_IRIS_XE,INTEGRATED,False,0.8,0.8,0.2451845906902086,0.7885232744783306,0.2114767255216693,0.0694444444444444,15.99,0.523,0.789,True,True,True,True,False,True,False,39.0,0.01784121320249777,0.55,0.01784121320249777,1,0.58075,0.5794,0.5149013887079154,0.5187845530317892,0.5185125355249197,False,False,False,False,12.0
MSI Gaming Katana A15 Ai B8ve 402vn,msi,AMD,Ryzenr7,8845.0,4.6,16.0,DDR5,5600.0,512.0,15.6,1920 x 1080,144.0,NVIDIA,2.25,3-Cell 53.5 Battery (Whr),28990000.0,data/cellphones/detail_htmls\msi_2_specs.html,RTX 4050,DISCRETE_GAMING,False,0.8,0.8,0.4534510433386838,0.1492776886035313,0.5842696629213483,0.1597222222222222,28.99,0.627,0.149,True,True,True,False,False,False,True,53.5,0.33719892952720787,1.0,0.33719892952720787,1,0.87675,0.8581,0.4018369769166776,0.26834065262184215,0.45394477013687334,True,True,False,False,8.0
MSI Katana 15 Hx B14wek 286vn,msi,Intel,Core I5,14450.0,4.6,16.0,DDR5,5600.0,4096.0,15.6,2560 x 1440,165.0,NVIDIA,2.4,4 cell 75 Whrs,33690000.0,data/cellphones/detail_htmls\msi_3_specs.html,RTX 5050,DISCRETE_GAMING,False,0.8,1.0,0.4534510433386838,0.0830658105939005,0.5842696629213483,0.1923611111111111,33.69,0.667,0.083,True,True,True,False,True,False,True,75.0,0.7979482604817127,0.45,0.7979482604817127,1,0.5567500000000001,0.5676,0.4888126858042078,0.39980757335158496,0.5333772232822105,False,False,False,False,14.0
MSI Modern 14 F13mg 240vncp,msi,Intel,Core I5,1335.0,4.6,16.0,DDR4,3200.0,512.0,14.0,1920 x 1080,60.0,Intel,1.5,3 Cell Int (46.8Wh),14590000.0,data/cellphones/detail_htmls\msi_8_specs.html,INTEL_GRAPHICS,INTEGRATED,False,0.8,0.8,0.4534510433386838,0.6898073836276084,0.2114767255216693,0.0597222222222222,14.59,0.627,0.69,True,True,True,True,False,True,False,46.8,0.1694915254237288,0.45,0.1694915254237288,1,0.5467500000000001,0.5556,0.5574808893544088,0.5274400114263951,0.575804402494763,False,False,False,False,13.0
MSI Gaming Thin 15 B13uc 3247vn,msi,Intel,Core I5,13420.0,4.6,16.0,DDR4,3200.0,4096.0,15.6,1920 x 1080,144.0,NVIDIA,1.86,3CELLS/3S1P,19590000.0,data/cellphones/detail_htmls\msi_5_specs.html,RTX 3050,DISCRETE_GAMING,False,0.8,1.0,0.4534510433386838,0.3230337078651685,0.5842696629213483,0.0944444444444444,19.59,0.667,0.323,True,True,True,False,False,False,True,,,0.9,,0,0.82675,0.8151,0.513211797752809,0.40351123595505617,0.5450975561797753,True,True,False,False,13.0
MSI Katana 15 B13vek 2256vn,msi,Intel,Core I7,13620.0,4.6,16.0,DDR5,5200.0,512.0,15.6,1920 x 1080,144.0,NVIDIA,2.25,"3-cell, 53.5WHr",26990000.0,data/cellphones/detail_htmls\msi_7_specs.html,RTX 4050,DISCRETE_GAMING,False,0.8,0.8,0.4534510433386838,0.1492776886035313,0.5842696629213483,0.1458333333333333,26.99,0.627,0.149,True,True,True,False,False,False,True,53.5,0.33719892952720787,1.0,0.33719892952720787,1,0.87675,0.8581,0.4018369769166776,0.26834065262184215,0.45394477013687334,True,True,False,False,13.0
MSI Stealth A16 Ai A3xwfg 018vn RYZEN Ai 9,msi,AMD,Ryzen AI 9,370.0,2.0,32.0,DDR5,5600.0,1024.0,16.0,2560 x 1600,240.0,NVIDIA,2.1,4 cell / 99.9 Whr,63690000.0,data/cellphones/detail_htmls\msi_6_specs.html,RTX 5060,DISCRETE_GAMING,False,1.0,1.0,0.0581861958266452,0.2231139646869984,0.8487158908507223,0.4006944444444444,63.69,0.529,0.223,True,True,True,False,False,False,True,99.9,0.983942908117752,0.45,0.983942908117752,1,0.55225,0.5562,0.5129284692639998,0.47503812378021804,0.5109754359248435,False,False,False,False,3.0
MSI Gaming Thin 15 B13uc 2081vn,msi,Intel,Core I5,13420.0,4.6,16.0,DDR4,3200.0,512.0,15.6,1920 x 1080,144.0,NVIDIA,1.86,3-Cell 52.4 Battery (Whr),20990000.0,data/cellphones/detail_htmls\msi_9_specs.html,RTX 3050,DISCRETE_GAMING,False,0.8,0.8,0.4534510433386838,0.3230337078651685,0.5842696629213483,0.1041666666666666,20.99,0.627,0.323,True,True,True,False,False,False,True,52.4,0.2925958965209634,0.9,0.2925958965209634,1,0.81675,0.8031,0.45373097705700166,0.3309197997373933,0.4898128996231294,True,True,False,False,13.0
MSI Stealth A16 Ai A3xwhg 085vn RYZEN Ai 9,msi,AMD,Ryzen AI 9,370.0,4.6,32.0,LPDDR5X,,1024.0,16.0,2560 x 1600,240.0,NVIDIA,2.1,"4-cell, 99.9 Whr",73990000.0,data/cellphones/detail_htmls\msi_12_specs.html,RTX 5070,DISCRETE_GAMING,False,1.0,1.0,0.4534510433386838,0.2231139646869984,0.8487158908507223,0.4722222222222222,73.99,0.727,0.223,True,True,True,False,False,False,True,99.9,0.983942908117752,0.45,0.983942908117752,1,0.60175,0.6156,0.6020284692639999,0.47503812378021804,0.6203704359248435,True,True,True,False,3.0
MSI Cyborg 15 A13uc 2082vn,msi,Intel,Core I7,13620.0,4.6,16.0,DDR5,5600.0,4096.0,15.6,1920 x 1080,144.0,NVIDIA,1.98,3 Cells 53.5 Whrs,20990000.0,data/cellphones/detail_htmls\msi_11_specs.html,RTX 3050,DISCRETE_GAMING,False,0.8,1.0,0.4534510433386838,0.2604333868378812,0.5842696629213483,0.1041666666666666,20.99,0.667,0.26,True,True,True,False,False,False,True,53.5,0.33719892952720787,0.9,0.33719892952720787,1,0.82675,0.8151,0.4587414712987,0.3183607168272996,0.5035558054498749,True,True,False,False,13.0
MSI Modern 14 F13mg 466vn,msi,Intel,Core I5,1334.0,1.3,24.0,DDR4,3200.0,512.0,14.0,1920 x 1080,60.0,Intel,1.5,"3-cell, 46.8 Wh",15990000.0,data/cellphones/detail_htmls\msi_10_specs.html,INTEL_IRIS_XE,INTEGRATED,False,0.8,0.8,0.0220706260032102,0.6898073836276084,0.2114767255216693,0.0694444444444444,15.99,0.411,0.69,True,True,True,True,False,True,False,46.8,0.1694915254237288,0.55,0.1694915254237288,1,0.5527500000000001,0.5458000000000001,0.4602808893544087,0.5274400114263951,0.45646440249476294,False,False,False,False,13.0
MSI Gaming Thin 15 B13ve 2824vn,msi,Intel,Core I5,13420.0,4.6,16.0,DDR4,3200.0,512.0,15.6,1920 x 1080,144.0,NVIDIA,1.86,"3-cell, 52.4WHr",22990000.0,data/cellphones/detail_htmls\msi_13_specs.html,RTX 4050,DISCRETE_GAMING,False,0.8,0.8,0.4534510433386838,0.3230337078651685,0.5842696629213483,0.1180555555555555,22.99,0.627,0.323,True,True,True,False,False,False,True,52.4,0.2925958965209634,1.0,0.2925958965209634,1,0.87675,0.8581,0.45373097705700166,0.3309197997373933,0.4898128996231294,True,True,False,False,13.0
MSI Katana 15 B13udxk 2411vn,msi,Intel,Core I7,13620.0,4.9,16.0,DDR5,5200.0,512.0,15.6,1920 x 1080,144.0,NVIDIA,2.304,3 Cell Int (53.5Wh),24490000.0,data/cellphones/detail_htmls\msi_14_specs.html,RTX 3050,DISCRETE_GAMING,False,0.8,0.8,0.7391653290529695,0.115569823434992,0.5842696629213483,0.1284722222222222,24.49,0.77,0.116,True,True,True,False,True,False,True,53.5,0.33719892952720787,0.9,0.33719892952720787,1,0.8525,0.846,0.45438922410768884,0.2531721132959995,0.5246095735076599,True,True,False,False,13.0
MSI Katana 15 B13udxk 2269vn 16gb,msi,Intel,Core I7,13620.0,2.4,16.0,DDR5,5200.0,1024.0,15.6,1920 x 1080,144.0,NVIDIA,2.25,3-Cell,24990000.0,data/cellphones/detail_htmls\msi_17_specs.html,RTX 3050,DISCRETE_GAMING,False,0.8,1.0,0.095505617977528,0.1492776886035313,0.5842696629213483,0.1319444444444444,24.99,0.488,0.149,True,True,True,False,False,False,True,,,0.9,,0,0.782,0.7614000000000001,0.371847191011236,0.32532102728731943,0.40319544141252006,True,True,False,False,13.0
MSI Cyborg 15 B2rwekg 402vn,msi,Intel,Core 5,210.0,4.8,16.0,DDR5,5200.0,512.0,15.6,1920 x 1080,144.0,NVIDIA,2.207,4 Cell Int (55.2Wh),27690000.0,data/cellphones/detail_htmls\msi_16_specs.html,RTX 5050,DISCRETE_GAMING,False,0.8,0.8,0.6460674157303371,0.1677367576243981,0.5842696629213483,0.1506944444444444,27.69,0.723,0.168,True,True,True,False,False,False,True,55.2,0.39295272078501337,0.45,0.39295272078501337,1,0.57075,0.5844,0.46264840932554196,0.29616106062146413,0.5204739963207867,False,False,False,False,1.0
MSI Katana 15 B13udxk 2213vn,msi,Intel,Core I5,13500.0,3.5,16.0,DDR5,5200.0,1024.0,15.6,1920 x 1080,144.0,NVIDIA,2.25,"3 cell, 53.5Whr",23490000.0,data/cellphones/detail_htmls\msi_18_specs.html,RTX 3050,DISCRETE_GAMING,False,0.8,1.0,0.1689406099518459,0.1492776886035313,0.5842696629213483,0.1215277777777777,23.49,0.524,0.149,True,True,True,False,False,False,True,53.5,0.33719892952720787,0.9,0.33719892952720787,1,0.791,0.7722000000000001,0.3554869769166776,0.26834065262184215,0.39703727013687334,True,True,False,False,13.0
MSI Katana 15 Hx B14wek 027vn,msi,Intel,Core I7,14650.0,2.2,32.0,DDR5,5600.0,512.0,15.6,2560 x 1440,165.0,NVIDIA,2.4,"4 cell 75 Wh , Pin liền",37690000.0,data/cellphones/detail_htmls\msi_15_specs.html,INTEL_UHD,INTEGRATED,False,1.0,0.8,0.081059390048154,0.0830658105939005,0.5842696629213483,0.2201388888888888,37.69,0.501,0.083,True,True,True,False,True,False,True,75.0,0.7979482604817127,0.45,0.7979482604817127,1,0.54525,0.5478000000000001,0.41411268580420774,0.39980757335158496,0.44166222328221044,False,False,False,False,14.0
MSI Gaming Thin 15 B13uc 1411vn 24gb,msi,Intel,Core I7,13620.0,4.6,24.0,DDR4,3200.0,512.0,15.6,1920 x 1080,144.0,NVIDIA,1.86,"3-cell, 52.4WHr",20990000.0,data/cellphones/detail_htmls\msi_19_specs.html,RTX 3050,DISCRETE_GAMING,False,0.8,0.8,0.4534510433386838,0.3230337078651685,0.5842696629213483,0.1041666666666666,20.99,0.627,0.323,True,True,True,False,False,False,True,52.4,0.2925958965209634,0.9,0.2925958965209634,1,0.81675,0.8031,0.45373097705700166,0.3309197997373933,0.4898128996231294,True,True,False,False,13.0
MSI Cyborg 14 A13udx 099vn,msi,Intel,Core I7,13620.0,4.9,16.0,DDR5,5200.0,512.0,14.0,1920 x 1200,144.0,NVIDIA,1.6,"3 cell, 53.5Whr",25390000.0,data/cellphones/detail_htmls\msi_20_specs.html,RTX 3050,DISCRETE_GAMING,False,0.8,0.8,0.7391653290529695,0.6087479935794542,0.2114767255216693,0.1347222222222222,25.39,0.77,0.609,True,True,True,False,False,True,False,53.5,0.33719892952720787,0.9,0.33719892952720787,1,0.8525,0.846,0.6270015836582505,0.5496608773409433,0.6615828881144014,True,True,True,False,13.0
MSI Modern 14 C12m 241vn,msi,Intel,Core I7,1255.0,4.7,8.0,DDR4,3200.0,512.0,14.0,1920 x 1080,60.0,Intel,1.4,39 Wh,19990000.0,data/cellphones/detail_htmls\msi_21_specs.html,INTEL_IRIS_XE,INTEGRATED,False,0.6,0.8,0.5714285714285714,0.7885232744783306,0.2114767255216693,0.0972222222222222,19.99,0.626,0.789,True,True,True,True,False,True,False,39.0,0.01784121320249777,0.55,0.01784121320249777,1,0.5765,0.5803,0.5612513887079152,0.5187845530317892,0.5754200355249197,False,False,False,False,12.0
MSI Venture 14 Ai A1mg 005vn,msi,Intel,Core Ultra 5,125.0,4.6,16.0,DDR5,5600.0,512.0,14.0,2880 x 1800,120.0,Intel,1.7,"4-cell, 55.2WHr",24490000.0,data/cellphones/detail_htmls\msi_23_specs.html,INTEL_GRAPHICS,INTEGRATED,False,0.8,0.8,0.4534510433386838,0.4438202247191011,0.2114767255216693,0.1284722222222222,24.49,0.627,0.444,True,True,True,False,False,True,False,55.2,0.39295272078501337,0.45,0.39295272078501337,1,0.5467500000000001,0.5556,0.5160776228086881,0.4949572082940163,0.5506763719227129,False,False,False,False,1.0
MSI Katana 15 Hx B14wek 295vn,msi,Intel,Core I9,14900.0,1.6,16.0,DDR5,5600.0,512.0,15.6,2560 x 1440,165.0,NVIDIA,2.4,4 cell / 75 Whr,37690000.0,data/cellphones/detail_htmls\msi_22_specs.html,RTX 5050,DISCRETE_GAMING,False,0.8,0.8,0.0329052969502407,0.0830658105939005,0.5842696629213483,0.2201388888888888,37.69,0.416,0.083,True,True,True,False,True,False,True,75.0,0.7979482604817127,0.45,0.7979482604817127,1,0.494,0.4923,0.3758626858042078,0.39980757335158496,0.3946997232822105,False,False,False,False,14.0
MSI Katana 15 Hx B14wfk 294vn,msi,Intel,Core I9,14900.0,1.6,16.0,DDR5,5600.0,512.0,15.6,2560 x 1440,165.0,NVIDIA,2.4,4 cell / 75 Whr,40190000.0,data/cellphones/detail_htmls\msi_24_specs.html,RTX 5060,DISCRETE_GAMING,False,0.8,0.8,0.0329052969502407,0.0830658105939005,0.5842696629213483,0.2375,40.19,0.416,0.083,True,True,True,False,True,False,True,75.0,0.7979482604817127,0.45,0.7979482604817127,1,0.494,0.4923,0.3758626858042078,0.39980757335158496,0.3946997232822105,False,False,False,False,14.0
MSI Prestige 14 Ai Studio C1udxg 058vn,msi,Intel,Core Ultra 7,155.0,4.8,16.0,DDR5,5600.0,1024.0,14.0,1920 x 1200,144.0,NVIDIA,1.7,4-Cell 90 Whrs,30990000.0,data/cellphones/detail_htmls\msi_25_specs.html,RTX 3050,DISCRETE_GAMING,False,0.8,1.0,0.6460674157303371,0.4438202247191011,0.2114767255216693,0.1736111111111111,30.99,0.763,0.444,True,True,True,False,False,True,False,90.0,0.9402319357716324,0.9,0.9402319357716324,1,0.85075,0.8439,0.6867334658060119,0.686504933539333,0.713381046320572,True,True,True,False,1.0
MSI Katana 15 Hx B14wgk 022vn,msi,Intel,Core I9,14900.0,1.6,32.0,DDR5,5600.0,1024.0,15.6,2560 x 1440,165.0,NVIDIA,2.4,4 cell / 75 Whr,48090000.0,data/cellphones/detail_htmls\msi_26_specs.html,RTX 5070,DISCRETE_GAMING,False,1.0,1.0,0.0329052969502407,0.0830658105939005,0.5842696629213483,0.2923611111111111,48.09,0.516,0.083,True,True,True,False,True,False,True,75.0,0.7979482604817127,0.45,0.7979482604817127,1,0.549,0.5523,0.42086268580420777,0.39980757335158496,0.4499497232822105,False,False,False,False,14.0
MSI Vector 16 Hx Ai A2xwhg 010vn,msi,Intel,Core Ultra 7,255.0,5.2,16.0,DDR5,5600.0,512.0,16.0,2560 x 1600,240.0,NVIDIA,2.7,4-Cell 90 Whrs (Whr),54990000.0,data/cellphones/detail_htmls\msi_29_specs.html,RTX 5070,DISCRETE_GAMING,False,0.8,0.8,0.914526484751204,0.022471910112359605,0.8487158908507223,0.3402777777777778,54.99,0.857,0.022,True,True,True,False,True,False,True,90.0,0.9402319357716324,0.45,0.9402319357716324,1,0.60425,0.6246,0.5815615556936523,0.3694503589004887,0.6355427718422413,True,True,False,False,2.0
MSI Prestige 16 Ai Evo B2vmg 016vn,msi,Intel,Core Ultra 9,288.0,4.6,32.0,LPDDR5X,8533.0,1024.0,16.0,3840 x 2400,60.0,Intel,1.5,"4-cell, 99.9WHr",45990000.0,data/cellphones/detail_htmls\msi_27_specs.html,INTEL_GRAPHICS,INTEGRATED,False,1.0,1.0,0.4534510433386838,0.6898073836276084,0.8487158908507223,0.2777777777777778,45.99,0.727,0.69,True,True,True,True,False,False,True,99.9,0.983942908117752,0.45,0.983942908117752,1,0.60175,0.6156,0.7653711658932133,0.6850501623034926,0.7358770571126445,True,True,True,False,2.0
MSI Sword 16 Hx B14vfkg 045vn,msi,Intel,Core I7,14700.0,2.1,16.0,DDR5,5600.0,1024.0,16.0,2560 x 1600,240.0,NVIDIA,2.3,"4 cell 65 Wh, pin liền",38990000.0,data/cellphones/detail_htmls\msi_28_specs.html,RTX 4060,DISCRETE_GAMING,False,0.8,1.0,0.0718298555377207,0.1235955056179775,0.8487158908507223,0.2291666666666666,38.99,0.476,0.124,True,True,True,False,False,False,True,65.0,0.6418376449598573,1.0,0.6418376449598573,1,0.839,0.8128000000000001,0.3858259559582636,0.31051797509389545,0.40232527519999767,True,True,False,False,14.0
MSI Prestige 13 Ai Ukiyoe Edition A2vmg 075vn,msi,Intel,Core Ultra 9,288.0,5.1,32.0,LPDDR5X,8533.0,2048.0,13.3,2880 x 1800,60.0,Intel,0.976,4 Cell Int (75Wh),47990000.0,data/cellphones/detail_htmls\msi_30_specs.html,INTEL_GRAPHICS,INTEGRATED,False,1.0,1.0,0.8743980738362761,0.992776886035313,0.0176565008025682,0.2916666666666667,47.99,0.937,0.993,True,True,True,True,False,True,False,75.0,0.7979482604817127,0.45,0.7979482604817127,1,0.6542500000000001,0.6786000000000001,0.9287115622087021,0.9225001897239766,0.9303702409387112,True,True,True,True,2.0
MSI Venture A16 Ai A3hmg 017vn RYZEN Ai 7,msi,AMD,Ryzen AI 7,350.0,4.6,16.0,DDR5,5600.0,512.0,16.0,2048 x 1280,120.0,AMD,1.9,"4-cell, 75WHr",29990000.0,data/cellphones/detail_htmls\msi_31_specs.html,AMD_RADEON_GRAPHICS,INTEGRATED,False,0.8,0.8,0.4534510433386838,0.2985553772070626,0.8487158908507223,0.1666666666666666,29.99,0.627,0.299,True,True,True,False,False,False,True,75.0,0.7979482604817127,0.5,0.7979482604817127,1,0.57675,0.5831,0.5462340341188145,0.44388863274163315,0.5540330419017931,False,False,False,False,3.0
MSI Venture Pro 16 Ai A1veg 003vn,msi,Intel,Core Ultra 7,155.0,0.9,16.0,DDR5,5600.0,512.0,16.0,2048 x 1280,120.0,NVIDIA,1.9,"4 cell, 55.2Whr",35990000.0,data/cellphones/detail_htmls\msi_34_specs.html,RTX 4050,DISCRETE_GAMING,False,0.8,0.8,0.0048154093097913,0.2985553772070626,0.8487158908507223,0.2083333333333333,35.99,0.402,0.299,True,True,True,False,False,False,True,55.2,0.39295272078501337,1.0,0.39295272078501337,1,0.8205,0.7906000000000001,0.3639849261794746,0.3021401938477884,0.3649212555503213,True,True,False,False,1.0
MSI Katana 15 Hx B14wfk 025vn,msi,Intel,Core I7,14650.0,4.6,16.0,DDR5,5600.0,4096.0,15.6,2560 x 1440,165.0,NVIDIA,2.4,4 cell 75 Whrs,38190000.0,data/cellphones/detail_htmls\msi_35_specs.html,RTX 5060,DISCRETE_GAMING,False,0.8,1.0,0.4534510433386838,0.0830658105939005,0.5842696629213483,0.2236111111111111,38.19,0.667,0.083,True,True,True,False,True,False,True,75.0,0.7979482604817127,0.45,0.7979482604817127,1,0.5567500000000001,0.5676,0.4888126858042078,0.39980757335158496,0.5333772232822105,False,False,False,False,14.0
MSI Modern 14 C13m 458vn,msi,Intel,Core I5,1335.0,1.3,8.0,DDR4,3200.0,512.0,14.0,1920 x 1080,60.0,Intel,1.4,"3 cell, 39.3Whr",17990000.0,data/cellphones/detail_htmls\msi_32_specs.html,INTEL_IRIS_XE,INTEGRATED,False,0.6,0.8,0.0220706260032102,0.7885232744783306,0.2114767255216693,0.0833333333333333,17.99,0.351,0.789,True,True,True,True,False,True,False,39.3,0.021409455842997322,0.55,0.021409455842997322,1,0.50775,0.4978,0.4382150372360152,0.520033437955964,0.4240534543473996,False,False,False,False,13.0
MSI Crosshair 16 Hx D2xwfkg 070vn,msi,Intel,Core Ultra 9,275.0,5.4,16.0,DDR5,5600.0,1024.0,16.0,2560 x 1600,240.0,NVIDIA,2.5,4 Cell int (240W),46990000.0,data/cellphones/detail_htmls\msi_33_specs.html,RTX 5060,DISCRETE_GAMING,False,0.8,1.0,0.9542536115569824,0.0553772070626003,0.8487158908507223,0.2847222222222222,46.99,0.917,0.055,True,True,True,False,True,False,True,,,0.45,,0,0.6192500000000001,0.6426000000000001,0.5320320224719102,0.23017656500802566,0.6063997231139647,True,True,False,False,2.0
MSI Sword 16 Hx B14vekg 459vn,msi,Intel,Core I7,14700.0,4.6,16.0,DDR5,5600.0,1024.0,16.0,1920 x 1200,144.0,NVIDIA,2.3,"4-cell, 65WHr",35990000.0,data/cellphones/detail_htmls\msi_36_specs.html,RTX 4050,DISCRETE_GAMING,False,0.8,1.0,0.4534510433386838,0.1235955056179775,0.8487158908507223,0.2083333333333333,35.99,0.667,0.124,True,True,True,False,False,False,True,65.0,0.6418376449598573,1.0,0.6418376449598573,1,0.88675,0.8701,0.4717759559582636,0.31051797509389545,0.5078527751999977,True,True,False,False,14.0
MSI Sword 16 Hx B14vekg 856vn,msi,Intel,Core I7,14700.0,5.5,16.0,DDR5,5600.0,1024.0,16.0,1920 x 1200,165.0,NVIDIA,2.3,"4-cell, 65WHr",35990000.0,data/cellphones/detail_htmls\msi_37_specs.html,RTX 4050,DISCRETE_GAMING,False,0.8,1.0,0.9787319422150884,0.1235955056179775,0.8487158908507223,0.2083333333333333,35.99,0.929,0.124,True,True,True,False,False,False,True,65.0,0.6418376449598573,1.0,0.6418376449598573,1,0.95225,0.9487,0.5896759559582636,0.31051797509389545,0.6526077751999977,True,True,False,False,14.0
MSI Prestige 13 Ai Evo A2vmg 040vn,msi,Intel,Core Ultra 7,258.0,4.6,32.0,LPDDR5X,8533.0,1024.0,13.3,2880 x 1800,60.0,Intel,0.99,"4-cell, 75WHr",38990000.0,data/cellphones/detail_htmls\msi_38_specs.html,INTEL_GRAPHICS,INTEGRATED,False,1.0,1.0,0.4534510433386838,0.9871589085072231,0.0176565008025682,0.2291666666666666,38.99,0.727,0.987,True,True,True,True,False,True,False,75.0,0.7979482604817127,0.45,0.7979482604817127,1,0.60175,0.6156,0.8322452700738706,0.9199720998363362,0.812954791500509,True,True,True,True,2.0
MSI Crosshair 16 Hx D2xwfkg 036vn,msi,Intel,Core Ultra 7,255.0,5.2,16.0,DDR5,5600.0,1024.0,16.0,2560 x 1600,240.0,NVIDIA,2.5,4 Cell int (240W),44990000.0,data/cellphones/detail_htmls\msi_40_specs.html,RTX 5060,DISCRETE_GAMING,False,0.8,1.0,0.914526484751204,0.0553772070626003,0.8487158908507223,0.2708333333333333,44.99,0.897,0.055,True,True,True,False,True,False,True,,,0.45,,0,0.61425,0.6366,0.5230320224719102,0.23017656500802566,0.5953497231139647,True,True,False,False,2.0
MSI Prestige 13 Ai Evo A2vmg 062vn,msi,Intel,Core Ultra 9,288.0,1.0,32.0,LPDDR5X,8533.0,1024.0,13.3,2880 x 1800,60.0,Intel,0.97,4 Cell Int (75Wh),36990000.0,data/cellphones/detail_htmls\msi_39_specs.html,INTEL_GRAPHICS,INTEGRATED,False,1.0,1.0,0.0064205457463884,0.9935794542536116,0.0176565008025682,0.2152777777777778,36.99,0.503,0.994,True,True,True,True,False,True,False,75.0,0.7979482604817127,0.45,0.7979482604817127,1,0.5457500000000001,0.5484,0.7336924610851067,0.922861345422211,0.6907838765727402,False,False,True,True,2.0
MSI Raider 18 Hx Ai A2xwig 033vn,msi,Intel,Core Ultra 9,,2.8,64.0,DDR5,6400.0,4096.0,18.0,3840 x 2400,120.0,NVIDIA,3.6,4-Cell  99.9 Whrs (Whr),129990000.0,data/cellphones/detail_htmls\msi_41_specs.html,RTX 5080,DISCRETE_GAMING,False,1.0,1.0,0.1195826645264847,0.0024077046548957037,0.9951845906902088,0.8611111111111112,129.99,0.56,0.002,True,True,True,False,True,False,True,99.9,0.983942908117752,0.45,0.983942908117752,1,0.56,0.5655,0.44963127825276394,0.34642656679787454,0.46761938857331864,False,False,False,False,
MSI Gaming Thin 15 B12uc 1416vn 16gb,msi,Intel,Core I5,12450.0,4.6,16.0,DDR4,3200.0,512.0,15.6,1920 x 1080,144.0,NVIDIA,1.86,"3-cell, 52.4WHr",19490000.0,data/cellphones/detail_htmls\msi_42_specs.html,RTX 3050,DISCRETE_GAMING,False,0.8,0.8,0.4534510433386838,0.3230337078651685,0.5842696629213483,0.09375,19.49,0.627,0.323,True,True,True,False,False,False,True,52.4,0.2925958965209634,0.9,0.2925958965209634,1,0.81675,0.8031,0.45373097705700166,0.3309197997373933,0.4898128996231294,True,True,False,False,12.0
MSI Katana 15 B13vfk 2099vn,msi,Intel,Core I7,13620.0,1.8,32.0,DDR5,5200.0,1024.0,15.6,1920 x 1080,144.0,NVIDIA,2.25,3 cell / 53.5 Whr,32990000.0,data/cellphones/detail_htmls\msi_43_specs.html,INTEL_GRAPHICS,INTEGRATED,False,1.0,1.0,0.0453451043338683,0.1492776886035313,0.5842696629213483,0.1875,32.99,0.523,0.149,True,True,True,False,False,False,True,53.5,0.33719892952720787,0.45,0.33719892952720787,1,0.5507500000000001,0.5544,0.3550369769166775,0.26834065262184215,0.3964847701368733,False,False,False,False,13.0
MSI Katana 15 Hx B14wfk 267vn,msi,Intel,Core I7,14650.0,4.6,32.0,DDR5,5600.0,4096.0,15.6,2560 x 1440,165.0,NVIDIA,2.4,4 cell 75 Whrs,40190000.0,data/cellphones/detail_htmls\msi_44_specs.html,RTX 5060,DISCRETE_GAMING,False,1.0,1.0,0.4534510433386838,0.0830658105939005,0.5842696629213483,0.2375,40.19,0.727,0.083,True,True,True,False,True,False,True,75.0,0.7979482604817127,0.45,0.7979482604817127,1,0.60175,0.6156,0.5158126858042078,0.39980757335158496,0.5665272232822105,True,True,False,False,14.0
MSI Prestige 14 Evo B13m 401vn,msi,Intel,Core I5,13500.0,2.6,16.0,LPDDR5,4800.0,512.0,14.0,1920 x 1200,60.0,Intel,1.49,4-Cell 72 Battery (Whr),19990000.0,data/cellphones/detail_htmls\msi_45_specs.html,INTEL_IRIS_XE,INTEGRATED,False,0.8,0.8,0.1111556982343499,0.7150882825040128,0.2114767255216693,0.0972222222222222,19.99,0.456,0.715,True,True,True,True,False,True,False,72.0,0.724799286351472,0.55,0.724799286351472,1,0.5640000000000001,0.5593,0.6004407561466989,0.733174132245487,0.5764331667151119,False,False,True,True,13.0
MSI Gaming Gf63 Thin 11uc 1228vn,msi,Intel,Core I7,11800.0,2.3,8.0,DDR4,3200.0,512.0,15.6,1920 x 1080,144.0,NVIDIA,1.85,3-Cell 52.4 (Whr),20990000.0,data/cellphones/detail_htmls\msi_47_specs.html,RTX 3050,DISCRETE_GAMING,False,0.6,0.8,0.088282504012841,0.329454253611557,0.5842696629213483,0.1041666666666666,20.99,0.384,0.329,True,True,True,False,False,False,True,52.4,0.2925958965209634,0.9,0.2925958965209634,1,0.726,0.7002,0.34662816806823765,0.33380904532326816,0.3571444846953606,True,True,False,False,11.0
MSI Prestige 13 Ai Evo A1mg 240vn,msi,Intel,Core Ultra 5,125.0,50.0,32.0,LPDDR5X,8533.0,512.0,13.3,2880 x 1800,60.0,Intel,0.96,4 Cell Int (75Wh),30990000.0,data/cellphones/detail_htmls\msi_46_specs.html,INTEL_GRAPHICS,INTEGRATED,False,1.0,0.8,0.9983948635634028,0.9943820224719101,0.0176565008025682,0.1736111111111111,30.99,0.959,0.994,True,True,True,True,False,True,False,75.0,0.7979482604817127,0.45,0.7979482604817127,1,0.6597500000000001,0.6852,0.9391733599615111,0.9232225011204452,0.942922512206769,True,True,True,True,1.0
MSI Modern 14 B11mou 1033vn,msi,Intel,Core I7,1195.0,2.9,8.0,DDR4,3200.0,512.0,14.0,1920 x 1080,60.0,Intel,1.3,3-Cell 39WHrs,21990000.0,data/cellphones/detail_htmls\msi_50_specs.html,INTEL_IRIS_XE,INTEGRATED,False,0.6,0.8,0.1235955056179775,0.8900481540930979,0.2114767255216693,0.1111111111111111,21.99,0.402,0.89,True,True,True,True,False,True,False,39.0,0.01784121320249777,0.55,0.01784121320249777,1,0.5205,0.5131,0.4959850965730838,0.5644707488584344,0.47678744322957456,False,False,False,False,11.0
MSI Prestige 14 Ai Studio C1veg 056vn,msi,Intel,Core Ultra 7,155.0,4.8,32.0,DDR5,5600.0,1024.0,14.0,2880 x 1800,60.0,NVIDIA,1.7,4-Cell 90 Whrs,36990000.0,data/cellphones/detail_htmls\msi_49_specs.html,RTX 4050,DISCRETE_GAMING,False,1.0,1.0,0.6460674157303371,0.4438202247191011,0.2114767255216693,0.2152777777777778,36.99,0.823,0.444,True,True,True,False,False,True,False,90.0,0.9402319357716324,1.0,0.9402319357716324,1,0.95575,0.9469,0.7137334658060119,0.686504933539333,0.746531046320572,True,True,True,False,1.0
MSI Katana 15 B13vek 2256vn 32gb,msi,Intel,Core I7,13620.0,4.6,32.0,DDR5,5200.0,512.0,15.6,1920 x 1080,144.0,NVIDIA,2.25,"3-cell, 53.5WHr",26990000.0,data/cellphones/detail_htmls\msi_48_specs.html,RTX 4050,DISCRETE_GAMING,False,1.0,0.8,0.4534510433386838,0.1492776886035313,0.5842696629213483,0.1458333333333333,26.99,0.687,0.149,True,True,True,False,False,False,True,53.5,0.33719892952720787,1.0,0.33719892952720787,1,0.92175,0.9061,0.4288369769166776,0.26834065262184215,0.48709477013687336,True,True,False,False,13.0
MSI Crosshair 16 Hx D2xwfkg 078vn,msi,Intel,Core Ultra 7,255.0,5.2,32.0,DDR5,5600.0,1024.0,16.0,2560 x 1600,240.0,NVIDIA,2.5,4 Cell int (240W),46990000.0,data/cellphones/detail_htmls\msi_51_specs.html,RTX 5060,DISCRETE_GAMING,False,1.0,1.0,0.914526484751204,0.0553772070626003,0.8487158908507223,0.2847222222222222,46.99,0.957,0.055,True,True,True,False,True,False,True,,,0.45,,0,0.65925,0.6846,0.5500320224719101,0.23017656500802566,0.6284997231139646,True,True,False,False,2.0
MSI Modern 14 B11mou 1065vn,msi,Intel,Core I7,1195.0,2.9,8.0,DDR4,3200.0,512.0,14.0,1920 x 1080,60.0,Intel,1.3,"3 Cell, 39Whr",16100000.0,data/cellphones/detail_htmls\msi_52_specs.html,INTEL_IRIS_XE,INTEGRATED,False,0.6,0.8,0.1235955056179775,0.8900481540930979,0.2114767255216693,0.0702083333333333,16.1,0.402,0.89,True,True,True,True,False,True,False,39.0,0.01784121320249777,0.55,0.01784121320249777,1,0.5205,0.5131,0.4959850965730838,0.5644707488584344,0.47678744322957456,False,False,False,False,11.0
MSI Modern 14 B11mou 1030vn,msi,Intel,Core I3,1115.0,4.6,8.0,DDR4,3200.0,256.0,14.0,1920 x 1080,,Intel,1.3,"3 cell , 39Whr",14990000.0,data/cellphones/detail_htmls\msi_53_specs.html,INTEL_UHD,INTEGRATED,False,0.6,0.6,0.4534510433386838,0.8900481540930979,0.2114767255216693,0.0625,14.99,0.527,0.89,True,True,True,True,False,True,False,39.0,0.01784121320249777,0.45,0.01784121320249777,1,0.49175,0.4956,0.5522350965730839,0.5644707488584344,0.5458499432295747,False,False,False,False,11.0
MSI Katana 15 B13udxk 2269vn,msi,Intel,Core I7,13620.0,2.4,8.0,DDR5,5200.0,1024.0,15.6,1920 x 1080,144.0,NVIDIA,2.25,3-Cell,25990000.0,data/cellphones/detail_htmls\msi_60_specs.html,RTX 3050,DISCRETE_GAMING,False,0.6,1.0,0.095505617977528,0.1492776886035313,0.5842696629213483,0.1388888888888889,25.99,0.428,0.149,True,True,True,False,False,False,True,,,0.9,,0,0.737,0.7134,0.34484719101123595,0.32532102728731943,0.37004544141252005,True,True,False,False,13.0
MSI Stealth 16 Ai Studio A1vgg 240vn,msi,Intel,Core Ultra 7,155.0,3.8,32.0,DDR5,5600.0,2048.0,16.0,2560x1600,240.0,NVIDIA,1.99,4-Cell 99.9 Battery (Whr),64990000.0,data/cellphones/detail_htmls\msi_65_specs.html,RTX 4070,DISCRETE_GAMING,False,1.0,1.0,0.1865971107544141,0.2536115569823435,0.8487158908507223,0.4097222222222222,64.99,0.593,0.254,True,True,True,False,False,False,True,99.9,0.983942908117752,1.0,0.983942908117752,1,0.89825,0.8779,0.5524026265673706,0.4887620403131233,0.5538835900179414,True,True,False,False,1.0
Lg Gram 2024 14z90s G Ah75a5,lg,Intel,Coreultrau7,155.0,4.6,16.0,LPDDR5X,6400.0,512.0,14.0,1920 x 1200,60.0,Intel,0.12,"72 Wh Li-Ion Phát lại video: 29,5 giờ JEITA 3.0 (Phát lại video) : 14 giờ JEITA 3.0 (Không hoạt động) : 31 giờ",41390000.0,data/cellphones/detail_htmls\lg_3_specs.html,INTEL_GRAPHICS,INTEGRATED,False,0.8,0.8,0.4534510433386838,0.9987961476725522,0.2114767255216693,0.2458333333333333,41.39,0.627,0.999,True,True,True,True,False,True,False,72.0,0.724799286351472,0.45,0.724799286351472,1,0.5467500000000001,0.5556,0.7766885089556876,0.8608426715713298,0.7411283633443254,False,False,True,True,1.0
Lg Gram 2024 Pro 16z90sp K Ah75a5,lg,Intel,Core Ultra 7,155.0,4.6,16.0,LPDDR5X,7467.0,512.0,16.0,2880 x 1800,120.0,Intel,1.19,"77 Wh Li-Ion (GM), 90Wh Li-Ion (PM)",51400000.0,data/cellphones/detail_htmls\lg_2_specs.html,INTEL_GRAPHICS,INTEGRATED,False,0.8,0.8,0.4534510433386838,0.9602728731942215,0.8487158908507223,0.3153472222222222,51.4,0.627,0.96,True,True,True,True,False,False,True,77.0,0.8621766280107047,0.45,0.8621766280107047,1,0.5467500000000001,0.5556,0.7906808312201185,0.7641414345710018,0.7280846609632536,False,False,True,True,1.0
Lg Gram 2024 14z90s G Ah55a5,lg,Intel,Core Ultra 5,125.0,4.6,16.0,LPDDR5X,6400.0,512.0,14.0,1920 x 1200,60.0,Intel,0.12,"72 Wh Li-Ion Phát lại video: 29,5 giờ JEITA 3.0 (Phát lại video) : 14 giờ JEITA 3.0 (Không hoạt động) : 31 giờ",36290000.0,data/cellphones/detail_htmls\lg_1_specs.html,INTEL_GRAPHICS,INTEGRATED,False,0.8,0.8,0.4534510433386838,0.9987961476725522,0.2114767255216693,0.2104166666666666,36.29,0.627,0.999,True,True,True,True,False,True,False,72.0,0.724799286351472,0.45,0.724799286351472,1,0.5467500000000001,0.5556,0.7766885089556876,0.8608426715713298,0.7411283633443254,False,False,True,True,1.0
Lg Gram Book 15u50t G Av56a5,lg,Intel,Core I5,1334.0,4.6,16.0,DDR4,3200.0,512.0,15.6,1920 x 1080,60.0,Intel,1.7,51 Wh Li-Ion,16990000.0,data/cellphones/detail_htmls\lg_0_specs.html,INTEL_IRIS_XE,INTEGRATED,False,0.8,0.8,0.4534510433386838,0.4438202247191011,0.5842696629213483,0.0763888888888889,16.99,0.627,0.444,True,True,True,False,False,False,True,51.0,0.28055307760927745,0.55,0.28055307760927745,1,0.60675,0.6106,0.4935976941735408,0.3810587457025729,0.5177807115186079,True,True,False,False,13.0
Samsung Galaxy Chromebook Go Xe340xda Ka1vn,samsung,Intel,Celeron,4500.0,1.1,4.0,LPDDR4X,,32.0,14.0,1366 x 768,60.0,Intel,1.145,42.3 Wh (Giá trị điển hình),7290000.0,data/cellphones/detail_htmls\samsung_1_specs.html,INTEL_UHD,INTEGRATED,False,0.4,0.4,0.0076243980738362,0.9662921348314607,0.2114767255216693,0.0090277777777777,7.29,0.204,0.966,True,True,True,True,False,True,False,42.3,0.14451382694023193,0.45,0.14451382694023193,1,0.381,0.3687,0.4589050125790576,0.6431159549989047,0.40653044666035687,False,False,False,False,4.0
Samsung Galaxy Chromebook Go Xe310xda Ka1vn,samsung,Intel,Celeron,4500.0,1.1,4.0,LPDDR4X,,32.0,11.6,1366 x 768,60.0,Intel,1.06,40.2 Wh (Giá trị điển hình),5990000.0,data/cellphones/detail_htmls\samsung_0_specs.html,INTEL_UHD,INTEGRATED,False,0.4,0.4,0.0076243980738362,0.9759229534510433,0.0016051364365971,0.0,5.99,0.204,0.976,True,True,True,True,False,True,False,40.2,0.02408563782337199,0.45,0.02408563782337199,1,0.381,0.3687,0.4381901612725395,0.6472742750038303,0.39804042757340885,False,False,False,False,4.0
Apple MACBOOK Air 13 M4 10cpu 8gpu 16gb 256gb 2025,macbook,Apple,,,4.6,16.0,,,256.0,13.6,2560 x 1664,,Apple,1.24,Thời gian xem video trực tuyến lên đến 18 giờ Thời gian duyệt web trên mạng không dây lên đến 15 giờ Pin Li-Po 53.8 watt‑giờ tích hợp,26990000.0,data/cellphones/detail_htmls\macbook_1_specs.html,APPLE_GPU,APPLE,False,0.8,0.6,0.4534510433386838,0.9249598715890851,0.0481540930979133,0.1458333333333333,26.99,0.587,0.925,True,True,True,True,False,True,False,53.8,0.3519179304192685,0.6,0.3519179304192685,1,0.62675,0.6261,0.6582695411400334,0.7297723992422496,0.6476257733614649,True,True,True,False,
MACBOOK Air M2 2022 16gb,macbook,Apple,M2,2.0,4.6,16.0,,,256.0,13.6,2560 x 1664,,Apple,1.27,"52,6 Wh",24990000.0,data/cellphones/detail_htmls\macbook_0_specs.html,APPLE_GPU,APPLE,False,0.8,0.6,0.4534510433386838,0.9073033707865168,0.0481540930979133,0.1319444444444444,24.99,0.587,0.907,True,True,True,True,False,True,False,52.6,0.31891168599464764,0.6,0.31891168599464764,1,0.62675,0.6261,0.6454885169742104,0.7102747883324766,0.63797479030489,True,True,True,False,2.0
MACBOOK Pro 14 Inch M4 Pro 24gb 512gb,macbook,Apple,M4 Pro,4.0,4.6,24.0,,,512.0,14.2,3024 x 1964,120.0,Apple,1.6,Pin Li-Po 72.4 watt-giờ Thời gian xem video trực tuyến lên đến 22 giờ Thời gian duyệt web trên mạng không dây lên đến 14 giờ,51990000.0,data/cellphones/detail_htmls\macbook_4_specs.html,APPLE_GPU,APPLE,False,0.8,0.8,0.4534510433386838,0.6087479935794542,0.3768057784911717,0.3194444444444444,51.99,0.627,0.609,True,True,True,False,False,False,False,72.4,0.7386262265834077,0.6,0.7386262265834077,1,0.63675,0.6381,0.6429370430694905,0.6570946207167128,0.6401905935246133,True,True,True,False,4.0
Apple MACBOOK Air 13 M4 10cpu 8gpu 16gb 256gb 2025 Sac 70w,macbook,Apple,,,4.6,16.0,,,256.0,13.6,2560 x 1664,,Apple,1.24,Thời gian xem video trực tuyến lên đến 18 giờ Thời gian duyệt web trên mạng không dây lên đến 15 giờ Pin Li-Po 53.8 watt‑giờ tích hợp,27990000.0,data/cellphones/detail_htmls\macbook_3_specs.html,APPLE_GPU,APPLE,False,0.8,0.6,0.4534510433386838,0.9249598715890851,0.0481540930979133,0.1527777777777778,27.99,0.587,0.925,True,True,True,True,False,True,False,53.8,0.3519179304192685,0.6,0.3519179304192685,1,0.62675,0.6261,0.6582695411400334,0.7297723992422496,0.6476257733614649,True,True,True,False,
Apple MACBOOK Air 13 M4 10cpu 10gpu 16gb 512gb 2025,macbook,Apple,,,4.6,16.0,,,512.0,13.6,2560 x 1664,,Apple,1.24,Thời gian xem video trực tuyến lên đến 18 giờ Thời gian duyệt web trên mạng không dây lên đến 15 giờ Pin Li-Po 53.8 watt‑giờ tích hợp,31990000.0,data/cellphones/detail_htmls\macbook_2_specs.html,APPLE_GPU,APPLE,False,0.8,0.8,0.4534510433386838,0.9249598715890851,0.0481540930979133,0.1805555555555555,31.99,0.627,0.925,True,True,True,True,False,True,False,53.8,0.3519179304192685,0.6,0.3519179304192685,1,0.63675,0.6381,0.6762695411400335,0.7297723992422496,0.6697257733614649,True,True,True,False,
Apple MACBOOK Air 13 M4 10cpu 10gpu 16gb 512gb 2025 Sac 70w,macbook,Apple,,,4.6,16.0,,,512.0,13.6,2560 x 1664,,Apple,1.24,Thời gian xem video trực tuyến lên đến 18 giờ Thời gian duyệt web trên mạng không dây lên đến 15 giờ Pin Li-Po 53.8 watt‑giờ tích hợp,32990000.0,data/cellphones/detail_htmls\macbook_5_specs.html,APPLE_GPU,APPLE,False,0.8,0.8,0.4534510433386838,0.9249598715890851,0.0481540930979133,0.1875,32.99,0.627,0.925,True,True,True,True,False,True,False,53.8,0.3519179304192685,0.6,0.3519179304192685,1,0.63675,0.6381,0.6762695411400335,0.7297723992422496,0.6697257733614649,True,True,True,False,
Apple MACBOOK Air 13 M4 10cpu 10gpu 24gb 512gb 2025,macbook,Apple,,,4.6,24.0,,,512.0,13.6,2560 x 1664,,Apple,1.24,Thời gian xem video trực tuyến lên đến 18 giờ Thời gian duyệt web trên mạng không dây lên đến 15 giờ Pin Li-Po 53.8 watt‑giờ tích hợp,36990000.0,data/cellphones/detail_htmls\macbook_7_specs.html,APPLE_GPU,APPLE,False,0.8,0.8,0.4534510433386838,0.9249598715890851,0.0481540930979133,0.2152777777777778,36.99,0.627,0.925,True,True,True,True,False,True,False,53.8,0.3519179304192685,0.6,0.3519179304192685,1,0.63675,0.6381,0.6762695411400335,0.7297723992422496,0.6697257733614649,True,True,True,False,
Apple MACBOOK Air 15 M4 10cpu 10gpu 16gb 256gb 2025,macbook,Apple,,,4.6,16.0,,,256.0,15.3,2880 x 1864,,Apple,1.51,Thời gian xem video trực tuyến lên đến 18 giờ Thời gian duyệt web trên mạng không dây lên đến 15 giờ Pin Li-Po 66.5 watt‑giờ tích hợp,31990000.0,data/cellphones/detail_htmls\macbook_6_specs.html,APPLE_GPU,APPLE,False,0.8,0.6,0.4534510433386838,0.6645264847512038,0.4297752808988764,0.1805555555555555,31.99,0.587,0.665,True,True,True,True,False,False,False,66.5,0.655664585191793,0.6,0.655664585191793,1,0.62675,0.6261,0.62786718670128,0.642564466775394,0.6165031273706547,True,True,True,False,
Apple MACBOOK Air 15 M4 10cpu 10gpu 16gb 512gb 2025,macbook,Apple,,,4.6,16.0,,,512.0,15.3,2880 x 1864,,Apple,1.51,Thời gian xem video trực tuyến lên đến 18 giờ Thời gian duyệt web trên mạng không dây lên đến 15 giờ Pin Li-Po 66.5 watt‑giờ tích hợp,36990000.0,data/cellphones/detail_htmls\macbook_9_specs.html,APPLE_GPU,APPLE,False,0.8,0.8,0.4534510433386838,0.6645264847512038,0.4297752808988764,0.2152777777777778,36.99,0.627,0.665,True,True,True,True,False,False,False,66.5,0.655664585191793,0.6,0.655664585191793,1,0.63675,0.6381,0.64586718670128,0.642564466775394,0.6386031273706547,True,True,True,False,
MACBOOK Air M3 13 Inch 2024,macbook,Apple,M3,3.0,4.6,8.0,,,256.0,13.6,,,Apple,1.66,,27990000.0,data/cellphones/detail_htmls\macbook_8_specs.html,APPLE_GPU,APPLE,False,0.6,0.6,0.4534510433386838,0.507223113964687,0.0481540930979133,0.1527777777777778,27.99,0.527,0.507,True,True,True,False,False,True,False,,,0.6,,0,0.58175,0.5781,0.5146780898876404,0.5936195826645265,0.5347790569823435,False,False,False,False,3.0
MACBOOK Pro 14 Inch M4 24gb 1tb,macbook,Apple,M4,4.0,4.6,24.0,,,1024.0,14.2,3024 x 1964,120.0,Apple,1.55,Pin Li-Po 72.4 watt-giờ Thời gian xem video trực tuyến lên đến 24 giờ Thời gian duyệt web trên mạng không dây lên đến 16 giờ,49990000.0,data/cellphones/detail_htmls\macbook_12_specs.html,APPLE_GPU,APPLE,False,0.8,1.0,0.4534510433386838,0.641653290529695,0.3768057784911717,0.3055555555555556,49.99,0.667,0.642,True,True,True,True,False,False,False,72.4,0.7386262265834077,0.6,0.7386262265834077,1,0.64675,0.6501,0.6724538970020748,0.6719020043443211,0.6704346545197979,True,True,True,False,4.0
MACBOOK Pro 16 Inch M4 Max 48gb 1tb,macbook,Apple,M4 Max,4.0,4.6,48.0,,,1024.0,16.2,3456 x 2234,120.0,Apple,2.15,Pin Li-Po 100 watt-giờ Thời gian xem video trực tuyến lên đến 21 giờ Thời gian duyệt web trên mạng không dây lên đến 14 giờ,103740000.0,data/cellphones/detail_htmls\macbook_11_specs.html,APPLE_GPU,APPLE,False,1.0,1.0,0.4534510433386838,0.1930176565008026,0.9835473515248796,0.6788194444444444,103.74,0.727,0.193,True,True,True,False,False,False,True,100.0,0.995985727029438,0.6,0.995985727029438,1,0.69175,0.6981,0.5939033251811685,0.43874347958068854,0.6094551922476634,True,True,False,False,4.0
Apple MACBOOK Air 13 M4 10cpu 10gpu 24gb 512gb 2025 Sac 70w,macbook,Apple,,,4.6,24.0,,,512.0,13.6,2560 x 1664,,Apple,1.66,Thời gian xem video trực tuyến lên đến 18 giờ Thời gian duyệt web trên mạng không dây lên đến 15 giờ Pin Li-Po 53.8 watt‑giờ tích hợp,37990000.0,data/cellphones/detail_htmls\macbook_10_specs.html,APPLE_GPU,APPLE,False,0.8,0.8,0.4534510433386838,0.507223113964687,0.0481540930979133,0.2222222222222222,37.99,0.627,0.507,True,True,True,False,False,True,False,53.8,0.3519179304192685,0.6,0.3519179304192685,1,0.63675,0.6381,0.5300616759714942,0.5417908583112705,0.5663359258494265,True,True,False,False,
MACBOOK Pro 14 Inch M4 Pro 12 Cpu 16 Gpu 24gb 512gb Sac 96w,macbook,Apple,M4 Pro,4.0,4.6,24.0,,,512.0,14.2,3024 x 1964,120.0,Apple,1.6,Pin Li-Po 72.4 watt-giờ Thời gian xem video trực tuyến lên đến 22 giờ Thời gian duyệt web trên mạng không dây lên đến 14 giờ,52490000.0,data/cellphones/detail_htmls\macbook_13_specs.html,APPLE_GPU,APPLE,False,0.8,0.8,0.4534510433386838,0.6087479935794542,0.3768057784911717,0.3229166666666667,52.49,0.627,0.609,True,True,True,False,False,False,False,72.4,0.7386262265834077,0.6,0.7386262265834077,1,0.63675,0.6381,0.6429370430694905,0.6570946207167128,0.6401905935246133,True,True,True,False,4.0
Apple MACBOOK Air 15 M4 10cpu 10gpu 16gb 256gb 2025 Sac 70w,macbook,Apple,,,4.6,16.0,,,256.0,15.3,2880 x 1864,,Apple,1.51,Thời gian xem video trực tuyến lên đến 18 giờ Thời gian duyệt web trên mạng không dây lên đến 15 giờ Pin Li-Po 66.5 watt‑giờ tích hợp,32990000.0,data/cellphones/detail_htmls\macbook_17_specs.html,APPLE_GPU,APPLE,False,0.8,0.6,0.4534510433386838,0.6645264847512038,0.4297752808988764,0.1875,32.99,0.587,0.665,True,True,True,True,False,False,False,66.5,0.655664585191793,0.6,0.655664585191793,1,0.62675,0.6261,0.62786718670128,0.642564466775394,0.6165031273706547,True,True,True,False,
MACBOOK Pro 16 M4 Pro 14 Cpu 20 Gpu 24gb 1tb 2024 Sac 140w,macbook,Apple,M4 Pro,4.0,4.6,24.0,,,1024.0,16.2,3456 x 2234,120.0,Apple,2.14,Pin Li-Po 100 watt-giờ Thời gian xem video trực tuyến lên đến 24 giờ Thời gian duyệt web trên mạng không dây lên đến 17 giờ,71890000.0,data/cellphones/detail_htmls\macbook_18_specs.html,APPLE_GPU,APPLE,False,0.8,1.0,0.4534510433386838,0.1970304975922953,0.9835473515248796,0.4576388888888889,71.89,0.667,0.197,True,True,True,False,False,False,True,100.0,0.995985727029438,0.6,0.995985727029438,1,0.64675,0.6501,0.568307819563191,0.44054925807186024,0.577298370417808,True,True,False,False,4.0
Apple MACBOOK Air 15 M4 10cpu 10gpu 24gb 512gb 2025 Sac 70w,macbook,Apple,,,4.6,24.0,,,512.0,15.3,2880 x 1864,,Apple,1.51,Thời gian xem video trực tuyến lên đến 18 giờ Thời gian duyệt web trên mạng không dây lên đến 15 giờ Pin Li-Po 66.5 watt‑giờ tích hợp,42990000.0,data/cellphones/detail_htmls\macbook_15_specs.html,APPLE_GPU,APPLE,False,0.8,0.8,0.4534510433386838,0.6645264847512038,0.4297752808988764,0.2569444444444444,42.99,0.627,0.665,True,True,True,True,False,False,False,66.5,0.655664585191793,0.6,0.655664585191793,1,0.63675,0.6381,0.64586718670128,0.642564466775394,0.6386031273706547,True,True,True,False,
MACBOOK Pro 14 Inch M4 16gb 1tb,macbook,Apple,M4,4.0,4.6,16.0,,,1024.0,14.2,3024 x 1964,120.0,Apple,1.55,Pin Li-Po 72.4 watt-giờ Thời gian xem video trực tuyến lên đến 24 giờ Thời gian duyệt web trên mạng không dây lên đến 16 giờ,44990000.0,data/cellphones/detail_htmls\macbook_14_specs.html,APPLE_GPU,APPLE,False,0.8,1.0,0.4534510433386838,0.641653290529695,0.3768057784911717,0.2708333333333333,44.99,0.667,0.642,True,True,True,True,False,False,False,72.4,0.7386262265834077,0.6,0.7386262265834077,1,0.64675,0.6501,0.6724538970020748,0.6719020043443211,0.6704346545197979,True,True,True,False,4.0
Apple MACBOOK Air 15 M4 10cpu 10gpu 16gb 512gb 2025 Sac 70w,macbook,Apple,,,4.6,16.0,,,512.0,15.3,2880 x 1864,,Apple,1.51,Thời gian xem video trực tuyến lên đến 18 giờ Thời gian duyệt web trên mạng không dây lên đến 15 giờ Pin Li-Po 66.5 watt‑giờ tích hợp,37990000.0,data/cellphones/detail_htmls\macbook_16_specs.html,APPLE_GPU,APPLE,False,0.8,0.8,0.4534510433386838,0.6645264847512038,0.4297752808988764,0.2222222222222222,37.99,0.627,0.665,True,True,True,True,False,False,False,66.5,0.655664585191793,0.6,0.655664585191793,1,0.63675,0.6381,0.64586718670128,0.642564466775394,0.6386031273706547,True,True,True,False,
MACBOOK Pro 16 Inch M4 Pro 24gb 512gb,macbook,Apple,M4 Pro,4.0,4.6,24.0,,,512.0,16.2,3456 x 2234,120.0,Apple,2.14,Pin Li-Po 100 watt-giờ Thời gian xem video trực tuyến lên đến 24 giờ Thời gian duyệt web trên mạng không dây lên đến 17 giờ,66990000.0,data/cellphones/detail_htmls\macbook_19_specs.html,APPLE_GPU,APPLE,False,0.8,0.8,0.4534510433386838,0.1970304975922953,0.9835473515248796,0.4236111111111111,66.99,0.627,0.197,True,True,True,False,False,False,True,100.0,0.995985727029438,0.6,0.995985727029438,1,0.63675,0.6381,0.550307819563191,0.44054925807186024,0.555198370417808,True,True,False,False,4.0
MACBOOK Pro M4 Pro 14 Inch 12cpu 16gpu 24gb 512gb Nano,macbook,Apple,M4 Pro,4.0,4.6,24.0,,,512.0,14.2,3024 x 1964,120.0,Apple,1.6,Pin Li-Po 72.4 watt-giờ Thời gian xem video trực tuyến lên đến 22 giờ Thời gian duyệt web trên mạng không dây lên đến 14 giờ,55660000.0,data/cellphones/detail_htmls\macbook_22_specs.html,APPLE_GPU,APPLE,False,0.8,0.8,0.4534510433386838,0.6087479935794542,0.3768057784911717,0.3449305555555556,55.66,0.627,0.609,True,True,True,False,False,False,False,72.4,0.7386262265834077,0.6,0.7386262265834077,1,0.63675,0.6381,0.6429370430694905,0.6570946207167128,0.6401905935246133,True,True,True,False,4.0
MACBOOK Pro 16 Inch M4 Pro 48gb 512gb,macbook,Apple,M4 Pro,4.0,4.6,48.0,,,512.0,16.2,3456 x 2234,120.0,Apple,2.14,Pin Li-Po 100 watt-giờ Thời gian xem video trực tuyến lên đến 24 giờ Thời gian duyệt web trên mạng không dây lên đến 17 giờ,76790000.0,data/cellphones/detail_htmls\macbook_20_specs.html,APPLE_GPU,APPLE,False,1.0,0.8,0.4534510433386838,0.1970304975922953,0.9835473515248796,0.4916666666666666,76.79,0.687,0.197,True,True,True,False,False,False,True,100.0,0.995985727029438,0.6,0.995985727029438,1,0.68175,0.6861,0.577307819563191,0.44054925807186024,0.588348370417808,True,True,False,False,4.0
MACBOOK Pro M4 Pro 14 Inch 14cpu 20gpu 24gb 1tb Nano,macbook,Apple,M4 Pro,4.0,4.6,24.0,,,1024.0,14.2,3024 x 1964,120.0,Apple,1.6,Pin Li-Po 72.4 watt-giờ Thời gian xem video trực tuyến lên đến 22 giờ Thời gian duyệt web trên mạng không dây lên đến 14 giờ,65460000.0,data/cellphones/detail_htmls\macbook_23_specs.html,APPLE_GPU,APPLE,False,0.8,1.0,0.4534510433386838,0.6087479935794542,0.3768057784911717,0.4129861111111111,65.46,0.667,0.609,True,True,True,False,False,False,False,72.4,0.7386262265834077,0.6,0.7386262265834077,1,0.64675,0.6501,0.6609370430694905,0.6570946207167128,0.6622905935246133,True,True,True,False,4.0
MACBOOK Pro M4 Max 14 Inch 14cpu 32gpu 36gb 1tb Nano,macbook,Apple,M4 Max,4.0,4.6,36.0,,,1024.0,14.2,3024 x 1964,120.0,Apple,1.62,Pin Li-Po 72.4 watt-giờ Thời gian xem video trực tuyến lên đến 18 giờ Thời gian duyệt web trên mạng không dây lên đến 13 giờ,85060000.0,data/cellphones/detail_htmls\macbook_24_specs.html,APPLE_GPU,APPLE,False,1.0,1.0,0.4534510433386838,0.5810593900481541,0.3768057784911717,0.5490972222222222,85.06,0.727,0.581,True,True,True,False,False,False,False,72.4,0.7386262265834077,0.6,0.7386262265834077,1,0.69175,0.6981,0.6782460318335355,0.6446347491276276,0.6885876641506165,True,True,True,False,4.0
MACBOOK Pro M4 Pro 14 Inch 14cpu 20gpu 24gb 512gb Nano,macbook,Apple,M4 Pro,4.0,4.6,24.0,,,512.0,14.2,3024 x 1964,120.0,Apple,1.6,Pin Li-Po 72.4 watt-giờ Thời gian xem video trực tuyến lên đến 22 giờ Thời gian duyệt web trên mạng không dây lên đến 14 giờ,60560000.0,data/cellphones/detail_htmls\macbook_34_specs.html,APPLE_GPU,APPLE,False,0.8,0.8,0.4534510433386838,0.6087479935794542,0.3768057784911717,0.3789583333333333,60.56,0.627,0.609,True,True,True,False,False,False,False,72.4,0.7386262265834077,0.6,0.7386262265834077,1,0.63675,0.6381,0.6429370430694905,0.6570946207167128,0.6401905935246133,True,True,True,False,4.0
MACBOOK Air M2 2022,macbook,Apple,M2,2.0,4.6,8.0,,,256.0,13.6,2560 x 1664,,Apple,1.27,"52,6 Wh",24990000.0,data/cellphones/detail_htmls\macbook_36_specs.html,APPLE_GPU,APPLE,False,0.6,0.6,0.4534510433386838,0.9073033707865168,0.0481540930979133,0.1319444444444444,24.99,0.527,0.907,True,True,True,True,False,True,False,52.6,0.31891168599464764,0.6,0.31891168599464764,1,0.58175,0.5781,0.6184885169742104,0.7102747883324766,0.60482479030489,False,False,True,False,2.0
MACBOOK Pro 14 Inch M3 Max 96gb 512gb Sac 96w,macbook,Apple,M3 Max,3.0,4.6,96.0,,,512.0,14.2,3024 x 1964,120.0,Apple,1.55,"Pin Li-Po 72,4 watt-giờ",95990000.0,data/cellphones/detail_htmls\macbook_38_specs.html,APPLE_GPU,APPLE,False,1.0,0.8,0.4534510433386838,0.641653290529695,0.3768057784911717,0.625,95.99,0.687,0.642,True,True,True,True,False,False,False,72.4,0.7386262265834077,0.6,0.7386262265834077,1,0.68175,0.6861,0.6814538970020748,0.6719020043443211,0.6814846545197979,True,True,True,False,3.0
MACBOOK Pro 14 Inch M4 16gb 512gb,macbook,Apple,M4,4.0,4.6,16.0,,,512.0,14.2,3024 x 1964,120.0,Apple,1.55,Pin Li-Po 72.4 watt-giờ Thời gian xem video trực tuyến lên đến 24 giờ Thời gian duyệt web trên mạng không dây lên đến 16 giờ,39990000.0,data/cellphones/detail_htmls\macbook_35_specs.html,APPLE_GPU,APPLE,False,0.8,0.8,0.4534510433386838,0.641653290529695,0.3768057784911717,0.2361111111111111,39.99,0.627,0.642,True,True,True,True,False,False,False,72.4,0.7386262265834077,0.6,0.7386262265834077,1,0.63675,0.6381,0.6544538970020748,0.6719020043443211,0.6483346545197979,True,True,True,False,4.0
MACBOOK Pro M4 14 Inch 10cpu 10gpu 24gb 512gb,macbook,Apple,M4,4.0,4.6,24.0,,,512.0,14.2,3024 x 1964,120.0,Apple,1.55,Pin Li-Po 72.4 watt-giờ Thời gian xem video trực tuyến lên đến 24 giờ Thời gian duyệt web trên mạng không dây lên đến 16 giờ,44990000.0,data/cellphones/detail_htmls\macbook_37_specs.html,APPLE_GPU,APPLE,False,0.8,0.8,0.4534510433386838,0.641653290529695,0.3768057784911717,0.2708333333333333,44.99,0.627,0.642,True,True,True,True,False,False,False,72.4,0.7386262265834077,0.6,0.7386262265834077,1,0.63675,0.6381,0.6544538970020748,0.6719020043443211,0.6483346545197979,True,True,True,False,4.0
MACBOOK Air 2020 M1,macbook,Apple,,,4.6,8.0,LPDDR4,,256.0,13.3,2560 x 1600,,Apple,1.29,"49.9-watt lithium-polymer, củ sạc công suất 30W",22990000.0,data/cellphones/detail_htmls\macbook_39_specs.html,APPLE_GPU,APPLE,False,0.6,0.6,0.4534510433386838,0.8980738362760835,0.0176565008025682,0.1180555555555555,22.99,0.527,0.898,True,True,True,True,False,True,False,,,0.6,,0,0.58175,0.5781,0.6514758426966293,0.7756019261637239,0.632734514446228,False,False,True,False,
MACBOOK Air M2 2022 16gb 256gb 10gpu,macbook,Apple,M2,2.0,4.6,16.0,,,256.0,13.6,2560 x 1664,,Apple,1.24,"52,6 Wh",27490000.0,data/cellphones/detail_htmls\macbook_41_specs.html,APPLE_GPU,APPLE,False,0.8,0.6,0.4534510433386838,0.9249598715890851,0.0481540930979133,0.1493055555555555,27.49,0.587,0.925,True,True,True,True,False,True,False,52.6,0.31891168599464764,0.6,0.31891168599464764,1,0.62675,0.6261,0.6516682922551092,0.7182202136936323,0.6423447742535257,True,True,True,False,2.0
MACBOOK Air M2 2022 16gb 512gb Sac 70w,macbook,Apple,M2,2.0,4.6,16.0,,,512.0,13.6,2560 x 1664,,Apple,1.27,"52,6 Wh",29990000.0,data/cellphones/detail_htmls\macbook_40_specs.html,APPLE_GPU,APPLE,False,0.8,0.8,0.4534510433386838,0.9073033707865168,0.0481540930979133,0.1666666666666666,29.99,0.627,0.907,True,True,True,True,False,True,False,52.6,0.31891168599464764,0.6,0.31891168599464764,1,0.63675,0.6381,0.6634885169742104,0.7102747883324766,0.66007479030489,True,True,True,False,2.0
Apple MACBOOK Pro 14 M4 10 Cpu 10 Gpu 16gb 512gb 2024 Nano,macbook,Apple,M4,4.0,4.6,16.0,,,512.0,14.2,3024 x 1964,120.0,Apple,1.55,Pin Li-Po 72.4 watt-giờ Thời gian xem video trực tuyến lên đến 24 giờ Thời gian duyệt web trên mạng không dây lên đến 16 giờ,43790000.0,data/cellphones/detail_htmls\macbook_43_specs.html,APPLE_GPU,APPLE,False,0.8,0.8,0.4534510433386838,0.641653290529695,0.3768057784911717,0.2625,43.79,0.627,0.642,True,True,True,True,False,False,False,72.4,0.7386262265834077,0.6,0.7386262265834077,1,0.63675,0.6381,0.6544538970020748,0.6719020043443211,0.6483346545197979,True,True,True,False,4.0
MACBOOK Air M3 13 Inch 2024 16gb 256gb 10gpu,macbook,Apple,M3,3.0,4.6,16.0,,,256.0,13.6,,,Apple,1.66,,30490000.0,data/cellphones/detail_htmls\macbook_44_specs.html,APPLE_GPU,APPLE,False,0.8,0.6,0.4534510433386838,0.507223113964687,0.0481540930979133,0.1701388888888889,30.49,0.587,0.507,True,True,True,False,False,True,False,,,0.6,,0,0.62675,0.6261,0.5416780898876404,0.5936195826645265,0.5679290569823434,True,True,False,False,3.0
MACBOOK Pro M4 Max 16 Inch 14cpu 32gpu 36gb 1tb Nano,macbook,Apple,M4 Max,4.0,4.6,36.0,,,1024.0,16.2,3456 x 2234,120.0,Apple,2.15,Pin Li-Po 100 watt-giờ Thời gian xem video trực tuyến lên đến 21 giờ Thời gian duyệt web trên mạng không dây lên đến 14 giờ,95160000.0,data/cellphones/detail_htmls\macbook_45_specs.html,APPLE_GPU,APPLE,False,1.0,1.0,0.4534510433386838,0.1930176565008026,0.9835473515248796,0.6192361111111111,95.16,0.727,0.193,True,True,True,False,False,False,True,100.0,0.995985727029438,0.6,0.995985727029438,1,0.69175,0.6981,0.5939033251811685,0.43874347958068854,0.6094551922476634,True,True,False,False,4.0
MACBOOK Pro 14 Inch M4 Max 36gb 1tb,macbook,Apple,M4 Max,4.0,4.6,36.0,,,1024.0,14.2,3024 x 1964,120.0,Apple,1.62,Pin Li-Po 72.4 watt-giờ Thời gian xem video trực tuyến lên đến 18 giờ Thời gian duyệt web trên mạng không dây lên đến 13 giờ,81390000.0,data/cellphones/detail_htmls\macbook_46_specs.html,APPLE_GPU,APPLE,False,1.0,1.0,0.4534510433386838,0.5810593900481541,0.3768057784911717,0.5236111111111111,81.39,0.727,0.581,True,True,True,False,False,False,False,72.4,0.7386262265834077,0.6,0.7386262265834077,1,0.69175,0.6981,0.6782460318335355,0.6446347491276276,0.6885876641506165,True,True,True,False,4.0
MACBOOK Air 13 M3 24gb 512gb 2024 Sac 35w,macbook,Apple,M3,3.0,4.6,24.0,,,512.0,13.6,,,Apple,1.66,,37990000.0,data/cellphones/detail_htmls\macbook_47_specs.html,APPLE_GPU,APPLE,False,0.8,0.8,0.4534510433386838,0.507223113964687,0.0481540930979133,0.2222222222222222,37.99,0.627,0.507,True,True,True,False,False,True,False,,,0.6,,0,0.63675,0.6381,0.5596780898876405,0.5936195826645265,0.5900290569823434,True,True,False,False,3.0
MACBOOK Air M3 13 Inch 2024 16gb 512gb,macbook,Apple,M3,3.0,4.6,16.0,,,512.0,13.6,,,Apple,1.66,,32990000.0,data/cellphones/detail_htmls\macbook_49_specs.html,APPLE_GPU,APPLE,False,0.8,0.8,0.4534510433386838,0.507223113964687,0.0481540930979133,0.1875,32.99,0.627,0.507,True,True,True,False,False,True,False,,,0.6,,0,0.63675,0.6381,0.5596780898876405,0.5936195826645265,0.5900290569823434,True,True,False,False,3.0
MACBOOK Pro 14 Inch M4 10 Cpu 10 Gpu 16gb 512gb Sac 96w,macbook,Apple,M4,4.0,4.6,16.0,,,512.0,14.2,3024 x 1964,120.0,Apple,1.55,Pin Li-Po 72.4 watt-giờ Thời gian xem video trực tuyến lên đến 24 giờ Thời gian duyệt web trên mạng không dây lên đến 16 giờ,39760000.0,data/cellphones/detail_htmls\macbook_48_specs.html,APPLE_GPU,APPLE,False,0.8,0.8,0.4534510433386838,0.641653290529695,0.3768057784911717,0.2345138888888888,39.76,0.627,0.642,True,True,True,True,False,False,False,72.4,0.7386262265834077,0.6,0.7386262265834077,1,0.63675,0.6381,0.6544538970020748,0.6719020043443211,0.6483346545197979,True,True,True,False,4.0
MACBOOK Air M3 13 Inch 2024 16gb 256gb,macbook,Apple,M3,3.0,4.6,16.0,,,256.0,13.6,,,Apple,1.66,,27990000.0,data/cellphones/detail_htmls\macbook_51_specs.html,APPLE_GPU,APPLE,False,0.8,0.6,0.4534510433386838,0.507223113964687,0.0481540930979133,0.1527777777777778,27.99,0.587,0.507,True,True,True,False,False,True,False,,,0.6,,0,0.62675,0.6261,0.5416780898876404,0.5936195826645265,0.5679290569823434,True,True,False,False,3.0
MACBOOK Pro 16 Inch M3 Pro 2023 36gb 1tb,macbook,Apple,M3 Pro,3.0,4.6,36.0,,,1024.0,16.2,3024 x 1964,120.0,Apple,55.0,140Wh,79990000.0,data/cellphones/detail_htmls\macbook_50_specs.html,APPLE_GPU,APPLE,False,1.0,1.0,0.4534510433386838,0.00040128410914930246,0.9835473515248796,0.5138888888888888,79.99,0.727,0.0,True,True,True,False,True,False,True,140.0,1.0,0.6,1.0,1,0.69175,0.6981,0.5272904494382022,0.35347110754414124,0.5624249237560192,True,True,False,False,3.0
MACBOOK Air 15 M3 24gb 512gb 2024 35w,macbook,Apple,M3,3.0,4.6,24.0,,,512.0,15.3,,,Apple,1.66,,42990000.0,data/cellphones/detail_htmls\macbook_52_specs.html,APPLE_GPU,APPLE,False,0.8,0.8,0.4534510433386838,0.507223113964687,0.4297752808988764,0.2569444444444444,42.99,0.627,0.507,True,True,True,False,False,False,False,,,0.6,,0,0.63675,0.6381,0.5596780898876405,0.5172953451043338,0.5747642094703049,True,True,False,False,3.0
MACBOOK Pro 2020 13 Inch Touch Bar M1 512gb,macbook,Apple,,,4.6,8.0,,,512.0,13.3,2560 x 1600,,Apple,1.4,"58.2-watt-hour lithium-polymer, 61W USB-C Power Adapter",41990000.0,data/cellphones/detail_htmls\macbook_54_specs.html,APPLE_GPU,APPLE,False,0.6,0.8,0.4534510433386838,0.7885232744783306,0.0176565008025682,0.25,41.99,0.567,0.789,True,True,True,True,False,True,False,58.2,0.5298840321141838,0.6,0.5298840321141838,1,0.5917499999999999,0.5901,0.6371099524902525,0.7367635845946995,0.6325021955395534,False,False,True,False,
MACBOOK Air M3 15 Inch 2024 16gb 256gb,macbook,Apple,M3,3.0,4.6,16.0,,,256.0,15.3,,,Apple,1.66,,32990000.0,data/cellphones/detail_htmls\macbook_55_specs.html,APPLE_GPU,APPLE,False,0.8,0.6,0.4534510433386838,0.507223113964687,0.4297752808988764,0.1875,32.99,0.587,0.507,True,True,True,False,False,False,False,,,0.6,,0,0.62675,0.6261,0.5416780898876404,0.5172953451043338,0.5526642094703049,True,True,False,False,3.0
MACBOOK Pro 14 Inch M3 2023 8gb 512gb,macbook,Apple,M3,3.0,4.6,8.0,,,512.0,14.2,3024 x 1964,120.0,Apple,55.0,70Wh,39990000.0,data/cellphones/detail_htmls\macbook_57_specs.html,APPLE_GPU,APPLE,False,0.6,0.8,0.4534510433386838,0.00040128410914930246,0.3768057784911717,0.2361111111111111,39.99,0.567,0.0,True,True,True,False,True,False,False,70.0,0.6882247992863515,0.6,0.6882247992863515,1,0.5917499999999999,0.5901,0.39293540929547255,0.36569810190110585,0.4484105545631838,False,False,False,False,3.0
MACBOOK Pro 16 Inch M3 Max 2023 36gb 1tb,macbook,Apple,M3 Max,3.0,4.6,36.0,,,1024.0,16.2,3024 x 1964,120.0,Apple,16.0,"Pin Li-Po 72,4 watt-giờ",89990000.0,data/cellphones/detail_htmls\macbook_58_specs.html,APPLE_GPU,APPLE,False,1.0,1.0,0.4534510433386838,0.0016051364365970988,0.9835473515248796,0.5833333333333334,89.99,0.727,0.002,True,True,True,False,True,False,True,72.4,0.7386262265834077,0.6,0.7386262265834077,1,0.69175,0.6981,0.47543704306949053,0.26253202039568546,0.5209030734604078,True,True,False,False,3.0
MACBOOK Pro 16 Inch M2 Pro 2023,macbook,Apple,M2 Pro,2.0,4.6,16.0,,,2048.0,16.0,3456 x 2234,120.0,Apple,2.1,70Wh Sạc 96W,65990000.0,data/cellphones/detail_htmls\macbook_59_specs.html,APPLE_GPU,APPLE,False,0.8,1.0,0.4534510433386838,0.2231139646869984,0.8487158908507223,0.4166666666666667,65.99,0.667,0.223,True,True,True,False,False,False,True,70.0,0.6882247992863515,0.6,0.6882247992863515,1,0.64675,0.6501,0.5158848474977198,0.3715367856892279,0.5399055385118194,True,True,False,False,2.0
Apple MACBOOK Pro 16 M4 Pro 14 Cpu 20 Gpu 48gb 1tb 2024,macbook,Apple,M4 Pro,4.0,4.6,48.0,,,1024.0,16.2,3456 x 2234,120.0,Apple,2.14,Pin Li-Po 100 watt-giờ Thời gian xem video trực tuyến lên đến 24 giờ Thời gian duyệt web trên mạng không dây lên đến 17 giờ,81690000.0,data/cellphones/detail_htmls\macbook_60_specs.html,APPLE_GPU,APPLE,False,1.0,1.0,0.4534510433386838,0.1970304975922953,0.9835473515248796,0.5256944444444445,81.69,0.727,0.197,True,True,True,False,False,False,True,100.0,0.995985727029438,0.6,0.995985727029438,1,0.69175,0.6981,0.5953078195631909,0.44054925807186024,0.6104483704178079,True,True,False,False,4.0
MACBOOK Air 15 Inch M2 2023 16gb 256gb,macbook,Apple,M2,2.0,4.6,16.0,,,256.0,15.0,,,Apple,1.51,Lên đến 18 giờ,37990000.0,data/cellphones/detail_htmls\macbook_62_specs.html,APPLE_GPU,APPLE,False,0.8,0.6,0.4534510433386838,0.6645264847512038,0.4000802568218298,0.2222222222222222,37.99,0.587,0.665,True,True,True,True,False,False,False,,,0.6,,0,0.62675,0.6261,0.5967342696629213,0.5940208667736757,0.5927845947030497,True,True,False,False,2.0
MACBOOK Air M3 13 Inch 8cpu 10gpu 24gb 512gb Sac 70w,macbook,Apple,M3,3.0,4.6,24.0,,,512.0,13.6,,,Apple,1.66,,37990000.0,data/cellphones/detail_htmls\macbook_63_specs.html,APPLE_GPU,APPLE,False,0.8,0.8,0.4534510433386838,0.507223113964687,0.0481540930979133,0.2222222222222222,37.99,0.627,0.507,True,True,True,False,False,True,False,,,0.6,,0,0.63675,0.6381,0.5596780898876405,0.5936195826645265,0.5900290569823434,True,True,False,False,3.0
MACBOOK Air 13 Inch M3 24gb 256gb 2024 Sac 30w,macbook,Apple,M3,3.0,4.6,24.0,,,256.0,13.6,,,Apple,1.66,,32990000.0,data/cellphones/detail_htmls\macbook_65_specs.html,APPLE_GPU,APPLE,False,0.8,0.6,0.4534510433386838,0.507223113964687,0.0481540930979133,0.1875,32.99,0.587,0.507,True,True,True,False,False,True,False,,,0.6,,0,0.62675,0.6261,0.5416780898876404,0.5936195826645265,0.5679290569823434,True,True,False,False,3.0
MACBOOK Pro M4 Pro 16 Inch 14cpu 20gpu 24gb 512gb Nano,macbook,Apple,M4 Pro,4.0,4.6,24.0,,,512.0,16.2,3456 x 2234,120.0,Apple,2.14,Pin Li-Po 100 watt-giờ Thời gian xem video trực tuyến lên đến 24 giờ Thời gian duyệt web trên mạng không dây lên đến 17 giờ,70660000.0,data/cellphones/detail_htmls\macbook_66_specs.html,APPLE_GPU,APPLE,False,0.8,0.8,0.4534510433386838,0.1970304975922953,0.9835473515248796,0.4490972222222222,70.66,0.627,0.197,True,True,True,False,False,False,True,100.0,0.995985727029438,0.6,0.995985727029438,1,0.63675,0.6381,0.550307819563191,0.44054925807186024,0.555198370417808,True,True,False,False,4.0
MACBOOK Pro 14 Inch M3 Pro 36gb 512gb Sac 70w,macbook,Apple,M3 Pro,3.0,4.6,36.0,,,512.0,14.2,3024 x 1964,120.0,Apple,1.55,"Pin Li-Po 72,4 watt-giờ",59990000.0,data/cellphones/detail_htmls\macbook_67_specs.html,APPLE_GPU,APPLE,False,1.0,0.8,0.4534510433386838,0.641653290529695,0.3768057784911717,0.375,59.99,0.687,0.642,True,True,True,True,False,False,False,72.4,0.7386262265834077,0.6,0.7386262265834077,1,0.68175,0.6861,0.6814538970020748,0.6719020043443211,0.6814846545197979,True,True,True,False,3.0
MACBOOK Pro 14 Inch M3 Pro 2023 18gb 2tb,macbook,Apple,M3 Pro,3.0,4.6,18.0,,,2048.0,14.2,3024 x 1964,120.0,Apple,1.61,70Wh,64990000.0,data/cellphones/detail_htmls\macbook_69_specs.html,APPLE_GPU,APPLE,False,0.8,1.0,0.4534510433386838,0.5947030497592296,0.3768057784911717,0.4097222222222222,64.99,0.667,0.595,True,True,True,False,False,False,False,70.0,0.6882247992863515,0.6,0.6882247992863515,1,0.64675,0.6501,0.6459410272730007,0.6331338964436419,0.6507502415615787,True,True,True,False,3.0
MACBOOK Air M3 15 Inch 24gb 512gb 2024 Sac 70w,macbook,Apple,M3,3.0,4.6,24.0,,,512.0,15.3,,,Apple,1.66,,42990000.0,data/cellphones/detail_htmls\macbook_71_specs.html,APPLE_GPU,APPLE,False,0.8,0.8,0.4534510433386838,0.507223113964687,0.4297752808988764,0.2569444444444444,42.99,0.627,0.507,True,True,True,False,False,False,False,,,0.6,,0,0.63675,0.6381,0.5596780898876405,0.5172953451043338,0.5747642094703049,True,True,False,False,3.0
Apple MACBOOK Air 13 M3 8cpu 10gpu 16gb 1tb 2024,macbook,Apple,M3,3.0,4.6,16.0,,,1024.0,13.6,,,Apple,1.66,,37990000.0,data/cellphones/detail_htmls\macbook_74_specs.html,APPLE_GPU,APPLE,False,0.8,1.0,0.4534510433386838,0.507223113964687,0.0481540930979133,0.2222222222222222,37.99,0.667,0.507,True,True,True,False,False,True,False,,,0.6,,0,0.64675,0.6501,0.5776780898876405,0.5936195826645265,0.6121290569823435,True,True,False,False,3.0
MACBOOK Pro 14 Inch M2 Max 64gb 2023,macbook,Apple,M2 Max,2.0,4.6,64.0,,,1024.0,14.2,3024 x 1964,120.0,Apple,1.6,70Wh Đi kèm củ sạc 96W,92990000.0,data/cellphones/detail_htmls\macbook_75_specs.html,APPLE_GPU,APPLE,False,1.0,1.0,0.4534510433386838,0.6087479935794542,0.3768057784911717,0.6041666666666666,92.99,0.727,0.609,True,True,True,False,False,False,False,70.0,0.6882247992863515,0.6,0.6882247992863515,1,0.69175,0.6981,0.6778567576100792,0.639454121162743,0.6873763651570842,True,True,True,False,2.0
GIGABYTE Gaming A16 Ga6h Cthi3vn893sh,gigabyte,Intel,Core I7,13620.0,4.9,16.0,DDR5,5200.0,4096.0,16.0,1920 x 1200,165.0,NVIDIA,2.23,4 Cell Int (76.1Wh),30990000.0,data/cellphones/detail_htmls\gigabyte_4_specs.html,RTX 5050,DISCRETE_GAMING,False,0.8,1.0,0.7391653290529695,0.1609149277688604,0.8487158908507223,0.1736111111111111,30.99,0.81,0.161,True,True,True,False,False,False,True,76.1,0.8572702943800179,0.45,0.8572702943800179,1,0.5925,0.6105,0.5922742835951048,0.402713142358849,0.630566056089567,False,True,False,False,13.0
GIGABYTE G6 Mf H2ph853kh,gigabyte,Intel,Core I7,13620.0,3.6,16.0,DDR5,4800.0,4096.0,16.0,1920 x 1200,165.0,NVIDIA,2.279,4 Cell Int (54Wh),25190000.0,data/cellphones/detail_htmls\gigabyte_0_specs.html,RTX 4050,DISCRETE_GAMING,False,0.8,1.0,0.1761637239165329,0.137239165329053,0.8487158908507223,0.1333333333333333,25.19,0.528,0.137,True,True,True,False,False,False,True,54.0,0.3661909009812667,1.0,0.3661909009812667,1,0.852,0.8284,0.3588718880614219,0.22018126157137274,0.39032860194191443,True,True,False,False,13.0
GIGABYTE Gaming A16 Ga6h Cmhi2vn893sh,gigabyte,Intel,Core I7,13620.0,4.9,16.0,DDR5,5200.0,4096.0,16.0,1920 x 1200,165.0,NVIDIA,2.204,4 Cell Int (76.1Wh),27290000.0,data/cellphones/detail_htmls\gigabyte_3_specs.html,RTX 4050,DISCRETE_GAMING,False,0.8,1.0,0.7391653290529695,0.1685393258426966,0.8487158908507223,0.1479166666666666,27.29,0.81,0.169,True,True,True,False,False,False,True,76.1,0.8572702943800179,1.0,0.8572702943800179,1,0.9225,0.913,0.5949428229209475,0.40614412149207524,0.6324530946128414,True,True,False,False,13.0
GIGABYTE Aero X16 Eg61h X161vh93vnc64ah RYZEN Ai 7,gigabyte,AMD,Ryzen AI 7,350.0,2.0,32.0,DDR5,5600.0,1024.0,16.0,2560 x 1600,165.0,NVIDIA,1.99,Li Polymer 76Wh,39690000.0,data/cellphones/detail_htmls\gigabyte_2_specs.html,RTX 5060,DISCRETE_GAMING,False,1.0,1.0,0.0581861958266452,0.2536115569823435,0.8487158908507223,0.2340277777777777,39.69,0.529,0.254,True,True,True,False,False,False,True,76.0,0.844335414808207,0.45,0.844335414808207,1,0.55225,0.5562,0.4956811279054616,0.4398994176547825,0.4961863910884142,False,False,False,False,3.0
GIGABYTE Gaming A16 Ga6h Cmhh2vn893sh,gigabyte,Intel,Core I5,13420.0,4.6,16.0,DDR5,5200.0,4096.0,16.0,1920 x 1200,165.0,NVIDIA,2.212,4 Cell Int (76.1Wh),24990000.0,data/cellphones/detail_htmls\gigabyte_1_specs.html,RTX 4050,DISCRETE_GAMING,False,0.8,1.0,0.4534510433386838,0.1669341894060995,0.8487158908507223,0.1319444444444444,24.99,0.667,0.167,True,True,True,False,False,False,True,76.1,0.8572702943800179,1.0,0.8572702943800179,1,0.88675,0.8701,0.5300310251681385,0.40542181009560657,0.5530483233447836,True,True,False,False,13.0
GIGABYTE Gaming A16 Ga6h Cthh3vn893sh,gigabyte,Intel,Core I5,13420.0,4.6,16.0,DDR5,5200.0,4096.0,16.0,1920 x 1200,165.0,NVIDIA,2.227,4 Cell Int (76.1Wh),30590000.0,data/cellphones/detail_htmls\gigabyte_7_specs.html,RTX 5050,DISCRETE_GAMING,False,0.8,1.0,0.4534510433386838,0.1621187800963082,0.8487158908507223,0.1708333333333333,30.59,0.667,0.162,True,True,True,False,False,False,True,76.1,0.8572702943800179,0.45,0.8572702943800179,1,0.5567500000000001,0.5676,0.5283456319097115,0.40325487590620046,0.5518565095406103,False,False,False,False,13.0
GIGABYTE Gaming A16 Ga6h Cvhi3vnc94sh,gigabyte,Intel,Core I7,13620.0,4.9,16.0,DDR5,5200.0,1024.0,15.6,2560 x 1600,165.0,NVIDIA,2.268,4 Cell Int (76.1Wh),36490000.0,data/cellphones/detail_htmls\gigabyte_6_specs.html,RTX 5060,DISCRETE_GAMING,False,0.8,1.0,0.7391653290529695,0.1400481540930979,0.5842696629213483,0.2118055555555555,36.49,0.81,0.14,True,True,True,False,False,False,True,76.1,0.8572702943800179,0.45,0.8572702943800179,1,0.5925,0.6105,0.5849709128085879,0.44621233979063063,0.6359793787219907,False,True,False,False,13.0
GIGABYTE Aorus Master 16 Am6h Byhc5vne64sh,gigabyte,Intel,Core Ultra 9,275.0,5.4,32.0,DDR5,5600.0,1024.0,16.0,2560 x 1600,240.0,NVIDIA,2.5,99Wh,96590000.0,data/cellphones/detail_htmls\gigabyte_9_specs.html,RTX 5080,DISCRETE_GAMING,False,1.0,1.0,0.9542536115569824,0.0553772070626003,0.8487158908507223,0.6291666666666667,96.59,0.977,0.055,True,True,True,False,True,False,True,99.0,0.9790365744870652,0.45,0.9790365744870652,1,0.66425,0.6906,0.6548393373693231,0.3978393660784985,0.7161955750318951,True,True,True,False,2.0
GIGABYTE Aorus 16x 9rx6lasgddjixdvn010,gigabyte,Intel,Core I7,14650.0,20.0,16.0,DDR5,5600.0,1024.0,16.0,2560x1600,165.0,NVIDIA,2.345,Li Polymer 99Wh,45990000.0,data/cellphones/detail_htmls\gigabyte_8_specs.html,RTX 4070,DISCRETE_GAMING,False,0.8,1.0,0.9975922953451044,0.1075441412520064,0.8487158908507223,0.2777777777777778,45.99,0.939,0.108,True,True,True,False,True,False,True,99.0,0.9790365744870652,1.0,0.9790365744870652,1,0.95475,0.9517,0.6559977643356152,0.42131448646373126,0.708111891243773,True,True,True,False,14.0
GIGABYTE Gaming A16 Ga6h Cwhi3vnc94sh,gigabyte,Intel,Core I7,13620.0,4.9,16.0,DDR5,5200.0,1024.0,16.0,2560 x 1600,165.0,NVIDIA,2.268,4 Cell Int (76.1Wh),42590000.0,data/cellphones/detail_htmls\gigabyte_5_specs.html,RTX 5070,DISCRETE_GAMING,False,0.8,1.0,0.7391653290529695,0.1400481540930979,0.8487158908507223,0.2541666666666666,42.59,0.81,0.14,True,True,True,False,False,False,True,76.1,0.8572702943800179,0.45,0.8572702943800179,1,0.5925,0.6105,0.5849709128085879,0.39332309420475586,0.6254015296048158,False,True,False,False,13.0
GIGABYTE G6 Kf 9rc56kf0hjjanivn000,gigabyte,Intel,Core I7,13620.0,4.9,16.0,DDR5,4800.0,1024.0,16.0,1920 x 1200,165.0,NVIDIA,2.275,Lithium-Ion 54Wh,30990000.0,data/cellphones/detail_htmls\gigabyte_11_specs.html,RTX 4060,DISCRETE_GAMING,False,0.8,1.0,0.7391653290529695,0.1380417335473515,0.8487158908507223,0.1736111111111111,30.99,0.81,0.138,True,True,True,False,False,False,True,54.0,0.3661909009812667,1.0,0.3661909009812667,1,0.9225,0.913,0.4860527869378264,0.22054241726960705,0.5463322375759432,True,True,False,False,13.0
GIGABYTE Aero X16 Eg61h X161vh93vnc94dh RYZEN Ai 7,gigabyte,AMD,Ryzen AI 7,350.0,2.0,16.0,DDR5,5600.0,1024.0,16.0,2560 x 1600,165.0,NVIDIA,1.985,Li Polymer 76Wh,38690000.0,data/cellphones/detail_htmls\gigabyte_10_specs.html,RTX 5060,DISCRETE_GAMING,False,0.8,1.0,0.0581861958266452,0.2568218298555377,0.8487158908507223,0.2270833333333333,38.69,0.469,0.257,True,True,True,False,False,False,True,76.0,0.844335414808207,0.45,0.844335414808207,1,0.50725,0.5082,0.4698047234110796,0.4413440404477199,0.46383093362452976,False,False,False,False,3.0
GIGABYTE G6 Kf 73vn854kh,gigabyte,Intel,Core I7,13700.0,5.0,16.0,DDR5,4800.0,1024.0,16.0,1920 x 1200,165.0,NVIDIA,2.299,Lithium-Ion 54Wh,28290000.0,data/cellphones/detail_htmls\gigabyte_12_specs.html,RTX 4060,DISCRETE_GAMING,False,0.8,1.0,0.8138041733547352,0.1316211878009631,0.8487158908507223,0.1548611111111111,28.29,0.847,0.132,True,True,True,False,False,False,True,54.0,0.3661909009812667,1.0,0.3661909009812667,1,0.93175,0.9241,0.5004555959265904,0.21765317168373227,0.5651856525037121,True,True,False,False,13.0
GIGABYTE G5 Kf5 53vn383sh,gigabyte,Intel,Core I5,13500.0,4.7,8.0,DDR5,4800.0,512.0,15.6,1920 x 1080,144.0,NVIDIA,2.08,54WHrs,26290000.0,data/cellphones/detail_htmls\gigabyte_16_specs.html,RTX 4060,DISCRETE_GAMING,False,0.6,0.8,0.5714285714285714,0.2447833065810594,0.5842696629213483,0.1409722222222222,26.29,0.626,0.245,True,True,True,False,False,False,True,54.0,0.3661909009812667,1.0,0.3661909009812667,1,0.8464999999999999,0.8278,0.44061233749962414,0.3214653707206504,0.481668626018961,True,True,False,False,13.0
GIGABYTE Gaming A16 Ga6h Cvhi3vn893sh,gigabyte,Intel,Core I7,13620.0,4.9,16.0,DDR5,5200.0,4096.0,16.0,1920 x 1200,165.0,NVIDIA,2.233,4 Cell Int (76.1Wh),34590000.0,data/cellphones/detail_htmls\gigabyte_17_specs.html,RTX 5060,DISCRETE_GAMING,False,0.8,1.0,0.7391653290529695,0.1597110754414125,0.8487158908507223,0.1986111111111111,34.59,0.81,0.16,True,True,True,False,False,False,True,76.1,0.8572702943800179,0.45,0.8572702943800179,1,0.5925,0.6105,0.591852935280498,0.40217140881149743,0.6302681026385236,False,True,False,False,13.0
ASUS Vivobook Gaming K3605vc Rp431w I5 13420h,asus,Intel,Core I5,13420.0,4.6,16.0,DDR4,3200.0,512.0,16.0,1920x1200,144.0,NVIDIA,1.8,50 Whr 120 W,22090000.0,data/fpt/detail_htmls\asus_0_specs.html,RTX 3050,DISCRETE_GAMING,False,0.8,0.8,0.4534510433386838,0.3607544141252006,0.8487158908507223,0.1118055555555555,22.09,0.627,0.361,True,True,True,False,False,False,True,50.0,0.25111507582515613,0.9,0.25111507582515613,1,0.81675,0.8031,0.45863706010885147,0.2804865847250005,0.48193399399398323,True,True,False,False,13.0
ASUS Vivobook 15 X1502va Bq886w I7 13620h,asus,Intel,Core I7,13620.0,4.9,16.0,DDR4,3200.0,512.0,15.6,1920x1200,60.0,Intel,1.7,42 WHrs 65 W,18490000.0,data/fpt/detail_htmls\asus_4_specs.html,INTEL_UHD,INTEGRATED,False,0.8,0.8,0.7391653290529695,0.4438202247191011,0.5842696629213483,0.0868055555555555,18.49,0.77,0.444,True,True,True,False,False,False,True,42.0,0.11864406779661017,0.45,0.11864406779661017,1,0.5825,0.5985,0.5255658922110074,0.3243905922681394,0.5708827699485811,False,False,False,False,13.0
ASUS Vivobook E1504fa Bq1150w R5 7520u,asus,AMD,Ryzen 5,7520.0,4.3,16.0,LPDDR5,4800.0,512.0,15.6,1920x1080,60.0,AMD,1.63,42 WHrs 45 W,14990000.0,data/fpt/detail_htmls\asus_3_specs.html,AMD_RADEON_GRAPHICS,INTEGRATED,False,0.8,0.8,0.2146869983948635,0.5638041733547352,0.5842696629213483,0.0625,14.99,0.507,0.564,True,True,True,False,False,False,True,42.0,0.11864406779661017,0.5,0.11864406779661017,1,0.54675,0.5471,0.44921027423347937,0.37838336915417475,0.45527129723590065,False,False,False,False,7.0
ASUS Vivobook Go 15 E1504ga Bq1141w I3 N305,asus,Intel,Core I3,305.0,3.8,8.0,DDR4,,256.0,15.6,1920x1080,60.0,Intel,1.63,42 WHrs 45 W,9990000.0,data/fpt/detail_htmls\asus_2_specs.html,INTEL_UHD,INTEGRATED,False,0.6,0.6,0.1865971107544141,0.5638041733547352,0.5842696629213483,0.0277777777777777,9.99,0.393,0.564,True,True,True,False,False,False,True,42.0,0.11864406779661017,0.45,0.11864406779661017,1,0.45825,0.4554,0.39791027423347936,0.37838336915417475,0.3922862972359007,False,False,False,False,1.0
ASUS Vivobook X1502va Bq885w I5 13420h,asus,Intel,Core I5,13420.0,4.6,16.0,DDR4,,512.0,15.6,1920x1080,60.0,Intel,1.7,63 Wh 150 W,16190000.0,data/fpt/detail_htmls\asus_1_specs.html,INTEL_GRAPHICS,INTEGRATED,False,0.8,0.8,0.4534510433386838,0.4438202247191011,0.5842696629213483,0.0708333333333333,16.19,0.627,0.444,True,True,True,False,False,False,True,63.0,0.6119536128456735,0.45,0.6119536128456735,1,0.5467500000000001,0.5556,0.5598778012208201,0.49704893303531156,0.5708047971564314,False,False,False,False,13.0
ASUS Tuf Gaming F16 Fx607vj Rl034w Core 5 210h,asus,Intel,Core 5,210.0,4.8,16.0,DDR4,3200.0,512.0,16.0,1920x1200,144.0,Intel,2.2,56 WHrs 150 W,24590000.0,data/fpt/detail_htmls\asus_6_specs.html,RTX 3050,DISCRETE_GAMING,False,0.8,0.8,0.6460674157303371,0.1785714285714286,0.8487158908507223,0.1291666666666666,24.59,0.723,0.179,True,True,True,False,False,False,True,56.0,0.41480820695807313,0.9,0.41480820695807313,1,0.84075,0.8319,0.4708116413916146,0.25579683712232404,0.5160746060506913,True,True,False,False,1.0
ASUS Vivobook X1605va Mb1826w,asus,Intel,Core I3,1315.0,4.5,8.0,DDR4,,512.0,16.0,1920x1200,60.0,Intel,1.88,42 WHrs 45 W,13990000.0,data/fpt/detail_htmls\asus_8_specs.html,INTEL_UHD,INTEGRATED,False,0.6,0.8,0.3029695024077046,0.3142054574638844,0.8487158908507223,0.0555555555555555,13.99,0.491,0.314,True,True,True,False,False,False,True,42.0,0.11864406779661017,0.45,0.11864406779661017,1,0.48275,0.4848,0.3546507236716816,0.2131747014174171,0.3740777659357401,False,False,False,False,13.0
ASUS Tuf Gaming Fa506ncg Hn184w R7 7445hs,asus,AMD,Ryzen 7,7445.0,4.7,16.0,DDR5,5600.0,512.0,15.6,1920x1080,144.0,NVIDIA,2.3,48 Wh 180 W,22490000.0,data/fpt/detail_htmls\asus_7_specs.html,RTX 3050,DISCRETE_GAMING,False,0.8,0.8,0.5714285714285714,0.1235955056179775,0.5842696629213483,0.1145833333333333,22.49,0.686,0.124,True,True,True,False,False,False,True,48.0,0.2149866190900981,0.9,0.2149866190900981,1,0.8315,0.8208000000000001,0.3949557507843118,0.21400936162535455,0.4606319601780112,True,True,False,False,7.0
ASUS Tuf Gaming F16 Fx607vu Rl045w Core 5 210h,asus,Intel,Core 5,210.0,4.8,16.0,DDR5,5600.0,512.0,16.0,1920x1200,144.0,Intel,2.2,56 WHrs 240 W,28990000.0,data/fpt/detail_htmls\asus_5_specs.html,RTX 4050,DISCRETE_GAMING,False,0.8,0.8,0.6460674157303371,0.1785714285714286,0.8487158908507223,0.1597222222222222,28.99,0.723,0.179,True,True,True,False,False,False,True,56.0,0.41480820695807313,1.0,0.41480820695807313,1,0.90075,0.8869,0.4708116413916146,0.25579683712232404,0.5160746060506913,True,True,False,False,1.0
ASUS Vivobook X1404va Nk394w I3 1315u,asus,Intel,Core I3,1315.0,4.5,8.0,DDR4,3200.0,512.0,14.0,1920x1080,60.0,Intel,1.4,42 WHrs 45 W,13490000.0,data/fpt/detail_htmls\asus_9_specs.html,INTEL_UHD,INTEGRATED,False,0.6,0.8,0.3029695024077046,0.7885232744783306,0.2114767255216693,0.0520833333333333,13.49,0.491,0.789,True,True,True,True,False,True,False,42.0,0.11864406779661017,0.45,0.11864406779661017,1,0.48275,0.4848,0.5206619596267377,0.5540655521397285,0.5169609922599776,False,False,False,False,13.0
ASUS Vivobook S14 S3407va Ly046w I5 13420h,asus,Intel,Core I5,13420.0,4.6,16.0,DDR5,4800.0,512.0,14.0,1920x1200,60.0,Intel,1.39,70 Wh 65 W,19490000.0,data/fpt/detail_htmls\asus_12_specs.html,INTEL_UHD,INTEGRATED,False,0.8,0.8,0.4534510433386838,0.819422150882825,0.2114767255216693,0.09375,19.49,0.627,0.819,True,True,True,True,False,True,False,70.0,0.6882247992863515,0.45,0.6882247992863515,1,0.5467500000000001,0.5556,0.7065927126662591,0.7673233025431605,0.6908813812084487,False,False,True,True,13.0
ASUS Vivobook 14 A1407ca Ly008ws,asus,Intel,Ultra 5,225.0,4.9,16.0,DDR5,4800.0,512.0,14.0,1920x1200,60.0,Intel,1.46,42 Wh 65 W,21990000.0,data/fpt/detail_htmls\asus_10_specs.html,INTEL_GRAPHICS,INTEGRATED,False,0.8,0.8,0.7391653290529695,0.7323434991974318,0.2114767255216693,0.1111111111111111,21.99,0.77,0.732,True,True,True,True,False,True,False,42.0,0.11864406779661017,0.45,0.11864406779661017,1,0.5825,0.5985,0.6265490382784231,0.528784653263324,0.6572039978779551,False,False,True,False,2.0
ASUS Vivobook E1404fa Eb482w R5 7520u,asus,AMD,Ryzen 5,7520.0,4.3,16.0,LPDDR5,5500.0,512.0,14.0,1920x1080,60.0,AMD,1.38,42 Wh 45 W,14990000.0,data/fpt/detail_htmls\asus_13_specs.html,AMD_RADEON_GRAPHICS,INTEGRATED,False,0.8,0.8,0.2146869983948635,0.8358747993579454,0.2114767255216693,0.0625,14.99,0.507,0.836,True,True,True,True,False,True,False,42.0,0.11864406779661017,0.5,0.11864406779661017,1,0.54675,0.5471,0.5444349933346029,0.5753737383355552,0.5375204946676824,False,False,False,False,7.0
ASUS Vivobook S3407va Ly146w Core 5 210h,asus,Intel,Core 5,210.0,4.8,16.0,DDR5,4800.0,512.0,14.0,1920x1200,60.0,Intel,1.4,70 Whr 65 W,20990000.0,data/fpt/detail_htmls\asus_14_specs.html,INTEL_UHD,INTEGRATED,False,0.8,0.8,0.6460674157303371,0.7885232744783306,0.2114767255216693,0.1041666666666666,20.99,0.723,0.789,True,True,True,True,False,True,False,70.0,0.6882247992863515,0.45,0.6882247992863515,1,0.57075,0.5844,0.7389781059246859,0.7534188081611379,0.7362739092983364,False,False,True,True,1.0
ASUS Gaming V16 V3607vu Rp343w Core 5 210h,asus,Intel,Core 5,210.0,4.8,16.0,DDR5,,512.0,16.0,1920x1200,144.0,NVIDIA,1.95,63 WHrs 150 W,26990000.0,data/fpt/detail_htmls\asus_11_specs.html,RTX 4050,DISCRETE_GAMING,False,0.8,0.8,0.6460674157303371,0.2732744783306581,0.8487158908507223,0.1458333333333333,26.99,0.723,0.273,True,True,True,False,False,False,True,63.0,0.6119536128456735,1.0,0.6119536128456735,1,0.90075,0.8869,0.543386789984865,0.36741410157463744,0.5710568758081167,True,True,False,False,1.0
ASUS Vivobook S14 S3407va Ly053w I7 13620h,asus,Intel,Core I7,13620.0,4.9,16.0,DDR5,4800.0,512.0,14.0,1920x1200,60.0,Intel,1.4,70 Wh 65 W,21990000.0,data/fpt/detail_htmls\asus_16_specs.html,INTEL_UHD,INTEGRATED,False,0.8,0.8,0.7391653290529695,0.7885232744783306,0.2114767255216693,0.1111111111111111,21.99,0.77,0.789,True,True,True,True,False,True,False,70.0,0.6882247992863515,0.45,0.6882247992863515,1,0.5825,0.5985,0.760128105924686,0.7534188081611379,0.7622414092983363,False,False,True,True,13.0
ASUS Vivobook 14 X1405va Ly623w I5 13420h,asus,Intel,Core I5,13420.0,4.6,16.0,DDR4,3200.0,512.0,14.0,1920x1200,60.0,Intel,1.6,42 Wh 65 W,16190000.0,data/fpt/detail_htmls\asus_15_specs.html,INTEL_UHD,INTEGRATED,False,0.8,0.8,0.4534510433386838,0.6087479935794542,0.2114767255216693,0.0708333333333333,16.19,0.627,0.609,True,True,True,False,False,True,False,42.0,0.11864406779661017,0.45,0.11864406779661017,1,0.5467500000000001,0.5556,0.518940611312131,0.47316667573523413,0.5476066102375058,False,False,False,False,13.0
ASUS Gaming V16 V3607vh Rp025w Core 7 240h,asus,Intel,Core 7,240.0,5.2,16.0,DDR5,5200.0,512.0,16.0,1920x1200,144.0,Intel,1.95,63 WHrs 150 W,30490000.0,data/fpt/detail_htmls\asus_19_specs.html,RTX 5050,DISCRETE_GAMING,False,0.8,0.8,0.914526484751204,0.2732744783306581,0.8487158908507223,0.1701388888888889,30.49,0.857,0.273,True,True,True,False,False,False,True,63.0,0.6119536128456735,0.45,0.6119536128456735,1,0.60425,0.6246,0.603686789984865,0.36741410157463744,0.6450918758081167,True,True,True,False,1.0
ASUS Vivobook S3607va Rp056w I7 13620h,asus,Intel,Core I7,13620.0,4.9,16.0,DDR5,4800.0,512.0,16.0,1920x1200,144.0,Intel,1.8,70 Whr 65 W,21990000.0,data/fpt/detail_htmls\asus_17_specs.html,INTEL_UHD,INTEGRATED,False,0.8,0.8,0.7391653290529695,0.3607544141252006,0.8487158908507223,0.1111111111111111,21.99,0.77,0.361,True,True,True,False,False,False,True,70.0,0.6882247992863515,0.45,0.6882247992863515,1,0.5825,0.5985,0.6104090048010905,0.4334749879364188,0.6308790497477745,False,False,True,False,13.0
ASUS Vivobook S14 S3407ca Ly095ws Ultra 5 225h,asus,Intel,Ultra 5,225.0,4.9,16.0,DDR5,4800.0,512.0,14.0,1920x1200,60.0,Intel,1.4,70 Wh 65 W,22490000.0,data/fpt/detail_htmls\asus_18_specs.html,INTEL_UHD,INTEGRATED,False,0.8,0.8,0.7391653290529695,0.7885232744783306,0.2114767255216693,0.1145833333333333,22.49,0.77,0.789,True,True,True,True,False,True,False,70.0,0.6882247992863515,0.45,0.6882247992863515,1,0.5825,0.5985,0.760128105924686,0.7534188081611379,0.7622414092983363,False,False,True,True,2.0
ASUS Vivobook E1504fa Nj454w,asus,AMD,Ryzen 5,7520.0,4.3,16.0,LPDDR5,,512.0,15.6,1920x1080,60.0,AMD,1.8,42 WHrs 45 W,14190000.0,data/fpt/detail_htmls\asus_20_specs.html,AMD_RADEON_GRAPHICS,INTEGRATED,False,0.8,0.8,0.2146869983948635,0.3607544141252006,0.5842696629213483,0.0569444444444444,14.19,0.507,0.361,True,True,True,False,False,False,True,42.0,0.11864406779661017,0.5,0.11864406779661017,1,0.54675,0.5471,0.3781428585031423,0.28701097750088417,0.40501648182659084,False,False,False,False,7.0
ASUS Vivobook S14 M3407ka Sf034ws AMD RYZEN Ai 5 330,asus,AMD,Ryzen AI 5,,4.0,16.0,DDR5,4800.0,512.0,14.0,1920x1200,60.0,AMD,1.4,70 Wh 65 W,23490000.0,data/fpt/detail_htmls\asus_21_specs.html,AMD_RADEON_GRAPHICS,INTEGRATED,False,0.8,0.8,0.1930176565008025,0.7885232744783306,0.2114767255216693,0.1215277777777777,23.49,0.497,0.789,True,True,True,True,False,True,False,70.0,0.6882247992863515,0.5,0.6882247992863515,1,0.54425,0.5441,0.637278105924686,0.7534188081611379,0.6114089092983364,False,False,True,True,
ASUS Tuf Gaming Fa607nug Rl129w R7 7445hs,asus,AMD,Ryzen 7,7445.0,4.7,16.0,DDR5,5600.0,512.0,16.0,1920x1200,144.0,AMD,2.2,4 Cell 240 W,28990000.0,data/fpt/detail_htmls\asus_23_specs.html,RTX 4050,DISCRETE_GAMING,False,0.8,0.8,0.5714285714285714,0.1785714285714286,0.8487158908507223,0.1597222222222222,28.99,0.686,0.179,True,True,True,False,False,False,True,,,1.0,,0,0.8915,0.8758,0.47120000000000006,0.2856139646869984,0.5092627929373997,True,True,False,False,7.0
ASUS Vivobook 15 X1504va Bq165w Core 5 120u,asus,Intel,Core 5,120.0,5.0,16.0,DDR4,3200.0,512.0,15.6,1920x1080,60.0,Intel,1.7,42 WHrs 45 W,18990000.0,data/fpt/detail_htmls\asus_22_specs.html,INTEL_UHD,INTEGRATED,False,0.8,0.8,0.8138041733547352,0.4438202247191011,0.5842696629213483,0.0902777777777777,18.99,0.807,0.444,True,True,True,False,False,False,True,42.0,0.11864406779661017,0.45,0.11864406779661017,1,0.59175,0.6096,0.5422158922110074,0.3243905922681394,0.5913252699485813,False,True,False,False,1.0
HP 14 Ep1179tu Core 5 120u C89zspa,hp,Intel,Core 5,120.0,5.0,16.0,DDR4,,512.0,14.0,1920x1080,,Intel,1.398,3 Cell 45 W,18690000.0,data/fpt/detail_htmls\hp_2_specs.html,INTEL_GRAPHICS,INTEGRATED,False,0.8,0.8,0.8138041733547352,0.8081861958266453,0.2114767255216693,0.0881944444444444,18.69,0.807,0.808,True,True,True,True,False,True,False,,,0.45,,0,0.59175,0.6096,0.7460151685393258,0.6963884430176566,0.7574345144462279,False,True,True,False,1.0
HP Probook 445 G10 R5 7530u B73tsat,hp,AMD,Ryzen 5,7530.0,4.5,16.0,DDR4,3200.0,512.0,14.0,1920x1080,60.0,AMD,1.38,3 Cell 65 W,18590000.0,data/fpt/detail_htmls\hp_4_specs.html,AMD_RADEON_GRAPHICS,INTEGRATED,False,0.8,0.8,0.3029695024077046,0.8358747993579454,0.2114767255216693,0.0875,18.59,0.551,0.836,True,True,True,True,False,True,False,,,0.5,,0,0.55775,0.5603,0.6405061797752809,0.7088483146067417,0.6228474438202247,False,False,True,False,7.0
HP 15 Fd0305tu I3 1315u A2nl6pa,hp,Intel,Core I3,1315.0,4.5,8.0,DDR4,3200.0,256.0,15.6,1920x1080,60.0,Intel,1.59,3 Cell 45 W,12290000.0,data/fpt/detail_htmls\hp_1_specs.html,INTEL_UHD,INTEGRATED,False,0.6,0.6,0.3029695024077046,0.622792937399679,0.5842696629213483,0.04375,12.29,0.451,0.623,True,True,True,True,False,False,True,,,0.45,,0,0.47275,0.4728,0.5209275280898876,0.5384028892455859,0.4999479654895666,False,False,False,False,13.0
HP 250 G10 I5 1334u B3wa8at,hp,Intel,Core 5,1334.0,4.6,16.0,DDR4,,512.0,15.6,1920x1080,,Intel,1.624,3 Cell 45 W,18390000.0,data/fpt/detail_htmls\hp_3_specs.html,INTEL_GRAPHICS,INTEGRATED,False,0.8,0.8,0.4534510433386838,0.5730337078651686,0.5842696629213483,0.0861111111111111,18.39,0.627,0.573,True,True,True,False,False,False,True,,,0.45,,0,0.5467500000000001,0.5556,0.582711797752809,0.5160112359550563,0.5848725561797753,False,False,False,False,1.0
HP 14 Em0086au R5 7520u,hp,AMD,Ryzen 5,7520.0,4.3,16.0,LPDDR5,5500.0,512.0,14.0,1920x1080,60.0,AMD,1.4,3 Cell 45 W,14890000.0,data/fpt/detail_htmls\hp_0_specs.html,AMD_RADEON_GRAPHICS,INTEGRATED,False,0.8,0.8,0.2146869983948635,0.7885232744783306,0.2114767255216693,0.0618055555555555,14.89,0.507,0.789,True,True,True,True,False,True,False,,,0.5,,0,0.54675,0.5471,0.6041331460674156,0.687540128410915,0.5868179414125201,False,False,True,False,7.0
HP 14 Ep0112tu I5 1335u,hp,Intel,Core I5,1335.0,3.4,16.0,DDR4,,512.0,14.0,1920x1080,,Intel,1.4,3 Cell 45 W,19190000.0,data/fpt/detail_htmls\hp_5_specs.html,INTEL_IRIS_XE,INTEGRATED,False,0.8,0.8,0.1565008025682183,0.7885232744783306,0.2114767255216693,0.0916666666666666,19.19,0.478,0.789,True,True,True,True,False,True,False,,,0.55,,0,0.5695,0.5659000000000001,0.5910831460674156,0.687540128410915,0.57079544141252,False,False,False,False,13.0
HP Gaming Victus 15 Fa2732tx I5 13420h B85lppa,hp,Intel,Core I5,13420.0,4.6,16.0,DDR4,3200.0,512.0,15.6,1920x1080,144.0,NVIDIA,2.262,70.07 Wh 120 W,26090000.0,data/fpt/detail_htmls\hp_6_specs.html,RTX 4050,DISCRETE_GAMING,False,0.8,0.8,0.4534510433386838,0.1412520064205457,0.5842696629213483,0.1395833333333333,26.09,0.627,0.141,True,True,True,False,False,False,True,70.07,0.7176628010704728,1.0,0.7176628010704728,1,0.87675,0.8581,0.47512076246128554,0.3978914506796413,0.5128326332435067,True,True,False,False,13.0
HP 14 Ep0220tu I3 1315u B73vwpa,hp,Intel,Core I3,1315.0,4.5,8.0,DDR4,3200.0,512.0,14.0,1920x1080,60.0,Intel,1.38,3 Cell 45 W,13190000.0,data/fpt/detail_htmls\hp_7_specs.html,INTEL_UHD,INTEGRATED,False,0.6,0.8,0.3029695024077046,0.8358747993579454,0.2114767255216693,0.05,13.19,0.491,0.836,True,True,True,True,False,True,False,,,0.45,,0,0.48275,0.4848,0.6135061797752809,0.7088483146067417,0.5896974438202247,False,False,True,False,13.0
HP Gaming Victus 15 Fa2731tx I5 13420h B85lnpa,hp,Intel,Core I5,13420.0,4.6,16.0,DDR4,3200.0,512.0,15.6,1920x1080,144.0,NVIDIA,2.185,52.5 Wh 120 W,24090000.0,data/fpt/detail_htmls\hp_9_specs.html,RTX 3050,DISCRETE_GAMING,False,0.8,0.8,0.4534510433386838,0.1890048154093098,0.5842696629213483,0.1256944444444444,24.09,0.627,0.189,True,True,True,False,False,False,True,52.5,0.3073148974130241,0.9,0.3073148974130241,1,0.81675,0.8031,0.40976466487586327,0.27575844844447817,0.45899578888303405,True,True,False,False,13.0
HP Omnibook 5 Ai 16 Af1048tu Ultra 5 225u Bz7q9pa,hp,Intel,Core Ultra 5,225.0,4.8,16.0,LPDDR5X,7467.0,512.0,16.0,1920x1200,,Intel,1.734,3 Cell 65 W,23690000.0,data/fpt/detail_htmls\hp_10_specs.html,INTEL_GRAPHICS,INTEGRATED,False,0.8,0.8,0.6460674157303371,0.4121187800963082,0.8487158908507223,0.1229166666666666,23.69,0.723,0.412,True,True,True,False,False,False,True,,,0.45,,0,0.57075,0.5844,0.5695915730337078,0.39071027287319426,0.5875082624398074,False,False,False,False,2.0
HP 15 Fd1289tu Ultra 7 155h C2cv8pa,hp,Intel,Core Ultra 7,155.0,4.8,16.0,DDR5,,512.0,15.6,1920x1080,60.0,Intel,1.65,3 Cell 65 W,22890000.0,data/fpt/detail_htmls\hp_11_specs.html,INTEL_GRAPHICS,INTEGRATED,False,0.8,0.8,0.6460674157303371,0.543338683788122,0.5842696629213483,0.1173611111111111,22.89,0.723,0.543,True,True,True,False,False,False,True,,,0.45,,0,0.57075,0.5844,0.6155185393258427,0.5026484751203852,0.6305630377207063,False,False,True,False,1.0
HP Gaming Victus 15 Fb3116ax R7 7445hs Bx9c9pa,hp,AMD,Ryzen 7,7445.0,5.1,16.0,LPDDR5,5600.0,512.0,15.6,1920x1080,144.0,AMD,2.29,52.5 Wh 120 W,27990000.0,data/fpt/detail_htmls\hp_8_specs.html,RTX 4050,DISCRETE_GAMING,False,0.8,0.8,0.8743980738362761,0.134430176565008,0.5842696629213483,0.1527777777777778,27.99,0.837,0.134,True,True,True,False,False,False,True,52.5,0.3073148974130241,1.0,0.3073148974130241,1,0.92925,0.9211,0.4851635412803576,0.2511998609645424,0.5615135657690694,True,True,False,False,7.0
HP Envy X360 14 Fc0158tu Core Ultra 7 155u,hp,Intel,Core Ultra 7,155.0,0.7,16.0,LPDDR5,,512.0,14.0,2880x1800,120.0,Intel,1.39,59 Wh 65 W,33290000.0,data/fpt/detail_htmls\hp_12_specs.html,INTEL_GRAPHICS,INTEGRATED,False,0.8,0.8,0.0032102728731942,0.819422150882825,0.2114767255216693,0.1895833333333333,33.29,0.402,0.819,True,True,True,True,False,True,False,59.0,0.5370205173951829,0.45,0.5370205173951829,1,0.4905,0.4881,0.5751018562880253,0.7144018038812514,0.5423761961058617,False,False,False,False,1.0
HP Omnibook 5 Ai 16 Af1046tu Ultra 5 225u Bz7q8pa,hp,Intel,Core Ultra 5,225.0,4.8,16.0,LPDDR5X,7467.0,512.0,16.0,1920x1200,,Intel,1.734,3 Cell 65 W,24490000.0,data/fpt/detail_htmls\hp_14_specs.html,INTEL_GRAPHICS,INTEGRATED,False,0.8,0.8,0.6460674157303371,0.4121187800963082,0.8487158908507223,0.1284722222222222,24.49,0.723,0.412,True,True,True,False,False,False,True,,,0.45,,0,0.57075,0.5844,0.5695915730337078,0.39071027287319426,0.5875082624398074,False,False,False,False,2.0
HP 250r G10 Core 5 120u C3sh7at,hp,Intel,Core 5,120.0,5.0,16.0,DDR4,,512.0,15.6,1920x1080,,Intel,1.53,3 Cell 65 W,18590000.0,data/fpt/detail_htmls\hp_16_specs.html,INTEL_GRAPHICS,INTEGRATED,False,0.8,0.8,0.8138041733547352,0.656099518459069,0.5842696629213483,0.0875,18.59,0.807,0.656,True,True,True,True,False,False,True,,,0.45,,0,0.59175,0.6096,0.6927848314606742,0.5533908507223114,0.7048813443017656,False,True,True,False,1.0
HP Gaming Victus 15 Fb3116ax R7 7445hs Bx8u4pa,hp,AMD,Ryzen 7,7445.0,5.1,16.0,LPDDR5,5600.0,512.0,15.6,1920x1080,144.0,NVIDIA,2.29,52.5 Wh 120 W,25990000.0,data/fpt/detail_htmls\hp_13_specs.html,RTX 3050,DISCRETE_GAMING,False,0.8,0.8,0.8743980738362761,0.134430176565008,0.5842696629213483,0.1388888888888889,25.99,0.837,0.134,True,True,True,False,False,False,True,52.5,0.3073148974130241,0.9,0.3073148974130241,1,0.86925,0.8661,0.4851635412803576,0.2511998609645424,0.5615135657690694,True,True,False,False,7.0
HP 15 Fd0083tu I7 1355u,hp,Intel,Core I7,1355.0,1.7,16.0,,,512.0,15.6,1920x1080,60.0,,1.59,3 Cell,22090000.0,data/fpt/detail_htmls\hp_15_specs.html,UNKNOWN,UNKNOWN,False,0.8,0.8,0.0381219903691813,0.622792937399679,0.5842696629213483,0.1118055555555555,22.09,0.419,0.623,True,True,True,True,False,False,True,,,0.45,,0,0.49475,0.4931999999999999,0.5065275280898877,0.5384028892455859,0.4822679654895666,False,False,False,False,13.0
HP Omnibook 5 16 Ag1068au AMD Ai 5 340 Bz7t0pa,hp,AMD,Ryzen AI 5,340.0,4.8,16.0,LPDDR5,7500.0,512.0,16.0,1920x1200,,AMD,1.79,3 Cell 65 W,24790000.0,data/fpt/detail_htmls\hp_17_specs.html,AMD_RADEON_GRAPHICS,INTEGRATED,False,0.8,0.8,0.6460674157303371,0.3743980738362761,0.8487158908507223,0.1305555555555555,24.79,0.723,0.374,True,True,True,False,False,False,True,,,0.5,,0,0.60075,0.6119,0.5563893258426966,0.3737359550561798,0.5781723876404494,True,True,False,False,3.0
HP 15 Fd1060tu Core Ultra 7 155h,hp,Intel,Core Ultra 7,155.0,4.8,16.0,DDR5,,512.0,15.6,1920x1080,60.0,Intel,1.65,41 Cell 65 W,23990000.0,data/fpt/detail_htmls\hp_18_specs.html,INTEL_UHD,INTEGRATED,False,0.8,0.8,0.6460674157303371,0.543338683788122,0.5842696629213483,0.125,23.99,0.723,0.543,True,True,True,False,False,False,True,,,0.45,,0,0.57075,0.5844,0.6155185393258427,0.5026484751203852,0.6305630377207063,False,False,True,False,1.0
HP Omnibook 5 16 Ag1067au RYZEN Al 7 350 Bz7u5pa,hp,AMD,Ryzen AI 7,350.0,5.0,16.0,LPDDR5,7500.0,512.0,16.0,1920x1200,,AMD,1.79,3 Cell 65 W,26790000.0,data/fpt/detail_htmls\hp_21_specs.html,AMD_RADEON_GRAPHICS,INTEGRATED,False,0.8,0.8,0.8138041733547352,0.3743980738362761,0.8487158908507223,0.1444444444444444,26.79,0.807,0.374,True,True,True,False,False,False,True,,,0.5,,0,0.62175,0.6371,0.5941893258426967,0.3737359550561798,0.6245823876404494,True,True,False,False,3.0
HP Probook 4 G1ah 14 R5 220,hp,AMD,Ryzen 5,,4.9,16.0,LPDDR5,5600.0,512.0,14.0,1920x1200,60.0,AMD,1.4,3 Cell 65 W,19190000.0,data/fpt/detail_htmls\hp_19_specs.html,AMD_RADEON_GRAPHICS,INTEGRATED,False,0.8,0.8,0.7391653290529695,0.7885232744783306,0.2114767255216693,0.0916666666666666,19.19,0.77,0.789,True,True,True,True,False,True,False,,,0.5,,0,0.6125,0.626,0.7224831460674157,0.687540128410915,0.73212544141252,True,True,True,False,
HP Omnibook 7 14 Fr0033tu Ultra 5 225u C1mn2pa,hp,Intel,Core Ultra 5,225.0,4.8,16.0,LPDDR5,7467.0,512.0,14.0,1920x1200,,Intel,1.41,3 Cell 68 W,25190000.0,data/fpt/detail_htmls\hp_20_specs.html,INTEL_GRAPHICS,INTEGRATED,False,0.8,0.8,0.6460674157303371,0.7664526484751204,0.2114767255216693,0.1333333333333333,25.19,0.723,0.766,True,True,True,True,False,True,False,,,0.45,,0,0.57075,0.5844,0.693608426966292,0.6776083467094705,0.7006954614767256,False,False,True,False,2.0
HP 15 Fd1058tu U7 155h 9z2x6pa,hp,Intel,Core Ultra 7,155.0,4.8,16.0,DDR5,,1024.0,15.6,1920x1080,60.0,Intel,1.65,41 Cell 65 W,25490000.0,data/fpt/detail_htmls\hp_23_specs.html,INTEL_UHD,INTEGRATED,False,0.8,1.0,0.6460674157303371,0.543338683788122,0.5842696629213483,0.1354166666666666,25.49,0.763,0.543,True,True,True,False,False,False,True,,,0.45,,0,0.58075,0.5964,0.6335185393258427,0.5026484751203852,0.6526630377207063,False,False,True,False,1.0
HP Omnibook 7 Aero 13 Bg1087au RYZEN Ai 5 340 Bz7s1pa,hp,AMD,Ryzen AI 5,340.0,4.8,16.0,LPDDR5,7200.0,512.0,13.3,1920x1200,,AMD,1.0,3 Cell 65 W,26490000.0,data/fpt/detail_htmls\hp_22_specs.html,AMD_RADEON_GRAPHICS,INTEGRATED,False,0.8,0.8,0.6460674157303371,0.9823434991974318,0.0176565008025682,0.1423611111111111,26.49,0.723,0.982,True,True,True,True,False,True,False,,,0.5,,0,0.60075,0.6119,0.7691702247191011,0.8135232744783306,0.7618812560192616,True,True,True,False,3.0
LENOVO Ideapad Slim 3 15irh10 I5 13420h 83k1002pvn,lenovo,Intel,Core I5,13420.0,3.4,16.0,DDR5,4800.0,512.0,15.1,2560x1600,165.0,Intel,1.49,60 Wh 65 W,20490000.0,data/fpt/detail_htmls\lenovo_2_specs.html,INTEL_UHD,INTEGRATED,False,0.8,0.8,0.1565008025682183,0.7150882825040128,0.4097110754414125,0.1006944444444444,20.49,0.478,0.715,True,True,True,True,False,False,False,60.0,0.5709188224799286,0.45,0.5709188224799286,1,0.5095000000000001,0.5109,0.5795646633723902,0.6396690999064982,0.5560379184988753,False,False,False,False,13.0
LENOVO Gaming Loq 15irx10 I7 13650hx 83je00pevn,lenovo,Intel,Core I7,13650.0,4.9,32.0,DDR5,4800.0,512.0,15.6,1920x1080,144.0,NVIDIA,2.4,60 Wh 180 W,34990000.0,data/fpt/detail_htmls\lenovo_4_specs.html,RTX 5050,DISCRETE_GAMING,False,1.0,0.8,0.7391653290529695,0.0830658105939005,0.5842696629213483,0.2013888888888889,34.99,0.83,0.083,True,True,True,False,True,False,True,60.0,0.5709188224799286,0.45,0.5709188224799286,1,0.6275000000000001,0.6465,0.5167567982038509,0.3203472700509606,0.587110013201925,True,True,False,False,13.0
LENOVO V14 G4 Iru I3 1315u 83a000s4vn,lenovo,Intel,Core I3,1315.0,4.5,8.0,DDR4,3200.0,512.0,14.0,1920x1080,60.0,Intel,1.43,38 Wh 65 W,11590000.0,data/fpt/detail_htmls\lenovo_0_specs.html,INTEL_UHD,INTEGRATED,False,0.6,0.8,0.3029695024077046,0.752808988764045,0.2114767255216693,0.0388888888888888,11.59,0.491,0.753,True,True,True,True,False,True,False,38.0,0.008920606601248885,0.45,0.008920606601248885,1,0.48275,0.4848,0.4862172673876655,0.49959091214992357,0.4905659527544342,False,False,False,False,13.0
LENOVO Ideapad Slim 5 14akp10 RYZEN Ai 7 350 83hx001jvn,lenovo,AMD,Ryzen AI 7,350.0,5.0,32.0,DDR5,5600.0,1024.0,14.0,1920x1200,60.0,AMD,1.39,,27990000.0,data/fpt/detail_htmls\lenovo_6_specs.html,AMD_RADEON_GRAPHICS,INTEGRATED,False,1.0,1.0,0.8138041733547352,0.819422150882825,0.2114767255216693,0.1527777777777778,27.99,0.907,0.819,True,True,True,True,False,True,False,,,0.5,,0,0.6767500000000001,0.6971,0.7949477528089887,0.7014446227929374,0.8154654133226324,True,True,True,False,3.0
LENOVO V15 G4 Iru I5 13420h 83a100pmvn,lenovo,Intel,Core I5,13420.0,3.4,16.0,DDR4,3200.0,512.0,15.6,1920x1080,,Intel,1.65,38 Wh 65 W,15990000.0,data/fpt/detail_htmls\lenovo_5_specs.html,INTEL_UHD,INTEGRATED,False,0.8,0.8,0.1565008025682183,0.543338683788122,0.5842696629213483,0.0694444444444444,15.99,0.478,0.543,True,True,True,False,False,False,True,38.0,0.008920606601248885,0.45,0.008920606601248885,1,0.5095000000000001,0.5109,0.40705266064609247,0.33077068743082233,0.4166278347769061,False,False,False,False,13.0
LENOVO Ideapad Slim 3 15arp10 R5 7533hs 83k70019vn,lenovo,AMD,Ryzen 5,7533.0,4.5,24.0,DDR5,4800.0,512.0,15.3,1920x1200,60.0,AMD,1.69,60 Wh 65 W,16990000.0,data/fpt/detail_htmls\lenovo_7_specs.html,AMD_RADEON_GRAPHICS,INTEGRATED,False,0.8,0.8,0.3029695024077046,0.4735152487961477,0.4297752808988764,0.0763888888888889,16.99,0.551,0.474,True,True,True,False,False,False,False,60.0,0.5709188224799286,0.5,0.5709188224799286,1,0.55775,0.5603,0.5278641015746375,0.5269483936464663,0.5357785244378801,False,False,False,False,7.0
LENOVO Ideapad Slim 3 15abr8 82xm00mdvn,lenovo,AMD,Ryzen 5,5625.0,4.3,16.0,DDR4,3200.0,512.0,15.6,1920x1080,60.0,AMD,1.62,,14490000.0,data/fpt/detail_htmls\lenovo_9_specs.html,AMD_RADEON_GRAPHICS,INTEGRATED,False,0.8,0.8,0.2146869983948635,0.5810593900481541,0.5842696629213483,0.0590277777777777,14.49,0.507,0.581,True,True,True,False,False,False,True,,,0.5,,0,0.54675,0.5471,0.531520786516854,0.5196227929373997,0.5205589125200643,False,False,False,False,5.0
LENOVO Gaming Loq 15arp9 R5 7235hs 83jc00lvvn,lenovo,AMD,Ryzen 5,7235.0,4.2,16.0,DDR5,4800.0,512.0,15.6,1920x1080,144.0,NVIDIA,2.38,60 Wh 170 W,23490000.0,data/fpt/detail_htmls\lenovo_11_specs.html,RTX 3050,DISCRETE_GAMING,False,0.8,0.8,0.1978330658105939,0.1007223113964687,0.5842696629213483,0.1215277777777777,23.49,0.499,0.101,True,True,True,False,True,False,True,60.0,0.5709188224799286,0.9,0.5709188224799286,1,0.7847500000000001,0.7647,0.3739865734847498,0.32829269541211625,0.40860249715056063,True,True,False,False,7.0
LENOVO V15 G4 Iru I7 13620h 83a100rhvn,lenovo,Intel,Core I7,13620.0,3.6,16.0,DDR4,3200.0,512.0,15.6,1920x1080,,Intel,1.65,38 Wh 65 W,19090000.0,data/fpt/detail_htmls\lenovo_10_specs.html,INTEL_UHD,INTEGRATED,False,0.8,0.8,0.1761637239165329,0.543338683788122,0.5842696629213483,0.0909722222222222,19.09,0.488,0.543,True,True,True,False,False,False,True,38.0,0.008920606601248885,0.45,0.008920606601248885,1,0.512,0.5139,0.41155266064609247,0.33077068743082233,0.4221528347769061,False,False,False,False,13.0
LENOVO Gaming Loq 15arp9 R5 7235hs 83jc00m3vn,lenovo,AMD,Ryzen 5,7235.0,4.2,16.0,DDR5,4800.0,1024.0,15.6,1920x1080,144.0,NVIDIA,2.38,60 Wh 170 W,24490000.0,data/fpt/detail_htmls\lenovo_12_specs.html,RTX 3050,DISCRETE_GAMING,False,0.8,1.0,0.1978330658105939,0.1007223113964687,0.5842696629213483,0.1284722222222222,24.49,0.539,0.101,True,True,True,False,True,False,True,60.0,0.5709188224799286,0.9,0.5709188224799286,1,0.7947500000000001,0.7767000000000001,0.3919865734847498,0.32829269541211625,0.43070249715056064,True,True,False,False,7.0
LENOVO Ideapad Slim 3 14irh10 83k00007vn,lenovo,Intel,Core I7,13620.0,4.9,16.0,DDR5,4800.0,512.0,14.0,1920x1280,60.0,Intel,1.43,60 Wh 65 W,19990000.0,data/fpt/detail_htmls\lenovo_13_specs.html,INTEL_UHD,INTEGRATED,False,0.8,0.8,0.7391653290529695,0.752808988764045,0.2114767255216693,0.0972222222222222,19.99,0.77,0.753,True,True,True,True,False,True,False,60.0,0.5709188224799286,0.45,0.5709188224799286,1,0.5825,0.5985,0.7241669105634015,0.6962902877074615,0.734633167295023,False,False,True,False,13.0
LENOVO Ideapad Slim 3 14irh10 I5 13420h 83k0000bvn,lenovo,Intel,Core I5,13420.0,3.4,16.0,DDR5,4800.0,512.0,14.0,1920x1280,60.0,Intel,1.33,60 Wh 65 W,19490000.0,data/fpt/detail_htmls\lenovo_15_specs.html,INTEL_UHD,INTEGRATED,False,0.8,0.8,0.1565008025682183,0.8739967897271268,0.2114767255216693,0.09375,19.49,0.478,0.874,True,True,True,True,False,True,False,60.0,0.5709188224799286,0.45,0.5709188224799286,1,0.5095000000000001,0.5109,0.6351826409004802,0.7508247981408482,0.6032971480333857,False,False,True,False,13.0
LENOVO Gaming Loq E 15iax9e I5 12450hx 83lk0079vn,lenovo,Intel,Core I5,12450.0,3.1,16.0,DDR5,4800.0,512.0,15.6,1920x1080,144.0,NVIDIA,1.77,,22090000.0,data/fpt/detail_htmls\lenovo_16_specs.html,RTX 3050,DISCRETE_GAMING,False,0.8,0.8,0.1364365971107544,0.3864365971107544,0.5842696629213483,0.1118055555555555,22.09,0.468,0.386,True,True,True,False,False,False,True,,,0.9,,0,0.777,0.7554000000000001,0.445852808988764,0.4320425361155698,0.45084227126805776,True,True,False,False,12.0
LENOVO Yoga Slim 7 14imh9 Core Ultra 7 155h 83cv00dkvn,lenovo,Intel,Core Ultra 7,155.0,4.8,32.0,LPDDR5,5600.0,1024.0,14.0,1920x1200,60.0,Intel,1.39,65 Wh 65 W,29990000.0,data/fpt/detail_htmls\lenovo_17_specs.html,INTEL_GRAPHICS,INTEGRATED,False,1.0,1.0,0.6460674157303371,0.819422150882825,0.2114767255216693,0.1666666666666666,29.99,0.823,0.819,True,True,True,True,False,True,False,65.0,0.6418376449598573,0.45,0.6418376449598573,1,0.62575,0.6444,0.7855152818009602,0.7510877985288875,0.7917494365162097,True,True,True,True,1.0
LENOVO Thinkpad E14 Gen 7 U5 225u 21sx005nvn,lenovo,Intel,Core Ultra 5,225.0,4.8,16.0,DDR5,5600.0,512.0,14.0,1920x1200,60.0,Intel,1.34,48 Wh 65 W,24300000.0,data/fpt/detail_htmls\lenovo_18_specs.html,INTEL_GRAPHICS,INTEGRATED,False,0.8,0.8,0.6460674157303371,0.8663723916532905,0.2114767255216693,0.1271527777777777,24.3,0.723,0.866,True,True,True,True,False,True,False,48.0,0.2149866190900981,0.45,0.2149866190900981,1,0.57075,0.5844,0.6715776608966713,0.6228175478211813,0.6798234569677383,False,False,True,False,2.0
LENOVO Thinkpad E14 Gen 7 Core 5 210h 21t90023vn,lenovo,Intel,Core 5,210.0,4.8,16.0,DDR5,5600.0,512.0,14.0,1920x1200,60.0,Intel,1.34,48 Wh 65 W,23400000.0,data/fpt/detail_htmls\lenovo_22_specs.html,INTEL_GRAPHICS,INTEGRATED,False,0.8,0.8,0.6460674157303371,0.8663723916532905,0.2114767255216693,0.1209027777777777,23.4,0.723,0.866,True,True,True,True,False,True,False,48.0,0.2149866190900981,0.45,0.2149866190900981,1,0.57075,0.5844,0.6715776608966713,0.6228175478211813,0.6798234569677383,False,False,True,False,1.0
LENOVO V14 G5 Irl INTEL Core I5 13420h,lenovo,Intel,Core I5,13420.0,3.4,16.0,DDR5,5200.0,512.0,14.0,1920x1080,,Intel,1.37,47 Wh 65 W,16200000.0,data/fpt/detail_htmls\lenovo_21_specs.html,INTEL_UHD,INTEGRATED,False,0.8,0.8,0.1565008025682183,0.8430979133226324,0.2114767255216693,0.0709027777777777,16.2,0.478,0.843,True,True,True,True,False,True,False,47.0,0.18688670829616413,0.45,0.18688670829616413,1,0.5095000000000001,0.5109,0.5475616113221541,0.6025090637945082,0.5342045378538709,False,False,False,False,13.0
LENOVO Legion 5 15irx10 I7 13650hx 83ly00hrvn,lenovo,Intel,Core I7,13650.0,4.9,16.0,DDR5,,512.0,15.3,1920x1200,165.0,NVIDIA,2.1,80 Wh 245 W,36990000.0,data/fpt/detail_htmls\lenovo_20_specs.html,RTX 5050,DISCRETE_GAMING,False,0.8,0.8,0.7391653290529695,0.2231139646869984,0.4297752808988764,0.2152777777777778,36.99,0.77,0.223,True,True,True,False,False,False,False,80.0,0.8818019625334522,0.45,0.8818019625334522,1,0.5825,0.5985,0.6009502801471399,0.5230769148160823,0.6445430090294294,False,False,True,False,13.0
LENOVO V15 G5 Irl INTEL Core I5 13420h,lenovo,Intel,Core I5,13420.0,3.4,16.0,DDR5,5200.0,512.0,15.6,1920x1080,,Intel,1.61,47 Wh 65 W,16400000.0,data/fpt/detail_htmls\lenovo_23_specs.html,INTEL_UHD,INTEGRATED,False,0.8,0.8,0.1565008025682183,0.5947030497592296,0.5842696629213483,0.0722916666666666,16.4,0.478,0.595,True,True,True,False,False,False,True,47.0,0.18688670829616413,0.45,0.18688670829616413,1,0.5095000000000001,0.5109,0.4606234090749632,0.4161727877110411,0.4578150916259416,False,False,False,False,13.0
ACER Aspire Go 14 Ai Ag14 71m 52lh Ultra5 115u,acer,Intel,Core Ultra 5,,4.2,16.0,DDR5,,512.0,14.0,1920x1200,60.0,Intel,1.47,,16990000.0,data/fpt/detail_htmls\acer_0_specs.html,INTEL_GRAPHICS,INTEGRATED,False,0.8,0.8,0.1978330658105939,0.725521669341894,0.2114767255216693,0.0763888888888889,16.99,0.499,0.726,True,True,True,True,False,True,False,,,0.45,,0,0.51475,0.5172,0.5784825842696628,0.6591894060995185,0.566805044141252,False,False,False,False,
ACER Aspire Lite 15 Al15 41p R3u5 R7 5700u,acer,AMD,Ryzen 7,5700.0,4.3,16.0,DDR4,,512.0,15.6,1920x1080,60.0,AMD,1.7,,12990000.0,data/fpt/detail_htmls\acer_1_specs.html,AMD_RADEON_GRAPHICS,INTEGRATED,False,0.8,0.8,0.2146869983948635,0.4438202247191011,0.5842696629213483,0.0486111111111111,12.99,0.507,0.444,True,True,True,False,False,False,True,,,0.5,,0,0.54675,0.5471,0.4834870786516854,0.45786516853932585,0.4865922191011236,False,False,False,False,5.0
ACER Gaming Nitro V 15 Propanel Anv15 41 R9m1 R5 7535hs,acer,AMD,Ryzen 5,7535.0,4.55,16.0,DDR5,,512.0,15.6,1920x1080,180.0,AMD,2.1,,23990000.0,data/fpt/detail_htmls\acer_2_specs.html,RTX 3050,DISCRETE_GAMING,False,0.8,0.8,0.3451043338683788,0.2231139646869984,0.5842696629213483,0.125,23.99,0.573,0.223,True,True,True,False,False,False,True,,,0.9,,0,0.80325,0.7869,0.43593988764044944,0.3585473515248796,0.4684324197431782,True,True,False,False,7.0
ACER Aspire Lite 16 Ai Al16 71p 71wu Ultra 7 155h,acer,Intel,Ultra 7,155.0,4.8,16.0,DDR5,5600.0,512.0,16.0,1920x1200,60.0,Intel,1.6,,20290000.0,data/fpt/detail_htmls\acer_4_specs.html,INTEL_GRAPHICS,INTEGRATED,False,0.8,0.8,0.6460674157303371,0.6087479935794542,0.8487158908507223,0.0993055555555555,20.29,0.723,0.609,True,True,True,False,False,False,True,,,0.45,,0,0.57075,0.5844,0.6384117977528089,0.47919341894060996,0.6361739927768859,False,False,True,False,1.0
ACER Aspire Lite 14 Al14 71m 52gq I5 12500h,acer,Intel,Core I5,12500.0,4.5,16.0,DDR5,,512.0,14.0,1920x1200,60.0,Intel,1.5,,15790000.0,data/fpt/detail_htmls\acer_3_specs.html,INTEL_IRIS_XE,INTEGRATED,False,0.8,0.8,0.3029695024077046,0.6898073836276084,0.2114767255216693,0.0680555555555555,15.79,0.551,0.69,True,True,True,True,False,True,False,,,0.55,,0,0.58775,0.5878000000000001,0.589382584269663,0.64311797752809,0.5866957584269663,False,False,False,False,12.0
ACER Nitro V Gaming Anv15 41 R2up R5 6600h,acer,AMD,Ryzen 5,6600.0,3.3,16.0,DDR5,,512.0,15.6,1920x1080,165.0,NVIDIA,2.1,,18990000.0,data/fpt/detail_htmls\acer_7_specs.html,RTX 2050,DISCRETE_GAMING,False,0.8,0.8,0.1432584269662921,0.2231139646869984,0.5842696629213483,0.0902777777777777,18.99,0.472,0.223,True,True,True,False,False,False,True,,,0.8,,0,0.718,0.7016,0.39048988764044945,0.3585473515248796,0.41262991974317814,True,True,False,False,6.0
ACER Swift Lite 14 Ai Sfl14 51m 56hs U5 125u,acer,Intel,Core Ultra 5,125.0,4.3,16.0,DDR5,,512.0,14.0,1920x1200,60.0,Intel,1.27,3 Cell,19690000.0,data/fpt/detail_htmls\acer_8_specs.html,INTEL_GRAPHICS,INTEGRATED,False,0.8,0.8,0.2146869983948635,0.9073033707865168,0.2114767255216693,0.0951388888888888,19.69,0.507,0.907,True,True,True,True,False,True,False,,,0.45,,0,0.51675,0.5196000000000001,0.6457061797752809,0.7409911717495987,0.6162160152487961,False,False,True,False,1.0
ACER Aspire 7 Gaming A715 59g 57tu I5 12450h 16gb,acer,Intel,Core I5,12450.0,4.4,16.0,DDR4,,512.0,15.6,1920x1080,144.0,NVIDIA,1.99,,20190000.0,data/fpt/detail_htmls\acer_6_specs.html,RTX 3050,DISCRETE_GAMING,False,0.8,0.8,0.2451845906902086,0.2536115569823435,0.5842696629213483,0.0986111111111111,20.19,0.523,0.254,True,True,True,False,False,False,True,,,0.9,,0,0.7907500000000001,0.7719,0.4241140449438202,0.3722712680577849,0.4483555738362761,True,True,False,False,12.0
ACER Aspire Lite 16 Ai Al16 71p 5674 Ultra 5 125h,acer,Intel,Ultra 5,125.0,4.5,16.0,DDR5,5600.0,512.0,16.0,1920x1200,60.0,Intel,1.6,,17290000.0,data/fpt/detail_htmls\acer_5_specs.html,INTEL_GRAPHICS,INTEGRATED,False,0.8,0.8,0.3029695024077046,0.6087479935794542,0.8487158908507223,0.0784722222222222,17.29,0.551,0.609,True,True,True,False,False,False,True,,,0.45,,0,0.52775,0.5328,0.561011797752809,0.47919341894060996,0.5411439927768861,False,False,False,False,1.0
ACER Gaming Nitro V 15 Anv15 41 R732 R5 6600h,acer,AMD,Ryzen 5,6600.0,4.5,16.0,DDR5,,512.0,15.6,1920x1080,165.0,NVIDIA,2.1,,24990000.0,data/fpt/detail_htmls\acer_9_specs.html,RTX 4050,DISCRETE_GAMING,False,0.8,0.8,0.3029695024077046,0.2231139646869984,0.5842696629213483,0.1319444444444444,24.99,0.551,0.223,True,True,True,False,False,False,True,,,1.0,,0,0.85775,0.8353,0.4260398876404494,0.3585473515248796,0.4562774197431782,True,True,False,False,6.0
ACER Aspire Lite 14 Gen 2 Al14 52m 32kv,acer,Intel,Core I3,1305.0,4.5,8.0,DDR5,,256.0,14.0,1920x1200,60.0,,1.5,3 Cell,11290000.0,data/fpt/detail_htmls\acer_11_specs.html,UNKNOWN,UNKNOWN,False,0.6,0.6,0.3029695024077046,0.6898073836276084,0.2114767255216693,0.0368055555555555,11.29,0.451,0.69,True,True,True,True,False,True,False,,,0.45,,0,0.47275,0.4728,0.5443825842696629,0.64311797752809,0.5314457584269663,False,False,False,False,13.0
ACER Aspire Lite 15 Al15 72p 7232 I7 13620h,acer,Intel,Core I7,13620.0,4.9,16.0,DDR5,,512.0,15.6,1920x1080,60.0,Intel,1.79,58 Wh 90 W,16990000.0,data/fpt/detail_htmls\acer_10_specs.html,INTEL_UHD,INTEGRATED,False,0.8,0.8,0.7391653290529695,0.3743980738362761,0.5842696629213483,0.0763888888888889,16.99,0.77,0.374,True,True,True,False,False,False,True,58.0,0.5156110615521855,0.45,0.5156110615521855,1,0.5825,0.5985,0.5806615381531337,0.4320890721853195,0.617215506605974,False,False,False,False,13.0
ACER Aspire 7 Gaming A715 59g 73lb I7 12650h,acer,Intel,Core I7,12650.0,4.7,16.0,DDR4,,512.0,15.6,1920x1080,144.0,NVIDIA,2.07,54.8 Wh 150 W,23690000.0,data/fpt/detail_htmls\acer_12_specs.html,RTX 3050,DISCRETE_GAMING,False,0.8,0.8,0.5714285714285714,0.2455858747993579,0.5842696629213483,0.1229166666666666,23.69,0.686,0.246,True,True,True,False,False,False,True,54.8,0.3800178412132025,0.9,0.3800178412132025,1,0.8315,0.8208000000000001,0.47065862442241574,0.3266659555000623,0.5172295720900996,True,True,False,False,12.0
ACER Gaming Nitro V 15 Propanel Anv15 52 72bm I7 13620h,acer,Intel,Core I7,13620.0,4.9,16.0,DDR4,,512.0,15.6,1920x1080,180.0,Intel,2.1,,31490000.0,data/fpt/detail_htmls\acer_13_specs.html,RTX 5050,DISCRETE_GAMING,False,0.8,0.8,0.7391653290529695,0.2231139646869984,0.5842696629213483,0.1770833333333333,31.49,0.77,0.223,True,True,True,False,False,False,True,,,0.45,,0,0.5825,0.5985,0.5245898876404494,0.3585473515248796,0.5772749197431781,False,False,False,False,13.0
ACER Aspire 5 A515 58m 951t I9 13900h,acer,Intel,Core I9,13900.0,5.4,16.0,DDR5,3200.0,512.0,15.6,1920x1080,60.0,Intel,1.7,,23590000.0,data/fpt/detail_htmls\acer_15_specs.html,INTEL_IRIS_XE,INTEGRATED,False,0.8,0.8,0.9542536115569824,0.4438202247191011,0.5842696629213483,0.1222222222222222,23.59,0.877,0.444,True,True,True,False,False,False,True,,,0.55,,0,0.66925,0.6856000000000001,0.6499870786516854,0.45786516853932585,0.6910172191011236,True,True,True,False,13.0
ACER Aspire Lite 16 Al16 51p 72s2 I7 1255u,acer,Intel,Core I7,1255.0,4.7,16.0,DDR5,,512.0,16.0,1920x1200,60.0,Intel,1.8,3 Cell,16690000.0,data/fpt/detail_htmls\acer_16_specs.html,INTEL_IRIS_XE,INTEGRATED,False,0.8,0.8,0.5714285714285714,0.3607544141252006,0.8487158908507223,0.0743055555555555,16.69,0.686,0.361,True,True,True,False,False,False,True,,,0.55,,0,0.6215,0.6283000000000001,0.5349640449438202,0.3675963081861958,0.5543530818619583,True,True,False,False,12.0
ACER Gaming Nitro V 15 Propanel Anv15 41 R7ap R5 7535hs,acer,AMD,Ryzen 5,7535.0,0.0,16.0,DDR5,,512.0,15.6,1920x1200,180.0,NVIDIA,2.1,,22990000.0,data/fpt/detail_htmls\acer_18_specs.html,RTX 2050,DISCRETE_GAMING,False,0.8,0.8,0.0016051364365971,0.2231139646869984,0.5842696629213483,0.1180555555555555,22.99,0.401,0.223,True,True,True,False,False,False,True,,,0.8,,0,0.7002499999999999,0.6803,0.3585398876404494,0.3585473515248796,0.37340241974317817,True,True,False,False,7.0
ACER Aspire Lite 14 Al14 52m 52uu I5 1335u,acer,Intel,Core I5,1335.0,4.6,16.0,DDR5,,512.0,14.0,2240x1400,60.0,Intel,1.5,,16490000.0,data/fpt/detail_htmls\acer_14_specs.html,INTEL_UHD,INTEGRATED,False,0.8,0.8,0.4534510433386838,0.6898073836276084,0.2114767255216693,0.0729166666666666,16.49,0.627,0.69,True,True,True,True,False,True,False,,,0.45,,0,0.5467500000000001,0.5556,0.623582584269663,0.64311797752809,0.6286857584269663,False,False,True,False,13.0
ACER Aspire Lite 16 Gen 2 Al16 52p 572a I5 1334u,acer,Intel,Core I5,1334.0,4.6,16.0,DDR5,,512.0,16.0,1920x1200,60.0,Intel,1.7,,14990000.0,data/fpt/detail_htmls\acer_17_specs.html,INTEL_IRIS_XE,INTEGRATED,False,0.8,0.8,0.4534510433386838,0.4438202247191011,0.8487158908507223,0.0625,14.99,0.627,0.444,True,True,True,False,False,False,True,,,0.55,,0,0.60675,0.6106,0.5374870786516853,0.4049759229534511,0.5423143699839486,True,True,False,False,13.0
ACER Gaming Nitro V 15 Propanel Anv15 41 R7cr R5 7535hs,acer,AMD,Ryzen 5,7735.0,4.55,16.0,DDR5,,512.0,15.6,1920x1080,180.0,NVIDIA,2.1,57 Wh 135 W,26990000.0,data/fpt/detail_htmls\acer_19_specs.html,RTX 4050,DISCRETE_GAMING,False,0.8,0.8,0.3451043338683788,0.2231139646869984,0.5842696629213483,0.1458333333333333,26.99,0.573,0.223,True,True,True,False,False,False,True,57.0,0.4683318465655665,1.0,0.4683318465655665,1,0.86325,0.8419,0.4296062569535627,0.34746349782282787,0.46336551519366875,True,True,False,False,7.0
ACER Swift Go 14 Ai Sfg14 75 5264 Ultra 5 226v,acer,Intel,Core Ultra 5,226.0,4.5,16.0,LPDDR5X,,512.0,14.0,1920x1200,60.0,Intel,1.24,,23990000.0,data/fpt/detail_htmls\acer_20_specs.html,INTEL_GRAPHICS,INTEGRATED,False,0.8,0.8,0.3029695024077046,0.9249598715890851,0.2114767255216693,0.125,23.99,0.551,0.925,True,True,True,True,False,True,False,,,0.45,,0,0.52775,0.5328,0.6716859550561798,0.7489365971107544,0.6448959991974319,False,False,True,False,2.0
ACER Gaming Nitro V 15 Propanel Anv15 41 R0y4 R7 7735hs,acer,AMD,Ryzen 7,7735.0,4.75,16.0,DDR5,,512.0,15.6,1920x1080,180.0,AMD,2.1,57 Wh 135 W,28990000.0,data/fpt/detail_htmls\acer_21_specs.html,RTX 4050,DISCRETE_GAMING,False,0.8,0.8,0.5862760834670947,0.2231139646869984,0.5842696629213483,0.1597222222222222,28.99,0.693,0.223,True,True,True,False,False,False,True,57.0,0.4683318465655665,1.0,0.4683318465655665,1,0.89325,0.8779,0.4836062569535627,0.34746349782282787,0.5296655151936688,True,True,False,False,7.0
ACER Aspire 7 A715 76 728x I7 12650h,acer,Intel,Core I7,12650.0,3.5,16.0,DDR4,,512.0,15.6,1920x1080,60.0,,2.1,,20190000.0,data/fpt/detail_htmls\acer_22_specs.html,UNKNOWN,UNKNOWN,False,0.8,0.8,0.1689406099518459,0.2231139646869984,0.5842696629213483,0.0986111111111111,20.19,0.484,0.223,True,True,True,False,False,False,True,,,0.45,,0,0.511,0.5127,0.3958898876404494,0.3585473515248796,0.41925991974317817,False,False,False,False,12.0
ACER Swift Lite 14 Ai Sfl14 51m 78xz U7 155u,acer,Intel,Core Ultra 7,155.0,3.8,16.0,DDR5,,512.0,14.0,1920x1200,60.0,Intel,1.27,3 Cell,22590000.0,data/fpt/detail_htmls\acer_23_specs.html,INTEL_GRAPHICS,INTEGRATED,False,0.8,0.8,0.1865971107544141,0.9073033707865168,0.2114767255216693,0.1152777777777777,22.59,0.493,0.907,True,True,True,True,False,True,False,,,0.45,,0,0.51325,0.5154000000000001,0.6394061797752808,0.7409911717495987,0.608481015248796,False,False,True,False,1.0
MSI Venture A15 Ai A2hmg 003vn R7 260,msi,AMD,Ryzen 7,260.0,5.1,16.0,DDR5,5600.0,512.0,15.6,1920x1080,144.0,AMD,1.9,55.2 WHrs 90 W,22490000.0,data/fpt/detail_htmls\msi_0_specs.html,AMD_RADEON_GRAPHICS,INTEGRATED,False,0.8,0.8,0.8743980738362761,0.2985553772070626,0.5842696629213483,0.1145833333333333,22.49,0.837,0.299,True,True,True,False,False,False,True,55.2,0.39295272078501337,0.5,0.39295272078501337,1,0.62925,0.6461,0.5597349261794746,0.35502943943366316,0.6158366046674962,True,True,False,False,
MSI Modern 15 H Ai C2hmg 220vn Ultra 7 255h,msi,Intel,Ultra 7,255.0,5.1,16.0,DDR5,5600.0,512.0,15.6,1920x1080,60.0,Intel,1.9,39.3 Whr 90 W,22490000.0,data/fpt/detail_htmls\msi_4_specs.html,INTEL_GRAPHICS,INTEGRATED,False,0.8,0.8,0.8743980738362761,0.2985553772070626,0.5842696629213483,0.1145833333333333,22.49,0.837,0.299,True,True,True,False,False,False,True,39.3,0.021409455842997322,0.45,0.021409455842997322,1,0.5992500000000001,0.6186,0.48542627319107134,0.22498929670395756,0.5563896822767735,False,True,False,False,2.0
MSI Modern 14 F13mg 466vn I5 1334u,msi,Intel,Core I5,1334.0,4.6,16.0,DDR4,3200.0,512.0,14.0,1920x1080,60.0,Intel,1.5,46.8 Whr 65 W,14990000.0,data/fpt/detail_htmls\msi_3_specs.html,INTEL_IRIS_XE,INTEGRATED,False,0.8,0.8,0.4534510433386838,0.6898073836276084,0.2114767255216693,0.0625,14.99,0.627,0.69,True,True,True,True,False,True,False,46.8,0.1694915254237288,0.55,0.1694915254237288,1,0.60675,0.6106,0.5574808893544088,0.5274400114263951,0.575804402494763,True,True,False,False,13.0
MSI Gaming Thin 15 B13uc 3247vn I5 13420h,msi,Intel,Core I5,13420.0,4.6,16.0,DDR4,3200.0,512.0,15.6,1920x1080,144.0,NVIDIA,1.86,52 Whr 120 W,20590000.0,data/fpt/detail_htmls\msi_1_specs.html,RTX 3050,DISCRETE_GAMING,False,0.8,0.8,0.4534510433386838,0.3230337078651685,0.5842696629213483,0.1013888888888888,20.59,0.627,0.323,True,True,True,False,False,False,True,52.0,0.2872435325602141,0.9,0.2872435325602141,1,0.81675,0.8031,0.45266050426485177,0.3290464723511311,0.4889565213894095,True,True,False,False,13.0
MSI Gaming Katana 15 B13vfk 676vn I7 13620h,msi,Intel,Core I7,13620.0,4.9,16.0,DDR5,5200.0,1024.0,15.6,1920x1080,144.0,NVIDIA,2.25,53.5 Wh 200 W,30390000.0,data/fpt/detail_htmls\msi_2_specs.html,RTX 4060,DISCRETE_GAMING,False,0.8,1.0,0.7391653290529695,0.1492776886035313,0.5842696629213483,0.1694444444444444,30.39,0.81,0.149,True,True,True,False,False,False,True,53.5,0.33719892952720787,1.0,0.33719892952720787,1,0.9225,0.913,0.4841869769166776,0.26834065262184215,0.5550522701368734,True,True,False,False,13.0
MSI Gaming Katana 15 B13vek 2415vn,msi,Intel,Core I5,13420.0,4.6,24.0,DDR5,5200.0,512.0,15.6,1920x1080,144.0,Intel,2.25,53.5 Wh 200 W,25090000.0,data/fpt/detail_htmls\msi_5_specs.html,RTX 4050,DISCRETE_GAMING,False,0.8,0.8,0.4534510433386838,0.1492776886035313,0.5842696629213483,0.1326388888888889,25.09,0.627,0.149,True,True,True,False,False,False,True,53.5,0.33719892952720787,1.0,0.33719892952720787,1,0.87675,0.8581,0.4018369769166776,0.26834065262184215,0.45394477013687334,True,True,False,False,13.0
MSI Gaming Katana 15 B13udxk 2213vn I5 13500h,msi,Intel,Core I5,13500.0,4.7,16.0,DDR5,5600.0,1024.0,15.6,1920x1080,144.0,NVIDIA,2.3,53.5 Whr 180 W,23490000.0,data/fpt/detail_htmls\msi_6_specs.html,RTX 3050,DISCRETE_GAMING,False,0.8,1.0,0.5714285714285714,0.1235955056179775,0.5842696629213483,0.1215277777777777,23.49,0.726,0.124,True,True,True,False,False,False,True,53.5,0.33719892952720787,0.9,0.33719892952720787,1,0.8415,0.8328000000000001,0.4373982128717337,0.256783670278343,0.5022859298479487,True,True,False,False,13.0
MSI Gaming Katana 15 B13udxk 2410vn I5 13420h,msi,Intel,Core I5,13420.0,4.6,16.0,DDR5,5200.0,512.0,15.6,1920x1080,144.0,Intel,2.25,53.5 Wh 180 W,22490000.0,data/fpt/detail_htmls\msi_7_specs.html,RTX 3050,DISCRETE_GAMING,False,0.8,0.8,0.4534510433386838,0.1492776886035313,0.5842696629213483,0.1145833333333333,22.49,0.627,0.149,True,True,True,False,False,False,True,53.5,0.33719892952720787,0.9,0.33719892952720787,1,0.81675,0.8031,0.4018369769166776,0.26834065262184215,0.45394477013687334,True,True,False,False,13.0
MSI Gaming Katana 15 B13udxk 2412vn I5 13420h,msi,Intel,Core I5,13420.0,4.9,16.0,DDR5,5200.0,1024.0,15.6,1920x1080,144.0,NVIDIA,2.25,53.5 Wh 200 W,22490000.0,data/fpt/detail_htmls\msi_8_specs.html,RTX 3050,DISCRETE_GAMING,False,0.8,1.0,0.7391653290529695,0.1492776886035313,0.5842696629213483,0.1145833333333333,22.49,0.81,0.149,True,True,True,False,False,False,True,53.5,0.33719892952720787,0.9,0.33719892952720787,1,0.8625,0.858,0.4841869769166776,0.26834065262184215,0.5550522701368734,True,True,False,False,13.0
MSI Gaming Thin 15 B13uc 2081vn I5 13420h,msi,Intel,Core I5,13420.0,4.6,16.0,DDR4,3200.0,512.0,15.6,1920x1080,144.0,NVIDIA,1.86,52.4 Wh 120 W,20590000.0,data/fpt/detail_htmls\msi_9_specs.html,RTX 3050,DISCRETE_GAMING,False,0.8,0.8,0.4534510433386838,0.3230337078651685,0.5842696629213483,0.1013888888888888,20.59,0.627,0.323,True,True,True,False,False,False,True,52.4,0.2925958965209634,0.9,0.2925958965209634,1,0.81675,0.8031,0.45373097705700166,0.3309197997373933,0.4898128996231294,True,True,False,False,13.0
MSI Gaming Katana 15 B13udxk 2411vn I7 13620h,msi,Intel,Core I7,13620.0,4.9,16.0,DDR5,5200.0,512.0,15.6,1920x1080,144.0,NVIDIA,2.25,53.5 Wh 180 W,24490000.0,data/fpt/detail_htmls\msi_10_specs.html,RTX 3050,DISCRETE_GAMING,False,0.8,0.8,0.7391653290529695,0.1492776886035313,0.5842696629213483,0.1284722222222222,24.49,0.77,0.149,True,True,True,False,False,False,True,53.5,0.33719892952720787,0.9,0.33719892952720787,1,0.8525,0.846,0.4661869769166776,0.26834065262184215,0.5329522701368733,True,True,False,False,13.0
MSI Venture A16 Ai A3hmg 017vn RYZEN Ai 7 350,msi,AMD,Ryzen AI 7,350.0,4.6,16.0,DDR5,5600.0,512.0,16.0,2048x1280,120.0,AMD,1.9,75 WHrs 90 W,29390000.0,data/fpt/detail_htmls\msi_11_specs.html,AMD_RADEON_GRAPHICS,INTEGRATED,False,0.8,0.8,0.4534510433386838,0.2985553772070626,0.8487158908507223,0.1625,29.39,0.627,0.299,True,True,True,False,False,False,True,75.0,0.7979482604817127,0.5,0.7979482604817127,1,0.57675,0.5831,0.5462340341188145,0.44388863274163315,0.5540330419017931,False,False,False,False,3.0
MSI Modern 15 F13mg 666vn I5 1334u,msi,Intel,Core I5,1334.0,4.6,16.0,DDR4,3200.0,512.0,15.6,1920x1080,60.0,Intel,1.7,46.8 Whr 65 W,15190000.0,data/fpt/detail_htmls\msi_13_specs.html,INTEL_IRIS_XE,INTEGRATED,False,0.8,0.8,0.4534510433386838,0.4438202247191011,0.5842696629213483,0.0638888888888888,15.19,0.627,0.444,True,True,True,False,False,False,True,46.8,0.1694915254237288,0.55,0.1694915254237288,1,0.60675,0.6106,0.47138538373643113,0.3421872024376309,0.5000108631689202,True,True,False,False,13.0
MSI Gaming Thin15 B13uc 2044vn I7 13620h,msi,Intel,Core I7,13620.0,4.9,16.0,DDR4,3200.0,512.0,15.6,1920x1200,144.0,NVIDIA,1.86,52.4 Wh 120 W,21090000.0,data/fpt/detail_htmls\msi_12_specs.html,RTX 3050,DISCRETE_GAMING,False,0.8,0.8,0.7391653290529695,0.3230337078651685,0.5842696629213483,0.1048611111111111,21.09,0.77,0.323,True,True,True,False,False,False,True,52.4,0.2925958965209634,0.9,0.2925958965209634,1,0.8525,0.846,0.5180809770570016,0.3309197997373933,0.5688203996231294,True,True,False,False,13.0
MSI Gaming Katana 15 Hx B14wgk 023vn I7 14650hx,msi,Intel,Core I7,14650.0,5.2,16.0,DDR5,5600.0,1024.0,15.6,2560x1440,165.0,NVIDIA,2.4,75 Wh 240 W,44990000.0,data/fpt/detail_htmls\msi_14_specs.html,RTX 5070,DISCRETE_GAMING,False,0.8,1.0,0.914526484751204,0.0830658105939005,0.5842696629213483,0.2708333333333333,44.99,0.897,0.083,True,True,True,False,True,False,True,75.0,0.7979482604817127,0.45,0.7979482604817127,1,0.61425,0.6366,0.5923126858042078,0.39980757335158496,0.6604522232822105,True,True,False,False,14.0
MSI Gaming Cyborg 15 Ai A1vek 245vn Ultra 5 135h,msi,Intel,Core Ultra 5,,1.2,16.0,DDR5,,512.0,16.0,1920x1080,144.0,NVIDIA,1.98,53.5 Wh,24990000.0,data/fpt/detail_htmls\msi_15_specs.html,RTX 4050,DISCRETE_GAMING,False,0.8,0.8,0.0128410914927768,0.2604333868378812,0.8487158908507223,0.1319444444444444,24.99,0.406,0.26,True,True,True,False,False,False,True,53.5,0.33719892952720787,1.0,0.33719892952720787,1,0.8215,0.7918000000000001,0.3412914712987,0.26547147124142484,0.3487754563327,True,True,False,False,
MSI Gaming Katana 15 Hx B14wfk 294vn I9 14900hx,msi,Intel,Core I9,14900.0,5.8,16.0,DDR5,5600.0,512.0,15.6,2560x1440,165.0,Intel,2.4,75 Wh 240 W,40990000.0,data/fpt/detail_htmls\msi_16_specs.html,RTX 5060,DISCRETE_GAMING,False,0.8,0.8,0.9891653290529696,0.0830658105939005,0.5842696629213483,0.2430555555555555,40.99,0.895,0.083,True,True,True,False,True,False,True,75.0,0.7979482604817127,0.45,0.7979482604817127,1,0.61375,0.636,0.5914126858042077,0.39980757335158496,0.6593472232822104,True,True,False,False,14.0
MSI Gaming Katana 15 Hx B14wfk 267vn I7 14650hx,msi,Intel,Core I7,14650.0,5.2,32.0,DDR5,5600.0,512.0,15.6,2560x1440,165.0,NVIDIA,2.4,75 Wh 240 W,40190000.0,data/fpt/detail_htmls\msi_17_specs.html,RTX 5060,DISCRETE_GAMING,False,1.0,0.8,0.914526484751204,0.0830658105939005,0.5842696629213483,0.2375,40.19,0.917,0.083,True,True,True,False,True,False,True,75.0,0.7979482604817127,0.45,0.7979482604817127,1,0.64925,0.6726000000000001,0.6013126858042077,0.39980757335158496,0.6715022232822105,True,True,True,False,14.0
MSI Gaming Katana 15 Hx B14wek 286vn I5 14450hx,msi,Intel,Core I5,14450.0,4.8,16.0,DDR5,5600.0,512.0,15.6,2560x1440,165.0,NVIDIA,2.4,75 Wh 240 W,33690000.0,data/fpt/detail_htmls\msi_18_specs.html,RTX 5050,DISCRETE_GAMING,False,0.8,0.8,0.6460674157303371,0.0830658105939005,0.5842696629213483,0.1923611111111111,33.69,0.723,0.083,True,True,True,False,True,False,True,75.0,0.7979482604817127,0.45,0.7979482604817127,1,0.57075,0.5844,0.5140126858042078,0.39980757335158496,0.5643172232822105,False,False,False,False,14.0
MSI Gaming Katana 15 Hx B14wek 295vn I9 14900hx,msi,Intel,Core I9,14900.0,5.8,16.0,DDR5,5600.0,512.0,15.6,2560x1440,165.0,Intel,2.4,75 Wh 240 W,38490000.0,data/fpt/detail_htmls\msi_19_specs.html,RTX 5050,DISCRETE_GAMING,False,0.8,0.8,0.9891653290529696,0.0830658105939005,0.5842696629213483,0.2256944444444444,38.49,0.895,0.083,True,True,True,False,True,False,True,75.0,0.7979482604817127,0.45,0.7979482604817127,1,0.61375,0.636,0.5914126858042077,0.39980757335158496,0.6593472232822104,True,True,False,False,14.0
MSI Gaming Crosshair 16 Hx D2xwgkg 034vn U7 255hx,msi,Intel,Core Ultra 7,255.0,5.2,16.0,DDR5,6400.0,1024.0,16.0,2560x1600,240.0,NVIDIA,2.5,90 WHrs 240 W,49990000.0,data/fpt/detail_htmls\msi_21_specs.html,RTX 5070,DISCRETE_GAMING,False,0.8,1.0,0.914526484751204,0.0553772070626003,0.8487158908507223,0.3055555555555556,49.99,0.897,0.055,True,True,True,False,True,False,True,90.0,0.9402319357716324,0.45,0.9402319357716324,1,0.61425,0.6366,0.6110784096262366,0.384257742528097,0.6657868328374259,True,True,True,False,2.0
MSI Gaming Vector 16 Hx Ai A2xwig 062vn U9 275hx,msi,Intel,Ultra 9,275.0,5.4,16.0,DDR5,5600.0,1024.0,16.0,2560x1600,240.0,NVIDIA,2.7,90 WHrs 330 W,70590000.0,data/fpt/detail_htmls\msi_22_specs.html,RTX 5080,DISCRETE_GAMING,False,0.8,1.0,0.9542536115569824,0.022471910112359605,0.8487158908507223,0.4486111111111111,70.59,0.917,0.022,True,True,True,False,True,False,True,90.0,0.9402319357716324,0.45,0.9402319357716324,1,0.6192500000000001,0.6426000000000001,0.6085615556936523,0.3694503589004887,0.6686927718422414,True,True,True,False,2.0
MSI Gaming Crosshair 16 Hx D2xwfkg 036vn U7 255hx,msi,Intel,Core Ultra 7,255.0,5.2,16.0,DDR5,6400.0,1024.0,16.0,2560x1600,240.0,Intel,2.5,90 WHrs 240 W,44090000.0,data/fpt/detail_htmls\msi_20_specs.html,RTX 5060,DISCRETE_GAMING,False,0.8,1.0,0.914526484751204,0.0553772070626003,0.8487158908507223,0.2645833333333333,44.09,0.897,0.055,True,True,True,False,True,False,True,90.0,0.9402319357716324,0.45,0.9402319357716324,1,0.61425,0.6366,0.6110784096262366,0.384257742528097,0.6657868328374259,True,True,True,False,2.0
MSI Gaming Vector 16 Hx Ai A2xwhg 010vn,msi,Intel,Ultra 7,255.0,5.2,16.0,DDR5,6400.0,512.0,16.0,2560x1600,240.0,NVIDIA,2.7,90 WHrs 330 W,53890000.0,data/fpt/detail_htmls\msi_23_specs.html,RTX 5070,DISCRETE_GAMING,False,0.8,0.8,0.914526484751204,0.022471910112359605,0.8487158908507223,0.3326388888888889,53.89,0.857,0.022,True,True,True,False,True,False,True,90.0,0.9402319357716324,0.45,0.9402319357716324,1,0.60425,0.6246,0.5815615556936523,0.3694503589004887,0.6355427718422413,True,True,False,False,2.0
DELL 15 Dc15250 I7 1355u Cph997,dell,Intel,Core I7,1355.0,3.7,16.0,DDR4,2666.0,1024.0,15.6,1920x1080,120.0,Intel,1.65,3 Cell,22990000.0,data/fpt/detail_htmls\dell_2_specs.html,INTEL_UHD,INTEGRATED,False,0.8,1.0,0.1813804173354735,0.543338683788122,0.5842696629213483,0.1180555555555555,22.99,0.531,0.543,True,True,True,False,False,False,True,,,0.45,,0,0.52275,0.5268,0.5291185393258427,0.5026484751203852,0.5244830377207063,False,False,False,False,13.0
DELL 15 Dc15250 I5 1334u 71071928,dell,Intel,Core I5,1334.0,3.4,16.0,DDR4,2666.0,512.0,15.6,1920x1080,120.0,Intel,1.66,3 Cell,19590000.0,data/fpt/detail_htmls\dell_3_specs.html,INTEL_UHD,INTEGRATED,False,0.8,0.8,0.1565008025682183,0.507223113964687,0.5842696629213483,0.0944444444444444,19.59,0.478,0.507,True,True,True,False,False,False,True,,,0.45,,0,0.5095000000000001,0.5109,0.4926280898876404,0.4863964686998395,0.4862619341894061,False,False,False,False,13.0
DELL Inspiron 15 3520 I5 1235u,dell,Intel,Core I5,1235.0,4.4,16.0,DDR4,2666.0,512.0,15.6,1920x1080,120.0,Intel,1.9,3 Cell 41 W,16690000.0,data/fpt/detail_htmls\dell_4_specs.html,INTEL_IRIS_XE,INTEGRATED,False,0.8,0.8,0.2451845906902086,0.2985553772070626,0.5842696629213483,0.0743055555555555,16.69,0.523,0.299,True,True,True,False,False,False,True,,,0.55,,0,0.58075,0.5794,0.4398443820224719,0.3924959871589085,0.45947916934189403,False,False,False,False,12.0
DELL 15 Dc15255 R5 7530u Dc5r5802w1,dell,AMD,Ryzen 5,7530.0,4.5,16.0,DDR4,,512.0,15.6,1920x1080,120.0,AMD,1.63,,16990000.0,data/fpt/detail_htmls\dell_0_specs.html,AMD_RADEON_GRAPHICS,INTEGRATED,False,0.8,0.8,0.3029695024077046,0.5638041733547352,0.5842696629213483,0.0763888888888889,16.99,0.551,0.564,True,True,True,False,False,False,True,,,0.5,,0,0.55775,0.5603,0.5452814606741573,0.5118579454253612,0.540598246388443,False,False,False,False,7.0
DELL Latitude 3450 I5 1335u 16512w Umc,dell,Intel,Core I5,1335.0,4.6,16.0,DDR5,,512.0,14.0,1920x1080,60.0,Intel,1.5,3 Cell 65 W,19590000.0,data/fpt/detail_htmls\dell_1_specs.html,INTEL_IRIS_XE,INTEGRATED,False,0.8,0.8,0.4534510433386838,0.6898073836276084,0.2114767255216693,0.0944444444444444,19.59,0.627,0.69,True,True,True,True,False,True,False,,,0.55,,0,0.60675,0.6106,0.623582584269663,0.64311797752809,0.6286857584269663,True,True,True,False,13.0
DELL 15 Dc15250 I7 1355u 71073959,dell,Intel,Core I7,1355.0,3.7,16.0,DDR4,2666.0,512.0,15.6,1920x1080,120.0,Intel,1.9,,21990000.0,data/fpt/detail_htmls\dell_5_specs.html,INTEL_UHD,INTEGRATED,False,0.8,0.8,0.1813804173354735,0.2985553772070626,0.5842696629213483,0.1111111111111111,21.99,0.491,0.299,True,True,True,False,False,False,True,,,0.45,,0,0.51275,0.5148,0.4254443820224719,0.3924959871589085,0.441799169341894,False,False,False,False,13.0
DELL Latitude 3450 I7 1355u 16512w,dell,Intel,Core I7,1355.0,4.6,16.0,DDR5,5200.0,512.0,14.0,1920x1080,60.0,Intel,1.5,3 Cell 65 W,25990000.0,data/fpt/detail_htmls\dell_9_specs.html,INTEL_IRIS_XE,INTEGRATED,False,0.8,0.8,0.4534510433386838,0.6898073836276084,0.2114767255216693,0.1388888888888889,25.99,0.627,0.69,True,True,True,True,False,True,False,,,0.55,,0,0.60675,0.6106,0.623582584269663,0.64311797752809,0.6286857584269663,True,True,True,False,13.0
DELL Inspiron 15 3530 I5 1334un5i5530w1,dell,Intel,Core I5,1334.0,4.6,16.0,DDR4,2666.0,512.0,15.6,1920x1080,120.0,Intel,1.66,3 Cell 65 W,19590000.0,data/fpt/detail_htmls\dell_6_specs.html,INTEL_IRIS_XE,INTEGRATED,False,0.8,0.8,0.4534510433386838,0.507223113964687,0.5842696629213483,0.0944444444444444,19.59,0.627,0.507,True,True,True,False,False,False,True,,,0.55,,0,0.60675,0.6106,0.5596780898876405,0.4863964686998395,0.5685844341894061,True,True,False,False,13.0
DELL Inspiron 15 3530 I7 1355u P16wd,dell,Intel,Core I7,1355.0,5.0,16.0,DDR4,,1024.0,15.6,1920x1080,120.0,Intel,1.716,4 Cell,22990000.0,data/fpt/detail_htmls\dell_7_specs.html,INTEL_IRIS_XE,INTEGRATED,False,0.8,1.0,0.8138041733547352,0.4173354735152488,0.5842696629213483,0.1180555555555555,22.99,0.847,0.417,True,True,True,False,False,False,True,,,0.55,,0,0.66175,0.6766,0.6272174157303371,0.44594703049759227,0.6678872431781702,True,True,True,False,13.0
DELL Inspiron 15 3530 I5 1334u I5u165w11slu,dell,Intel,Core I5,1334.0,4.6,16.0,DDR4,,512.0,15.6,1920x1200,120.0,Intel,1.66,,19590000.0,data/fpt/detail_htmls\dell_8_specs.html,INTEL_UHD,INTEGRATED,False,0.8,0.8,0.4534510433386838,0.507223113964687,0.5842696629213483,0.0944444444444444,19.59,0.627,0.507,True,True,True,False,False,False,True,,,0.45,,0,0.5467500000000001,0.5556,0.5596780898876405,0.4863964686998395,0.5685844341894061,False,False,False,False,13.0
DELL Inspiron 15 3530 71053721,dell,Intel,Core I7,1355.0,5.0,16.0,DDR4,2666.0,512.0,15.6,1920x1080,60.0,Intel,1.66,4 Cell 54,21990000.0,data/fpt/detail_htmls\dell_10_specs.html,INTEL_IRIS_XE,INTEGRATED,False,0.8,0.8,0.8138041733547352,0.507223113964687,0.5842696629213483,0.1111111111111111,21.99,0.807,0.507,True,True,True,False,False,False,True,,,0.55,,0,0.65175,0.6646000000000001,0.6406780898876404,0.4863964686998395,0.6680344341894061,True,True,True,False,13.0
DELL Inspiron 14 5441 X1p 64 100 5mnk1,dell,Qualcomm,Oryon,1.0,3.4,16.0,DDR5,,512.0,14.0,1920x1200,60.0,Qualcomm,1.53,3 Cell,29390000.0,data/fpt/detail_htmls\dell_13_specs.html,QUALCOMM_ADRENO,INTEGRATED_ARM,False,0.8,0.8,0.1565008025682183,0.656099518459069,0.2114767255216693,0.1625,29.39,0.478,0.656,True,True,True,True,False,True,False,,,0.45,,0,0.5095000000000001,0.5109,0.5447348314606741,0.6279494382022472,0.5380205617977528,False,False,False,False,1.0
DELL 15 Dc15250 I5 1334u Cph99,dell,Intel,Core I5,1334.0,3.4,16.0,DDR4,2666.0,512.0,15.6,1920x1080,120.0,Intel,1.66,3 Cell,19590000.0,data/fpt/detail_htmls\dell_11_specs.html,INTEL_UHD,INTEGRATED,False,0.8,0.8,0.1565008025682183,0.507223113964687,0.5842696629213483,0.0944444444444444,19.59,0.478,0.507,True,True,True,False,False,False,True,,,0.45,,0,0.5095000000000001,0.5109,0.4926280898876404,0.4863964686998395,0.4862619341894061,False,False,False,False,13.0
DELL 15 Dc15255 R7 7730u X9ym41,dell,AMD,Ryzen 7,7730.0,4.5,16.0,DDR4,3200.0,1024.0,15.6,1920x1080,120.0,AMD,1.9,3 Cell,19990000.0,data/fpt/detail_htmls\dell_14_specs.html,AMD_RADEON_GRAPHICS,INTEGRATED,False,0.8,1.0,0.3029695024077046,0.2985553772070626,0.5842696629213483,0.0972222222222222,19.99,0.591,0.299,True,True,True,False,False,False,True,,,0.5,,0,0.56775,0.5723,0.47044438202247196,0.3924959871589085,0.497049169341894,False,False,False,False,7.0
DELL Inspiron 15 3520 I5 1235u 71071952,dell,Intel,Core I5,1235.0,4.4,16.0,DDR4,,512.0,15.6,1920x1080,120.0,Intel,1.9,,16690000.0,data/fpt/detail_htmls\dell_12_specs.html,INTEL_IRIS_XE,INTEGRATED,False,0.8,0.8,0.2451845906902086,0.2985553772070626,0.5842696629213483,0.0743055555555555,16.69,0.523,0.299,True,True,True,False,False,False,True,,,0.55,,0,0.58075,0.5794,0.4398443820224719,0.3924959871589085,0.45947916934189403,False,False,False,False,12.0
DELL Inspiron 15 N3530 I7 1355u N5i7305w1,dell,Intel,Core I7,1355.0,5.0,16.0,DDR4,,512.0,15.6,1920x1200,120.0,Intel,1.67,4 Cell,21990000.0,data/fpt/detail_htmls\dell_15_specs.html,INTEL_IRIS_XE,INTEGRATED,False,0.8,0.8,0.8138041733547352,0.4787319422150883,0.5842696629213483,0.1111111111111111,21.99,0.807,0.479,True,True,True,False,False,False,True,,,0.55,,0,0.65175,0.6646000000000001,0.6307061797752809,0.47357544141252006,0.6609828691813804,True,True,True,False,13.0
DELL Inspiron 15 3520 I5 1235u U165w11slu,dell,Intel,Core I5,1235.0,4.6,16.0,DDR4,2666.0,512.0,15.6,1920x1200,120.0,Intel,1.9,3 Cell,16690000.0,data/fpt/detail_htmls\dell_16_specs.html,INTEL_UHD,INTEGRATED,False,0.8,0.8,0.4534510433386838,0.2985553772070626,0.5842696629213483,0.0743055555555555,16.69,0.627,0.299,True,True,True,False,False,False,True,,,0.45,,0,0.5467500000000001,0.5556,0.48664438202247196,0.3924959871589085,0.5169391693418941,False,False,False,False,12.0
DELL Inspiron 15 3530 I7 1355un3530 I7u161w11slu Bl,dell,Intel,Core I7,1355.0,5.0,16.0,DDR4,2666.0,512.0,15.6,1920x1080,120.0,Intel,1.66,4 Cell 54 W,21990000.0,data/fpt/detail_htmls\dell_17_specs.html,INTEL_IRIS_XE,INTEGRATED,False,0.8,0.8,0.8138041733547352,0.507223113964687,0.5842696629213483,0.1111111111111111,21.99,0.807,0.507,True,True,True,False,False,False,True,,,0.55,,0,0.65175,0.6646000000000001,0.6406780898876404,0.4863964686998395,0.6680344341894061,True,True,True,False,13.0
DELL Inspiron 15 3520 I5 1235u 71061229,dell,Intel,Core I5,1235.0,4.4,16.0,DDR4,2666.0,512.0,15.6,1920x1080,120.0,Intel,1.9,3 Cell 41 W,16690000.0,data/fpt/detail_htmls\dell_18_specs.html,INTEL_UHD,INTEGRATED,False,0.8,0.8,0.2451845906902086,0.2985553772070626,0.5842696629213483,0.0743055555555555,16.69,0.523,0.299,True,True,True,False,False,False,True,,,0.45,,0,0.52075,0.5244,0.4398443820224719,0.3924959871589085,0.45947916934189403,False,False,False,False,12.0
DELL Inspiron N3520 I5 1235u I5 1235ui5u165w11blu Fp,dell,Intel,Core I5,1235.0,5.5,16.0,DDR4,,512.0,15.6,1920x1200,120.0,Intel,1.66,3 Cell,16690000.0,data/fpt/detail_htmls\dell_19_specs.html,INTEL_UHD,INTEGRATED,False,0.8,0.8,0.9787319422150884,0.507223113964687,0.5842696629213483,0.0743055555555555,16.69,0.889,0.507,True,True,True,False,False,False,True,,,0.45,,0,0.61225,0.6342,0.6775780898876405,0.4863964686998395,0.713339434189406,True,True,True,False,12.0
DELL Inspiron 15 3520 I5 1235u I5u165w11blu Fp,dell,Intel,Core I5,1235.0,5.5,16.0,DDR4,,512.0,15.6,1920x1200,120.0,Intel,1.66,4 Cell,16690000.0,data/fpt/detail_htmls\dell_20_specs.html,INTEL_UHD,INTEGRATED,False,0.8,0.8,0.9787319422150884,0.507223113964687,0.5842696629213483,0.0743055555555555,16.69,0.889,0.507,True,True,True,False,False,False,True,,,0.45,,0,0.61225,0.6342,0.6775780898876405,0.4863964686998395,0.713339434189406,True,True,True,False,12.0
DELL Inspiron 15 3520 I5 1235u 8d10nk,dell,Intel,Core I5,1235.0,4.4,16.0,DDR4,,512.0,15.6,1920x1080,120.0,Intel,1.643,3 Cell,16690000.0,data/fpt/detail_htmls\dell_23_specs.html,INTEL_IRIS_XE,INTEGRATED,False,0.8,0.8,0.2451845906902086,0.5537720706260032,0.5842696629213483,0.0743055555555555,16.69,0.523,0.554,True,True,True,False,False,False,True,,,0.55,,0,0.58075,0.5794,0.5291702247191011,0.5073434991974318,0.5226453009630818,False,False,False,False,12.0
DELL Xps 13 9350 Ultra7 258 Vpp9h1,dell,Intel,Core Ultra 7,258.0,4.8,32.0,DDR5,,1024.0,13.4,2560x1600,120.0,Intel,1.21,3 Cell,68990000.0,data/fpt/detail_htmls\dell_21_specs.html,INTEL_GRAPHICS,INTEGRATED,False,1.0,1.0,0.6460674157303371,0.9402086677367576,0.0361155698234349,0.4375,68.99,0.823,0.94,True,True,True,True,False,True,False,,,0.45,,0,0.62575,0.6444,0.799423033707865,0.7908707865168539,0.8059645224719101,True,True,True,False,2.0
DELL Xps 13 9350 Ultra 5 226v 71058714,dell,Intel,Core 5,226.0,2.1,16.0,DDR5,,1024.0,13.4,2560x1600,120.0,Intel,1.19,,60990000.0,data/fpt/detail_htmls\dell_22_specs.html,INTEL_GRAPHICS,INTEGRATED,False,0.8,1.0,0.0718298555377207,0.9602728731942215,0.0361155698234349,0.3819444444444444,60.99,0.476,0.96,True,True,True,True,False,True,False,,,0.45,,0,0.509,0.5103,0.6502955056179774,0.7998996789727127,0.6192129133226324,False,False,True,False,1.0
Lg Grambook 15u50t Gav56a5 I5 1334u,lg,Intel,Core I5,1334.0,3.4,16.0,DDR4,,512.0,15.6,1920x1080,60.0,Intel,1.7,,15990000.0,data/fpt/detail_htmls\lg_0_specs.html,INTEL_IRIS_XE,INTEGRATED,False,0.8,0.8,0.1565008025682183,0.4438202247191011,0.5842696629213483,0.0694444444444444,15.99,0.478,0.444,True,True,True,False,False,False,True,,,0.55,,0,0.5695,0.5659000000000001,0.4704370786516854,0.45786516853932585,0.47056971910112355,False,False,False,False,13.0
MACBOOK Air M2 13 2024 8cpu 8gpu 16gb 256gb,macbook,Apple,M2,8.0,2.3,16.0,LPDDR4,,256.0,13.6,2560x1644,60.0,,1.24,22 Giờ,24490000.0,data/fpt/detail_htmls\macbook_2_specs.html,UNKNOWN,UNKNOWN,False,0.8,0.6,0.088282504012841,0.9249598715890851,0.0481540930979133,0.1284722222222222,24.49,0.404,0.925,True,True,True,True,False,True,False,,,0.45,,0,0.491,0.4887,0.6055359550561797,0.7816011235955056,0.570211404494382,False,False,True,False,2.0
MACBOOK Pro 14 M5 2025 10cpu 10gpu 16gb 512gb,macbook,Apple,M5,10.0,4.6,16.0,,,512.0,14.2,3024x1964,120.0,Apple,1.55,72.4 Wh,41990000.0,data/fpt/detail_htmls\macbook_4_specs.html,APPLE_GPU,APPLE,False,0.8,0.8,0.4534510433386838,0.641653290529695,0.3768057784911717,0.25,41.99,0.627,0.642,True,True,True,True,False,False,False,72.4,0.7386262265834077,0.6,0.7386262265834077,1,0.63675,0.6381,0.6544538970020748,0.6719020043443211,0.6483346545197979,True,True,True,False,5.0
MACBOOK Air 13 M4 2025 10cpu 10gpu 16gb 512gb,macbook,Apple,M4,10.0,4.6,16.0,,,512.0,13.6,2560x1644,60.0,,1.24,,31390000.0,data/fpt/detail_htmls\macbook_3_specs.html,UNKNOWN,UNKNOWN,False,0.8,0.8,0.4534510433386838,0.9249598715890851,0.0481540930979133,0.1763888888888889,31.39,0.627,0.925,True,True,True,True,False,True,False,,,0.45,,0,0.5467500000000001,0.5556,0.7058859550561797,0.7816011235955056,0.6934189044943819,False,False,True,False,4.0
MACBOOK Pro M4 Pro 14 2024 12cpu 16gpu 24gb 512gb,macbook,Apple,M4 Pro,14.0,2.3,24.0,,,512.0,14.2,3024x1964,120.0,Apple,1.61,,51990000.0,data/fpt/detail_htmls\macbook_1_specs.html,APPLE_GPU,APPLE,False,0.8,0.8,0.088282504012841,0.5947030497592296,0.3768057784911717,0.3194444444444444,51.99,0.444,0.595,True,True,True,False,False,False,False,,,0.6,,0,0.591,0.5831999999999999,0.5079460674157303,0.5672552166934189,0.49742677367576243,False,False,False,False,4.0
MACBOOK Air 13 M4 2025 10cpu 8gpu 16gb 256gb,macbook,Apple,M4,10.0,4.6,16.0,,,256.0,13.6,2560x1644,60.0,,1.24,,26490000.0,data/fpt/detail_htmls\macbook_0_specs.html,UNKNOWN,UNKNOWN,False,0.8,0.6,0.4534510433386838,0.9249598715890851,0.0481540930979133,0.1423611111111111,26.49,0.587,0.925,True,True,True,True,False,True,False,,,0.45,,0,0.5367500000000001,0.5436,0.6878859550561797,0.7816011235955056,0.6713189044943819,False,False,True,False,4.0
MACBOOK Air 15 M4 2025 10cpu 10gpu 16gb 256gb,macbook,Apple,M4,10.0,4.6,16.0,,,256.0,15.3,2880x1864,60.0,,1.51,,31390000.0,data/fpt/detail_htmls\macbook_5_specs.html,UNKNOWN,UNKNOWN,False,0.8,0.6,0.4534510433386838,0.6645264847512038,0.4297752808988764,0.1763888888888889,31.39,0.587,0.665,True,True,True,True,False,False,False,,,0.45,,0,0.5367500000000001,0.5436,0.5967342696629213,0.5880818619582664,0.5915967937399679,False,False,False,False,4.0
MACBOOK Air 15 M4 2025 10cpu 10gpu 24gb 512gb,macbook,Apple,M4,10.0,4.6,24.0,,,512.0,15.3,2880x1864,60.0,,1.51,,41190000.0,data/fpt/detail_htmls\macbook_7_specs.html,UNKNOWN,UNKNOWN,False,0.8,0.8,0.4534510433386838,0.6645264847512038,0.4297752808988764,0.2444444444444444,41.19,0.627,0.665,True,True,True,True,False,False,False,,,0.45,,0,0.5467500000000001,0.5556,0.6147342696629213,0.5880818619582664,0.6136967937399679,False,False,True,False,4.0
MACBOOK Air 15 M4 2025 10cpu 10gpu 16gb 512gb,macbook,Apple,M4,10.0,4.6,16.0,,,512.0,15.3,2880x1864,60.0,,1.51,,36290000.0,data/fpt/detail_htmls\macbook_9_specs.html,UNKNOWN,UNKNOWN,False,0.8,0.8,0.4534510433386838,0.6645264847512038,0.4297752808988764,0.2104166666666666,36.29,0.627,0.665,True,True,True,True,False,False,False,,,0.45,,0,0.5467500000000001,0.5556,0.6147342696629213,0.5880818619582664,0.6136967937399679,False,False,True,False,4.0
MACBOOK Air 13 M4 2025 10cpu 10gpu 24gb 512gb,macbook,Apple,M4,10.0,4.6,24.0,,,512.0,13.6,2560x1644,60.0,Apple,1.24,,36290000.0,data/fpt/detail_htmls\macbook_6_specs.html,APPLE_GPU,APPLE,False,0.8,0.8,0.4534510433386838,0.9249598715890851,0.0481540930979133,0.2104166666666666,36.29,0.627,0.925,True,True,True,True,False,True,False,,,0.6,,0,0.63675,0.6381,0.7058859550561797,0.7816011235955056,0.6934189044943819,True,True,True,False,4.0
MACBOOK Pro M4 Pro 16 2024 14cpu 20gpu 24gb 512gb,macbook,Apple,M4 Pro,14.0,4.6,24.0,,,512.0,16.2,3456x2234,120.0,Apple,2.14,22 Giờ,66990000.0,data/fpt/detail_htmls\macbook_8_specs.html,APPLE_GPU,APPLE,False,0.8,0.8,0.4534510433386838,0.1970304975922953,0.9835473515248796,0.4236111111111111,66.99,0.627,0.197,True,True,True,False,False,False,True,,,0.6,,0,0.63675,0.6381,0.4511106741573033,0.26695425361155695,0.47584065409309784,True,True,False,False,4.0
MACBOOK Pro M4 Pro 14 2024 14cpu 20gpu 24gb 1tb,macbook,Apple,M4 Pro,14.0,2.3,24.0,,,1024.0,14.2,3024x1964,120.0,Apple,1.61,,61790000.0,data/fpt/detail_htmls\macbook_10_specs.html,APPLE_GPU,APPLE,False,0.8,1.0,0.088282504012841,0.5947030497592296,0.3768057784911717,0.3875,61.79,0.484,0.595,True,True,True,False,False,False,False,,,0.6,,0,0.601,0.5952,0.5259460674157304,0.5672552166934189,0.5195267736757625,True,False,False,False,4.0
MACBOOK Pro 14 2023 M3 Pro 12 Cpu 18 Gpu 18gb 1tb,macbook,Apple,M3 Pro,12.0,2.3,18.0,,,1024.0,14.2,3024x1964,120.0,Apple,1.61,22 Giờ,59990000.0,data/fpt/detail_htmls\macbook_12_specs.html,APPLE_GPU,APPLE,False,0.8,1.0,0.088282504012841,0.5947030497592296,0.3768057784911717,0.375,59.99,0.484,0.595,True,True,True,False,False,False,False,,,0.6,,0,0.601,0.5952,0.5259460674157304,0.5672552166934189,0.5195267736757625,True,False,False,False,3.0
MACBOOK Pro M4 Pro 16 2024 14cpu 20gpu 48gb 512gb,macbook,Apple,M4 Pro,14.0,4.6,48.0,,,512.0,16.2,3456x2234,120.0,Apple,2.14,22 Giờ,76790000.0,data/fpt/detail_htmls\macbook_14_specs.html,APPLE_GPU,APPLE,False,1.0,0.8,0.4534510433386838,0.1970304975922953,0.9835473515248796,0.4916666666666666,76.79,0.687,0.197,True,True,True,False,False,False,True,,,0.6,,0,0.68175,0.6861,0.47811067415730335,0.26695425361155695,0.508990654093098,True,True,False,False,4.0
MACBOOK Air M2 2023 15 Inch,macbook,Apple,M2,8.0,4.6,8.0,,,512.0,15.3,2960x1848,60.0,Apple,1.51,18 Giờ,32890000.0,data/fpt/detail_htmls\macbook_11_specs.html,APPLE_GPU,APPLE,False,0.6,0.8,0.4534510433386838,0.6645264847512038,0.4297752808988764,0.1868055555555555,32.89,0.567,0.665,True,True,True,True,False,False,False,,,0.6,,0,0.5917499999999999,0.5901,0.5877342696629213,0.5880818619582664,0.5805467937399679,False,False,False,False,2.0
MACBOOK Air 15 M2 2023 8cpu 10gpu 8gb 512gb Sac 70w,macbook,Apple,M2,8.0,4.6,8.0,,,512.0,15.3,2960x1848,60.0,Apple,1.51,18 Giờ,37890000.0,data/fpt/detail_htmls\macbook_13_specs.html,APPLE_GPU,APPLE,False,0.6,0.8,0.4534510433386838,0.6645264847512038,0.4297752808988764,0.2215277777777777,37.89,0.567,0.665,True,True,True,True,False,False,False,,,0.6,,0,0.5917499999999999,0.5901,0.5877342696629213,0.5880818619582664,0.5805467937399679,False,False,False,False,2.0
MACBOOK Pro 14 M5 2025 10cpu 10gpu 16gb 1tb,macbook,Apple,M5,10.0,4.6,16.0,,,1024.0,14.2,3024x1964,120.0,Apple,1.55,72.4 Wh,46890000.0,data/fpt/detail_htmls\macbook_16_specs.html,APPLE_GPU,APPLE,False,0.8,1.0,0.4534510433386838,0.641653290529695,0.3768057784911717,0.2840277777777777,46.89,0.667,0.642,True,True,True,True,False,False,False,72.4,0.7386262265834077,0.6,0.7386262265834077,1,0.64675,0.6501,0.6724538970020748,0.6719020043443211,0.6704346545197979,True,True,True,False,5.0
MACBOOK Pro 14 M5 2025 10cpu 10gpu 24gb 1tb,macbook,Apple,M5,10.0,4.6,24.0,,,1024.0,14.2,3024x1964,120.0,Apple,1.55,72.4 Wh,51790000.0,data/fpt/detail_htmls\macbook_15_specs.html,APPLE_GPU,APPLE,False,0.8,1.0,0.4534510433386838,0.641653290529695,0.3768057784911717,0.3180555555555555,51.79,0.667,0.642,True,True,True,True,False,False,False,72.4,0.7386262265834077,0.6,0.7386262265834077,1,0.64675,0.6501,0.6724538970020748,0.6719020043443211,0.6704346545197979,True,True,True,False,5.0
MACBOOK Air M3 13 2024 8cpu 8gpu 16gb 256gb,macbook,Apple,M3,8.0,4.6,16.0,LPDDR4,,256.0,13.6,2560x1644,60.0,,1.24,,27990000.0,data/fpt/detail_htmls\macbook_17_specs.html,UNKNOWN,UNKNOWN,False,0.8,0.6,0.4534510433386838,0.9249598715890851,0.0481540930979133,0.1527777777777778,27.99,0.587,0.925,True,True,True,True,False,True,False,,,0.45,,0,0.5367500000000001,0.5436,0.6878859550561797,0.7816011235955056,0.6713189044943819,False,False,True,False,3.0
MACBOOK Pro M4 Max 16 2024 16cpu 40gpu 48gb 1tb,macbook,Apple,M4 Max,16.0,4.6,48.0,,,1024.0,16.2,3456x2234,120.0,Apple,2.14,22 Giờ,103690000.0,data/fpt/detail_htmls\macbook_18_specs.html,APPLE_GPU,APPLE,False,1.0,1.0,0.4534510433386838,0.1970304975922953,0.9835473515248796,0.6784722222222223,103.69,0.727,0.197,True,True,True,False,False,False,True,,,0.6,,0,0.69175,0.6981,0.49611067415730337,0.26695425361155695,0.5310906540930979,True,True,False,False,4.0
MACBOOK Pro 14 M5 2025 10cpu 10gpu 24gb 512gb,macbook,Apple,M5,10.0,4.6,24.0,,,512.0,14.2,3024x1964,120.0,Apple,1.55,72.4 Wh,46890000.0,data/fpt/detail_htmls\macbook_19_specs.html,APPLE_GPU,APPLE,False,0.8,0.8,0.4534510433386838,0.641653290529695,0.3768057784911717,0.2840277777777777,46.89,0.627,0.642,True,True,True,True,False,False,False,72.4,0.7386262265834077,0.6,0.7386262265834077,1,0.63675,0.6381,0.6544538970020748,0.6719020043443211,0.6483346545197979,True,True,True,False,5.0
MACBOOK Pro 14 M5 2025 10cpu 10gpu 24gb 1tb Nano,macbook,Apple,M5,10.0,4.6,24.0,,,1024.0,14.2,3024x1964,120.0,Apple,1.55,72.4 Wh,55390000.0,data/fpt/detail_htmls\macbook_20_specs.html,APPLE_GPU,APPLE,False,0.8,1.0,0.4534510433386838,0.641653290529695,0.3768057784911717,0.3430555555555555,55.39,0.667,0.642,True,True,True,True,False,False,False,72.4,0.7386262265834077,0.6,0.7386262265834077,1,0.64675,0.6501,0.6724538970020748,0.6719020043443211,0.6704346545197979,True,True,True,False,5.0
MACBOOK Pro 14 M5 2025 10cpu 10gpu 16gb 512gb Nano,macbook,Apple,M5,10.0,4.6,16.0,,,512.0,14.2,3024x1964,120.0,Apple,1.55,72.4 Wh,45590000.0,data/fpt/detail_htmls\macbook_21_specs.html,APPLE_GPU,APPLE,False,0.8,0.8,0.4534510433386838,0.641653290529695,0.3768057784911717,0.275,45.59,0.627,0.642,True,True,True,True,False,False,False,72.4,0.7386262265834077,0.6,0.7386262265834077,1,0.63675,0.6381,0.6544538970020748,0.6719020043443211,0.6483346545197979,True,True,True,False,5.0
MACBOOK Pro 14 M5 2025 10cpu 10gpu 16gb 1tb Nano,macbook,Apple,M5,10.0,4.6,16.0,,,1024.0,14.2,3024x1964,120.0,Apple,1.55,72.4 Wh,50490000.0,data/fpt/detail_htmls\macbook_22_specs.html,APPLE_GPU,APPLE,False,0.8,1.0,0.4534510433386838,0.641653290529695,0.3768057784911717,0.3090277777777778,50.49,0.667,0.642,True,True,True,True,False,False,False,72.4,0.7386262265834077,0.6,0.7386262265834077,1,0.64675,0.6501,0.6724538970020748,0.6719020043443211,0.6704346545197979,True,True,True,False,5.0
Colorful Rimbook L1 I3 1220p Ca30016512c S E1ad,colorful,Intel,Core I3,1220.0,4.4,16.0,DDR4,3200.0,512.0,15.6,1920x1080,60.0,Intel,1.78,3 Cell 50 W,11290000.0,data/fpt/detail_htmls\colorful_1_specs.html,INTEL_UHD,INTEGRATED,False,0.8,0.8,0.2451845906902086,0.3832263242375602,0.5842696629213483,0.0368055555555555,11.29,0.523,0.383,True,True,True,False,False,False,True,,,0.45,,0,0.52075,0.5244,0.46947921348314603,0.4305979133226324,0.4804352287319422,False,False,False,False,12.0
Colorful Rimbook L1 I5 12450h Ce50016512c G E1ac,colorful,Intel,Core I5,12450.0,4.4,16.0,DDR4,3200.0,512.0,15.6,1920x1080,60.0,Intel,1.78,3 Cell 50 W,14290000.0,data/fpt/detail_htmls\colorful_2_specs.html,INTEL_UHD,INTEGRATED,False,0.8,0.8,0.2451845906902086,0.3832263242375602,0.5842696629213483,0.0576388888888888,14.29,0.523,0.383,True,True,True,False,False,False,True,,,0.45,,0,0.52075,0.5244,0.46947921348314603,0.4305979133226324,0.4804352287319422,False,False,False,False,12.0
Colorful Rimbook L1 I3 1220p Ca30016512c G E1ac,colorful,Intel,Core I3,1220.0,4.4,16.0,DDR4,,512.0,15.6,1920x1080,60.0,Intel,1.78,3 Cell 50 W,11290000.0,data/fpt/detail_htmls\colorful_0_specs.html,INTEL_UHD,INTEGRATED,False,0.8,0.8,0.2451845906902086,0.3832263242375602,0.5842696629213483,0.0368055555555555,11.29,0.523,0.383,True,True,True,False,False,False,True,,,0.45,,0,0.52075,0.5244,0.46947921348314603,0.4305979133226324,0.4804352287319422,False,False,False,False,12.0
GIGABYTE Gaming G6x 9mg I7 13650hx 9rc6l9kghsiix1vn000,gigabyte,Intel,Core I7,13650.0,4.9,16.0,DDR5,4800.0,512.0,16.0,1920x1200,165.0,Intel,2.527,73 Wh 180 W,31210000.0,data/fpt/detail_htmls\gigabyte_0_specs.html,RTX 4060,DISCRETE_GAMING,False,0.8,0.8,0.7391653290529695,0.044141252006420495,0.8487158908507223,0.1751388888888889,31.21,0.77,0.044,True,True,True,False,True,False,True,73.0,0.7551293487957181,1.0,0.7551293487957181,1,0.9125,0.901,0.5129753079613908,0.3144156573112461,0.5632220200448751,True,True,False,False,13.0
GIGABYTE Gaming A16 Cwhi3vn864sh I7 13620h,gigabyte,Intel,Core I7,13620.0,4.9,32.0,DDR5,5200.0,1024.0,16.0,1920x1200,165.0,NVIDIA,2.24,4 Cell 150 W,42590000.0,data/fpt/detail_htmls\gigabyte_3_specs.html,RTX 5070,DISCRETE_GAMING,False,1.0,1.0,0.7391653290529695,0.1581059390048154,0.8487158908507223,0.2541666666666666,42.59,0.87,0.158,True,True,True,False,False,False,True,,,0.45,,0,0.6375000000000001,0.6585000000000001,0.5468370786516854,0.27640449438202247,0.605857584269663,True,True,False,False,13.0
GIGABYTE Gaming G6x 9mg I7 13650hx 9rc6l9mghsiix1vn000,gigabyte,Intel,Core I7,13650.0,4.9,16.0,DDR5,4800.0,512.0,16.0,1920x1200,165.0,Intel,2.531,73 Wh 180 W,29790000.0,data/fpt/detail_htmls\gigabyte_1_specs.html,RTX 4050,DISCRETE_GAMING,False,0.8,0.8,0.7391653290529695,0.043338683788122,0.8487158908507223,0.1652777777777777,29.79,0.77,0.043,True,True,True,False,True,False,True,73.0,0.7551293487957181,1.0,0.7551293487957181,1,0.9125,0.901,0.5126944090849864,0.3140545016130118,0.5630233844108462,True,True,False,False,13.0
GIGABYTE Gaming G6x 9mg I7 13650hx 9rc6l9mghsjix1vn000,gigabyte,Intel,Core I7,13650.0,4.9,16.0,DDR5,4800.0,512.0,16.0,1920x1200,165.0,NVIDIA,2.535,73 Wh 180 W,30720000.0,data/fpt/detail_htmls\gigabyte_2_specs.html,RTX 4050,DISCRETE_GAMING,False,0.8,0.8,0.7391653290529695,0.0417335473515249,0.8487158908507223,0.1717361111111111,30.72,0.77,0.042,True,True,True,False,True,False,True,73.0,0.7551293487957181,1.0,0.7551293487957181,1,0.9125,0.901,0.5121326113321774,0.3133321902165431,0.5626261131427884,True,True,False,False,13.0
GIGABYTE Gaming G6x 9kg I7 13650hx 9rc6l9kghsjix1vn000,gigabyte,Intel,Core I7,13650.0,4.9,16.0,DDR5,4800.0,1024.0,16.0,1920x1200,165.0,NVIDIA,2.533,73 Wh 180 W,32190000.0,data/fpt/detail_htmls\gigabyte_4_specs.html,RTX 4060,DISCRETE_GAMING,False,0.8,1.0,0.7391653290529695,0.042536115569823396,0.8487158908507223,0.1819444444444444,32.19,0.81,0.043,True,True,True,False,True,False,True,73.0,0.7551293487957181,1.0,0.7551293487957181,1,0.9225,0.913,0.5304135102085819,0.31369334591477743,0.5849247487768172,True,True,False,False,13.0
GIGABYTE Gaming A16 Cmhh2vn893sh I5 13420h,gigabyte,Intel,Core I5,13420.0,4.6,16.0,DDR5,5200.0,512.0,16.0,1920x1200,165.0,NVIDIA,2.2,76 Wh 150 W,24490000.0,data/fpt/detail_htmls\gigabyte_7_specs.html,RTX 4050,DISCRETE_GAMING,False,0.8,0.8,0.4534510433386838,0.1785714285714286,0.8487158908507223,0.1284722222222222,24.49,0.627,0.179,True,True,True,False,False,False,True,76.0,0.844335414808207,1.0,0.844335414808207,1,0.87675,0.8581,0.5135170829616414,0.4061313598698708,0.5317589593067128,True,True,False,False,13.0
GIGABYTE Gaming A16 Cmhi2vn893sh I7 13620h,gigabyte,Intel,Core I7,13620.0,4.9,16.0,DDR5,5200.0,512.0,16.0,1920x1200,165.0,NVIDIA,2.2,76 Wh 150 W,26790000.0,data/fpt/detail_htmls\gigabyte_5_specs.html,RTX 4050,DISCRETE_GAMING,False,0.8,0.8,0.7391653290529695,0.1785714285714286,0.8487158908507223,0.1444444444444444,26.79,0.77,0.179,True,True,True,False,False,False,True,76.0,0.844335414808207,1.0,0.844335414808207,1,0.9125,0.901,0.5778670829616415,0.4061313598698708,0.6107664593067127,True,True,False,False,13.0
GIGABYTE Gaming A16 Cvhi3vnc93sh I7 13620h,gigabyte,Intel,Core I7,13620.0,4.9,16.0,DDR5,5200.0,512.0,16.0,2560x1600,165.0,NVIDIA,2.27,4 Cell 150 W,35590000.0,data/fpt/detail_htmls\gigabyte_6_specs.html,RTX 5060,DISCRETE_GAMING,False,0.8,0.8,0.7391653290529695,0.1388443017656501,0.8487158908507223,0.2055555555555555,35.59,0.77,0.139,True,True,True,False,False,False,True,,,0.45,,0,0.5825,0.5985,0.49509550561797755,0.2677367576243981,0.5458403290529695,False,False,False,False,13.0
GIGABYTE Gaming A16 Cmhi2vn894sh I7 13620h,gigabyte,Intel,Core I7,13620.0,4.9,16.0,DDR5,5200.0,1024.0,16.0,1920x1200,165.0,Intel,2.23,4 Cell 150 W,27780000.0,data/fpt/detail_htmls\gigabyte_8_specs.html,RTX 4050,DISCRETE_GAMING,False,0.8,1.0,0.7391653290529695,0.1609149277688604,0.8487158908507223,0.1513194444444444,27.78,0.81,0.161,True,True,True,False,False,False,True,,,1.0,,0,0.9225,0.913,0.5208202247191012,0.27766853932584273,0.5734028089887641,True,True,False,False,13.0
HP Victus 15 Fb3115ax Bx9c9pa,HP,AMD,Ryzen 7,7445.0,4.7,16.0,DDR5,5600.0,512.0,15.6,1920 x 1080,144.0,NVIDIA,2.29,"4-cell, 70 Wh Li-ion",26990000.0,data/anphat/detail_htmls\hp_0_specs.html,RTX 4050,DISCRETE_GAMING,False,0.8,0.8,0.5714285714285714,0.134430176565008,0.5842696629213483,0.1458333333333333,26.99,0.686,0.134,True,True,True,False,False,False,True,70.0,0.6882247992863515,1.0,0.6882247992863515,1,0.8915,0.8758,0.4933955216550231,0.38451832662020696,0.5390316500688018,True,True,False,False,7.0
HP Elitebook 6 G1i Bq9n4pt,HP,Intel,Core Ultra 7,255.0,5.1,16.0,DDR5,5600.0,512.0,14.0,1920 x 1200,,Intel,1.4,3-cell 56Wh,33990000.0,data/anphat/detail_htmls\hp_3_specs.html,INTEL_GRAPHICS,INTEGRATED,False,0.8,0.8,0.8743980738362761,0.7885232744783306,0.2114767255216693,0.1944444444444444,33.99,0.837,0.789,True,True,True,True,False,True,False,56.0,0.41480820695807313,0.45,0.41480820695807313,1,0.5992500000000001,0.6186,0.7355947874590304,0.6577230008462405,0.7555122545258117,False,True,True,False,2.0
HP HP 15 Fd0306tu A2nl7pa,HP,Intel,Core i3,1315.0,4.5,8.0,DDR4,3200.0,256.0,15.6,1920 x 1080,,Intel,1.59,"3-cell, 41 Wh Li-ion",13990000.0,data/anphat/detail_htmls\hp_2_specs.html,INTEL_GRAPHICS,INTEGRATED,False,0.6,0.6,0.3029695024077046,0.622792937399679,0.5842696629213483,0.0555555555555555,13.99,0.451,0.623,True,True,True,True,False,False,True,41.0,0.05798394290811775,0.45,0.05798394290811775,1,0.47275,0.4728,0.4325243166715112,0.3836972692634271,0.42922539635486545,False,False,False,False,13.0
HP 250r G9 B93h2at,HP,Intel,Core i5,1334.0,4.6,8.0,DDR4,3200.0,512.0,15.6,1920 x 1080,,Intel,1.74,3-cell 41Wh,17900000.0,data/anphat/detail_htmls\hp_1_specs.html,INTEL_IRIS_XE,INTEGRATED,False,0.6,0.8,0.4534510433386838,0.4020866773675762,0.5842696629213483,0.0827083333333333,17.9,0.567,0.402,True,True,True,False,False,False,True,41.0,0.05798394290811775,0.55,0.05798394290811775,1,0.56175,0.5626,0.4074771256602752,0.2843794522489808,0.43869059699692,False,False,False,False,13.0
HP Elitebook 6 G1i Bq9m9pt,HP,Intel,Core Ultra 5,225.0,4.9,16.0,DDR5,5600.0,512.0,14.0,1920 x 1200,,Intel,1.4,3-cell 56Wh,28990000.0,data/anphat/detail_htmls\hp_4_specs.html,INTEL_GRAPHICS,INTEGRATED,False,0.8,0.8,0.7391653290529695,0.7885232744783306,0.2114767255216693,0.1597222222222222,28.99,0.77,0.789,True,True,True,True,False,True,False,56.0,0.41480820695807313,0.45,0.41480820695807313,1,0.5825,0.5985,0.7054447874590304,0.6577230008462405,0.7184947545258117,False,False,True,False,2.0
HP Elitebook 640 G10 Bh3e3pt,HP,Intel,Core i5,1335.0,4.6,16.0,DDR4,3200.0,512.0,14.0,1920 x 1080,,Intel,1.41,"3-cell,51 Wh",23990000.0,data/anphat/detail_htmls\hp_6_specs.html,INTEL_IRIS_XE,INTEGRATED,False,0.8,0.8,0.4534510433386838,0.7664526484751204,0.2114767255216693,0.125,23.99,0.627,0.766,True,True,True,True,False,True,False,51.0,0.28055307760927745,0.55,0.28055307760927745,1,0.60675,0.6106,0.6065190424881476,0.6008019238727175,0.6125439538942099,True,True,True,False,13.0
HP Elitebook 6 G1i 13 Bq9q3pt,HP,Intel,Core Ultra 7,255.0,5.2,16.0,DDR5,5600.0,512.0,13.3,1920 x 1200,,Intel,1.3,3-cell 56Wh,33990000.0,data/anphat/detail_htmls\hp_5_specs.html,INTEL_GRAPHICS,INTEGRATED,False,0.8,0.8,0.914526484751204,0.8900481540930979,0.0176565008025682,0.1944444444444444,33.99,0.857,0.89,True,True,True,True,False,True,False,56.0,0.41480820695807313,0.45,0.41480820695807313,1,0.60425,0.6246,0.7801284953241989,0.742173241616706,0.7994424712192307,True,True,True,False,2.0
HP Victus 15 Fa2731tx B85lnpa,HP,Intel,Core i5,13420.0,4.6,16.0,DDR4,3200.0,512.0,15.6,1920 x 1080,144.0,NVIDIA,2.29,"3-cell, 52.5 Wh",23990000.0,data/anphat/detail_htmls\hp_7_specs.html,RTX 3050,DISCRETE_GAMING,False,0.8,0.8,0.4534510433386838,0.134430176565008,0.5842696629213483,0.125,23.99,0.627,0.134,True,True,True,False,False,False,True,52.5,0.3073148974130241,0.9,0.3073148974130241,1,0.81675,0.8031,0.39066354128035763,0.2511998609645424,0.4454885657690694,True,True,False,False,13.0
Gaming Omen 14 Fb0135tx Ay8v1pa,HP,Intel,Core Ultra 7,900.0,4.8,16.0,LPDDR5X,7467.0,1024.0,14.0,2880 x 1800,120.0,NVIDIA,1.63,6 Cell 71WHr,68990000.0,data/anphat/detail_htmls\hp_8_specs.html,RTX 4060,DISCRETE_GAMING,False,0.8,1.0,0.6460674157303371,0.5638041733547352,0.2114767255216693,0.4375,68.99,0.763,0.564,True,True,True,False,False,True,False,71.0,0.719892952720785,1.0,0.719892952720785,1,0.91075,0.8989,0.6846600512183143,0.6633790663575718,0.7078228363197557,True,True,True,False,
HP Victus 15 Fa2732tx B85lppa,HP,Intel,Core i5,13420.0,4.6,16.0,DDR4,3200.0,512.0,15.6,1920 x 1080,144.0,NVIDIA,2.29,"4-cell, 70 Wh",26990000.0,data/anphat/detail_htmls\hp_9_specs.html,RTX 4050,DISCRETE_GAMING,False,0.8,0.8,0.4534510433386838,0.134430176565008,0.5842696629213483,0.1458333333333333,26.99,0.627,0.134,True,True,True,False,False,False,True,70.0,0.6882247992863515,1.0,0.6882247992863515,1,0.87675,0.8581,0.46684552165502313,0.38451832662020696,0.5064341500688018,True,True,False,False,13.0
HP Omnibook 5 Flip 14 Fp0057tu Bz7q6pa,HP,Intel,Core 5,120.0,5.0,16.0,LPDDR5X,5200.0,512.0,14.0,1920 x 1200,,Intel,1.62,4-cell 68Wh,27990000.0,data/anphat/detail_htmls\hp_10_specs.html,INTEL_GRAPHICS,INTEGRATED,False,0.8,0.8,0.8138041733547352,0.5810593900481541,0.2114767255216693,0.1527777777777778,27.99,0.807,0.581,True,True,True,False,False,True,False,68.0,0.6587867975022301,0.45,0.6587867975022301,1,0.59175,0.6096,0.6982781460173,0.649756759543116,0.7266265176164082,False,True,True,False,1.0
HP 14s Ep0110tu 8c5k9pa,HP,Intel,Core i7,1355.0,5.0,16.0,DDR4,3200.0,512.0,14.0,1920 x 1080,,Intel,1.46,"3-cell, 41 Wh Li-ion",21990000.0,data/anphat/detail_htmls\hp_11_specs.html,INTEL_IRIS_XE,INTEGRATED,False,0.8,0.8,0.8138041733547352,0.7323434991974318,0.2114767255216693,0.1111111111111111,21.99,0.807,0.732,True,True,True,True,False,True,False,41.0,0.05798394290811775,0.55,0.05798394290811775,1,0.65175,0.6646000000000001,0.6310670133007246,0.5075536095523516,0.6679408778957963,True,True,True,False,13.0
HP Victus 16 R0228tx 9q979pa,HP,Intel,Core i5,13500.0,4.7,32.0,DDR5,5200.0,512.0,16.1,1920 x 1080,144.0,NVIDIA,2.31,4Cell 70WHrs,33990000.0,data/anphat/detail_htmls\hp_12_specs.html,RTX 4050,DISCRETE_GAMING,False,1.0,0.8,0.5714285714285714,0.1123595505617978,0.9743178170144462,0.1944444444444444,33.99,0.746,0.112,True,True,True,False,True,False,True,70.0,0.6882247992863515,1.0,0.6882247992863515,1,0.9365,0.9238,0.5126708025538995,0.2965769141001428,0.5511172439692833,True,True,False,False,13.0
HP Omnibook 5 Ai 16 Af1054tu C1mn8pa,HP,Intel,Core Ultra 7,255.0,5.2,32.0,LPDDR5,7467.0,512.0,16.0,1920 x 1200,,Intel,1.66,"3-cell Li-ion, 59 Wh",30690000.0,data/anphat/detail_htmls\hp_14_specs.html,INTEL_GRAPHICS,INTEGRATED,False,1.0,0.8,0.914526484751204,0.507223113964687,0.8487158908507223,0.1715277777777777,30.69,0.917,0.507,True,True,True,False,False,False,True,59.0,0.5370205173951829,0.45,0.5370205173951829,1,0.64925,0.6726000000000001,0.697582193366677,0.44646440420227873,0.7241548678554605,True,True,True,False,2.0
HP Omnibook X Flip 14 Fm0088tu Bz7q2pa,HP,Intel,Core Ultra 5,226.0,4.5,16.0,LPDDR5X,8533.0,512.0,14.0,1920 x 1200,,Intel,1.66,"3-cell, 59 Wh",31990000.0,data/anphat/detail_htmls\hp_15_specs.html,INTEL_GRAPHICS,INTEGRATED,False,0.8,0.8,0.3029695024077046,0.507223113964687,0.2114767255216693,0.1805555555555555,31.99,0.551,0.507,True,True,True,False,False,True,False,59.0,0.5370205173951829,0.45,0.5370205173951829,1,0.52775,0.5328,0.5328821933666771,0.5739122372680894,0.5474294344686226,False,False,False,False,2.0
HP Victus 16 R0358tx Ay8x4pa,HP,Intel,Core i7,13700.0,5.0,32.0,DDR5,5200.0,512.0,16.1,1920 x 1080,165.0,NVIDIA,2.31,4Cell 70WHrs,45990000.0,data/anphat/detail_htmls\hp_18_specs.html,RTX 4070,DISCRETE_GAMING,False,1.0,0.8,0.8138041733547352,0.1123595505617978,0.9743178170144462,0.2777777777777778,45.99,0.867,0.112,True,True,True,False,True,False,True,70.0,0.6882247992863515,1.0,0.6882247992863515,1,0.96675,0.9601,0.5671208025538995,0.2965769141001428,0.6179697439692833,True,True,False,False,13.0
HP 250r G9 B93h3at,HP,Intel,Core i5,1334.0,4.6,16.0,DDR4,3200.0,512.0,15.6,1920 x 1080,,Intel,1.74,3-cell 41Wh,17990000.0,data/anphat/detail_htmls\hp_19_specs.html,INTEL_IRIS_XE,INTEGRATED,False,0.8,0.8,0.4534510433386838,0.4020866773675762,0.5842696629213483,0.0833333333333333,17.99,0.627,0.402,True,True,True,False,False,False,True,41.0,0.05798394290811775,0.55,0.05798394290811775,1,0.60675,0.6106,0.43447712566027524,0.2843794522489808,0.47184059699692,True,True,False,False,13.0
HP Victus 16 R0223tx 9q974pa,HP,Intel,Core i7,13700.0,5.0,32.0,DDR5,5200.0,512.0,16.1,1920 x 1080,144.0,NVIDIA,2.31,4Cell 70WHrs,45990000.0,data/anphat/detail_htmls\hp_17_specs.html,RTX 4070,DISCRETE_GAMING,False,1.0,0.8,0.8138041733547352,0.1123595505617978,0.9743178170144462,0.2777777777777778,45.99,0.867,0.112,True,True,True,False,True,False,True,70.0,0.6882247992863515,1.0,0.6882247992863515,1,0.96675,0.9601,0.5671208025538995,0.2965769141001428,0.6179697439692833,True,True,False,False,13.0
HP 15 Fd0083tu 8d736pa,HP,Intel,Core i7,1355.0,5.0,16.0,DDR4,3200.0,512.0,15.6,1920 x 1080,,Intel,1.59,"3-cell, 41 Wh Li-ion",22590000.0,data/anphat/detail_htmls\hp_20_specs.html,INTEL_IRIS_XE,INTEGRATED,False,0.8,0.8,0.8138041733547352,0.622792937399679,0.5842696629213483,0.1152777777777777,22.59,0.807,0.623,True,True,True,True,False,False,True,41.0,0.05798394290811775,0.55,0.05798394290811775,1,0.65175,0.6646000000000001,0.5927243166715113,0.3836972692634271,0.6259153963548655,True,True,False,False,13.0
HP Probook 4 G1i 16 Bq5e4pt,HP,Intel,Core Ultra 7,255.0,5.1,16.0,DDR5,5600.0,512.0,16.0,1920 x 1200,,Intel,1.74,"3-cell, 56 Wh",33990000.0,data/anphat/detail_htmls\hp_21_specs.html,INTEL_GRAPHICS,INTEGRATED,False,0.8,0.8,0.8743980738362761,0.4020866773675762,0.8487158908507223,0.1944444444444444,33.99,0.837,0.402,True,True,True,False,False,False,True,56.0,0.41480820695807313,0.45,0.41480820695807313,1,0.5992500000000001,0.6186,0.6003419784702663,0.35637869908059044,0.634379630127738,False,True,True,False,2.0
HP Probook 4 G1i 16 Bq5e6pt,HP,Intel,Core Ultra 7,255.0,5.1,16.0,DDR5,5600.0,512.0,16.0,1920 x 1200,,Intel,1.74,"3-cell, 56 Wh",35990000.0,data/anphat/detail_htmls\hp_25_specs.html,INTEL_GRAPHICS,INTEGRATED,False,0.8,0.8,0.8743980738362761,0.4020866773675762,0.8487158908507223,0.2083333333333333,35.99,0.837,0.402,True,True,True,False,False,False,True,56.0,0.41480820695807313,0.45,0.41480820695807313,1,0.5992500000000001,0.6186,0.6003419784702663,0.35637869908059044,0.634379630127738,False,True,True,False,2.0
HP Omnibook X Flip 14 Fm0076tu Bz7p6pa,HP,Intel,Core Ultra 7,258.0,4.8,32.0,LPDDR5X,8533.0,512.0,14.0,1920 x 1200,,Intel,1.38,"3-cell, 59 Wh",37990000.0,data/anphat/detail_htmls\hp_26_specs.html,INTEL_GRAPHICS,INTEGRATED,False,1.0,0.8,0.6460674157303371,0.8358747993579454,0.2114767255216693,0.2222222222222222,37.99,0.783,0.836,True,True,True,True,False,True,False,59.0,0.5370205173951829,0.45,0.5370205173951829,1,0.61575,0.6324000000000001,0.7523102832543175,0.7218054956950557,0.7569507266034541,True,True,True,False,2.0
HP Omnibook 7 Ai 16 Az0043tu C2cx3pa,HP,Intel,Core 7,240.0,5.2,32.0,DDR5,5600.0,512.0,16.0,1920 x 1200,,Intel,1.91,"4-cell, 70 Wh",31990000.0,data/anphat/detail_htmls\hp_27_specs.html,INTEL_GRAPHICS,INTEGRATED,False,1.0,0.8,0.914526484751204,0.2837078651685393,0.8487158908507223,0.1805555555555555,31.99,0.917,0.284,True,True,True,False,False,False,True,70.0,0.6882247992863515,0.45,0.6882247992863515,1,0.64925,0.6726000000000001,0.6495927126662591,0.39880404090592125,0.6930275288810008,True,True,True,False,1.0
HP 15 Fd0823tu C81nmpa,HP,Intel,Core i7,1355.0,5.0,16.0,DDR4,3200.0,512.0,15.6,1920 x 1080,,Intel,1.59,"3-cell, 41 Wh Li-ion",21990000.0,data/anphat/detail_htmls\hp_28_specs.html,INTEL_IRIS_XE,INTEGRATED,False,0.8,0.8,0.8138041733547352,0.622792937399679,0.5842696629213483,0.1111111111111111,21.99,0.807,0.623,True,True,True,True,False,False,True,41.0,0.05798394290811775,0.55,0.05798394290811775,1,0.65175,0.6646000000000001,0.5927243166715113,0.3836972692634271,0.6259153963548655,True,True,False,False,13.0
HP Omnibook 5 Flip 14 Fp0055tu Bz7q4pa,HP,Intel,Core 7,150.0,5.4,24.0,LPDDR5,5200.0,512.0,14.0,1920 x 1200,,Intel,1.62,"4-cell, 68 Wh",30990000.0,data/anphat/detail_htmls\hp_29_specs.html,INTEL_GRAPHICS,INTEGRATED,False,0.8,0.8,0.9542536115569824,0.5810593900481541,0.2114767255216693,0.1736111111111111,30.99,0.877,0.581,True,True,True,False,False,True,False,68.0,0.6587867975022301,0.45,0.6587867975022301,1,0.6092500000000001,0.6306,0.7297781460172998,0.649756759543116,0.7653015176164081,True,True,True,False,1.0
HP Omnibook 7 Ai 16 Az0038tu C2cx1pa,HP,Intel,Core 5,210.0,4.8,24.0,DDR5,5200.0,512.0,16.0,1920 x 1200,,Intel,1.66,"4-cell, 70 Wh",27990000.0,data/anphat/detail_htmls\hp_30_specs.html,INTEL_GRAPHICS,INTEGRATED,False,0.8,0.8,0.6460674157303371,0.507223113964687,0.8487158908507223,0.1527777777777778,27.99,0.723,0.507,True,True,True,False,False,False,True,70.0,0.6882247992863515,0.45,0.6882247992863515,1,0.57075,0.5844,0.6405230497449107,0.4993859028641877,0.6411625529580474,False,False,True,False,1.0
HP Zbook Power G11 Mobile Workstation 9a660av,HP,Intel,Core Ultra 7,155.0,4.8,32.0,DDR5,5600.0,1024.0,16.0,2560 x 1600,,NVIDIA,2.12,6Cell 83WHrs Li-ion,63990000.0,data/anphat/detail_htmls\hp_32_specs.html,RTX 2000,DISCRETE_GAMING,False,1.0,1.0,0.6460674157303371,0.2006420545746388,0.8487158908507223,0.4027777777777778,63.99,0.823,0.201,True,True,True,False,False,False,True,83.0,0.8983050847457628,0.8,0.8983050847457628,1,0.83575,0.8369000000000001,0.6202357360502762,0.43495252604945994,0.6541465864325162,True,True,True,False,1.0
HP Probook 4 G1i 16 Bq5e1pt,HP,Intel,Core Ultra 7,255.0,5.2,16.0,DDR5,5600.0,512.0,16.0,1920 x 1200,,Intel,1.74,"3-cell, 56 Wh",33990000.0,data/anphat/detail_htmls\hp_34_specs.html,INTEL_GRAPHICS,INTEGRATED,False,0.8,0.8,0.914526484751204,0.4020866773675762,0.8487158908507223,0.1944444444444444,33.99,0.857,0.402,True,True,True,False,False,False,True,56.0,0.41480820695807313,0.45,0.41480820695807313,1,0.60425,0.6246,0.6093419784702663,0.35637869908059044,0.645429630127738,True,True,True,False,2.0
HP Probook 4 G1i 16 Bq5d9pt,HP,Intel,Core Ultra 5,225.0,4.9,16.0,DDR5,5600.0,512.0,16.0,1920 x 1200,,Intel,1.74,"3-cell, 56 Wh",31990000.0,data/anphat/detail_htmls\hp_35_specs.html,INTEL_GRAPHICS,INTEGRATED,False,0.8,0.8,0.7391653290529695,0.4020866773675762,0.8487158908507223,0.1805555555555555,31.99,0.77,0.402,True,True,True,False,False,False,True,56.0,0.41480820695807313,0.45,0.41480820695807313,1,0.5825,0.5985,0.5701919784702664,0.35637869908059044,0.597362130127738,False,False,False,False,2.0
HP Probook 4 G1i 16 Bq5d8pt,HP,Intel,Core Ultra 5,225.0,4.9,16.0,DDR5,5600.0,512.0,16.0,1920 x 1200,,Intel,1.74,"3-cell, 56 Wh",28990000.0,data/anphat/detail_htmls\hp_36_specs.html,INTEL_GRAPHICS,INTEGRATED,False,0.8,0.8,0.7391653290529695,0.4020866773675762,0.8487158908507223,0.1597222222222222,28.99,0.77,0.402,True,True,True,False,False,False,True,56.0,0.41480820695807313,0.45,0.41480820695807313,1,0.5825,0.5985,0.5701919784702664,0.35637869908059044,0.597362130127738,False,False,False,False,2.0
HP Probook 4 G1i 16 Bq5d4pt,HP,Intel,Core Ultra 5,225.0,4.8,16.0,DDR5,5600.0,512.0,16.0,1920 x 1200,,Intel,1.74,"3-cell, 56 Wh",26990000.0,data/anphat/detail_htmls\hp_38_specs.html,INTEL_GRAPHICS,INTEGRATED,False,0.8,0.8,0.6460674157303371,0.4020866773675762,0.8487158908507223,0.1458333333333333,26.99,0.723,0.402,True,True,True,False,False,False,True,56.0,0.41480820695807313,0.45,0.41480820695807313,1,0.57075,0.5844,0.5490419784702663,0.35637869908059044,0.571394630127738,False,False,False,False,2.0
HP Probook 440 G10 9h8u6pt,HP,Intel,Core i5,1335.0,4.6,16.0,DDR4,3200.0,512.0,14.0,1920 x 1080,,Intel,1.66,"3-cell, 51 Wh",22990000.0,data/anphat/detail_htmls\hp_39_specs.html,INTEL_IRIS_XE,INTEGRATED,False,0.8,0.8,0.4534510433386838,0.507223113964687,0.2114767255216693,0.1180555555555555,22.99,0.627,0.507,True,True,True,False,False,True,False,51.0,0.28055307760927745,0.55,0.28055307760927745,1,0.60675,0.6106,0.515788705409496,0.4841486333430224,0.5483846441028777,True,True,False,False,13.0
HP 14 Ep1179tu C89zspa,HP,Intel,Core 5,120.0,5.0,16.0,DDR4,3200.0,512.0,14.0,1920 x 1080,,Intel,1.4,"3-cell, 41 Wh Li-ion",18990000.0,data/anphat/detail_htmls\hp_40_specs.html,INTEL_GRAPHICS,INTEGRATED,False,0.8,0.8,0.8138041733547352,0.7885232744783306,0.2114767255216693,0.0902777777777777,18.99,0.807,0.789,True,True,True,True,False,True,False,41.0,0.05798394290811775,0.45,0.05798394290811775,1,0.59175,0.6096,0.6507299346490392,0.5328345084287562,0.6818453722778188,False,True,True,False,1.0
HP Elitebook 6 G1i 13 Bq9l8pt,HP,Intel,Core Ultra 5,225.0,4.8,16.0,DDR5,5600.0,512.0,13.3,1920 x 1200,,Intel,1.3,3-cell 56Wh,27990000.0,data/anphat/detail_htmls\hp_41_specs.html,INTEL_GRAPHICS,INTEGRATED,False,0.8,0.8,0.6460674157303371,0.8900481540930979,0.0176565008025682,0.1527777777777778,27.99,0.723,0.89,True,True,True,True,False,True,False,56.0,0.41480820695807313,0.45,0.41480820695807313,1,0.57075,0.5844,0.7198284953241989,0.742173241616706,0.7254074712192307,False,False,True,False,2.0
HP Pavilion 15 Eg3094tu 8c5l5pa,HP,Intel,Core i5,1335.0,4.6,8.0,DDR4,3200.0,512.0,15.6,1920 x 1080,,Intel,1.74,"3-cell, 41 Wh Li-ion",19990000.0,data/anphat/detail_htmls\hp_43_specs.html,INTEL_IRIS_XE,INTEGRATED,False,0.6,0.8,0.4534510433386838,0.4020866773675762,0.5842696629213483,0.0972222222222222,19.99,0.567,0.402,True,True,True,False,False,False,True,41.0,0.05798394290811775,0.55,0.05798394290811775,1,0.56175,0.5626,0.4074771256602752,0.2843794522489808,0.43869059699692,False,False,False,False,13.0
HP 250 G10 A06f6pt,HP,Intel,Core i3,1315.0,4.5,16.0,DDR4,3200.0,512.0,15.6,1920 x 1080,,Intel,1.52,3Cell 41WHrs,15990000.0,data/anphat/detail_htmls\hp_42_specs.html,INTEL_UHD,INTEGRATED,False,0.8,0.8,0.3029695024077046,0.658908507223114,0.5842696629213483,0.0694444444444444,15.99,0.551,0.659,True,True,True,True,False,False,True,41.0,0.05798394290811775,0.45,0.05798394290811775,1,0.52775,0.5328,0.49016476610971343,0.39994927568397287,0.49341399988616563,False,False,False,False,13.0
HP Pavilion 15 Eg3095tu 8c5l6pa,HP,Intel,Core i5,1335.0,4.6,8.0,DDR4,3200.0,512.0,15.6,1920 x 1080,,Intel,1.74,"3-cell, 41 Wh Li-ion",19990000.0,data/anphat/detail_htmls\hp_45_specs.html,INTEL_IRIS_XE,INTEGRATED,False,0.6,0.8,0.4534510433386838,0.4020866773675762,0.5842696629213483,0.0972222222222222,19.99,0.567,0.402,True,True,True,False,False,False,True,41.0,0.05798394290811775,0.55,0.05798394290811775,1,0.56175,0.5626,0.4074771256602752,0.2843794522489808,0.43869059699692,False,False,False,False,13.0
HP Pavilion 15 Eg3099tu 8c5m0pa,HP,Intel,Core i3,1315.0,4.5,8.0,DDR4,3200.0,256.0,15.6,1920 x 1080,,Intel,1.74,"3-cell, 41 Wh Li-ion",15290000.0,data/anphat/detail_htmls\hp_44_specs.html,INTEL_UHD,INTEGRATED,False,0.6,0.6,0.3029695024077046,0.4020866773675762,0.5842696629213483,0.0645833333333333,15.29,0.451,0.402,True,True,True,False,False,False,True,41.0,0.05798394290811775,0.45,0.05798394290811775,1,0.47275,0.4728,0.3552771256602752,0.2843794522489808,0.37460059699692,False,False,False,False,13.0
HP Omnibook 7 Aero 13 Bg1087au Bz7s1pa,HP,AMD,Ryzen AI 5,340.0,4.8,16.0,LPDDR5X,7500.0,512.0,13.3,1920 x 1200,,AMD,1.66,3-cell,28990000.0,data/anphat/detail_htmls\hp_48_specs.html,AMD_RADEON_GRAPHICS,INTEGRATED,False,0.8,0.8,0.6460674157303371,0.507223113964687,0.0176565008025682,0.1597222222222222,28.99,0.723,0.507,True,True,True,False,False,True,False,,,0.5,,0,0.60075,0.6119,0.6028780898876404,0.5997191011235955,0.6442889606741573,True,True,True,False,3.0
HP Omnibook 5 16 Ag1067au Bz7u5pa,HP,AMD,Ryzen AI 7,350.0,5.0,16.0,LPDDR5X,7500.0,512.0,16.0,1920 x 1200,,AMD,1.79,"3-cell, 59 Wh",28990000.0,data/anphat/detail_htmls\hp_50_specs.html,AMD_RADEON_GRAPHICS,INTEGRATED,False,0.8,0.8,0.8138041733547352,0.3743980738362761,0.8487158908507223,0.1597222222222222,28.99,0.807,0.374,True,True,True,False,False,False,True,59.0,0.5370205173951829,0.5,0.5370205173951829,1,0.62175,0.6371,0.6015934293217332,0.3866931361444938,0.6305056704236787,True,True,True,False,3.0
HP Omnibook 5 16 Ag1066au Bz7s9pa,HP,AMD,Ryzen AI 7,350.0,5.0,16.0,LPDDR5X,7500.0,512.0,16.0,1920 x 1200,,AMD,1.79,"3-cell, 59 Wh",29990000.0,data/anphat/detail_htmls\hp_49_specs.html,AMD_RADEON_GRAPHICS,INTEGRATED,False,0.8,0.8,0.8138041733547352,0.3743980738362761,0.8487158908507223,0.1666666666666666,29.99,0.807,0.374,True,True,True,False,False,False,True,59.0,0.5370205173951829,0.5,0.5370205173951829,1,0.62175,0.6371,0.6015934293217332,0.3866931361444938,0.6305056704236787,True,True,True,False,3.0
HP Omnibook 5 16 Ag1068au Bz7t0pa,HP,AMD,Ryzen AI 5,340.0,4.8,16.0,LPDDR5X,7500.0,512.0,16.0,1920 x 1200,,AMD,1.79,"3-cell, 59 Wh",26999000.0,data/anphat/detail_htmls\hp_51_specs.html,AMD_RADEON_GRAPHICS,INTEGRATED,False,0.8,0.8,0.6460674157303371,0.3743980738362761,0.8487158908507223,0.1458958333333333,27.0,0.723,0.374,True,True,True,False,False,False,True,59.0,0.5370205173951829,0.5,0.5370205173951829,1,0.60075,0.6119,0.5637934293217332,0.3866931361444938,0.5840956704236786,True,True,False,False,3.0
HP Omnibook 5 16 Ag1069au Bz7t1pa,HP,AMD,Ryzen AI 5,340.0,4.8,16.0,LPDDR5X,7500.0,512.0,16.0,1920 x 1200,,AMD,1.79,"3-cell, 59 Wh",25990000.0,data/anphat/detail_htmls\hp_52_specs.html,AMD_RADEON_GRAPHICS,INTEGRATED,False,0.8,0.8,0.6460674157303371,0.3743980738362761,0.8487158908507223,0.1388888888888889,25.99,0.723,0.374,True,True,True,False,False,False,True,59.0,0.5370205173951829,0.5,0.5370205173951829,1,0.60075,0.6119,0.5637934293217332,0.3866931361444938,0.5840956704236786,True,True,False,False,3.0
HP Omnibook X Flip 14 Fm0086tu Bz7q0pa,HP,Intel,Core Ultra 5,226.0,4.5,16.0,LPDDR5X,8533.0,1024.0,14.0,1920 x 1200,,Intel,1.66,"3-cell, 59 Wh",32990000.0,data/anphat/detail_htmls\hp_53_specs.html,INTEL_GRAPHICS,INTEGRATED,False,0.8,1.0,0.3029695024077046,0.507223113964687,0.2114767255216693,0.1875,32.99,0.591,0.507,True,True,True,False,False,True,False,59.0,0.5370205173951829,0.45,0.5370205173951829,1,0.53775,0.5448,0.5508821933666771,0.5739122372680894,0.5695294344686226,False,False,False,False,2.0
HP Victus 16 R0224tx 9q975pa,HP,Intel,Core i7,13700.0,5.0,32.0,DDR5,5200.0,512.0,16.1,1920 x 1080,144.0,NVIDIA,2.31,4Cell 70WHrs,38990000.0,data/anphat/detail_htmls\hp_54_specs.html,RTX 4060,DISCRETE_GAMING,False,1.0,0.8,0.8138041733547352,0.1123595505617978,0.9743178170144462,0.2291666666666666,38.99,0.867,0.112,True,True,True,False,True,False,True,70.0,0.6882247992863515,1.0,0.6882247992863515,1,0.96675,0.9601,0.5671208025538995,0.2965769141001428,0.6179697439692833,True,True,False,False,13.0
HP Elitebook 6 G1i 13 Bq9m6pt,HP,Intel,Core Ultra 7,255.0,5.2,16.0,DDR5,5600.0,512.0,13.3,1920 x 1200,,Intel,1.3,3-cell 56Wh,32990000.0,data/anphat/detail_htmls\hp_59_specs.html,INTEL_GRAPHICS,INTEGRATED,False,0.8,0.8,0.914526484751204,0.8900481540930979,0.0176565008025682,0.1875,32.99,0.857,0.89,True,True,True,True,False,True,False,56.0,0.41480820695807313,0.45,0.41480820695807313,1,0.60425,0.6246,0.7801284953241989,0.742173241616706,0.7994424712192307,True,True,True,False,2.0
HP 15 Fd1045tu 9z2x1pa,HP,Intel,Core 5,120.0,5.0,16.0,DDR4,3200.0,512.0,15.6,1920 x 1080,,Intel,1.59,"3-cell, 41 Wh Li-ion",20990000.0,data/anphat/detail_htmls\hp_58_specs.html,INTEL_GRAPHICS,INTEGRATED,False,0.8,0.8,0.8138041733547352,0.622792937399679,0.5842696629213483,0.1041666666666666,20.99,0.807,0.623,True,True,True,True,False,False,True,41.0,0.05798394290811775,0.45,0.05798394290811775,1,0.59175,0.6096,0.5927243166715113,0.3836972692634271,0.6259153963548655,False,True,False,False,1.0
HP 15 Fd1039tu 9z2w7pa,HP,Intel,Core 7,150.0,5.4,16.0,DDR4,3200.0,512.0,15.6,1920 x 1080,,Intel,1.59,"3-cell, 41 Wh Li-ion",23990000.0,data/anphat/detail_htmls\hp_60_specs.html,INTEL_GRAPHICS,INTEGRATED,False,0.8,0.8,0.9542536115569824,0.622792937399679,0.5842696629213483,0.125,23.99,0.877,0.623,True,True,True,True,False,False,True,41.0,0.05798394290811775,0.45,0.05798394290811775,1,0.6092500000000001,0.6306,0.6242243166715111,0.3836972692634271,0.6645903963548655,True,True,True,False,1.0
HP 14 Ep1011tu 9z2w3pa,HP,Intel,Core 5,120.0,5.0,16.0,DDR4,3200.0,512.0,14.0,1920 x 1080,,Intel,1.66,"3-cell, 41 Wh Li-ion",22990000.0,data/anphat/detail_htmls\hp_62_specs.html,INTEL_GRAPHICS,INTEGRATED,False,0.8,0.8,0.8138041733547352,0.507223113964687,0.2114767255216693,0.1180555555555555,22.99,0.807,0.507,True,True,True,False,False,True,False,41.0,0.05798394290811775,0.45,0.05798394290811775,1,0.59175,0.6096,0.5522748784692639,0.4062494361976165,0.6122235825506921,False,True,False,False,1.0
HP Omnibook X 14 Fe1010qu B53kbpa,HP,Qualcomm,Snapdragon X Plus,100.0,3.4,16.0,DDR5,,512.0,14.0,2240 x 1400,,Qualcomm,1.66,"3-cell, 59 Wh",35990000.0,data/anphat/detail_htmls\hp_63_specs.html,QUALCOMM_ADRENO,INTEGRATED_ARM,False,0.8,0.8,0.1565008025682183,0.507223113964687,0.2114767255216693,0.2083333333333333,35.99,0.478,0.507,True,True,True,False,False,True,False,59.0,0.5370205173951829,0.45,0.5370205173951829,1,0.5095000000000001,0.5109,0.500032193366677,0.5739122372680894,0.5070969344686225,False,False,False,False,1.0
HP 14s Ep0112tu 8c5l1pa,HP,Intel,Core i5,1335.0,4.6,16.0,DDR4,3200.0,512.0,14.0,1920 x 1080,,Intel,1.46,"3-cell, 41 Wh Li-ion",19590000.0,data/anphat/detail_htmls\hp_64_specs.html,INTEL_IRIS_XE,INTEGRATED,False,0.8,0.8,0.4534510433386838,0.7323434991974318,0.2114767255216693,0.0944444444444444,19.59,0.627,0.732,True,True,True,True,False,True,False,41.0,0.05798394290811775,0.55,0.05798394290811775,1,0.60675,0.6106,0.5500670133007246,0.5075536095523516,0.5684908778957964,True,True,False,False,13.0
HP Elitebook 6 G1i 13 Bq9m3pt,HP,Intel,Core Ultra 5,225.0,4.8,16.0,DDR5,5600.0,512.0,13.3,1920 x 1200,,Intel,1.3,3-cell 56Wh,28990000.0,data/anphat/detail_htmls\hp_72_specs.html,INTEL_GRAPHICS,INTEGRATED,False,0.8,0.8,0.6460674157303371,0.8900481540930979,0.0176565008025682,0.1597222222222222,28.99,0.723,0.89,True,True,True,True,False,True,False,56.0,0.41480820695807313,0.45,0.41480820695807313,1,0.57075,0.5844,0.7198284953241989,0.742173241616706,0.7254074712192307,False,False,True,False,2.0
HP Elitebook 640 G10 873g4pa,HP,Intel,Core i5,1335.0,4.6,16.0,DDR4,3200.0,512.0,14.0,1920 x 1080,,Intel,1.41,"3-cell,51 Wh",25990000.0,data/anphat/detail_htmls\hp_73_specs.html,INTEL_IRIS_XE,INTEGRATED,False,0.8,0.8,0.4534510433386838,0.7664526484751204,0.2114767255216693,0.1388888888888889,25.99,0.627,0.766,True,True,True,True,False,True,False,51.0,0.28055307760927745,0.55,0.28055307760927745,1,0.60675,0.6106,0.6065190424881476,0.6008019238727175,0.6125439538942099,True,True,True,False,13.0
HP 14 Ep1009tu 9z2w2pa,HP,Intel,Core 5,120.0,5.0,16.0,DDR4,3200.0,1024.0,14.0,1920 x 1080,,Intel,1.4,"3-cell, 41 Wh Li-ion",20990000.0,data/anphat/detail_htmls\hp_75_specs.html,INTEL_GRAPHICS,INTEGRATED,False,0.8,1.0,0.8138041733547352,0.7885232744783306,0.2114767255216693,0.1041666666666666,20.99,0.847,0.789,True,True,True,True,False,True,False,41.0,0.05798394290811775,0.45,0.05798394290811775,1,0.60175,0.6216,0.6687299346490392,0.5328345084287562,0.7039453722778188,True,True,True,False,1.0
HP Probook 460 G11 A74mqpt,HP,Intel,Core Ultra 5,125.0,4.5,16.0,DDR5,5600.0,512.0,16.0,1920 x 1200,,Intel,1.66,"3-cell, 56 Wh Li-ion",26990000.0,data/anphat/detail_htmls\hp_74_specs.html,INTEL_GRAPHICS,INTEGRATED,False,0.8,0.8,0.3029695024077046,0.507223113964687,0.8487158908507223,0.1458333333333333,26.99,0.551,0.507,True,True,True,False,False,False,True,56.0,0.41480820695807313,0.45,0.41480820695807313,1,0.52775,0.5328,0.5084397312792551,0.4036900955492903,0.5023858981855229,False,False,False,False,1.0
HP Pavilion X360 14 Ek2017tu 9z2v5pa,HP,Intel,Core 5,120.0,5.0,16.0,DDR4,3200.0,512.0,14.0,1920 x 1080,,Intel,1.51,"3-cell, 43 Wh Li-ion",26990000.0,data/anphat/detail_htmls\hp_77_specs.html,INTEL_GRAPHICS,INTEGRATED,False,0.8,0.8,0.8138041733547352,0.6645264847512038,0.2114767255216693,0.1458333333333333,26.99,0.807,0.665,True,True,True,True,False,True,False,43.0,0.14585191793041927,0.45,0.14585191793041927,1,0.59175,0.6096,0.6249046532490051,0.5077897443093546,0.6652150428239232,False,True,True,False,1.0
HP 15 Fd0235tu 9q970pa,HP,Intel,Core i5,1334.0,4.6,16.0,DDR4,3200.0,512.0,15.6,1920 x 1080,,Intel,1.59,"3-cell, 41 Wh Li-ion",19990000.0,data/anphat/detail_htmls\hp_78_specs.html,INTEL_IRIS_XE,INTEGRATED,False,0.8,0.8,0.4534510433386838,0.622792937399679,0.5842696629213483,0.0972222222222222,19.99,0.627,0.623,True,True,True,True,False,False,True,41.0,0.05798394290811775,0.55,0.05798394290811775,1,0.60675,0.6106,0.5117243166715111,0.3836972692634271,0.5264653963548654,True,True,False,False,13.0
HP Envy X360 14 Fa0095au Ay8u5pa,HP,AMD,Ryzen 7,8840.0,5.1,16.0,LPDDR5,6400.0,512.0,14.0,2880 x 1800,120.0,AMD,1.66,"3-cell, 59 Wh",35990000.0,data/anphat/detail_htmls\hp_80_specs.html,AMD_RADEON_GRAPHICS,INTEGRATED,False,0.8,0.8,0.8743980738362761,0.507223113964687,0.2114767255216693,0.2083333333333333,35.99,0.837,0.507,True,True,True,False,False,True,False,59.0,0.5370205173951829,0.5,0.5370205173951829,1,0.62925,0.6461,0.661582193366677,0.5739122372680894,0.7054444344686226,True,True,True,False,8.0
HP 14 Ep1007tu 9z2w1pa,HP,Intel,Core 7,150.0,5.4,16.0,DDR4,3200.0,512.0,14.0,1920 x 1080,,Intel,1.66,"3-cell, 41 Wh Li-ion",25990000.0,data/anphat/detail_htmls\hp_81_specs.html,INTEL_GRAPHICS,INTEGRATED,False,0.8,0.8,0.9542536115569824,0.507223113964687,0.2114767255216693,0.1388888888888889,25.99,0.877,0.507,True,True,True,False,False,True,False,41.0,0.05798394290811775,0.45,0.05798394290811775,1,0.6092500000000001,0.6306,0.583774878469264,0.4062494361976165,0.6508985825506921,True,True,False,False,1.0
HP Pavilion 16 Af0055tu Ay8c4pa,HP,Intel,Core Ultra 5,125.0,4.3,16.0,LPDDR5,6400.0,512.0,16.0,1920 x 1200,,Intel,1.66,"3-cell, 59 Wh",24990000.0,data/anphat/detail_htmls\hp_82_specs.html,INTEL_GRAPHICS,INTEGRATED,False,0.8,0.8,0.2146869983948635,0.507223113964687,0.8487158908507223,0.1319444444444444,24.99,0.507,0.507,True,True,True,False,False,False,True,59.0,0.5370205173951829,0.45,0.5370205173951829,1,0.51675,0.5196000000000001,0.513082193366677,0.44646440420227873,0.4976298678554604,False,False,False,False,1.0
HP Elitebook 630 G11 A7lm7pt,HP,Intel,Core Ultra 5,125.0,4.3,16.0,DDR5,5600.0,512.0,13.3,1920 x 1200,,Intel,1.31,"3-cell, 56 Wh",26990000.0,data/anphat/detail_htmls\hp_83_specs.html,INTEL_GRAPHICS,INTEGRATED,False,0.8,0.8,0.2146869983948635,0.8808186195826645,0.0176565008025682,0.1458333333333333,26.99,0.507,0.881,True,True,True,True,False,True,False,56.0,0.41480820695807313,0.45,0.41480820695807313,1,0.51675,0.5196000000000001,0.6193981582455472,0.738019951087011,0.6037831614278985,False,False,True,False,1.0
HP Probook 440 G11 A74b4pt,HP,Intel,Core Ultra 5,125.0,4.3,8.0,DDR5,5600.0,512.0,14.0,1920 x 1200,,Intel,1.39,"3-cell, 56 Wh",23990000.0,data/anphat/detail_htmls\hp_85_specs.html,INTEL_GRAPHICS,INTEGRATED,False,0.6,0.8,0.2146869983948635,0.819422150882825,0.2114767255216693,0.125,23.99,0.447,0.819,True,True,True,True,False,True,False,56.0,0.41480820695807313,0.45,0.41480820695807313,1,0.47175,0.4716,0.5709093942006034,0.671627495228263,0.5476847264359241,False,False,False,False,1.0
HP Pavilion 15 Eg3098tu 8c5l9pa,HP,Intel,Core i3,1315.0,4.5,8.0,DDR4,3200.0,256.0,15.6,1920 x 1080,,Intel,1.74,"3-cell, 41 Wh Li-ion",15290000.0,data/anphat/detail_htmls\hp_84_specs.html,INTEL_UHD,INTEGRATED,False,0.6,0.6,0.3029695024077046,0.4020866773675762,0.5842696629213483,0.0645833333333333,15.29,0.451,0.402,True,True,True,False,False,False,True,41.0,0.05798394290811775,0.45,0.05798394290811775,1,0.47275,0.4728,0.3552771256602752,0.2843794522489808,0.37460059699692,False,False,False,False,13.0
HP Elitebook 640 G11 A7lb4pt,HP,Intel,Core Ultra 7,165.0,4.9,16.0,DDR5,5600.0,512.0,14.0,1920 x 1200,,Intel,1.66,"3-cell, 56 Wh",36990000.0,data/anphat/detail_htmls\hp_88_specs.html,INTEL_GRAPHICS,INTEGRATED,False,0.8,0.8,0.7391653290529695,0.507223113964687,0.2114767255216693,0.2152777777777778,36.99,0.77,0.507,True,True,True,False,False,True,False,56.0,0.41480820695807313,0.45,0.41480820695807313,1,0.5825,0.5985,0.6069897312792552,0.5311379286151009,0.648872964798685,False,False,True,False,1.0
HP Elitebook 630 G10 9j0b4pt,HP,Intel,Core i5,1335.0,4.6,16.0,DDR4,3200.0,512.0,13.3,1920 x 1080,,Intel,1.22,"3-cell, 42 Wh",23590000.0,data/anphat/detail_htmls\hp_90_specs.html,INTEL_UHD,INTEGRATED,False,0.8,0.8,0.4534510433386838,0.934991974317817,0.0176565008025682,0.1222222222222222,23.59,0.627,0.935,True,True,True,True,False,True,False,42.0,0.11864406779661017,0.45,0.11864406779661017,1,0.5467500000000001,0.5556,0.6331260045705579,0.6587405120113176,0.6361048044590145,False,False,True,False,13.0
HP Elitebook 630 G10 9j0b5pt,HP,Intel,Core i5,1335.0,4.6,16.0,DDR4,3200.0,512.0,13.3,1920 x 1080,,Intel,1.22,"3-cell, 42 Wh",24390000.0,data/anphat/detail_htmls\hp_89_specs.html,INTEL_UHD,INTEGRATED,False,0.8,0.8,0.4534510433386838,0.934991974317817,0.0176565008025682,0.1277777777777777,24.39,0.627,0.935,True,True,True,True,False,True,False,42.0,0.11864406779661017,0.45,0.11864406779661017,1,0.5467500000000001,0.5556,0.6331260045705579,0.6587405120113176,0.6361048044590145,False,False,True,False,13.0
HP Pavilion 15 Eg3091tu 8c5l2pa,HP,Intel,Core i7,1355.0,5.0,16.0,DDR4,3200.0,512.0,15.6,1920 x 1080,,Intel,1.74,"3-cell, 41 Wh Li-ion",25990000.0,data/anphat/detail_htmls\hp_91_specs.html,INTEL_IRIS_XE,INTEGRATED,False,0.8,0.8,0.8138041733547352,0.4020866773675762,0.5842696629213483,0.1388888888888889,25.99,0.807,0.402,True,True,True,False,False,False,True,41.0,0.05798394290811775,0.55,0.05798394290811775,1,0.65175,0.6646000000000001,0.5154771256602753,0.2843794522489808,0.57129059699692,True,True,False,False,13.0
HP Omnibook Uf 14 Fh0038tu B2cp4pa,HP,Intel,Core Ultra 9,288.0,5.1,32.0,LPDDR5X,8533.0,1024.0,14.0,2880 x 1800,120.0,Intel,1.66,"6-cell, 64 Wh",63990000.0,data/anphat/detail_htmls\hp_92_specs.html,INTEL_GRAPHICS,INTEGRATED,False,1.0,1.0,0.8743980738362761,0.507223113964687,0.2114767255216693,0.4027777777777778,63.99,0.937,0.507,True,True,True,False,False,True,False,64.0,0.6284567350579839,0.45,0.6284567350579839,1,0.6542500000000001,0.6786000000000001,0.7248694368992372,0.6059149134500696,0.7753242292946707,True,True,True,False,2.0
HP Omnibook Uf 14 Fh0040tu B13vhpa,HP,Intel,Core Ultra 7,258.0,4.8,32.0,LPDDR5X,8533.0,1024.0,14.0,2880 x 1800,120.0,Intel,1.66,"6-cell, 64 Wh",59990000.0,data/anphat/detail_htmls\hp_93_specs.html,INTEL_GRAPHICS,INTEGRATED,False,1.0,1.0,0.6460674157303371,0.507223113964687,0.2114767255216693,0.375,59.99,0.823,0.507,True,True,True,False,False,True,False,64.0,0.6284567350579839,0.45,0.6284567350579839,1,0.62575,0.6444,0.6735694368992372,0.6059149134500696,0.7123392292946706,True,True,True,False,2.0
HP Pavilion 16 Af0053tu Ay8c2pa,HP,Intel,Core Ultra 7,155.0,4.8,16.0,LPDDR5,6400.0,512.0,16.0,1920 x 1200,,Intel,1.66,"3-cell, 59 Wh",29990000.0,data/anphat/detail_htmls\hp_94_specs.html,INTEL_GRAPHICS,INTEGRATED,False,0.8,0.8,0.6460674157303371,0.507223113964687,0.8487158908507223,0.1666666666666666,29.99,0.723,0.507,True,True,True,False,False,False,True,59.0,0.5370205173951829,0.45,0.5370205173951829,1,0.57075,0.5844,0.610282193366677,0.44646440420227873,0.6169698678554604,False,False,True,False,1.0
HP Elitebook 640 G10 873g2pa,HP,Intel,Core i5,1335.0,4.6,8.0,DDR4,3200.0,512.0,14.0,1920 x 1080,,Intel,1.41,"3-cell,51 Wh",23490000.0,data/anphat/detail_htmls\hp_96_specs.html,INTEL_IRIS_XE,INTEGRATED,False,0.6,0.8,0.4534510433386838,0.7664526484751204,0.2114767255216693,0.1215277777777777,23.49,0.567,0.766,True,True,True,True,False,True,False,51.0,0.28055307760927745,0.55,0.28055307760927745,1,0.56175,0.5626,0.5795190424881476,0.6008019238727175,0.5793939538942099,False,False,False,False,13.0
HP Probook 465 G11 A8xg2pt,HP,AMD,Ryzen 5,7535.0,4.55,16.0,DDR5,4800.0,512.0,16.0,1920 x 1200,,AMD,1.74,"3-cell, 56 Wh",23990000.0,data/anphat/detail_htmls\hp_101_specs.html,AMD_RADEON_GRAPHICS,INTEGRATED,False,0.8,0.8,0.3451043338683788,0.4020866773675762,0.8487158908507223,0.125,23.99,0.573,0.402,True,True,True,False,False,False,True,56.0,0.41480820695807313,0.5,0.41480820695807313,1,0.56325,0.5669,0.48154197847026625,0.35637869908059044,0.4885196301277379,False,False,False,False,7.0
HP Probook 465 G11 A8ws4pt,HP,AMD,Ryzen 7,7735.0,4.7,16.0,DDR5,4800.0,512.0,16.0,1920 x 1200,,AMD,1.74,"3-cell, 56 Wh",25990000.0,data/anphat/detail_htmls\hp_102_specs.html,AMD_RADEON_GRAPHICS,INTEGRATED,False,0.8,0.8,0.5714285714285714,0.4020866773675762,0.8487158908507223,0.1388888888888889,25.99,0.686,0.402,True,True,True,False,False,False,True,56.0,0.41480820695807313,0.5,0.41480820695807313,1,0.5915,0.6008,0.5323919784702663,0.35637869908059044,0.5509521301277379,False,True,False,False,7.0
HP Elitebook 640 G10 873g3pa,HP,Intel,Core i5,1335.0,4.6,16.0,DDR4,3200.0,512.0,14.0,1920 x 1080,,Intel,1.41,"3-cell,51 Wh",24490000.0,data/anphat/detail_htmls\hp_103_specs.html,INTEL_IRIS_XE,INTEGRATED,False,0.8,0.8,0.4534510433386838,0.7664526484751204,0.2114767255216693,0.1284722222222222,24.49,0.627,0.766,True,True,True,True,False,True,False,51.0,0.28055307760927745,0.55,0.28055307760927745,1,0.60675,0.6106,0.6065190424881476,0.6008019238727175,0.6125439538942099,True,True,True,False,13.0
HP Probook 450 G10 9h8h2pt,HP,Intel,Core i7,1355.0,5.0,16.0,DDR4,3200.0,512.0,15.6,1920 x 1080,,NVIDIA,1.79,"3-cell, 51 Wh",30590000.0,data/anphat/detail_htmls\hp_105_specs.html,RTX 2050,DISCRETE_GAMING,False,0.8,0.8,0.8138041733547352,0.3743980738362761,0.5842696629213483,0.1708333333333333,30.59,0.807,0.374,True,True,True,False,False,False,True,51.0,0.28055307760927745,0.8,0.28055307760927745,1,0.80175,0.8021,0.5502999413645522,0.3498187778053017,0.6000487291751089,True,True,False,False,13.0
HP Elitebook 640 G10 873h2pa,HP,Intel,Core i7,1355.0,5.0,16.0,DDR4,3200.0,512.0,14.0,1920 x 1080,,Intel,1.41,"3-cell,51 Wh",28090000.0,data/anphat/detail_htmls\hp_104_specs.html,INTEL_IRIS_XE,INTEGRATED,False,0.8,0.8,0.8138041733547352,0.7664526484751204,0.2114767255216693,0.1534722222222222,28.09,0.807,0.766,True,True,True,True,False,True,False,51.0,0.28055307760927745,0.55,0.28055307760927745,1,0.65175,0.6646000000000001,0.6875190424881475,0.6008019238727175,0.7119939538942098,True,True,True,False,13.0
HP 240 G10 9h2d8pt,HP,Intel,Core i3,1315.0,4.5,8.0,DDR4,3200.0,256.0,14.0,1920 x 1080,,Intel,1.36,"3-cell, 41 Wh",12990000.0,data/anphat/detail_htmls\hp_106_specs.html,INTEL_UHD,INTEGRATED,False,0.6,0.6,0.3029695024077046,0.851123595505618,0.2114767255216693,0.0486111111111111,12.99,0.451,0.851,True,True,True,True,False,True,False,41.0,0.05798394290811775,0.45,0.05798394290811775,1,0.47275,0.4728,0.5124400470085899,0.5610046528910355,0.5006489517320726,False,False,False,False,13.0
HP 240 G10 9h2e1pt,HP,Intel,Core i5,1335.0,4.6,8.0,DDR4,3200.0,256.0,14.0,1920 x 1080,,Intel,1.36,"3-cell, 41 Wh",17990000.0,data/anphat/detail_htmls\hp_107_specs.html,INTEL_UHD,INTEGRATED,False,0.6,0.6,0.4534510433386838,0.851123595505618,0.2114767255216693,0.0833333333333333,17.99,0.527,0.851,True,True,True,True,False,True,False,41.0,0.05798394290811775,0.45,0.05798394290811775,1,0.49175,0.4956,0.5466400470085899,0.5610046528910355,0.5426389517320725,False,False,False,False,13.0
HP Probook 450 G10 9h1n5pt,HP,Intel,Core i5,1335.0,4.6,16.0,DDR4,3200.0,512.0,15.6,1920 x 1080,60.0,Intel,1.79,"3-cell, 51 Wh",21590000.0,data/anphat/detail_htmls\hp_108_specs.html,INTEL_IRIS_XE,INTEGRATED,False,0.8,0.8,0.4534510433386838,0.3743980738362761,0.5842696629213483,0.1083333333333333,21.59,0.627,0.374,True,True,True,False,False,False,True,51.0,0.28055307760927745,0.55,0.28055307760927745,1,0.60675,0.6106,0.4692999413645521,0.3498187778053017,0.5005987291751088,True,True,False,False,13.0
HP Probook 450 G10 9h1n8pt,HP,Intel,Core i5,1335.0,4.6,8.0,DDR4,3200.0,512.0,15.6,1920 x 1080,,NVIDIA,1.79,"3-cell, 51 Wh",26390000.0,data/anphat/detail_htmls\hp_109_specs.html,RTX 2050,DISCRETE_GAMING,False,0.6,0.8,0.4534510433386838,0.3743980738362761,0.5842696629213483,0.1416666666666666,26.39,0.567,0.374,True,True,True,False,False,False,True,51.0,0.28055307760927745,0.8,0.28055307760927745,1,0.71175,0.7001000000000001,0.4422999413645521,0.3498187778053017,0.46744872917510877,True,True,False,False,13.0
HP 240 G10 9h2e4pt,HP,Intel,Core i5,1335.0,4.6,8.0,DDR4,3200.0,512.0,14.0,1920 x 1080,,Intel,1.36,"3-cell, 41 Wh",19590000.0,data/anphat/detail_htmls\hp_110_specs.html,INTEL_UHD,INTEGRATED,False,0.6,0.8,0.4534510433386838,0.851123595505618,0.2114767255216693,0.0944444444444444,19.59,0.567,0.851,True,True,True,True,False,True,False,41.0,0.05798394290811775,0.45,0.05798394290811775,1,0.50175,0.5075999999999999,0.5646400470085897,0.5610046528910355,0.5647389517320724,False,False,False,False,13.0
HP 240 G10 9h2e5pt,HP,Intel,Core i7,1355.0,5.0,8.0,DDR4,3200.0,512.0,14.0,1920 x 1080,,Intel,1.47,"3-cell, 41 Wh Li-ion",20990000.0,data/anphat/detail_htmls\hp_113_specs.html,INTEL_IRIS_XE,INTEGRATED,False,0.6,0.8,0.8138041733547352,0.725521669341894,0.2114767255216693,0.1041666666666666,20.99,0.747,0.726,True,True,True,True,False,True,False,41.0,0.05798394290811775,0.55,0.05798394290811775,1,0.60675,0.6166,0.6016793728512864,0.5044837861173597,0.6331024750065507,True,True,True,False,13.0
HP 240 G10 9h2e3pt,HP,Intel,Core i5,1335.0,4.6,8.0,DDR4,3200.0,512.0,14.0,1920 x 1080,,Intel,1.47,"3-cell, 41 Wh Li-ion",18790000.0,data/anphat/detail_htmls\hp_112_specs.html,INTEL_IRIS_XE,INTEGRATED,False,0.6,0.8,0.4534510433386838,0.725521669341894,0.2114767255216693,0.0888888888888888,18.79,0.567,0.726,True,True,True,True,False,True,False,41.0,0.05798394290811775,0.55,0.05798394290811775,1,0.56175,0.5626,0.5206793728512864,0.5044837861173597,0.5336524750065508,False,False,False,False,13.0
HP Elitebook 630 G10 9j0b6pt,HP,Intel,Core i7,1355.0,5.0,8.0,DDR4,3200.0,512.0,13.3,1920 x 1080,,Intel,1.22,"3-cell, 42 Wh",26790000.0,data/anphat/detail_htmls\hp_111_specs.html,INTEL_UHD,INTEGRATED,False,0.6,0.8,0.8138041733547352,0.934991974317817,0.0176565008025682,0.1444444444444444,26.79,0.747,0.935,True,True,True,True,False,True,False,42.0,0.11864406779661017,0.45,0.11864406779661017,1,0.54675,0.5616,0.687126004570558,0.6587405120113176,0.7024048044590145,False,False,True,False,13.0
HP 240 G10 9h2e6pt,HP,Intel,Core i7,1355.0,5.0,16.0,DDR4,3200.0,512.0,14.0,1920 x 1080,,Intel,1.47,"3-cell, 41 Wh Li-ion",21990000.0,data/anphat/detail_htmls\hp_114_specs.html,INTEL_IRIS_XE,INTEGRATED,False,0.8,0.8,0.8138041733547352,0.725521669341894,0.2114767255216693,0.1111111111111111,21.99,0.807,0.726,True,True,True,True,False,True,False,41.0,0.05798394290811775,0.55,0.05798394290811775,1,0.65175,0.6646000000000001,0.6286793728512865,0.5044837861173597,0.6662524750065508,True,True,True,False,13.0
HP Zbook Firefly 14 G10 739m5av,HP,Intel,Core i7,1365.0,5.2,16.0,DDR5,5200.0,1024.0,14.0,1920 x 1200,,NVIDIA,1.45,"3 Cell, 51 WHr",50990000.0,data/anphat/detail_htmls\hp_115_specs.html,RTX 500,DISCRETE_GAMING,False,0.8,1.0,0.914526484751204,0.7387640449438202,0.2114767255216693,0.3125,50.99,0.897,0.739,True,True,True,True,False,True,False,51.0,0.28055307760927745,0.45,0.28055307760927745,1,0.61425,0.6366,0.7183280312521926,0.5883420522836323,0.7548660245202132,True,True,True,False,13.0
HP Pavilion 15 Eg3111tu 8u6l8pa,HP,Intel,Core i5,1335.0,4.6,16.0,DDR4,3200.0,512.0,15.6,1920 x 1080,,Intel,1.74,"3-cell, 41 Wh Li-ion",21990000.0,data/anphat/detail_htmls\hp_117_specs.html,INTEL_IRIS_XE,INTEGRATED,False,0.8,0.8,0.4534510433386838,0.4020866773675762,0.5842696629213483,0.1111111111111111,21.99,0.627,0.402,True,True,True,False,False,False,True,41.0,0.05798394290811775,0.55,0.05798394290811775,1,0.60675,0.6106,0.43447712566027524,0.2843794522489808,0.47184059699692,True,True,False,False,13.0
HP Probook 440 G10 9h8u7pt,HP,Intel,Core i5,1340.0,4.6,16.0,DDR4,3200.0,512.0,14.0,1920 x 1080,,Intel,1.66,"3-cell, 51 Wh",25990000.0,data/anphat/detail_htmls\hp_118_specs.html,INTEL_IRIS_XE,INTEGRATED,False,0.8,0.8,0.4534510433386838,0.507223113964687,0.2114767255216693,0.1388888888888889,25.99,0.627,0.507,True,True,True,False,False,True,False,51.0,0.28055307760927745,0.55,0.28055307760927745,1,0.60675,0.6106,0.515788705409496,0.4841486333430224,0.5483846441028777,True,True,False,False,13.0
HP Probook 440 G11 A74b9pt,HP,Intel,Core Ultra 5,125.0,4.5,16.0,DDR5,5600.0,512.0,14.0,1920 x 1200,,Intel,1.39,"3-cell, 56 Wh",27990000.0,data/anphat/detail_htmls\hp_116_specs.html,INTEL_GRAPHICS,INTEGRATED,False,0.8,0.8,0.3029695024077046,0.819422150882825,0.2114767255216693,0.1527777777777778,27.99,0.551,0.819,True,True,True,True,False,True,False,56.0,0.41480820695807313,0.45,0.41480820695807313,1,0.52775,0.5328,0.6177093942006034,0.671627495228263,0.6051447264359242,False,False,True,False,1.0
HP Elitebook 630 G11 A7lb8pt,HP,Intel,Core Ultra 7,155.0,4.8,16.0,DDR5,5600.0,512.0,13.3,1920 x 1200,,Intel,1.66,"3-cell, 56 Wh",31990000.0,data/anphat/detail_htmls\hp_119_specs.html,INTEL_GRAPHICS,INTEGRATED,False,0.8,0.8,0.6460674157303371,0.507223113964687,0.0176565008025682,0.1805555555555555,31.99,0.723,0.507,True,True,True,False,False,True,False,56.0,0.41480820695807313,0.45,0.41480820695807313,1,0.57075,0.5844,0.585839731279255,0.5699019735589211,0.630658273787449,False,False,False,False,1.0
HP Elitebook 630 G11 A7lc5pt,HP,Intel,Core Ultra 7,155.0,4.8,16.0,DDR5,5600.0,512.0,13.3,1920 x 1200,,Intel,1.66,"3-cell, 56 Wh",29990000.0,data/anphat/detail_htmls\hp_120_specs.html,INTEL_GRAPHICS,INTEGRATED,False,0.8,0.8,0.6460674157303371,0.507223113964687,0.0176565008025682,0.1666666666666666,29.99,0.723,0.507,True,True,True,False,False,True,False,56.0,0.41480820695807313,0.45,0.41480820695807313,1,0.57075,0.5844,0.585839731279255,0.5699019735589211,0.630658273787449,False,False,False,False,1.0
HP Probook 440 G11 A74bhpt,HP,Intel,Core Ultra 7,155.0,4.8,16.0,DDR5,5600.0,512.0,14.0,1920 x 1200,,Intel,1.39,"3-cell, 56 Wh",29990000.0,data/anphat/detail_htmls\hp_123_specs.html,INTEL_GRAPHICS,INTEGRATED,False,0.8,0.8,0.6460674157303371,0.819422150882825,0.2114767255216693,0.1666666666666666,29.99,0.723,0.819,True,True,True,True,False,True,False,56.0,0.41480820695807313,0.45,0.41480820695807313,1,0.57075,0.5844,0.6951093942006034,0.671627495228263,0.7001747264359242,False,False,True,False,1.0
HP Probook 440 G11 A74blpa,HP,Intel,Core Ultra 7,155.0,4.8,16.0,DDR5,5600.0,512.0,14.0,1920 x 1200,,Intel,1.39,"3-cell, 56 Wh",32490000.0,data/anphat/detail_htmls\hp_122_specs.html,INTEL_GRAPHICS,INTEGRATED,False,0.8,0.8,0.6460674157303371,0.819422150882825,0.2114767255216693,0.1840277777777778,32.49,0.723,0.819,True,True,True,True,False,True,False,56.0,0.41480820695807313,0.45,0.41480820695807313,1,0.57075,0.5844,0.6951093942006034,0.671627495228263,0.7001747264359242,False,False,True,False,1.0
HP Elitebook 630 G11 A7ll8pt,HP,Intel,Core Ultra 5,125.0,4.3,16.0,DDR5,5600.0,512.0,13.3,1920 x 1200,,Intel,1.66,"3-cell, 56 Wh",26990000.0,data/anphat/detail_htmls\hp_121_specs.html,INTEL_GRAPHICS,INTEGRATED,False,0.8,0.8,0.2146869983948635,0.507223113964687,0.0176565008025682,0.1458333333333333,26.99,0.507,0.507,True,True,True,False,False,True,False,56.0,0.41480820695807313,0.45,0.41480820695807313,1,0.51675,0.5196000000000001,0.4886397312792551,0.5699019735589211,0.511318273787449,False,False,False,False,1.0
HP Elitebook 630 G11 A7lb9pt,HP,Intel,Core Ultra 7,155.0,4.8,16.0,DDR5,5600.0,512.0,13.3,1920 x 1200,,Intel,1.31,"3-cell, 56 Wh",33990000.0,data/anphat/detail_htmls\hp_124_specs.html,INTEL_GRAPHICS,INTEGRATED,False,0.8,0.8,0.6460674157303371,0.8808186195826645,0.0176565008025682,0.1944444444444444,33.99,0.723,0.881,True,True,True,True,False,True,False,56.0,0.41480820695807313,0.45,0.41480820695807313,1,0.57075,0.5844,0.7165981582455472,0.738019951087011,0.7231231614278985,False,False,True,False,1.0
HP Elitebook 630 G11 A7lc0pt,HP,Intel,Core Ultra 7,155.0,4.8,16.0,DDR5,5600.0,512.0,13.3,1920 x 1200,,Intel,1.31,"3-cell, 56 Wh",34990000.0,data/anphat/detail_htmls\hp_125_specs.html,INTEL_GRAPHICS,INTEGRATED,False,0.8,0.8,0.6460674157303371,0.8808186195826645,0.0176565008025682,0.2013888888888889,34.99,0.723,0.881,True,True,True,True,False,True,False,56.0,0.41480820695807313,0.45,0.41480820695807313,1,0.57075,0.5844,0.7165981582455472,0.738019951087011,0.7231231614278985,False,False,True,False,1.0
HP 15 Fd1063tu 9z2y1pa,HP,Intel,Core Ultra 5,125.0,4.5,16.0,DDR5,5600.0,512.0,15.6,1920 x 1080,,Intel,1.59,"3-cell, 41 Wh Li-ion",21990000.0,data/anphat/detail_htmls\hp_128_specs.html,INTEL_GRAPHICS,INTEGRATED,False,0.8,0.8,0.3029695024077046,0.622792937399679,0.5842696629213483,0.1111111111111111,21.99,0.551,0.623,True,True,True,True,False,False,True,41.0,0.05798394290811775,0.45,0.05798394290811775,1,0.52775,0.5328,0.47752431667151124,0.3836972692634271,0.4844753963548655,False,False,False,False,1.0
HP Probook 460 G11 A74c0pt,HP,Intel,Core Ultra 7,155.0,4.8,16.0,DDR5,5600.0,512.0,16.0,1920 x 1200,,Intel,1.66,"3-cell, 56 Wh Li-ion",28990000.0,data/anphat/detail_htmls\hp_126_specs.html,INTEL_GRAPHICS,INTEGRATED,False,0.8,0.8,0.6460674157303371,0.507223113964687,0.8487158908507223,0.1597222222222222,28.99,0.723,0.507,True,True,True,False,False,False,True,56.0,0.41480820695807313,0.45,0.41480820695807313,1,0.57075,0.5844,0.585839731279255,0.4036900955492903,0.5974158981855229,False,False,False,False,1.0
HP Probook 460 G11 A74bxpt,HP,Intel,Core Ultra 5,125.0,4.5,16.0,DDR5,5600.0,512.0,16.0,1920 x 1200,,Intel,1.66,"3-cell, 56 Wh Li-ion",24990000.0,data/anphat/detail_htmls\hp_127_specs.html,INTEL_GRAPHICS,INTEGRATED,False,0.8,0.8,0.3029695024077046,0.507223113964687,0.8487158908507223,0.1319444444444444,24.99,0.551,0.507,True,True,True,False,False,False,True,56.0,0.41480820695807313,0.45,0.41480820695807313,1,0.52775,0.5328,0.5084397312792551,0.4036900955492903,0.5023858981855229,False,False,False,False,1.0
HP Elitebook X360 830 G11 A7rc0pt,HP,Intel,Core Ultra 7,165.0,4.9,16.0,LPDDR5X,7500.0,512.0,13.3,1920 x 1200,,Intel,1.66,"3-cell, 56 Wh",55990000.0,data/anphat/detail_htmls\hp_129_specs.html,INTEL_GRAPHICS,INTEGRATED,False,0.8,0.8,0.7391653290529695,0.507223113964687,0.0176565008025682,0.3472222222222222,55.99,0.77,0.507,True,True,True,False,False,True,False,56.0,0.41480820695807313,0.45,0.41480820695807313,1,0.5825,0.5985,0.6069897312792552,0.5699019735589211,0.656625773787449,False,False,True,False,1.0
HP Elitebook X360 1040 G11 Am9g7pt,HP,Intel,Ultra 7,155.0,4.8,16.0,LPDDR5X,7500.0,512.0,14.0,1920 x 1200,,Intel,1.38,6 Cell,61990000.0,data/anphat/detail_htmls\hp_130_specs.html,INTEL_GRAPHICS,INTEGRATED,False,0.8,0.8,0.6460674157303371,0.8358747993579454,0.2114767255216693,0.3888888888888889,61.99,0.723,0.836,True,True,True,True,False,True,False,,,0.45,,0,0.57075,0.5844,0.7179061797752808,0.7088483146067417,0.7178774438202247,False,False,True,False,1.0
HP Probook 460 G11 A74c3pt,HP,Intel,Core Ultra 7,155.0,4.8,16.0,DDR5,5600.0,512.0,16.0,1920 x 1200,,Intel,1.66,"3-cell, 56 Wh Li-ion",31990000.0,data/anphat/detail_htmls\hp_131_specs.html,INTEL_GRAPHICS,INTEGRATED,False,0.8,0.8,0.6460674157303371,0.507223113964687,0.8487158908507223,0.1805555555555555,31.99,0.723,0.507,True,True,True,False,False,False,True,56.0,0.41480820695807313,0.45,0.41480820695807313,1,0.57075,0.5844,0.585839731279255,0.4036900955492903,0.5974158981855229,False,False,False,False,1.0
HP Probook 465 G11 A8ws0pt,HP,AMD,Ryzen 3,7335.0,4.3,8.0,DDR5,4800.0,512.0,16.0,1920 x 1200,,AMD,1.66,"3-cell, 56 Wh",19990000.0,data/anphat/detail_htmls\hp_133_specs.html,AMD_RADEON_GRAPHICS,INTEGRATED,False,0.6,0.8,0.2146869983948635,0.507223113964687,0.8487158908507223,0.0972222222222222,19.99,0.447,0.507,True,True,True,False,False,False,True,56.0,0.41480820695807313,0.5,0.41480820695807313,1,0.50175,0.4991,0.46163973127925506,0.4036900955492903,0.44492589818552286,False,False,False,False,7.0
HP Probook 465 G11 A8wr9pt,HP,AMD,Ryzen 3,7335.0,4.3,8.0,DDR5,4800.0,256.0,16.0,1920 x 1200,,AMD,1.66,"3-cell, 56 Wh",18990000.0,data/anphat/detail_htmls\hp_132_specs.html,AMD_RADEON_GRAPHICS,INTEGRATED,False,0.6,0.6,0.2146869983948635,0.507223113964687,0.8487158908507223,0.0902777777777777,18.99,0.407,0.507,True,True,True,False,False,False,True,56.0,0.41480820695807313,0.5,0.41480820695807313,1,0.49175,0.4871,0.44363973127925505,0.4036900955492903,0.4228258981855228,False,False,False,False,7.0
HP Probook 465 G11 A8ws1pt,HP,AMD,Ryzen 5,7535.0,4.55,8.0,DDR5,4800.0,512.0,16.0,1920 x 1200,,AMD,1.74,"3-cell, 56 Wh",21990000.0,data/anphat/detail_htmls\hp_134_specs.html,AMD_RADEON_GRAPHICS,INTEGRATED,False,0.6,0.8,0.3451043338683788,0.4020866773675762,0.8487158908507223,0.1111111111111111,21.99,0.513,0.402,True,True,True,False,False,False,True,56.0,0.41480820695807313,0.5,0.41480820695807313,1,0.51825,0.5189,0.45454197847026634,0.35637869908059044,0.4553696301277379,False,False,False,False,7.0
HP Probook 460 G11 A74c2pt,HP,Intel,Core Ultra 7,155.0,4.8,16.0,DDR5,5600.0,512.0,16.0,1920 x 1200,,Intel,1.66,"3-cell, 56 Wh Li-ion",28990000.0,data/anphat/detail_htmls\hp_135_specs.html,INTEL_GRAPHICS,INTEGRATED,False,0.8,0.8,0.6460674157303371,0.507223113964687,0.8487158908507223,0.1597222222222222,28.99,0.723,0.507,True,True,True,False,False,False,True,56.0,0.41480820695807313,0.45,0.41480820695807313,1,0.57075,0.5844,0.585839731279255,0.4036900955492903,0.5974158981855229,False,False,False,False,1.0
LENOVO Thinkpad E14 Gen 7 21sx0032vn,Lenovo,Intel,Core Ultra 7,255.0,5.1,32.0,DDR5,5600.0,1024.0,14.0,1920 x 1200,60.0,Intel,1.34,3 cell /48Wh,31990000.0,data/anphat/detail_htmls\lenovo_5_specs.html,INTEL_GRAPHICS,INTEGRATED,False,1.0,1.0,0.8743980738362761,0.8663723916532905,0.2114767255216693,0.1805555555555555,31.99,0.937,0.866,True,True,True,True,False,True,False,48.0,0.2149866190900981,0.45,0.2149866190900981,1,0.6542500000000001,0.6786000000000001,0.7678776608966713,0.6228175478211813,0.7980584569677384,True,True,True,False,2.0
LENOVO Loq 15ahp10 83jg0047vn,Lenovo,AMD,Ryzen 7,250.0,5.1,16.0,DDR5,5600.0,512.0,15.6,1920 x 1080,144.0,NVIDIA,2.4,4C 60Wh,32990000.0,data/anphat/detail_htmls\lenovo_7_specs.html,RTX 5050,DISCRETE_GAMING,False,0.8,0.8,0.8743980738362761,0.0830658105939005,0.5842696629213483,0.1875,32.99,0.837,0.083,True,True,True,False,True,False,True,60.0,0.5709188224799286,0.45,0.5709188224799286,1,0.5992500000000001,0.6186,0.5199067982038509,0.3203472700509606,0.590977513201925,False,True,False,False,
LENOVO Thinkpad E14 Gen 7 21sx002qva,Lenovo,Intel,Core Ultra 5,225.0,4.8,16.0,DDR5,5600.0,512.0,14.0,1920 x 1200,60.0,Intel,1.34,"3 cell, 48WH",22190000.0,data/anphat/detail_htmls\lenovo_8_specs.html,INTEL_GRAPHICS,INTEGRATED,False,0.8,0.8,0.6460674157303371,0.8663723916532905,0.2114767255216693,0.1125,22.19,0.723,0.866,True,True,True,True,False,True,False,48.0,0.2149866190900981,0.45,0.2149866190900981,1,0.57075,0.5844,0.6715776608966713,0.6228175478211813,0.6798234569677383,False,False,True,False,2.0
LENOVO Thinkbook 14 G8 Irl 21sg007tvn,Lenovo,Intel,Core 7,240.0,5.2,16.0,DDR5,5600.0,512.0,14.0,1920 x 1200,60.0,Intel,1.36,45Wh,25990000.0,data/anphat/detail_htmls\lenovo_10_specs.html,INTEL_GRAPHICS,INTEGRATED,False,0.8,0.8,0.914526484751204,0.851123595505618,0.2114767255216693,0.1388888888888889,25.99,0.857,0.851,True,True,True,True,False,True,False,45.0,0.15388046387154328,0.45,0.15388046387154328,1,0.60425,0.6246,0.714319351201275,0.5945684352282344,0.7403073950862207,True,True,True,False,1.0
LENOVO Thinkbook 16 G8 Irl 21sh0093va,Lenovo,Intel,Core 5,210.0,4.8,16.0,DDR5,5600.0,512.0,16.0,1920 x 1200,60.0,Intel,1.7,45Wh,20990000.0,data/anphat/detail_htmls\lenovo_12_specs.html,INTEL_GRAPHICS,INTEGRATED,False,0.8,0.8,0.6460674157303371,0.4438202247191011,0.8487158908507223,0.1041666666666666,20.99,0.723,0.444,True,True,True,False,False,False,True,45.0,0.15388046387154328,0.45,0.15388046387154328,1,0.57075,0.5844,0.5114631714259941,0.2838340853084912,0.5399752442033956,False,False,False,False,1.0
LENOVO Thinkpad X1 Carbon Gen 13 21nx0038vn,Lenovo,Intel,Core Ultra 5,225.0,9.0,32.0,LPDDR5X,8400.0,1024.0,14.0,1920 x 1200,60.0,Intel,1.006,57Wh,51600000.0,data/anphat/detail_htmls\lenovo_13_specs.html,INTEL_GRAPHICS,INTEGRATED,False,1.0,1.0,0.9963884430176564,0.978330658105939,0.2114767255216693,0.3167361111111111,51.6,0.998,0.978,True,True,True,True,False,True,False,57.0,0.4683318465655665,0.45,0.4683318465655665,1,0.6695000000000001,0.6969000000000001,0.8851820996501919,0.761869597341287,0.9000058643108437,True,True,True,False,2.0
LENOVO Thinkpad E16 Gen 3 21tf0043vn,Lenovo,Intel,Core 7,240.0,4.0,32.0,DDR5,5600.0,1024.0,16.0,1920 x 1200,60.0,Intel,1.63,48Wh,29300000.0,data/anphat/detail_htmls\lenovo_14_specs.html,INTEL_GRAPHICS,INTEGRATED,False,1.0,1.0,0.1930176565008025,0.5638041733547352,0.8487158908507223,0.161875,29.3,0.597,0.564,True,True,True,False,False,False,True,48.0,0.2149866190900981,0.45,0.2149866190900981,1,0.56925,0.5766,0.5089787844921769,0.35921401652102075,0.5098332563256838,False,False,False,False,1.0
LENOVO Loq Essential 15irx11 83sc003rvn,Lenovo,Intel,Core i5,13450.0,4.6,16.0,DDR5,4800.0,512.0,15.6,1920 x 1080,144.0,NVIDIA,2.3,60Wh,27990000.0,data/anphat/detail_htmls\lenovo_17_specs.html,RTX 5050,DISCRETE_GAMING,False,0.8,0.8,0.4534510433386838,0.1235955056179775,0.5842696629213483,0.1527777777777778,27.99,0.627,0.124,True,True,True,False,False,False,True,60.0,0.5709188224799286,0.45,0.5709188224799286,1,0.5467500000000001,0.5556,0.43959219146227785,0.3385856328117952,0.48498361272038404,False,False,False,False,13.0
LENOVO Loq 15iax9e 83lk0079vn,Lenovo,Intel,Core i5,12450.0,4.4,16.0,DDR5,4800.0,512.0,15.6,1920 x 1080,144.0,NVIDIA,1.77,57Wh,22490000.0,data/anphat/detail_htmls\lenovo_19_specs.html,RTX 3050,DISCRETE_GAMING,False,0.8,0.8,0.2451845906902086,0.3864365971107544,0.5842696629213483,0.1145833333333333,22.49,0.523,0.386,True,True,True,False,False,False,True,57.0,0.4683318465655665,0.9,0.4683318465655665,1,0.7907500000000001,0.7719,0.4642691783018773,0.4209586824135181,0.4761628667185484,True,True,False,False,12.0
LENOVO Thinkpad X9 15 Gen 1 21q60054vn,Lenovo,Intel,Core Ultra 7,258.0,4.8,32.0,LPDDR5X,8533.0,1024.0,15.3,2880 x 1800,120.0,Intel,1.4,80Wh,54990000.0,data/anphat/detail_htmls\lenovo_21_specs.html,INTEL_GRAPHICS,INTEGRATED,False,1.0,1.0,0.6460674157303371,0.7885232744783306,0.4297752808988764,0.3402777777777778,54.99,0.823,0.789,True,True,True,True,False,False,False,80.0,0.8818019625334522,0.45,0.8818019625334522,1,0.62575,0.6444,0.8226935385741062,0.7775111042221818,0.8137643132027841,True,True,True,True,2.0
LENOVO Loq 15irx10 83je00pevn,Lenovo,Intel,Core i7,13650.0,4.9,16.0,DDR5,4800.0,512.0,15.0,1920 x 1080,144.0,NVIDIA,2.4,3C 60Wh,34990000.0,data/anphat/detail_htmls\lenovo_20_specs.html,RTX 5050,DISCRETE_GAMING,False,0.8,0.8,0.7391653290529695,0.0830658105939005,0.4000802568218298,0.2013888888888889,34.99,0.77,0.083,True,True,True,False,True,False,False,60.0,0.5709188224799286,0.45,0.5709188224799286,1,0.5825,0.5985,0.48975679820385093,0.3571851512708643,0.5613275894459058,False,False,False,False,13.0
LENOVO Yoga Slim 7 14imh9 83cv00d8vn,Lenovo,Intel,Core Ultra 5,125.0,4.5,16.0,LPDDR5,6400.0,1024.0,14.0,1920 x 1200,60.0,Intel,1.39,65Wh,26990000.0,data/anphat/detail_htmls\lenovo_18_specs.html,INTEL_GRAPHICS,INTEGRATED,False,0.8,1.0,0.3029695024077046,0.819422150882825,0.2114767255216693,0.1458333333333333,26.99,0.591,0.819,True,True,True,True,False,True,False,65.0,0.6418376449598573,0.45,0.6418376449598573,1,0.53775,0.5448,0.6811152818009603,0.7510877985288875,0.6635694365162097,False,False,True,True,1.0
LENOVO Thinkpad T14s Gen 6 21n1001uvn,Lenovo,Qualcomm,Snapdragon X Elite,100.0,3.4,32.0,LPDDR5X,8448.0,1024.0,14.0,1920 x 1200,60.0,Qualcomm,1.24,58Wh,54990000.0,data/anphat/detail_htmls\lenovo_22_specs.html,QUALCOMM_ADRENO,INTEGRATED_ARM,False,1.0,1.0,0.1565008025682183,0.9249598715890851,0.2114767255216693,0.3402777777777778,54.99,0.578,0.925,True,True,True,True,False,True,False,58.0,0.5156110615521855,0.45,0.5156110615521855,1,0.5645,0.5709,0.686958167366617,0.7544004686540193,0.6623112690457815,False,False,True,False,1.0
LENOVO V14 G5 Irl 83hd0062va,Lenovo,Intel,Core i5,13420.0,4.6,16.0,DDR5,5200.0,512.0,14.0,1920 x 1080,,Intel,1.37,47Wh,15990000.0,data/anphat/detail_htmls\lenovo_23_specs.html,INTEL_UHD,INTEGRATED,False,0.8,0.8,0.4534510433386838,0.8430979133226324,0.2114767255216693,0.0694444444444444,15.99,0.627,0.843,True,True,True,True,False,True,False,47.0,0.18688670829616413,0.45,0.18688670829616413,1,0.5467500000000001,0.5556,0.6146116113221541,0.6025090637945082,0.616527037853871,False,False,True,False,13.0
LENOVO Yoga Slim 9 14ill10 83lc002lvn,Lenovo,Intel,Core Ultra 7,258.0,4.8,32.0,LPDDR5X,8533.0,1024.0,14.0,3840 x 2400,60.0,Intel,1.32,75Wh,56490000.0,data/anphat/detail_htmls\lenovo_24_specs.html,INTEL_GRAPHICS,INTEGRATED,False,1.0,1.0,0.6460674157303371,0.877207062600321,0.2114767255216693,0.3506944444444444,56.49,0.823,0.877,True,True,True,True,False,True,False,75.0,0.7979482604817127,0.45,0.7979482604817127,1,0.62575,0.6444,0.836962124006455,0.8317297242344102,0.8310289006497867,True,True,True,True,2.0
LENOVO Legion Gaming 5 15irx10 83ly00hqvn,Lenovo,Intel,Core i7,13650.0,4.9,16.0,DDR5,4800.0,512.0,15.3,1920 x 1200,165.0,NVIDIA,2.1,80WHr,39990000.0,data/anphat/detail_htmls\lenovo_26_specs.html,RTX 5060,DISCRETE_GAMING,False,0.8,0.8,0.7391653290529695,0.2231139646869984,0.4297752808988764,0.2361111111111111,39.99,0.77,0.223,True,True,True,False,False,False,False,80.0,0.8818019625334522,0.45,0.8818019625334522,1,0.5825,0.5985,0.6009502801471399,0.5230769148160823,0.6445430090294294,False,False,True,False,13.0
LENOVO Yoga Slim 7 14ill10 83jx0081vn,Lenovo,Intel,Core Ultra 7,258.0,4.8,32.0,LPDDR5X,,1024.0,14.0,2880 x 1800,120.0,Intel,1.19,70WH,37999000.0,data/anphat/detail_htmls\lenovo_27_specs.html,INTEL_GRAPHICS,INTEGRATED,False,1.0,1.0,0.6460674157303371,0.9602728731942215,0.2114767255216693,0.2222847222222222,38.0,0.823,0.96,True,True,True,True,False,True,False,70.0,0.6882247992863515,0.45,0.6882247992863515,1,0.62575,0.6444,0.8440904654752478,0.8307061275832888,0.8340319349805193,True,True,True,True,2.0
LENOVO Legion Gaming 5 15ahp10 83ly004gvn,Lenovo,Intel,Core i7,14700.0,5.5,24.0,DDR5,4800.0,1024.0,15.1,2560 x 1600,165.0,NVIDIA,1.9,80WHr,48990000.0,data/anphat/detail_htmls\lenovo_31_specs.html,RTX 5070,DISCRETE_GAMING,False,0.8,1.0,0.9787319422150884,0.2985553772070626,0.4097110754414125,0.2986111111111111,48.99,0.929,0.299,True,True,True,False,False,False,False,80.0,0.8818019625334522,0.45,0.8818019625334522,1,0.6222500000000001,0.6462,0.6989047745291624,0.561038391541604,0.7518648268464438,True,True,True,False,14.0
LENOVO Thinkpad X13 Gen 6 21rk00aqva,Lenovo,Intel,Core Ultra 7,255.0,5.1,16.0,LPDDR5X,8400.0,512.0,13.3,1920 x 1200,,Intel,0.927,"3 Cell, 41Wh",36990000.0,data/anphat/detail_htmls\lenovo_33_specs.html,INTEL_GRAPHICS,INTEGRATED,False,0.8,0.8,0.8743980738362761,0.9963884430176565,0.0176565008025682,0.2152777777777778,36.99,0.837,0.996,True,True,True,True,False,True,False,41.0,0.05798394290811775,0.45,0.05798394290811775,1,0.5992500000000001,0.6186,0.7369827436378034,0.665137879215273,0.7576198104800661,False,True,True,False,2.0
LENOVO Legion 5 15ahp10 83m0002yvn,Lenovo,AMD,Ryzen 7,260.0,5.1,16.0,DDR5,5600.0,512.0,15.1,2560 x 1600,165.0,NVIDIA,1.9,4C 80Wh,38990000.0,data/anphat/detail_htmls\lenovo_34_specs.html,RTX 5050,DISCRETE_GAMING,False,0.8,0.8,0.8743980738362761,0.2985553772070626,0.4097110754414125,0.2291666666666666,38.99,0.837,0.299,True,True,True,False,False,False,False,80.0,0.8818019625334522,0.45,0.8818019625334522,1,0.5992500000000001,0.6186,0.6575047745291623,0.561038391541604,0.7010348268464439,False,True,True,False,
LENOVO Yoga Slim 7 14ill10 83jx0086vn,Lenovo,Intel,Core Ultra 5,226.0,4.5,16.0,LPDDR5X,8533.0,512.0,14.0,2880 x 1800,120.0,Intel,1.19,70Wh,31990000.0,data/anphat/detail_htmls\lenovo_35_specs.html,INTEL_GRAPHICS,INTEGRATED,False,0.8,0.8,0.3029695024077046,0.9602728731942215,0.2114767255216693,0.1805555555555555,31.99,0.551,0.96,True,True,True,True,False,True,False,70.0,0.6882247992863515,0.45,0.6882247992863515,1,0.52775,0.5328,0.7216904654752478,0.8307061275832888,0.6837519349805193,False,False,True,True,2.0
LENOVO Thinkpad P14s Gen 5 T 21g2003nva,Lenovo,Intel,Core Ultra 7,155.0,4.8,32.0,DDR5,5600.0,512.0,14.5,3072 x 1920,120.0,NVIDIA,1.61,75Wh,49990000.0,data/anphat/detail_htmls\lenovo_38_specs.html,RTX 500,DISCRETE_GAMING,False,1.0,0.8,0.6460674157303371,0.5947030497592296,0.3936597110754414,0.3055555555555556,49.99,0.783,0.595,True,True,True,False,False,False,False,75.0,0.7979482604817127,0.45,0.7979482604817127,1,0.61575,0.6324000000000001,0.7200857195120729,0.6681663213451645,0.7317218380494658,True,True,True,False,1.0
LENOVO Legion Pro 5 16iax10 83f3002gvn,Lenovo,Intel,Core Ultra 9,275.0,5.4,32.0,DDR5,5600.0,1024.0,16.0,2560 x 1600,165.0,NVIDIA,2.43,80Wh,59390000.0,data/anphat/detail_htmls\lenovo_36_specs.html,RTX 5070,DISCRETE_GAMING,False,1.0,1.0,0.9542536115569824,0.069422150882825,0.8487158908507223,0.3708333333333333,59.39,0.977,0.069,True,True,True,False,True,False,True,80.0,0.8818019625334522,0.45,0.8818019625334522,1,0.66425,0.6906,0.6403081453156791,0.37012747661383505,0.7041141607148227,True,True,True,False,2.0
LENOVO Thinkpad E14 Gen 7 21t90021va,Lenovo,Intel,Core 7,240.0,5.2,16.0,DDR5,5600.0,512.0,14.0,1920 x 1200,60.0,Intel,1.34,"3 cell, 48WH",24999000.0,data/anphat/detail_htmls\lenovo_42_specs.html,INTEL_GRAPHICS,INTEGRATED,False,0.8,0.8,0.914526484751204,0.8663723916532905,0.2114767255216693,0.1320069444444444,25.0,0.857,0.866,True,True,True,True,False,True,False,48.0,0.2149866190900981,0.45,0.2149866190900981,1,0.60425,0.6246,0.7318776608966713,0.6228175478211813,0.7538584569677383,True,True,True,False,1.0
LENOVO Legion 7 16iax10 83ky001vvn,Lenovo,Intel,Core Ultra 9,275.0,5.4,32.0,DDR5,5600.0,1024.0,16.0,2560 x 1600,,NVIDIA,2.57,80Wh,69990000.0,data/anphat/detail_htmls\lenovo_44_specs.html,RTX 5070,DISCRETE_GAMING,False,1.0,1.0,0.9542536115569824,0.0401284109149278,0.8487158908507223,0.4444444444444444,69.99,0.977,0.04,True,True,True,False,True,False,True,80.0,0.8818019625334522,0.45,0.8818019625334522,1,0.66425,0.6906,0.6300553363269152,0.3569452936282813,0.6968639600727682,True,True,True,False,2.0
LENOVO Legion Pro 7 16iax10h 83f5008wvn,Lenovo,Intel,Core Ultra 9,275.0,5.4,32.0,DDR5,,1024.0,16.0,2560 x 1600,240.0,NVIDIA,2.57,80Wh,98990000.0,data/anphat/detail_htmls\lenovo_45_specs.html,RTX 5080,DISCRETE_GAMING,False,1.0,1.0,0.9542536115569824,0.0401284109149278,0.8487158908507223,0.6458333333333334,98.99,0.977,0.04,True,True,True,False,True,False,True,80.0,0.8818019625334522,0.45,0.8818019625334522,1,0.66425,0.6906,0.6300553363269152,0.3569452936282813,0.6968639600727682,True,True,True,False,2.0
LENOVO Legion Pro 7 16iax10hx 83f5008vvn,Lenovo,Intel,Core Ultra 9,275.0,5.4,32.0,DDR5,6400.0,1024.0,16.0,2560 x 1600,240.0,NVIDIA,2.57,4C 80Wh,81990000.0,data/anphat/detail_htmls\lenovo_46_specs.html,RTX 5070,DISCRETE_GAMING,False,1.0,1.0,0.9542536115569824,0.0401284109149278,0.8487158908507223,0.5277777777777778,81.99,0.977,0.04,True,True,True,False,True,False,True,80.0,0.8818019625334522,0.45,0.8818019625334522,1,0.66425,0.6906,0.6300553363269152,0.3569452936282813,0.6968639600727682,True,True,True,False,2.0
LENOVO Thinkpad L14 Gen 6 21s60025va,Lenovo,Intel,Core Ultra 7,255.0,5.1,16.0,DDR5,5600.0,512.0,14.0,1920 x 1200,60.0,Intel,1.38,3 cell /46.5Wh,29990000.0,data/anphat/detail_htmls\lenovo_47_specs.html,INTEL_GRAPHICS,INTEGRATED,False,0.8,0.8,0.8743980738362761,0.8358747993579454,0.2114767255216693,0.1666666666666666,29.99,0.837,0.836,True,True,True,True,False,True,False,46.5,0.16369313113291703,0.45,0.16369313113291703,1,0.5992500000000001,0.6186,0.7019448060018643,0.5911409105032626,0.7270533448014915,False,True,True,False,2.0
LENOVO Ideapad Slim 3 15irh10 83k1000gvn,Lenovo,Intel,Core i5,13420.0,4.6,8.0,DDR5,4800.0,512.0,15.3,1920 x 1200,60.0,Intel,1.63,60Wh,17490000.0,data/anphat/detail_htmls\lenovo_48_specs.html,INTEL_UHD,INTEGRATED,False,0.6,0.8,0.4534510433386838,0.5638041733547352,0.4297752808988764,0.0798611111111111,17.49,0.567,0.564,True,True,True,False,False,False,False,60.0,0.5709188224799286,0.45,0.5709188224799286,1,0.50175,0.5075999999999999,0.5666652251701431,0.5675784096978307,0.5669650332661305,False,False,False,False,13.0
LENOVO Thinkpad X13 Gen 6 21rk00amva,Lenovo,Intel,Core Ultra 7,255.0,5.1,32.0,LPDDR5X,8400.0,512.0,13.3,1920 x 1200,,Intel,0.927,"3 Cell, 41Wh",38990000.0,data/anphat/detail_htmls\lenovo_49_specs.html,INTEL_GRAPHICS,INTEGRATED,False,1.0,0.8,0.8743980738362761,0.9963884430176565,0.0176565008025682,0.2291666666666666,38.99,0.897,0.996,True,True,True,True,False,True,False,41.0,0.05798394290811775,0.45,0.05798394290811775,1,0.64425,0.6666000000000001,0.7639827436378033,0.665137879215273,0.790769810480066,True,True,True,False,2.0
LENOVO Thinkpad T16 Gen 4 21qe0000va,Lenovo,Intel,Core Ultra 5,225.0,4.9,8.0,DDR5,5600.0,512.0,16.0,1920 x 1200,,Intel,1.76,52.5Wh,31500000.0,data/anphat/detail_htmls\lenovo_51_specs.html,INTEL_GRAPHICS,INTEGRATED,False,0.6,0.8,0.7391653290529695,0.3892455858747994,0.8487158908507223,0.1771527777777777,31.5,0.71,0.389,True,True,True,False,False,False,True,52.5,0.3073148974130241,0.45,0.3073148974130241,1,0.5375,0.5505,0.5171989345387846,0.3129775495680737,0.5438350304560678,False,False,False,False,2.0
LENOVO Thinkbook 14 G8 Irl 21sg007mva,Lenovo,Intel,Core 5,210.0,4.8,16.0,DDR5,5600.0,512.0,14.0,1920 x 1200,60.0,Intel,1.36,45Wh,19790000.0,data/anphat/detail_htmls\lenovo_50_specs.html,INTEL_GRAPHICS,INTEGRATED,False,0.8,0.8,0.6460674157303371,0.851123595505618,0.2114767255216693,0.0958333333333333,19.79,0.723,0.851,True,True,True,True,False,True,False,45.0,0.15388046387154328,0.45,0.15388046387154328,1,0.57075,0.5844,0.654019351201275,0.5945684352282344,0.6662723950862206,False,False,True,False,1.0
LENOVO Thinkpad P16v Gen 2 T 21kx0039va,Lenovo,Intel,Core Ultra 7,155.0,4.8,32.0,DDR5,5600.0,1024.0,16.0,1920 x 1200,,NVIDIA,2.22,90Wh,59990000.0,data/anphat/detail_htmls\lenovo_52_specs.html,RTX 1000,DISCRETE_GAMING,False,1.0,1.0,0.6460674157303371,0.1645264847512039,0.8487158908507223,0.375,59.99,0.823,0.165,True,True,True,False,False,False,True,90.0,0.9402319357716324,0.45,0.9402319357716324,1,0.62575,0.6444,0.6159806568172479,0.43337491748796864,0.6519162790653552,True,True,True,False,1.0
LENOVO Thinkpad P14s Gen 5 T 21g20053va,Lenovo,Intel,Core Ultra 7,155.0,4.8,32.0,DDR5,5600.0,512.0,14.5,1920 x 1200,60.0,NVIDIA,1.61,75Wh,45100000.0,data/anphat/detail_htmls\lenovo_53_specs.html,RTX 500,DISCRETE_GAMING,False,1.0,0.8,0.6460674157303371,0.5947030497592296,0.3936597110754414,0.2715972222222222,45.1,0.783,0.595,True,True,True,False,False,False,False,75.0,0.7979482604817127,0.45,0.7979482604817127,1,0.61575,0.6324000000000001,0.7200857195120729,0.6681663213451645,0.7317218380494658,True,True,True,False,1.0
LENOVO Thinkpad E16 Gen 3 21sr002gva,Lenovo,Intel,Core Ultra 5,225.0,4.9,16.0,DDR5,5600.0,512.0,16.0,1920 x 1200,60.0,Intel,1.63,3 cell /48Wh,26090000.0,data/anphat/detail_htmls\lenovo_58_specs.html,INTEL_GRAPHICS,INTEGRATED,False,0.8,0.8,0.7391653290529695,0.5638041733547352,0.8487158908507223,0.1395833333333333,26.09,0.77,0.564,True,True,True,False,False,False,True,48.0,0.2149866190900981,0.45,0.2149866190900981,1,0.5825,0.5985,0.5868287844921769,0.35921401652102075,0.6054157563256837,False,False,False,False,2.0
LENOVO Thinkpad E16 Gen 3 21sr002mva,Lenovo,Intel,Core Ultra 7,255.0,5.1,16.0,DDR5,5600.0,1024.0,16.0,1920 x 1200,60.0,Intel,1.63,3Cell,28990000.0,data/anphat/detail_htmls\lenovo_57_specs.html,INTEL_GRAPHICS,INTEGRATED,False,0.8,1.0,0.8743980738362761,0.5638041733547352,0.8487158908507223,0.1597222222222222,28.99,0.877,0.564,True,True,True,False,False,False,True,,,0.45,,0,0.6092500000000001,0.6306,0.6919814606741573,0.4589686998394864,0.7101353972712682,True,True,True,False,2.0
LENOVO Thinkpad E16 Gen 3 21sr002lva,Lenovo,Intel,Core Ultra 7,255.0,5.1,16.0,DDR5,5600.0,512.0,16.0,1920 x 1200,60.0,Intel,1.63,3C 48Wh,32690000.0,data/anphat/detail_htmls\lenovo_59_specs.html,INTEL_GRAPHICS,INTEGRATED,False,0.8,0.8,0.8743980738362761,0.5638041733547352,0.8487158908507223,0.1854166666666666,32.69,0.837,0.564,True,True,True,False,False,False,True,48.0,0.2149866190900981,0.45,0.2149866190900981,1,0.5992500000000001,0.6186,0.616978784492177,0.35921401652102075,0.6424332563256837,False,True,True,False,2.0
LENOVO Thinkpad E14 Gen 7 21sx0031vn,Lenovo,Intel,Core Ultra 7,255.0,5.1,32.0,DDR5,5600.0,512.0,14.0,1920 x 1200,60.0,Intel,1.34,3 cell /48Wh,31590000.0,data/anphat/detail_htmls\lenovo_60_specs.html,INTEL_GRAPHICS,INTEGRATED,False,1.0,0.8,0.8743980738362761,0.8663723916532905,0.2114767255216693,0.1777777777777777,31.59,0.897,0.866,True,True,True,True,False,True,False,48.0,0.2149866190900981,0.45,0.2149866190900981,1,0.64425,0.6666000000000001,0.7498776608966713,0.6228175478211813,0.7759584569677384,True,True,True,False,2.0
LENOVO Thinkpad E14 Gen 7 21t90022va,Lenovo,Intel,Core 7,240.0,5.2,16.0,DDR5,5600.0,1024.0,14.0,1920 x 1200,60.0,Intel,1.34,"3 cell, 48WH",26090000.0,data/anphat/detail_htmls\lenovo_61_specs.html,INTEL_GRAPHICS,INTEGRATED,False,0.8,1.0,0.914526484751204,0.8663723916532905,0.2114767255216693,0.1395833333333333,26.09,0.897,0.866,True,True,True,True,False,True,False,48.0,0.2149866190900981,0.45,0.2149866190900981,1,0.61425,0.6366,0.7498776608966713,0.6228175478211813,0.7759584569677384,True,True,True,False,1.0
LENOVO Thinkpad E14 Gen 7 21sx002sva,Lenovo,Intel,Core Ultra 7,255.0,5.1,16.0,DDR5,5600.0,512.0,14.0,1920 x 1200,60.0,Intel,1.34,3 cell /48Wh,28490000.0,data/anphat/detail_htmls\lenovo_62_specs.html,INTEL_GRAPHICS,INTEGRATED,False,0.8,0.8,0.8743980738362761,0.8663723916532905,0.2114767255216693,0.15625,28.49,0.837,0.866,True,True,True,True,False,True,False,48.0,0.2149866190900981,0.45,0.2149866190900981,1,0.5992500000000001,0.6186,0.7228776608966714,0.6228175478211813,0.7428084569677383,False,True,True,False,2.0
LENOVO Thinkpad L16 Gen 2 21sa000lva,Lenovo,Intel,Core Ultra 7,255.0,5.1,32.0,DDR5,5600.0,1024.0,16.0,1920 x 1200,60.0,Intel,1.79,"3 cell, 46.5Wh",32990000.0,data/anphat/detail_htmls\lenovo_63_specs.html,INTEL_GRAPHICS,INTEGRATED,False,1.0,1.0,0.8743980738362761,0.3743980738362761,0.8487158908507223,0.1875,32.99,0.937,0.374,True,True,True,False,False,False,True,46.5,0.16369313113291703,0.45,0.16369313113291703,1,0.6542500000000001,0.6786000000000001,0.58542795206928,0.2560285509527008,0.6425982886217161,True,True,False,False,2.0
LENOVO Yoga Slim 7 14akp10 83jy006pvn,Lenovo,AMD,Ryzen AI 7,350.0,5.0,32.0,LPDDR5,6400.0,1024.0,14.0,2880 x 1800,120.0,AMD,1.19,4C 70Wh,34990000.0,data/anphat/detail_htmls\lenovo_65_specs.html,AMD_RADEON_GRAPHICS,INTEGRATED,False,1.0,1.0,0.8138041733547352,0.9602728731942215,0.2114767255216693,0.2013888888888889,34.99,0.907,0.96,True,True,True,True,False,True,False,70.0,0.6882247992863515,0.5,0.6882247992863515,1,0.6767500000000001,0.6971,0.8818904654752479,0.8307061275832888,0.8804419349805194,True,True,True,True,3.0
LENOVO Yoga Pro 7 14iah10 83kf002bvn,Lenovo,Intel,Core Ultra 9,285.0,5.4,32.0,LPDDR5X,8533.0,1024.0,14.5,3000 x 1876,120.0,Intel,1.54,84Wh,39590000.0,data/anphat/detail_htmls\lenovo_64_specs.html,INTEL_GRAPHICS,INTEGRATED,False,1.0,1.0,0.9542536115569824,0.6520866773675762,0.3936597110754414,0.2333333333333333,39.59,0.977,0.652,True,True,True,True,False,False,False,84.0,0.9009812667261374,0.45,0.9009812667261374,1,0.66425,0.6906,0.8480765904238792,0.7300505059544691,0.8695945668816395,True,True,True,False,2.0
LENOVO Thinkpad X13 Gen 6 21rk00alva,Lenovo,Intel,Core Ultra 5,225.0,4.9,32.0,LPDDR5X,8400.0,512.0,13.3,1920 x 1200,,Intel,0.927,"3 Cell, 41Wh",33700000.0,data/anphat/detail_htmls\lenovo_66_specs.html,INTEL_GRAPHICS,INTEGRATED,False,1.0,0.8,0.7391653290529695,0.9963884430176565,0.0176565008025682,0.1924305555555555,33.7,0.83,0.996,True,True,True,True,False,True,False,41.0,0.05798394290811775,0.45,0.05798394290811775,1,0.6275000000000001,0.6465,0.7338327436378034,0.665137879215273,0.7537523104800661,True,True,True,False,2.0
LENOVO Yoga Slim 7 14imh9 83cv00ahvn,Lenovo,Intel,Core Ultra 5,125.0,4.5,16.0,LPDDR5X,,1024.0,14.0,1920 x 1200,60.0,Intel,1.39,"4 cell, 65WH",25990000.0,data/anphat/detail_htmls\lenovo_68_specs.html,INTEL_GRAPHICS,INTEGRATED,False,0.8,1.0,0.3029695024077046,0.819422150882825,0.2114767255216693,0.1388888888888889,25.99,0.591,0.819,True,True,True,True,False,True,False,65.0,0.6418376449598573,0.45,0.6418376449598573,1,0.53775,0.5448,0.6811152818009603,0.7510877985288875,0.6635694365162097,False,False,True,True,1.0
LENOVO Yoga Slim 7 14imh9 83cv00ajvn,Lenovo,Intel,Core Ultra 7,155.0,4.8,32.0,LPDDR5X,7467.0,1024.0,14.0,1920 x 1200,60.0,Intel,1.39,"4 cell, 65WH",29990000.0,data/anphat/detail_htmls\lenovo_69_specs.html,INTEL_GRAPHICS,INTEGRATED,False,1.0,1.0,0.6460674157303371,0.819422150882825,0.2114767255216693,0.1666666666666666,29.99,0.823,0.819,True,True,True,True,False,True,False,65.0,0.6418376449598573,0.45,0.6418376449598573,1,0.62575,0.6444,0.7855152818009602,0.7510877985288875,0.7917494365162097,True,True,True,True,1.0
LENOVO Legion Pro 5 16iax10 83f3003vvn,Lenovo,Intel,Core Ultra 9,275.0,5.4,32.0,DDR5,5600.0,1024.0,16.0,2560 x 1600,165.0,NVIDIA,2.43,80Wh,53490000.0,data/anphat/detail_htmls\lenovo_70_specs.html,RTX 5060,DISCRETE_GAMING,False,1.0,1.0,0.9542536115569824,0.069422150882825,0.8487158908507223,0.3298611111111111,53.49,0.977,0.069,True,True,True,False,True,False,True,80.0,0.8818019625334522,0.45,0.8818019625334522,1,0.66425,0.6906,0.6403081453156791,0.37012747661383505,0.7041141607148227,True,True,True,False,2.0
LENOVO Ideapad Slim 3 16irh10 83k20002vn,Lenovo,Intel,Core i5,13420.0,4.6,8.0,DDR5,4800.0,512.0,16.0,1920 x 1200,60.0,Intel,1.73,60Wh,16490000.0,data/anphat/detail_htmls\lenovo_71_specs.html,INTEL_UHD,INTEGRATED,False,0.6,0.8,0.4534510433386838,0.4149277688603531,0.8487158908507223,0.0729166666666666,16.49,0.567,0.415,True,True,True,False,False,False,True,60.0,0.5709188224799286,0.45,0.5709188224799286,1,0.50175,0.5075999999999999,0.5145584835971093,0.4167959056849895,0.5133604987556971,False,False,False,False,13.0
LENOVO Legion Gaming 5 15irx10 83ly00hwvn,Lenovo,Intel,Core i7,14700.0,5.5,16.0,DDR5,5600.0,512.0,15.1,2560 x 1600,165.0,NVIDIA,1.9,80WHr,43990000.0,data/anphat/detail_htmls\lenovo_72_specs.html,RTX 5060,DISCRETE_GAMING,False,0.8,0.8,0.9787319422150884,0.2985553772070626,0.4097110754414125,0.2638888888888889,43.99,0.889,0.299,True,True,True,False,False,False,False,80.0,0.8818019625334522,0.45,0.8818019625334522,1,0.61225,0.6342,0.6809047745291624,0.561038391541604,0.7297648268464438,True,True,True,False,14.0
LENOVO Thinkpad X13 Gen 6 21rk00avvn,Lenovo,Intel,Core Ultra 7,255.0,5.1,32.0,LPDDR5X,8400.0,1024.0,13.3,1920 x 1200,,Intel,0.927,3C 41Wh,45990000.0,data/anphat/detail_htmls\lenovo_73_specs.html,INTEL_GRAPHICS,INTEGRATED,False,1.0,1.0,0.8743980738362761,0.9963884430176565,0.0176565008025682,0.2777777777777778,45.99,0.937,0.996,True,True,True,True,False,True,False,41.0,0.05798394290811775,0.45,0.05798394290811775,1,0.6542500000000001,0.6786000000000001,0.7819827436378033,0.665137879215273,0.812869810480066,True,True,True,False,2.0
LENOVO Ideapad Slim 5 14irh10r 83j0006evn,Lenovo,Intel,Core 5,210.0,8.0,16.0,DDR5,5600.0,512.0,14.0,1920 x 1200,,Intel,1.39,3C 60Wh,23990000.0,data/anphat/detail_htmls\lenovo_74_specs.html,INTEL_GRAPHICS,INTEGRATED,False,0.8,0.8,0.9947833065810594,0.819422150882825,0.2114767255216693,0.125,23.99,0.897,0.819,True,True,True,True,False,True,False,60.0,0.5709188224799286,0.45,0.5709188224799286,1,0.61425,0.6366,0.8046315173049745,0.7262662106609123,0.821287424919421,True,True,True,False,1.0
LENOVO Ideapad Slim 5 14irh10r 83j0006cvn,Lenovo,Intel,Core 5,210.0,8.0,32.0,DDR5,5600.0,1024.0,14.0,1920 x 1200,,Intel,1.39,3C 60Wh,25990000.0,data/anphat/detail_htmls\lenovo_75_specs.html,INTEL_GRAPHICS,INTEGRATED,False,1.0,1.0,0.9947833065810594,0.819422150882825,0.2114767255216693,0.1388888888888889,25.99,0.997,0.819,True,True,True,True,False,True,False,60.0,0.5709188224799286,0.45,0.5709188224799286,1,0.66925,0.6966,0.8496315173049744,0.7262662106609123,0.876537424919421,True,True,True,False,1.0
LENOVO Ideapad Slim 3 14irh10 83k0000bvn,Lenovo,Intel,Core i5,13420.0,4.6,16.0,DDR5,4800.0,512.0,14.0,1920 x 1200,,Intel,1.33,60Wh,18990000.0,data/anphat/detail_htmls\lenovo_76_specs.html,INTEL_UHD,INTEGRATED,False,0.8,0.8,0.4534510433386838,0.8739967897271268,0.2114767255216693,0.0902777777777777,18.99,0.627,0.874,True,True,True,True,False,True,False,60.0,0.5709188224799286,0.45,0.5709188224799286,1,0.5467500000000001,0.5556,0.7022326409004802,0.7508247981408482,0.6856196480333857,False,False,True,False,13.0
LENOVO Ideapad Slim 3 15irh10 83k1002pvn,Lenovo,Intel,Core i5,13420.0,4.6,8.0,DDR5,4800.0,512.0,15.1,2560 x 1600,165.0,Intel,1.49,60Wh,20990000.0,data/anphat/detail_htmls\lenovo_77_specs.html,INTEL_UHD,INTEGRATED,False,0.6,0.8,0.4534510433386838,0.7150882825040128,0.4097110754414125,0.1041666666666666,20.99,0.567,0.715,True,True,True,True,False,False,False,60.0,0.5709188224799286,0.45,0.5709188224799286,1,0.50175,0.5075999999999999,0.6196146633723902,0.6396690999064982,0.6052104184988752,False,False,True,False,13.0
LENOVO Loq 15irx10 83je006pvn,Lenovo,Intel,Core i7,13650.0,4.9,24.0,DDR5,4800.0,512.0,15.6,1920 x 1080,144.0,NVIDIA,2.4,4C 60Wh,31990000.0,data/anphat/detail_htmls\lenovo_78_specs.html,RTX 5050,DISCRETE_GAMING,False,0.8,0.8,0.7391653290529695,0.0830658105939005,0.5842696629213483,0.1805555555555555,31.99,0.77,0.083,True,True,True,False,True,False,True,60.0,0.5709188224799286,0.45,0.5709188224799286,1,0.5825,0.5985,0.48975679820385093,0.3203472700509606,0.553960013201925,False,False,False,False,13.0
LENOVO Legion 5 15iax10 83f0003cvn,Lenovo,Intel,Core Ultra 7,255.0,5.2,32.0,DDR5,5600.0,1024.0,15.1,2560 x 1600,165.0,NVIDIA,1.9,80WHr,47999000.0,data/anphat/detail_htmls\lenovo_79_specs.html,RTX 5060,DISCRETE_GAMING,False,1.0,1.0,0.914526484751204,0.2985553772070626,0.4097110754414125,0.2917291666666666,48.0,0.957,0.299,True,True,True,False,False,False,False,80.0,0.8818019625334522,0.45,0.8818019625334522,1,0.65925,0.6846,0.7115047745291624,0.561038391541604,0.7673348268464438,True,True,True,False,2.0
LENOVO Loq 15irx9 83dv01alvn,Lenovo,Intel,Core i7,13650.0,4.9,16.0,DDR5,4800.0,512.0,15.6,1920 x 1080,144.0,NVIDIA,2.38,60Wh,30999000.0,data/anphat/detail_htmls\lenovo_80_specs.html,RTX 4050,DISCRETE_GAMING,False,0.8,0.8,0.7391653290529695,0.1007223113964687,0.5842696629213483,0.1736736111111111,31.0,0.77,0.101,True,True,True,False,True,False,True,60.0,0.5709188224799286,1.0,0.5709188224799286,1,0.9125,0.901,0.4959365734847498,0.32829269541211625,0.5583299971505606,True,True,False,False,13.0
LENOVO Legion 5 15iax10 83f0003bvn,Lenovo,Intel,Core Ultra 7,255.0,5.2,32.0,DDR5,5600.0,1024.0,15.1,2560 x 1600,165.0,NVIDIA,1.9,80WHr,54190000.0,data/anphat/detail_htmls\lenovo_82_specs.html,RTX 5070,DISCRETE_GAMING,False,1.0,1.0,0.914526484751204,0.2985553772070626,0.4097110754414125,0.3347222222222222,54.19,0.957,0.299,True,True,True,False,False,False,False,80.0,0.8818019625334522,0.45,0.8818019625334522,1,0.65925,0.6846,0.7115047745291624,0.561038391541604,0.7673348268464438,True,True,True,False,2.0
LENOVO Legion 5 15irx10 83ly00a7vn,Lenovo,Intel,Core i7,14700.0,5.5,16.0,DDR5,4800.0,512.0,15.1,2560 x 1600,165.0,NVIDIA,1.9,80WHr,38990000.0,data/anphat/detail_htmls\lenovo_83_specs.html,RTX 5050,DISCRETE_GAMING,False,0.8,0.8,0.9787319422150884,0.2985553772070626,0.4097110754414125,0.2291666666666666,38.99,0.889,0.299,True,True,True,False,False,False,False,80.0,0.8818019625334522,0.45,0.8818019625334522,1,0.61225,0.6342,0.6809047745291624,0.561038391541604,0.7297648268464438,True,True,True,False,14.0
LENOVO Legion 5 15ahp10 Oled 83m00030vn,Lenovo,AMD,Ryzen 7,260.0,5.1,24.0,DDR5,4800.0,1024.0,15.1,2560 x 1600,165.0,NVIDIA,1.9,4-cell 80Wh,42990000.0,data/anphat/detail_htmls\lenovo_85_specs.html,RTX 5060,DISCRETE_GAMING,False,0.8,1.0,0.8743980738362761,0.2985553772070626,0.4097110754414125,0.2569444444444444,42.99,0.877,0.299,True,True,True,False,False,False,False,80.0,0.8818019625334522,0.45,0.8818019625334522,1,0.6092500000000001,0.6306,0.6755047745291624,0.561038391541604,0.7231348268464439,True,True,True,False,
LENOVO Thinkpad E14 Gen 7 21t9001yva,Lenovo,Intel,Core 5,210.0,4.8,16.0,DDR5,5600.0,512.0,14.0,1920 x 1200,60.0,Intel,1.34,"3 cell, 48WH",21999000.0,data/anphat/detail_htmls\lenovo_86_specs.html,INTEL_GRAPHICS,INTEGRATED,False,0.8,0.8,0.6460674157303371,0.8663723916532905,0.2114767255216693,0.1111736111111111,22.0,0.723,0.866,True,True,True,True,False,True,False,48.0,0.2149866190900981,0.45,0.2149866190900981,1,0.57075,0.5844,0.6715776608966713,0.6228175478211813,0.6798234569677383,False,False,True,False,1.0
LENOVO Ideapad Slim 3 16irh10 83k20001vn,Lenovo,Intel,Core i7,13620.0,4.9,8.0,DDR5,4800.0,512.0,16.0,1920 x 1200,60.0,Intel,1.73,60Wh,19490000.0,data/anphat/detail_htmls\lenovo_88_specs.html,INTEL_UHD,INTEGRATED,False,0.6,0.8,0.7391653290529695,0.4149277688603531,0.8487158908507223,0.09375,19.49,0.71,0.415,True,True,True,False,False,False,True,60.0,0.5709188224799286,0.45,0.5709188224799286,1,0.5375,0.5505,0.5789084835971093,0.4167959056849895,0.5923679987556971,False,False,False,False,13.0
LENOVO Thinkpad X9 15 Gen 1 21q60052vn,Lenovo,Intel,Core Ultra 5,228.0,4.5,32.0,LPDDR5X,8533.0,1024.0,15.3,2880 x 1800,120.0,Intel,1.4,80Wh,49490000.0,data/anphat/detail_htmls\lenovo_91_specs.html,INTEL_GRAPHICS,INTEGRATED,False,1.0,1.0,0.3029695024077046,0.7885232744783306,0.4297752808988764,0.3020833333333333,49.49,0.651,0.789,True,True,True,True,False,False,False,80.0,0.8818019625334522,0.45,0.8818019625334522,1,0.58275,0.5928,0.7452935385741062,0.7775111042221818,0.7187343132027841,False,False,True,True,2.0
LENOVO Legion 5 16irx9 83f0003cvn,Lenovo,Intel,Core Ultra 7,255.0,5.2,32.0,DDR5,5600.0,1024.0,16.0,2560 x 1600,165.0,NVIDIA,1.66,80WHr,49190000.0,data/anphat/detail_htmls\lenovo_93_specs.html,RTX 5060,DISCRETE_GAMING,False,1.0,1.0,0.914526484751204,0.507223113964687,0.8487158908507223,0.3,49.19,0.957,0.507,True,True,True,False,False,False,True,80.0,0.8818019625334522,0.45,0.8818019625334522,1,0.65925,0.6846,0.7845384823943309,0.5671379100006729,0.8014198990775835,True,True,True,False,2.0
LENOVO Yoga 7 2 In 1 14iml9 83dj00h8vn,Lenovo,Intel,Core Ultra 5,125.0,4.5,16.0,LPDDR5X,7467.0,1024.0,14.0,1920 x 1200,60.0,Intel,1.49,71Wh,27990000.0,data/anphat/detail_htmls\lenovo_94_specs.html,INTEL_GRAPHICS,INTEGRATED,False,0.8,1.0,0.3029695024077046,0.7150882825040128,0.2114767255216693,0.1527777777777778,27.99,0.591,0.715,True,True,True,True,False,True,False,71.0,0.719892952720785,0.45,0.719892952720785,1,0.53775,0.5448,0.6602094894205615,0.7314569154747468,0.6502356533342021,False,False,True,True,1.0
LENOVO Thinkpad X1 Carbon Gen 13 21nx003avn,Lenovo,Intel,Core Ultra 7,255.0,5.1,32.0,LPDDR5X,8400.0,1024.0,14.0,1920 x 1200,60.0,Intel,1.006,3C57Wh,58990000.0,data/anphat/detail_htmls\lenovo_92_specs.html,INTEL_GRAPHICS,INTEGRATED,False,1.0,1.0,0.8743980738362761,0.978330658105939,0.2114767255216693,0.3680555555555556,58.99,0.937,0.978,True,True,True,True,False,True,False,57.0,0.4683318465655665,0.45,0.4683318465655665,1,0.6542500000000001,0.6786000000000001,0.8577320996501919,0.761869597341287,0.8663033643108438,True,True,True,False,2.0
LENOVO Yoga 7 2 In 1 14iml9 83dj00h9vn,Lenovo,Intel,Core Ultra 7,155.0,4.8,32.0,LPDDR5X,7467.0,1024.0,14.0,2880 x 1800,120.0,Intel,1.49,71Wh,33990000.0,data/anphat/detail_htmls\lenovo_95_specs.html,INTEL_GRAPHICS,INTEGRATED,False,1.0,1.0,0.6460674157303371,0.7150882825040128,0.2114767255216693,0.1944444444444444,33.99,0.823,0.715,True,True,True,True,False,True,False,71.0,0.719892952720785,0.45,0.719892952720785,1,0.62575,0.6444,0.7646094894205615,0.7314569154747468,0.778415653334202,True,True,True,True,1.0
LENOVO Thinkpad P16s Gen3 T 21ks0038va,Lenovo,Intel,Core Ultra 5,125.0,4.5,32.0,DDR5,5600.0,1024.0,16.0,1920 x 1200,,NVIDIA,1.82,75Wh,41850000.0,data/anphat/detail_htmls\lenovo_97_specs.html,RTX 500,DISCRETE_GAMING,False,1.0,1.0,0.3029695024077046,0.3370786516853933,0.8487158908507223,0.2490277777777777,41.85,0.651,0.337,True,True,True,False,False,False,True,75.0,0.7979482604817127,0.45,0.7979482604817127,1,0.58275,0.5928,0.5705171801862303,0.461224106256882,0.57682755233518,False,False,False,False,1.0
LENOVO Ideapad Slim 3 14irh10 83k00009vn,Lenovo,Intel,Core i7,13620.0,4.9,8.0,DDR5,4800.0,512.0,14.0,1920 x 1200,,Intel,1.43,60Wh,19990000.0,data/anphat/detail_htmls\lenovo_98_specs.html,INTEL_UHD,INTEGRATED,False,0.6,0.8,0.7391653290529695,0.752808988764045,0.2114767255216693,0.0972222222222222,19.99,0.71,0.753,True,True,True,True,False,True,False,60.0,0.5709188224799286,0.45,0.5709188224799286,1,0.5375,0.5505,0.6971669105634015,0.6962902877074615,0.701483167295023,False,False,True,False,13.0
LENOVO Ideapad Slim 3 15irh10 83k1000jvn,Lenovo,Intel,Core i7,13620.0,4.9,8.0,DDR5,4800.0,512.0,15.3,1920 x 1200,60.0,Intel,1.63,60Wh,19290000.0,data/anphat/detail_htmls\lenovo_99_specs.html,INTEL_UHD,INTEGRATED,False,0.6,0.8,0.7391653290529695,0.5638041733547352,0.4297752808988764,0.0923611111111111,19.29,0.71,0.564,True,True,True,False,False,False,False,60.0,0.5709188224799286,0.45,0.5709188224799286,1,0.5375,0.5505,0.6310152251701431,0.5675784096978307,0.6459725332661306,False,False,True,False,13.0
LENOVO Legion 5 15irx10 83ly004jvn,Lenovo,Intel,Core i7,14700.0,5.5,24.0,DDR5,4800.0,1024.0,15.1,2560 x 1600,165.0,NVIDIA,1.9,80WHr,44990000.0,data/anphat/detail_htmls\lenovo_96_specs.html,RTX 5060,DISCRETE_GAMING,False,0.8,1.0,0.9787319422150884,0.2985553772070626,0.4097110754414125,0.2708333333333333,44.99,0.929,0.299,True,True,True,False,False,False,False,80.0,0.8818019625334522,0.45,0.8818019625334522,1,0.6222500000000001,0.6462,0.6989047745291624,0.561038391541604,0.7518648268464438,True,True,True,False,14.0
LENOVO Yoga Slim 9 14ill10 83cx001avn,Lenovo,Intel,Core Ultra 7,258.0,4.8,32.0,LPDDR5X,8533.0,1024.0,14.0,3840 x 2400,120.0,Intel,1.23,75Wh,56990000.0,data/anphat/detail_htmls\lenovo_101_specs.html,INTEL_GRAPHICS,INTEGRATED,False,1.0,1.0,0.6460674157303371,0.9329855537720706,0.2114767255216693,0.3541666666666667,56.99,0.823,0.933,True,True,True,True,False,True,False,75.0,0.7979482604817127,0.45,0.7979482604817127,1,0.62575,0.6444,0.8564845959165673,0.8568300452616975,0.8448340772147949,True,True,True,True,2.0
LENOVO Yoga Slim 7 15ill9 83hm000gvn,Lenovo,Intel,Core Ultra 7,258.0,4.8,32.0,LPDDR5X,8533.0,1024.0,15.3,2880 x 1800,120.0,Intel,1.53,70Wh,42990000.0,data/anphat/detail_htmls\lenovo_100_specs.html,INTEL_GRAPHICS,INTEGRATED,False,1.0,1.0,0.6460674157303371,0.656099518459069,0.4297752808988764,0.2569444444444444,42.99,0.823,0.656,True,True,True,True,False,False,False,70.0,0.6882247992863515,0.45,0.6882247992863515,1,0.62575,0.6444,0.7376297913179445,0.6501684068770288,0.7500170874684808,True,True,True,False,2.0
LENOVO Thinkpad E16 Gen 3 21sr002jva,Lenovo,Intel,Core Ultra 5,225.0,4.8,16.0,DDR5,5600.0,512.0,16.0,1920 x 1200,60.0,Intel,1.63,3 cell /47Wh,23999000.0,data/anphat/detail_htmls\lenovo_103_specs.html,INTEL_GRAPHICS,INTEGRATED,False,0.8,0.8,0.6460674157303371,0.5638041733547352,0.8487158908507223,0.1250625,24.0,0.723,0.564,True,True,True,False,False,False,True,47.0,0.18688670829616413,0.45,0.18688670829616413,1,0.57075,0.5844,0.56005880233339,0.3493790477431439,0.5749522705986544,False,False,False,False,2.0
LENOVO Thinkpad X1 Carbon Gen 12 21kc009mvn,Lenovo,Intel,Core Ultra 5,125.0,4.5,32.0,LPDDR5X,6400.0,512.0,14.0,1920 x 1200,60.0,Intel,1.09,57Wh,50890000.0,data/anphat/detail_htmls\lenovo_104_specs.html,INTEL_GRAPHICS,INTEGRATED,False,1.0,0.8,0.3029695024077046,0.9735152487961477,0.2114767255216693,0.3118055555555555,50.89,0.611,0.974,True,True,True,True,False,True,False,57.0,0.4683318465655665,0.45,0.4683318465655665,1,0.57275,0.5808,0.709346706391765,0.7597026631518808,0.6849965505066704,False,False,True,False,1.0
LENOVO Thinkpad P16s Gen3 T 21ks0033va,Lenovo,Intel,Core Ultra 7,155.0,4.8,32.0,DDR5,5600.0,1024.0,16.0,1920 x 1200,,NVIDIA,1.82,75Wh,46920000.0,data/anphat/detail_htmls\lenovo_105_specs.html,RTX 500,DISCRETE_GAMING,False,1.0,1.0,0.6460674157303371,0.3370786516853933,0.8487158908507223,0.2842361111111111,46.92,0.823,0.337,True,True,True,False,False,False,True,75.0,0.7979482604817127,0.45,0.7979482604817127,1,0.62575,0.6444,0.6479171801862302,0.461224106256882,0.67185755233518,True,True,True,False,1.0
LENOVO Thinkpad T14s Gen 5 21ls005vva,Lenovo,Intel,Core Ultra 5,125.0,4.3,16.0,LPDDR5X,7467.0,512.0,14.0,1920 x 1200,,Intel,1.24,3 cell /58Wh,31290000.0,data/anphat/detail_htmls\lenovo_106_specs.html,INTEL_GRAPHICS,INTEGRATED,False,0.8,0.8,0.2146869983948635,0.9249598715890851,0.2114767255216693,0.1756944444444444,31.29,0.507,0.925,True,True,True,True,False,True,False,58.0,0.5156110615521855,0.45,0.5156110615521855,1,0.51675,0.5196000000000001,0.6550081673666168,0.7544004686540193,0.6230837690457814,False,False,True,False,1.0
LENOVO Thinkpad E14 Gen 6 21m7004xva,Lenovo,Intel,Core Ultra 7,155.0,4.8,16.0,DDR5,5600.0,1024.0,14.0,1920 x 1200,,Intel,1.44,3 cell /47Wh,28990000.0,data/anphat/detail_htmls\lenovo_107_specs.html,INTEL_GRAPHICS,INTEGRATED,False,0.8,1.0,0.6460674157303371,0.742776886035313,0.2114767255216693,0.1597222222222222,28.99,0.763,0.743,True,True,True,True,False,True,False,47.0,0.18688670829616413,0.45,0.18688670829616413,1,0.58075,0.5964,0.6406992517715923,0.5573646015152145,0.6668375836002594,False,False,True,False,1.0
LENOVO Thinkpad X9 14 Gen 1 21qa006kvn,Lenovo,Intel,Core Ultra 7,258.0,4.8,32.0,LPDDR5X,8533.0,1024.0,14.0,1920 x 1200,60.0,Intel,1.21,55Wh,52999000.0,data/anphat/detail_htmls\lenovo_109_specs.html,INTEL_GRAPHICS,INTEGRATED,False,1.0,1.0,0.6460674157303371,0.9402086677367576,0.2114767255216693,0.3264513888888889,53.0,0.823,0.94,True,True,True,True,False,True,False,55.0,0.3862622658340767,0.45,0.3862622658340767,1,0.62575,0.6444,0.7766754868746804,0.7159903484191339,0.7807520387774328,True,True,True,False,2.0
LENOVO V14 G4 Iru 83a000bgvn,Lenovo,Intel,Core i5,13420.0,4.6,8.0,DDR4,3200.0,512.0,14.0,1920 x 1080,,Intel,1.43,38Wh,14990000.0,data/anphat/detail_htmls\lenovo_108_specs.html,INTEL_UHD,INTEGRATED,False,0.6,0.8,0.4534510433386838,0.752808988764045,0.2114767255216693,0.0625,14.99,0.567,0.753,True,True,True,True,False,True,False,38.0,0.008920606601248885,0.45,0.008920606601248885,1,0.50175,0.5075999999999999,0.5204172673876655,0.49959091214992357,0.5325559527544341,False,False,False,False,13.0
LENOVO Thinkpad T14s Gen 5 21ls0060va,Lenovo,Intel,Core Ultra 7,155.0,4.8,16.0,LPDDR5X,5600.0,512.0,14.0,1920 x 1200,,Intel,1.24,"3 cell, 58WH",36990000.0,data/anphat/detail_htmls\lenovo_112_specs.html,INTEL_GRAPHICS,INTEGRATED,False,0.8,0.8,0.6460674157303371,0.9249598715890851,0.2114767255216693,0.2152777777777778,36.99,0.723,0.925,True,True,True,True,False,True,False,58.0,0.5156110615521855,0.45,0.5156110615521855,1,0.57075,0.5844,0.7522081673666168,0.7544004686540193,0.7424237690457814,False,False,True,False,1.0
LENOVO Thinkpad P14s Gen 5 T 21g2003pva,Lenovo,Intel,Core Ultra 7,155.0,4.8,32.0,DDR5,5600.0,1024.0,14.5,3072 x 1920,120.0,NVIDIA,1.61,75Wh,50100000.0,data/anphat/detail_htmls\lenovo_113_specs.html,RTX 500,DISCRETE_GAMING,False,1.0,1.0,0.6460674157303371,0.5947030497592296,0.3936597110754414,0.3063194444444444,50.1,0.823,0.595,True,True,True,False,False,False,False,75.0,0.7979482604817127,0.45,0.7979482604817127,1,0.62575,0.6444,0.7380857195120729,0.6681663213451645,0.7538218380494657,True,True,True,False,1.0
LENOVO Ideapad Slim 3 14irh10 83k0000avn,Lenovo,Intel,Core i5,13420.0,4.6,8.0,DDR5,4800.0,512.0,14.0,1920 x 1200,,Intel,1.43,60Wh,17490000.0,data/anphat/detail_htmls\lenovo_117_specs.html,INTEL_UHD,INTEGRATED,False,0.6,0.8,0.4534510433386838,0.752808988764045,0.2114767255216693,0.0798611111111111,17.49,0.567,0.753,True,True,True,True,False,True,False,60.0,0.5709188224799286,0.45,0.5709188224799286,1,0.50175,0.5075999999999999,0.6328169105634015,0.6962902877074615,0.6224756672950229,False,False,True,False,13.0
LENOVO Ideapad Slim 5 14irh10 83hr0001vn,Lenovo,Intel,Core i5,13420.0,4.6,32.0,DDR5,5600.0,1024.0,14.0,1920 x 1200,,Intel,1.39,60Wh,22990000.0,data/anphat/detail_htmls\lenovo_119_specs.html,INTEL_UHD,INTEGRATED,False,1.0,1.0,0.4534510433386838,0.819422150882825,0.2114767255216693,0.1180555555555555,22.99,0.727,0.819,True,True,True,True,False,True,False,60.0,0.5709188224799286,0.45,0.5709188224799286,1,0.60175,0.6156,0.7281315173049745,0.7262662106609123,0.7273624249194209,True,True,True,False,13.0
LENOVO Yoga Book 9 14iah10 83kj001qvn,Lenovo,Intel,Core Ultra 9,285.0,5.4,32.0,LPDDR5X,8400.0,1024.0,2.0,2880 x 1800,120.0,Intel,1.219,88Wh,69990000.0,data/anphat/detail_htmls\lenovo_118_specs.html,INTEL_GRAPHICS,INTEGRATED,False,1.0,1.0,0.9542536115569824,0.9365971107544141,0.0008025682182985,0.4444444444444444,69.99,0.977,0.937,True,True,True,True,False,True,False,88.0,0.9027653880463872,0.45,0.9027653880463872,1,0.66425,0.6906,0.9480120663733222,0.9372760720120622,0.9560106442704075,True,True,True,True,2.0
LENOVO Thinkpad P16s Gen3 T 21ks003hva,Lenovo,Intel,Core Ultra 7,155.0,4.8,32.0,DDR5,5600.0,512.0,16.0,1920 x 1200,,NVIDIA,1.82,57Wh,44990000.0,data/anphat/detail_htmls\lenovo_120_specs.html,RTX 500,DISCRETE_GAMING,False,1.0,0.8,0.6460674157303371,0.3370786516853933,0.8487158908507223,0.2708333333333333,44.99,0.783,0.337,True,True,True,False,False,False,True,57.0,0.4683318465655665,0.45,0.4683318465655665,1,0.61575,0.6324000000000001,0.563993897403001,0.34585836138623083,0.5970189261085966,True,True,False,False,1.0
LENOVO Thinkpad P16s Gen3 T 21ks0034vn,Lenovo,Intel,Core Ultra 7,155.0,4.8,32.0,DDR5,5600.0,1024.0,16.0,1920 x 1200,,NVIDIA,1.82,75Wh,51800000.0,data/anphat/detail_htmls\lenovo_122_specs.html,RTX 500,DISCRETE_GAMING,False,1.0,1.0,0.6460674157303371,0.3370786516853933,0.8487158908507223,0.318125,51.8,0.823,0.337,True,True,True,False,False,False,True,75.0,0.7979482604817127,0.45,0.7979482604817127,1,0.62575,0.6444,0.6479171801862302,0.461224106256882,0.67185755233518,True,True,True,False,1.0
LENOVO Thinkpad P16s Gen3 T 21ks0032va,Lenovo,Intel,Core Ultra 7,155.0,4.8,16.0,DDR5,5600.0,512.0,16.0,1920 x 1200,,NVIDIA,1.82,75Wh,43820000.0,data/anphat/detail_htmls\lenovo_123_specs.html,RTX 500,DISCRETE_GAMING,False,0.8,0.8,0.6460674157303371,0.3370786516853933,0.8487158908507223,0.2627083333333333,43.82,0.723,0.337,True,True,True,False,False,False,True,75.0,0.7979482604817127,0.45,0.7979482604817127,1,0.57075,0.5844,0.6029171801862302,0.461224106256882,0.6166075523351799,False,False,True,False,1.0
LENOVO V14 G4 83a000fnvn,Lenovo,Intel,Core i5,13420.0,4.6,8.0,DDR4,3200.0,512.0,14.0,1920 x 1080,,Intel,1.43,38Wh,15490000.0,data/anphat/detail_htmls\lenovo_125_specs.html,INTEL_UHD,INTEGRATED,False,0.6,0.8,0.4534510433386838,0.752808988764045,0.2114767255216693,0.0659722222222222,15.49,0.567,0.753,True,True,True,True,False,True,False,38.0,0.008920606601248885,0.45,0.008920606601248885,1,0.50175,0.5075999999999999,0.5204172673876655,0.49959091214992357,0.5325559527544341,False,False,False,False,13.0
LENOVO V15 G4 Iru 83a100f3vn,Lenovo,Intel,Core i5,13420.0,4.6,8.0,DDR4,3200.0,512.0,15.6,1920 x 1080,,Intel,1.65,3 cell/38Wh,14190000.0,data/anphat/detail_htmls\lenovo_124_specs.html,INTEL_UHD,INTEGRATED,False,0.6,0.8,0.4534510433386838,0.543338683788122,0.5842696629213483,0.0569444444444444,14.19,0.567,0.543,True,True,True,False,False,False,True,38.0,0.008920606601248885,0.45,0.008920606601248885,1,0.50175,0.5075999999999999,0.44710266064609244,0.33077068743082233,0.4658003347769061,False,False,False,False,13.0
LENOVO V15 G4 Iru 83a100rfvn,Lenovo,Intel,Core i7,13620.0,4.9,8.0,DDR4,3200.0,512.0,15.6,1920 x 1080,,Intel,1.65,3 cell/38Wh,19000000.0,data/anphat/detail_htmls\lenovo_127_specs.html,INTEL_UHD,INTEGRATED,False,0.6,0.8,0.7391653290529695,0.543338683788122,0.5842696629213483,0.0903472222222222,19.0,0.71,0.543,True,True,True,False,False,False,True,38.0,0.008920606601248885,0.45,0.008920606601248885,1,0.5375,0.5505,0.5114526606460924,0.33077068743082233,0.5448078347769061,False,False,False,False,13.0
LENOVO Thinkbook 14 Gen 8 21sj0072vn,Lenovo,Intel,Core Ultra 7,255.0,5.1,16.0,DDR5,5600.0,512.0,14.0,1920 x 1200,60.0,Intel,1.36,"3 cell, 45Wh",28490000.0,data/anphat/detail_htmls\lenovo_126_specs.html,INTEL_GRAPHICS,INTEGRATED,False,0.8,0.8,0.8743980738362761,0.851123595505618,0.2114767255216693,0.15625,28.49,0.837,0.851,True,True,True,True,False,True,False,45.0,0.15388046387154328,0.45,0.15388046387154328,1,0.5992500000000001,0.6186,0.705319351201275,0.5945684352282344,0.7292573950862207,False,True,True,False,2.0
LENOVO Yoga Slim 7 14imh9 83cv008evn,Lenovo,Intel,Core Ultra 5,125.0,4.5,16.0,LPDDR5X,7467.0,1024.0,14.0,1920 x 1200,60.0,Intel,1.39,Integrated 65Wh,25990000.0,data/anphat/detail_htmls\lenovo_129_specs.html,INTEL_GRAPHICS,INTEGRATED,False,0.8,1.0,0.3029695024077046,0.819422150882825,0.2114767255216693,0.1388888888888889,25.99,0.591,0.819,True,True,True,True,False,True,False,65.0,0.6418376449598573,0.45,0.6418376449598573,1,0.53775,0.5448,0.6811152818009603,0.7510877985288875,0.6635694365162097,False,False,True,True,1.0
LENOVO Ideapad Slim 5 Oled 15arp10 83j3001dvn,Lenovo,AMD,Ryzen 7,7735.0,4.75,16.0,LPDDR5X,6400.0,512.0,15.1,2560 x 1600,165.0,AMD,1.49,70Wh,20990000.0,data/anphat/detail_htmls\lenovo_130_specs.html,AMD_RADEON_GRAPHICS,INTEGRATED,False,0.8,0.8,0.5862760834670947,0.7150882825040128,0.4097110754414125,0.1041666666666666,20.99,0.693,0.715,True,True,True,True,False,False,False,70.0,0.6882247992863515,0.5,0.6882247992863515,1,0.5932499999999999,0.6029,0.6997758587336748,0.6807261917887463,0.6935943747879029,False,True,True,True,7.0
LENOVO Thinkpad T16 Gen 3 21mn007qvn,Lenovo,Intel,Core Ultra 7,155.0,4.8,16.0,DDR5,5600.0,1024.0,16.0,1920 x 1200,,Intel,1.66,4 cell 52.5Wh,39290000.0,data/anphat/detail_htmls\lenovo_131_specs.html,INTEL_GRAPHICS,INTEGRATED,False,0.8,1.0,0.6460674157303371,0.507223113964687,0.8487158908507223,0.23125,39.29,0.763,0.507,True,True,True,False,False,False,True,52.5,0.3073148974130241,0.45,0.3073148974130241,1,0.58075,0.5964,0.5823410693702452,0.36606743720852314,0.6023169686583151,False,False,False,False,1.0
LENOVO Thinkpad T14s Gen 5 21ls005rvn,Lenovo,Intel,Core Ultra 5,125.0,4.3,16.0,LPDDR5X,6400.0,512.0,14.0,1920 x 1200,,Intel,1.24,3 cell /58Wh,35390000.0,data/anphat/detail_htmls\lenovo_132_specs.html,INTEL_GRAPHICS,INTEGRATED,False,0.8,0.8,0.2146869983948635,0.9249598715890851,0.2114767255216693,0.2041666666666666,35.39,0.507,0.925,True,True,True,True,False,True,False,58.0,0.5156110615521855,0.45,0.5156110615521855,1,0.51675,0.5196000000000001,0.6550081673666168,0.7544004686540193,0.6230837690457814,False,False,True,False,1.0
LENOVO Thinkpad T14s Gen 4 21f600aava,Lenovo,Intel,Core i7,1355.0,5.0,16.0,LPDDR5,4800.0,512.0,14.0,1920 x 1200,60.0,Intel,1.25,3 cell /57Wh,30990000.0,data/anphat/detail_htmls\lenovo_133_specs.html,INTEL_IRIS_XE,INTEGRATED,False,0.8,0.8,0.8138041733547352,0.916131621187801,0.2114767255216693,0.1736111111111111,30.99,0.807,0.916,True,True,True,True,False,True,False,57.0,0.4683318465655665,0.55,0.4683318465655665,1,0.65175,0.6646000000000001,0.7774624367288437,0.7338800307281248,0.7790841026736046,True,True,True,False,13.0
LENOVO Thinkpad E14 Gen 7 21sx002tva,Lenovo,Intel,Core Ultra 7,255.0,5.1,16.0,DDR5,5600.0,1024.0,14.0,1920 x 1200,60.0,Intel,1.34,3 cell /48Wh,28890000.0,data/anphat/detail_htmls\lenovo_134_specs.html,INTEL_GRAPHICS,INTEGRATED,False,0.8,1.0,0.8743980738362761,0.8663723916532905,0.2114767255216693,0.1590277777777777,28.89,0.877,0.866,True,True,True,True,False,True,False,48.0,0.2149866190900981,0.45,0.2149866190900981,1,0.6092500000000001,0.6306,0.7408776608966714,0.6228175478211813,0.7649084569677383,True,True,True,False,2.0
LENOVO Legion Pro 5 16irx9 83df0046vn,Lenovo,Intel,Core i9,14900.0,5.8,32.0,DDR5,5600.0,1024.0,16.0,2560 x 1600,240.0,NVIDIA,2.5,80WHr,55990000.0,data/anphat/detail_htmls\lenovo_138_specs.html,RTX 4070,DISCRETE_GAMING,False,1.0,1.0,0.9891653290529696,0.0553772070626003,0.8487158908507223,0.3472222222222222,55.99,0.995,0.055,True,True,True,False,True,False,True,80.0,0.8818019625334522,1.0,0.8818019625334522,1,0.99875,0.9985,0.6434924149786005,0.36380725189473395,0.710583037119317,True,True,True,False,14.0
LENOVO Ideapad Slim 5 14imh9 83da0020vn,Lenovo,Intel,Core Ultra 7,155.0,4.8,32.0,LPDDR5X,7467.0,1024.0,14.0,1920 x 1200,60.0,Intel,1.48,57Wh,28690000.0,data/anphat/detail_htmls\lenovo_139_specs.html,INTEL_GRAPHICS,INTEGRATED,False,1.0,1.0,0.6460674157303371,0.7219101123595506,0.2114767255216693,0.1576388888888888,28.69,0.823,0.722,True,True,True,True,False,True,False,57.0,0.4683318465655665,0.45,0.4683318465655665,1,0.62575,0.6444,0.7166849086389561,0.6464803517554122,0.7398542792386127,True,True,True,False,1.0
LENOVO Thinkpad P14s Gen 5 T 21g2003xva,Lenovo,Intel,Core Ultra 7,155.0,4.8,64.0,DDR5,5600.0,1024.0,14.5,3072 x 1920,120.0,NVIDIA,1.61,75Wh,54990000.0,data/anphat/detail_htmls\lenovo_140_specs.html,RTX 500,DISCRETE_GAMING,False,1.0,1.0,0.6460674157303371,0.5947030497592296,0.3936597110754414,0.3402777777777778,54.99,0.823,0.595,True,True,True,False,False,False,False,75.0,0.7979482604817127,0.45,0.7979482604817127,1,0.62575,0.6444,0.7380857195120729,0.6681663213451645,0.7538218380494657,True,True,True,False,1.0
LENOVO Thinkpad P14s Gen 5 21g2004xva,Lenovo,Intel,Core Ultra 5,125.0,4.5,32.0,DDR5,5600.0,1024.0,14.5,1920 x 1200,60.0,NVIDIA,1.61,75Wh,40490000.0,data/anphat/detail_htmls\lenovo_141_specs.html,RTX 500,DISCRETE_GAMING,False,1.0,1.0,0.3029695024077046,0.5947030497592296,0.3936597110754414,0.2395833333333333,40.49,0.651,0.595,True,True,True,False,False,False,False,75.0,0.7979482604817127,0.45,0.7979482604817127,1,0.58275,0.5928,0.660685719512073,0.6681663213451645,0.6587918380494657,False,False,True,False,1.0
LENOVO Thinkpad E14 Gen 6 21m7004yvn,Lenovo,Intel,Core Ultra 7,155.0,4.8,16.0,DDR5,5600.0,512.0,14.0,1920 x 1200,,Intel,1.44,3 cell /47Wh,28890000.0,data/anphat/detail_htmls\lenovo_142_specs.html,INTEL_GRAPHICS,INTEGRATED,False,0.8,0.8,0.6460674157303371,0.742776886035313,0.2114767255216693,0.1590277777777777,28.89,0.723,0.743,True,True,True,True,False,True,False,47.0,0.18688670829616413,0.45,0.18688670829616413,1,0.57075,0.5844,0.6226992517715922,0.5573646015152145,0.6447375836002593,False,False,True,False,1.0
LENOVO Thinkpad P14s Gen 5 T 21g20056vn,Lenovo,Intel,Core Ultra 7,155.0,4.8,32.0,DDR5,5600.0,1024.0,14.5,1920 x 1200,60.0,NVIDIA,1.61,75Wh,51700000.0,data/anphat/detail_htmls\lenovo_143_specs.html,RTX 500,DISCRETE_GAMING,False,1.0,1.0,0.6460674157303371,0.5947030497592296,0.3936597110754414,0.3174305555555555,51.7,0.823,0.595,True,True,True,False,False,False,False,75.0,0.7979482604817127,0.45,0.7979482604817127,1,0.62575,0.6444,0.7380857195120729,0.6681663213451645,0.7538218380494657,True,True,True,False,1.0
LENOVO Thinkpad L14 Gen 4 21h10039va,Lenovo,Intel,Core i5,1340.0,4.6,16.0,DDR4,3200.0,512.0,14.0,1920 x 1080,,Intel,1.4,3 cell /46.5Wh,22990000.0,data/anphat/detail_htmls\lenovo_145_specs.html,INTEL_IRIS_XE,INTEGRATED,False,0.8,0.8,0.4534510433386838,0.7885232744783306,0.2114767255216693,0.1180555555555555,22.99,0.627,0.789,True,True,True,True,False,True,False,46.5,0.16369313113291703,0.55,0.16369313113291703,1,0.60675,0.6106,0.5908717722939991,0.5698327243074359,0.5993088423937868,True,True,False,False,13.0
LENOVO Ideapad Slim 3 15abr8 82xm00mcvn,Lenovo,AMD,Ryzen 7,5825.0,4.5,16.0,DDR4,3200.0,512.0,15.6,1920 x 1080,,AMD,1.62,47Wh,16490000.0,data/anphat/detail_htmls\lenovo_144_specs.html,AMD_RADEON_GRAPHICS,INTEGRATED,False,0.8,0.8,0.3029695024077046,0.5810593900481541,0.5842696629213483,0.0729166666666666,16.49,0.551,0.581,True,True,True,False,False,False,True,47.0,0.18688670829616413,0.5,0.18688670829616413,1,0.55775,0.5603,0.48869812817608677,0.41003314084105713,0.49477078584745043,False,False,False,False,5.0
LENOVO Loq 15irx9 83dv00ufvn,Lenovo,Intel,Core i7,13650.0,4.9,24.0,DDR5,4800.0,512.0,15.6,1920 x 1080,144.0,NVIDIA,2.38,60Wh,35990000.0,data/anphat/detail_htmls\lenovo_146_specs.html,RTX 4060,DISCRETE_GAMING,False,0.8,0.8,0.7391653290529695,0.1007223113964687,0.5842696629213483,0.2083333333333333,35.99,0.77,0.101,True,True,True,False,True,False,True,60.0,0.5709188224799286,1.0,0.5709188224799286,1,0.9125,0.901,0.4959365734847498,0.32829269541211625,0.5583299971505606,True,True,False,False,13.0
LENOVO Thinkpad E14 Gen 5 21jk00fmvn,Lenovo,Intel,Core i7,13700.0,5.0,16.0,DDR4,3200.0,1024.0,14.0,1920 x 1200,,Intel,1.43,3 cell /57Wh,31990000.0,data/anphat/detail_htmls\lenovo_148_specs.html,INTEL_IRIS_XE,INTEGRATED,False,0.8,1.0,0.8138041733547352,0.752808988764045,0.2114767255216693,0.1805555555555555,31.99,0.847,0.753,True,True,True,True,False,True,False,57.0,0.4683318465655665,0.55,0.4683318465655665,1,0.66175,0.6766,0.7382995153805291,0.6603848461374346,0.7607617511487249,True,True,True,False,13.0
LENOVO Thinkpad E16 Gen 2 21ma004mvn,Lenovo,Intel,Core Ultra 7,155.0,4.8,16.0,DDR5,5600.0,512.0,16.0,1920 x 1200,,Intel,1.81,3 cell /47Wh,28990000.0,data/anphat/detail_htmls\lenovo_147_specs.html,INTEL_GRAPHICS,INTEGRATED,False,0.8,0.8,0.6460674157303371,0.348314606741573,0.8487158908507223,0.1597222222222222,28.99,0.723,0.348,True,True,True,False,False,False,True,47.0,0.18688670829616413,0.45,0.18688670829616413,1,0.57075,0.5844,0.4846374540187834,0.25240874276722086,0.5216186028618968,False,False,False,False,1.0
LENOVO Legion 7 16irx9 83fd006jvn,Lenovo,Intel,Core i9,14900.0,5.8,32.0,DDR5,5600.0,1024.0,16.0,3200 x 2000,165.0,NVIDIA,2.24,99.99 WHr,66990000.0,data/anphat/detail_htmls\lenovo_150_specs.html,RTX 4070,DISCRETE_GAMING,False,1.0,1.0,0.9891653290529696,0.1581059390048154,0.8487158908507223,0.4236111111111111,66.99,0.995,0.158,True,True,True,False,False,False,True,99.99,0.9906333630686887,1.0,0.9906333630686887,1,0.99875,0.9985,0.7012137512654231,0.4481261714560635,0.7534214223606531,True,True,True,False,14.0
LENOVO Thinkpad E14 Gen 6 21m7004mva,Lenovo,Intel,Core Ultra 5,125.0,4.5,16.0,DDR5,5600.0,512.0,14.0,1920 x 1200,,Intel,1.44,3 cell /47Wh,22990000.0,data/anphat/detail_htmls\lenovo_149_specs.html,INTEL_GRAPHICS,INTEGRATED,False,0.8,0.8,0.3029695024077046,0.742776886035313,0.2114767255216693,0.1180555555555555,22.99,0.551,0.743,True,True,True,True,False,True,False,47.0,0.18688670829616413,0.45,0.18688670829616413,1,0.52775,0.5328,0.5452992517715923,0.5573646015152145,0.5497075836002594,False,False,False,False,1.0
LENOVO Thinkpad T14s Gen 4 21f60081va,Lenovo,Intel,Core i5,1335.0,4.6,16.0,LPDDR5,4800.0,512.0,14.0,2240 x 1400,,Intel,1.25,3 cell /57Wh,29690000.0,data/anphat/detail_htmls\lenovo_151_specs.html,INTEL_IRIS_XE,INTEGRATED,False,0.8,0.8,0.4534510433386838,0.916131621187801,0.2114767255216693,0.1645833333333333,29.69,0.627,0.916,True,True,True,True,False,True,False,57.0,0.4683318465655665,0.55,0.4683318465655665,1,0.60675,0.6106,0.6964624367288437,0.7338800307281248,0.6796341026736046,True,True,True,False,13.0
LENOVO Ideapad Slim 3 15iah8 83er000bvn,Lenovo,Intel,Core i5,12450.0,4.4,8.0,LPDDR5,4800.0,512.0,15.6,1920 x 1080,,Intel,1.62,3 cell /47Wh,14490000.0,data/anphat/detail_htmls\lenovo_153_specs.html,INTEL_UHD,INTEGRATED,False,0.6,0.8,0.2451845906902086,0.5810593900481541,0.5842696629213483,0.0590277777777777,14.49,0.463,0.581,True,True,True,False,False,False,True,47.0,0.18688670829616413,0.45,0.18688670829616413,1,0.47575,0.4764,0.4490981281760868,0.41003314084105713,0.44615078584745044,False,False,False,False,12.0
LENOVO Thinkpad P16s Gen 1 21bt005tva,Lenovo,Intel,Core i7,1260.0,4.7,8.0,DDR4,3200.0,512.0,16.0,1920 x 1200,,NVIDIA,1.8,3 cell 52.5Wh,37990000.0,data/anphat/detail_htmls\lenovo_154_specs.html,QUADRO T550,DISCRETE_WORKSTATION,False,0.6,0.8,0.5714285714285714,0.3607544141252006,0.8487158908507223,0.2222222222222222,37.99,0.626,0.361,True,True,True,False,False,False,True,52.5,0.3073148974130241,0.85,0.3073148974130241,1,0.7565,0.7453,0.46942702442642503,0.3001565222807543,0.4903734654480421,True,True,False,False,12.0
LENOVO Ideapad Slim 5 14irl8 82xd007qvn,Lenovo,Intel,Core i7,13620.0,4.9,16.0,LPDDR5,5200.0,512.0,14.0,1920 x 1200,,Intel,1.46,56.6Wh,22990000.0,data/anphat/detail_htmls\lenovo_155_specs.html,INTEL_UHD,INTEGRATED,False,0.8,0.8,0.7391653290529695,0.7323434991974318,0.2114767255216693,0.1180555555555555,22.99,0.77,0.732,True,True,True,True,False,True,False,56.6,0.4366636931311329,0.45,0.4366636931311329,1,0.5825,0.5985,0.6901529633453277,0.6400915221304069,0.7080871379314788,False,False,True,False,13.0
LENOVO Thinkpad L15 Gen 4 21h30024va,Lenovo,Intel,Core i7,1360.0,5.0,16.0,DDR4,3200.0,512.0,15.6,1920 x 1080,,Intel,1.77,3 cell /46.5Wh,27290000.0,data/anphat/detail_htmls\lenovo_156_specs.html,INTEL_IRIS_XE,INTEGRATED,False,0.8,0.8,0.8138041733547352,0.3864365971107544,0.5842696629213483,0.1479166666666666,27.29,0.807,0.386,True,True,True,False,False,False,True,46.5,0.16369313113291703,0.55,0.16369313113291703,1,0.65175,0.6646000000000001,0.5311414352153474,0.3143351320120908,0.5843306722493244,True,True,False,False,13.0
LENOVO V15 G4 Iah 83fs0032vn,Lenovo,Intel,Core i5,12500.0,4.5,8.0,DDR4,3200.0,512.0,15.6,1920 x 1080,,Intel,1.65,38Wh,14490000.0,data/anphat/detail_htmls\lenovo_157_specs.html,INTEL_IRIS_XE,INTEGRATED,False,0.6,0.8,0.3029695024077046,0.543338683788122,0.5842696629213483,0.0590277777777777,14.49,0.491,0.543,True,True,True,False,False,False,True,38.0,0.008920606601248885,0.55,0.008920606601248885,1,0.54275,0.5398000000000001,0.4129026606460925,0.33077068743082233,0.4238103347769061,False,False,False,False,12.0
LENOVO Thinkpad X1 Carbon Gen 11 21hm009lvn,Lenovo,Intel,Core i7,1355.0,5.0,16.0,LPDDR5,6400.0,1024.0,14.0,2880 x 1800,,Intel,1.12,57Wh,52090000.0,data/anphat/detail_htmls\lenovo_158_specs.html,INTEL_IRIS_XE,INTEGRATED,False,0.8,1.0,0.8138041733547352,0.9691011235955056,0.2114767255216693,0.3201388888888888,52.09,0.847,0.969,True,True,True,True,False,True,False,57.0,0.4683318465655665,0.55,0.4683318465655665,1,0.66175,0.6766,0.8140017625715402,0.757716306811592,0.8142940545195115,True,True,True,False,13.0
LENOVO V15 G4 Iru 83a1000rvn,Lenovo,Intel,Core i5,1335.0,4.6,8.0,DDR4,3200.0,512.0,15.6,1920 x 1080,,Intel,1.65,38Wh,14890000.0,data/anphat/detail_htmls\lenovo_160_specs.html,INTEL_IRIS_XE,INTEGRATED,False,0.6,0.8,0.4534510433386838,0.543338683788122,0.5842696629213483,0.0618055555555555,14.89,0.567,0.543,True,True,True,False,False,False,True,38.0,0.008920606601248885,0.55,0.008920606601248885,1,0.56175,0.5626,0.44710266064609244,0.33077068743082233,0.4658003347769061,False,False,False,False,13.0
LENOVO Ideapad Slim 5 14iah8 83bf002nvn,Lenovo,Intel,Core i5,12450.0,4.4,16.0,LPDDR5,4800.0,512.0,14.0,1920 x 1200,,Intel,1.46,3 cell /56.6Wh,16990000.0,data/anphat/detail_htmls\lenovo_161_specs.html,INTEL_UHD,INTEGRATED,False,0.8,0.8,0.2451845906902086,0.7323434991974318,0.2114767255216693,0.0763888888888889,16.99,0.523,0.732,True,True,True,True,False,True,False,56.6,0.4366636931311329,0.45,0.4366636931311329,1,0.52075,0.5244,0.5790029633453277,0.6400915221304069,0.5716196379314789,False,False,False,False,12.0
LENOVO Thinkpad X1 Carbon Gen 11 21hm009pvn,Lenovo,Intel,Core i7,1355.0,5.0,16.0,LPDDR5,6400.0,512.0,14.0,1920 x 1200,,Intel,1.12,57Wh,48090000.0,data/anphat/detail_htmls\lenovo_159_specs.html,INTEL_IRIS_XE,INTEGRATED,False,0.8,0.8,0.8138041733547352,0.9691011235955056,0.2114767255216693,0.2923611111111111,48.09,0.807,0.969,True,True,True,True,False,True,False,57.0,0.4683318465655665,0.55,0.4683318465655665,1,0.65175,0.6646000000000001,0.7960017625715403,0.757716306811592,0.7921940545195116,True,True,True,False,13.0
LENOVO Thinkpad P14s Gen 4 21hf0054va,Lenovo,Intel,Core i7,1360.0,5.0,32.0,LPDDR5X,7500.0,1024.0,14.0,2240 x 1400,,NVIDIA,1.34,3 cell 52.5Wh,45590000.0,data/anphat/detail_htmls\lenovo_164_specs.html,RTX 500,DISCRETE_GAMING,False,1.0,1.0,0.8138041733547352,0.8663723916532905,0.2114767255216693,0.275,45.59,0.907,0.866,True,True,True,True,False,True,False,52.5,0.3073148974130241,0.45,0.3073148974130241,1,0.64675,0.6696000000000001,0.7728433165612565,0.6551324452342053,0.7962559814994066,True,True,True,False,13.0
LENOVO Thinkpad T14s Gen 2 20wns7f400,Lenovo,Intel,Core i5,,4.2,8.0,,,256.0,14.0,1920 x 1080,,Intel,1.36,"4 Cell, 57WH",24990000.0,data/anphat/detail_htmls\lenovo_168_specs.html,INTEL_IRIS_XE,INTEGRATED,False,0.6,0.6,0.1978330658105939,0.851123595505618,0.2114767255216693,0.1319444444444444,24.99,0.399,0.851,True,True,True,True,False,True,False,57.0,0.4683318465655665,0.55,0.4683318465655665,1,0.51975,0.5122,0.5711096277400797,0.7046264191711427,0.5375746163172643,False,False,False,False,
LENOVO Thinkpad T14s Gen 3 21bss0bs00,Lenovo,Intel,Core i5,1235.0,4.4,8.0,LPDDR5,4800.0,256.0,14.0,1920 x 1200,,Intel,1.21,4 cell 57Wh,25990000.0,data/anphat/detail_htmls\lenovo_167_specs.html,INTEL_IRIS_XE,INTEGRATED,False,0.6,0.6,0.2451845906902086,0.9402086677367576,0.2114767255216693,0.1388888888888889,25.99,0.423,0.94,True,True,True,True,False,True,False,57.0,0.4683318465655665,0.55,0.4683318465655665,1,0.52575,0.5194,0.6130894030209785,0.7447147016751554,0.5728831716944713,False,False,True,False,12.0
LENOVO Thinkpad T14 Gen 3 21ahs01g00,Lenovo,Intel,Core i5,1235.0,4.4,8.0,,,256.0,14.0,1920 x 1200,,Intel,1.21,3 cell 39.3 Wh,24990000.0,data/anphat/detail_htmls\lenovo_169_specs.html,INTEL_IRIS_XE,INTEGRATED,False,0.6,0.6,0.2451845906902086,0.9402086677367576,0.2114767255216693,0.1319444444444444,24.99,0.423,0.94,True,True,True,True,False,True,False,39.3,0.021409455842997322,0.55,0.021409455842997322,1,0.52575,0.5194,0.5237049248764646,0.5882918649222562,0.5013755891788603,False,False,False,False,12.0
LENOVO Thinkpad T14 Gen 2 20w1s5vd00,Lenovo,Intel,Core i7,,4.7,16.0,DDR4,,512.0,14.0,1920 x 1080,,Intel,1.47,"3 Cell, 50WH",25990000.0,data/anphat/detail_htmls\lenovo_171_specs.html,INTEL_IRIS_XE,INTEGRATED,False,0.8,0.8,0.5714285714285714,0.725521669341894,0.2114767255216693,0.1388888888888889,25.99,0.686,0.726,True,True,True,True,False,True,False,50.0,0.25111507582515613,0.55,0.25111507582515613,1,0.6215,0.6283000000000001,0.6128555994346941,0.5720796826383231,0.6303009562732771,True,True,True,False,
LENOVO Legion Pro 7 16irx9h 83de001mvn,Lenovo,Intel,Core i9,14900.0,5.59,32.0,DDR5,,1024.0,16.0,2560 x 1600,240.0,NVIDIA,2.62,4 Cell 99.99 WHr,106990000.0,data/anphat/detail_htmls\lenovo_170_specs.html,RTX 4090,DISCRETE_GAMING,False,1.0,1.0,0.9839486356340288,0.0337078651685393,0.8487158908507223,0.7013888888888888,106.99,0.992,0.034,True,True,True,False,True,False,True,99.99,0.9906333630686887,1.0,0.9906333630686887,1,0.998,0.9976,0.6563244254227265,0.39214703822973923,0.7209753990861748,True,True,True,False,14.0
LENOVO Loq 15iax9 83fq0005vn,Lenovo,Intel,Core i5,12450.0,4.4,16.0,DDR5,4800.0,512.0,15.6,1920 x 1080,144.0,Intel,2.38,60Wh,21990000.0,data/anphat/detail_htmls\lenovo_173_specs.html,INTEL_GRAPHICS,INTEGRATED,False,0.8,0.8,0.2451845906902086,0.1007223113964687,0.5842696629213483,0.1111111111111111,21.99,0.523,0.101,True,True,True,False,True,False,True,60.0,0.5709188224799286,0.45,0.5709188224799286,1,0.52075,0.5244,0.38478657348474976,0.32829269541211625,0.4218624971505607,False,False,False,False,12.0
LENOVO Thinkpad E16 Gen 1 21jn00fqvn,Lenovo,Intel,Core i7,13700.0,5.0,16.0,DDR4,3200.0,1024.0,16.0,1920 x 1200,,Intel,1.81,3 cell /57Wh,31990000.0,data/anphat/detail_htmls\lenovo_174_specs.html,INTEL_IRIS_XE,INTEGRATED,False,0.8,1.0,0.8138041733547352,0.348314606741573,0.8487158908507223,0.1805555555555555,31.99,0.847,0.348,True,True,True,False,False,False,True,57.0,0.4683318465655665,0.55,0.4683318465655665,1,0.66175,0.6766,0.5967264816726638,0.35091454116151166,0.6351598249850011,True,True,False,False,13.0
LENOVO Legion 5 16irx9 83dg0051vn,Lenovo,Intel,Core i7,14650.0,5.2,16.0,DDR5,,1024.0,16.0,2560 x 1600,165.0,NVIDIA,1.66,80Wh,42990000.0,data/anphat/detail_htmls\lenovo_172_specs.html,RTX 4060,DISCRETE_GAMING,False,0.8,1.0,0.914526484751204,0.507223113964687,0.8487158908507223,0.2569444444444444,42.99,0.897,0.507,True,True,True,False,False,False,True,80.0,0.8818019625334522,1.0,0.8818019625334522,1,0.94425,0.9391,0.7575384823943309,0.5671379100006729,0.7682698990775835,True,True,True,False,14.0
LENOVO Thinkpad E16 Gen 1 21jn00fgva,Lenovo,Intel,Core i7,13700.0,5.0,16.0,DDR4,3200.0,512.0,16.0,1920 x 1200,,Intel,1.81,3 cell /57Wh,23990000.0,data/anphat/detail_htmls\lenovo_176_specs.html,INTEL_IRIS_XE,INTEGRATED,False,0.8,0.8,0.8138041733547352,0.348314606741573,0.8487158908507223,0.125,23.99,0.807,0.348,True,True,True,False,False,False,True,57.0,0.4683318465655665,0.55,0.4683318465655665,1,0.65175,0.6646000000000001,0.5787264816726639,0.35091454116151166,0.6130598249850011,True,True,False,False,13.0
LENOVO Thinkpad E14 Gen 5 21jk00fsva,Lenovo,Intel,Core i7,13700.0,5.0,16.0,DDR4,3200.0,512.0,14.0,1920 x 1200,,Intel,1.43,3 cell /57Wh,23990000.0,data/anphat/detail_htmls\lenovo_175_specs.html,INTEL_IRIS_XE,INTEGRATED,False,0.8,0.8,0.8138041733547352,0.752808988764045,0.2114767255216693,0.125,23.99,0.807,0.753,True,True,True,True,False,True,False,57.0,0.4683318465655665,0.55,0.4683318465655665,1,0.65175,0.6646000000000001,0.720299515380529,0.6603848461374346,0.7386617511487249,True,True,True,False,13.0
LENOVO Ideapad Slim 3 15irh8 83em003fvn,Lenovo,Intel,Core i7,13620.0,4.9,16.0,LPDDR5,4800.0,1024.0,15.6,1920 x 1080,,Intel,1.62,3 cell /47Wh,20990000.0,data/anphat/detail_htmls\lenovo_178_specs.html,INTEL_UHD,INTEGRATED,False,0.8,1.0,0.7391653290529695,0.5810593900481541,0.5842696629213483,0.1041666666666666,20.99,0.81,0.581,True,True,True,False,False,False,True,47.0,0.18688670829616413,0.45,0.18688670829616413,1,0.5925,0.6105,0.6052481281760868,0.41003314084105713,0.6378682858474505,False,True,True,False,13.0
LENOVO Thinkpad E16 Gen 1 21jn0062va,Lenovo,Intel,Core i5,1335.0,4.6,8.0,DDR4,3200.0,512.0,16.0,1920 x 1200,,Intel,1.81,3 cell /47Wh,19900000.0,data/anphat/detail_htmls\lenovo_177_specs.html,INTEL_IRIS_XE,INTEGRATED,False,0.6,0.8,0.4534510433386838,0.348314606741573,0.8487158908507223,0.0965972222222222,19.9,0.567,0.348,True,True,True,False,False,False,True,47.0,0.18688670829616413,0.55,0.18688670829616413,1,0.56175,0.5626,0.41443745401878335,0.25240874276722086,0.4354286028618966,False,False,False,False,13.0
LENOVO Ideapad Slim 3 14irh8 83el0023vn,Lenovo,Intel,Core i7,13620.0,4.9,16.0,LPDDR5,4800.0,512.0,14.0,1920 x 1080,,Intel,1.37,3 cell /47Wh,18990000.0,data/anphat/detail_htmls\lenovo_179_specs.html,INTEL_UHD,INTEGRATED,False,0.8,0.8,0.7391653290529695,0.8430979133226324,0.2114767255216693,0.0902777777777777,18.99,0.77,0.843,True,True,True,True,False,True,False,47.0,0.18688670829616413,0.45,0.18688670829616413,1,0.5825,0.5985,0.6789616113221542,0.6025090637945082,0.6955345378538711,False,False,True,False,13.0
LENOVO Loq 15irx9 83dv00ervn,Lenovo,Intel,Core i7,13650.0,4.9,16.0,DDR5,4800.0,512.0,15.6,1920 x 1080,144.0,NVIDIA,2.38,60Wh,35990000.0,data/anphat/detail_htmls\lenovo_180_specs.html,RTX 4060,DISCRETE_GAMING,False,0.8,0.8,0.7391653290529695,0.1007223113964687,0.5842696629213483,0.2083333333333333,35.99,0.77,0.101,True,True,True,False,True,False,True,60.0,0.5709188224799286,1.0,0.5709188224799286,1,0.9125,0.901,0.4959365734847498,0.32829269541211625,0.5583299971505606,True,True,False,False,13.0
LENOVO Legion 7 16irx9 83fd004mvn,Lenovo,Intel,Core i9,14900.0,5.8,32.0,DDR5,5600.0,1024.0,16.0,3200 x 2000,165.0,NVIDIA,2.24,99.99 WHr,66990000.0,data/anphat/detail_htmls\lenovo_181_specs.html,RTX 4070,DISCRETE_GAMING,False,1.0,1.0,0.9891653290529696,0.1581059390048154,0.8487158908507223,0.4236111111111111,66.99,0.995,0.158,True,True,True,False,False,False,True,99.99,0.9906333630686887,1.0,0.9906333630686887,1,0.99875,0.9985,0.7012137512654231,0.4481261714560635,0.7534214223606531,True,True,True,False,14.0
LENOVO Thinkpad X1 Carbon Gen 12 21kc008nvn,Lenovo,Intel,Core Ultra 7,155.0,4.8,32.0,LPDDR5X,6400.0,1024.0,14.0,1920 x 1200,60.0,Intel,1.09,57Wh,57200000.0,data/anphat/detail_htmls\lenovo_182_specs.html,INTEL_GRAPHICS,INTEGRATED,False,1.0,1.0,0.6460674157303371,0.9735152487961477,0.2114767255216693,0.355625,57.2,0.823,0.974,True,True,True,True,False,True,False,57.0,0.4683318465655665,0.45,0.4683318465655665,1,0.62575,0.6444,0.804746706391765,0.7597026631518808,0.8021265505066705,True,True,True,False,1.0
LENOVO Thinkpad X1 Carbon Gen 12 21kc008mvn,Lenovo,Intel,Core Ultra 7,155.0,4.8,16.0,LPDDR5X,6400.0,512.0,14.0,1920 x 1200,60.0,Intel,1.09,57Wh,54290000.0,data/anphat/detail_htmls\lenovo_183_specs.html,INTEL_GRAPHICS,INTEGRATED,False,0.8,0.8,0.6460674157303371,0.9735152487961477,0.2114767255216693,0.3354166666666666,54.29,0.723,0.974,True,True,True,True,False,True,False,57.0,0.4683318465655665,0.45,0.4683318465655665,1,0.57075,0.5844,0.759746706391765,0.7597026631518808,0.7468765505066705,False,False,True,False,1.0
LENOVO Legion 9 16irx9 83g0001avn,Lenovo,Intel,Core i9,14900.0,5.8,64.0,DDR5,5600.0,1024.0,16.0,3200 x 2000,165.0,NVIDIA,2.6,99.9Wh,142000000.0,data/anphat/detail_htmls\lenovo_185_specs.html,RTX 4090,DISCRETE_GAMING,False,1.0,1.0,0.9891653290529696,0.0365168539325843,0.8487158908507223,0.9445138888888888,142.0,0.995,0.037,True,True,True,False,True,False,True,99.9,0.983942908117752,1.0,0.983942908117752,1,0.99875,0.9985,0.6573194804999549,0.3910694239407317,0.722257651013126,True,True,True,False,14.0
LENOVO Thinkpad E14 Gen 5 21jk00h4va,Lenovo,Intel,Core i5,13420.0,4.6,8.0,DDR4,3200.0,512.0,14.0,1920 x 1200,,Intel,1.43,3 cell /47Wh,19790000.0,data/anphat/detail_htmls\lenovo_187_specs.html,INTEL_UHD,INTEGRATED,False,0.6,0.8,0.4534510433386838,0.752808988764045,0.2114767255216693,0.0958333333333333,19.79,0.567,0.753,True,True,True,True,False,True,False,47.0,0.18688670829616413,0.45,0.18688670829616413,1,0.50175,0.5075999999999999,0.5560104877266485,0.5618790477431439,0.5610305290256206,False,False,False,False,13.0
LENOVO Thinkpad X1 Carbon Gen 12 21kc009nvn,Lenovo,Intel,Core Ultra 5,125.0,4.5,32.0,LPDDR5X,6400.0,1024.0,14.0,1920 x 1200,60.0,Intel,1.09,57Wh,51990000.0,data/anphat/detail_htmls\lenovo_188_specs.html,INTEL_GRAPHICS,INTEGRATED,False,1.0,1.0,0.3029695024077046,0.9735152487961477,0.2114767255216693,0.3194444444444444,51.99,0.651,0.974,True,True,True,True,False,True,False,57.0,0.4683318465655665,0.45,0.4683318465655665,1,0.58275,0.5928,0.727346706391765,0.7597026631518808,0.7070965505066704,False,False,True,False,1.0
LENOVO Loq 15aph9 83dx0085vn,Lenovo,AMD,Ryzen 7,8845.0,5.1,16.0,DDR5,5600.0,512.0,15.6,1920 x 1080,144.0,NVIDIA,2.38,60Wh,34490000.0,data/anphat/detail_htmls\lenovo_184_specs.html,RTX 4060,DISCRETE_GAMING,False,0.8,0.8,0.8743980738362761,0.1007223113964687,0.5842696629213483,0.1979166666666666,34.49,0.837,0.101,True,True,True,False,True,False,True,60.0,0.5709188224799286,1.0,0.5709188224799286,1,0.92925,0.9211,0.5260865734847497,0.32829269541211625,0.5953474971505607,True,True,False,False,8.0
LENOVO Ideapad Slim 3 14iah8 83eq0004vn,Lenovo,Intel,Core i5,12450.0,4.4,8.0,LPDDR5,4800.0,512.0,14.0,1920 x 1080,,Intel,1.37,3 cell /47Wh,14990000.0,data/anphat/detail_htmls\lenovo_186_specs.html,INTEL_UHD,INTEGRATED,False,0.6,0.8,0.2451845906902086,0.8430979133226324,0.2114767255216693,0.0625,14.99,0.463,0.843,True,True,True,True,False,True,False,47.0,0.18688670829616413,0.45,0.18688670829616413,1,0.47575,0.4764,0.5408116113221542,0.6025090637945082,0.5259170378538711,False,False,False,False,12.0
LENOVO Thinkpad E16 Gen 1 21jn00gjvn,Lenovo,Intel,Core i5,13420.0,4.6,8.0,DDR4,3200.0,512.0,16.0,1920 x 1200,,Intel,1.81,3 cell /47Wh,20990000.0,data/anphat/detail_htmls\lenovo_189_specs.html,INTEL_UHD,INTEGRATED,False,0.6,0.8,0.4534510433386838,0.348314606741573,0.8487158908507223,0.1041666666666666,20.99,0.567,0.348,True,True,True,False,False,False,True,47.0,0.18688670829616413,0.45,0.18688670829616413,1,0.50175,0.5075999999999999,0.41443745401878335,0.25240874276722086,0.4354286028618966,False,False,False,False,13.0
LENOVO Thinkpad E14 Gen 5 21jk00h3va,Lenovo,Intel,Core i5,13420.0,4.6,8.0,DDR4,3200.0,512.0,14.0,1920 x 1200,,Intel,1.43,3 cell /47Wh,20990000.0,data/anphat/detail_htmls\lenovo_190_specs.html,INTEL_UHD,INTEGRATED,False,0.6,0.8,0.4534510433386838,0.752808988764045,0.2114767255216693,0.1041666666666666,20.99,0.567,0.753,True,True,True,True,False,True,False,47.0,0.18688670829616413,0.45,0.18688670829616413,1,0.50175,0.5075999999999999,0.5560104877266485,0.5618790477431439,0.5610305290256206,False,False,False,False,13.0
LENOVO Thinkpad T16 Gen 3 21mn007eva,Lenovo,Intel,Core Ultra 7,155.0,4.8,16.0,DDR5,5600.0,512.0,16.0,1920 x 1200,,Intel,1.66,3 cell 52.5Wh,34990000.0,data/anphat/detail_htmls\lenovo_193_specs.html,INTEL_GRAPHICS,INTEGRATED,False,0.8,0.8,0.6460674157303371,0.507223113964687,0.8487158908507223,0.2013888888888889,34.99,0.723,0.507,True,True,True,False,False,False,True,52.5,0.3073148974130241,0.45,0.3073148974130241,1,0.57075,0.5844,0.5643410693702452,0.36606743720852314,0.580216968658315,False,False,False,False,1.0
LENOVO Legion Slim 5 16irh8 82ya00bsvn,Lenovo,Intel,Core i5,13500.0,4.7,16.0,DDR5,5200.0,512.0,16.0,2560 x 1600,165.0,NVIDIA,2.4,80Wh,35990000.0,data/anphat/detail_htmls\lenovo_192_specs.html,RTX 4050,DISCRETE_GAMING,False,0.8,0.8,0.5714285714285714,0.0830658105939005,0.8487158908507223,0.2083333333333333,35.99,0.686,0.083,True,True,True,False,True,False,True,80.0,0.8818019625334522,1.0,0.8818019625334522,1,0.8915,0.8758,0.5141334262145556,0.376267123483819,0.5467134664933139,True,True,False,False,13.0
LENOVO Thinkpad P14s Gen 5 T 21g2003rvn,Lenovo,Intel,Core Ultra 7,155.0,4.8,32.0,DDR5,5600.0,1024.0,14.5,3072 x 1920,120.0,NVIDIA,1.61,75Wh,55990000.0,data/anphat/detail_htmls\lenovo_194_specs.html,RTX 500,DISCRETE_GAMING,False,1.0,1.0,0.6460674157303371,0.5947030497592296,0.3936597110754414,0.3472222222222222,55.99,0.823,0.595,True,True,True,False,False,False,False,75.0,0.7979482604817127,0.45,0.7979482604817127,1,0.62575,0.6444,0.7380857195120729,0.6681663213451645,0.7538218380494657,True,True,True,False,1.0
LENOVO Thinkpad P14s Gen 4 T 21hf0053va,Lenovo,Intel,Core i7,1360.0,5.0,32.0,LPDDR5X,7500.0,512.0,14.0,2240 x 1400,,NVIDIA,1.34,3 cell 52.5Wh,41490000.0,data/anphat/detail_htmls\lenovo_191_specs.html,RTX 500,DISCRETE_GAMING,False,1.0,0.8,0.8138041733547352,0.8663723916532905,0.2114767255216693,0.2465277777777778,41.49,0.867,0.866,True,True,True,True,False,True,False,52.5,0.3073148974130241,0.45,0.3073148974130241,1,0.63675,0.6576000000000001,0.7548433165612565,0.6551324452342053,0.7741559814994066,True,True,True,False,13.0
LENOVO Thinkpad P14s Gen 5 T 21g2003tvn,Lenovo,Intel,Core Ultra 7,155.0,4.8,64.0,DDR5,5600.0,1024.0,14.5,3072 x 1920,120.0,NVIDIA,1.61,75Wh,59990000.0,data/anphat/detail_htmls\lenovo_195_specs.html,RTX 500,DISCRETE_GAMING,False,1.0,1.0,0.6460674157303371,0.5947030497592296,0.3936597110754414,0.375,59.99,0.823,0.595,True,True,True,False,False,False,False,75.0,0.7979482604817127,0.45,0.7979482604817127,1,0.62575,0.6444,0.7380857195120729,0.6681663213451645,0.7538218380494657,True,True,True,False,1.0
LENOVO Thinkpad P14s Gen 5 T 21g2003uvn,Lenovo,Intel,Core Ultra 7,155.0,4.8,96.0,DDR5,5600.0,2048.0,14.5,3072 x 1920,120.0,NVIDIA,1.61,75Wh,66990000.0,data/anphat/detail_htmls\lenovo_196_specs.html,RTX 500,DISCRETE_GAMING,False,1.0,1.0,0.6460674157303371,0.5947030497592296,0.3936597110754414,0.4236111111111111,66.99,0.823,0.595,True,True,True,False,False,False,False,75.0,0.7979482604817127,0.45,0.7979482604817127,1,0.62575,0.6444,0.7380857195120729,0.6681663213451645,0.7538218380494657,True,True,True,False,1.0
LENOVO Thinkpad P16s Gen3 T 21ks0039va,Lenovo,Intel,Core Ultra 5,125.0,4.5,16.0,DDR5,5600.0,512.0,16.0,1920 x 1200,,NVIDIA,1.82,75Wh,38750000.0,data/anphat/detail_htmls\lenovo_197_specs.html,RTX 500,DISCRETE_GAMING,False,0.8,0.8,0.3029695024077046,0.3370786516853933,0.8487158908507223,0.2275,38.75,0.551,0.337,True,True,True,False,False,False,True,75.0,0.7979482604817127,0.45,0.7979482604817127,1,0.52775,0.5328,0.5255171801862303,0.461224106256882,0.52157755233518,False,False,False,False,1.0
LENOVO Thinkpad P16s Gen3 T 21ks003ava,Lenovo,Intel,Core Ultra 5,125.0,4.5,32.0,DDR5,5600.0,512.0,16.0,1920 x 1200,,NVIDIA,1.82,75Wh,40390000.0,data/anphat/detail_htmls\lenovo_198_specs.html,RTX 500,DISCRETE_GAMING,False,1.0,0.8,0.3029695024077046,0.3370786516853933,0.8487158908507223,0.2388888888888889,40.39,0.611,0.337,True,True,True,False,False,False,True,75.0,0.7979482604817127,0.45,0.7979482604817127,1,0.57275,0.5808,0.5525171801862303,0.461224106256882,0.55472755233518,False,False,False,False,1.0
LENOVO Thinkpad P16s Gen3 T 21ks003bvn,Lenovo,Intel,Core Ultra 5,125.0,4.5,16.0,DDR5,5600.0,512.0,16.0,1920 x 1200,,NVIDIA,1.82,75Wh,43640000.0,data/anphat/detail_htmls\lenovo_199_specs.html,RTX 500,DISCRETE_GAMING,False,0.8,0.8,0.3029695024077046,0.3370786516853933,0.8487158908507223,0.2614583333333333,43.64,0.551,0.337,True,True,True,False,False,False,True,75.0,0.7979482604817127,0.45,0.7979482604817127,1,0.52775,0.5328,0.5255171801862303,0.461224106256882,0.52157755233518,False,False,False,False,1.0
LENOVO Thinkpad P16s Gen3 T 21ks003cvn,Lenovo,Intel,Core Ultra 5,125.0,4.5,32.0,DDR5,5600.0,1024.0,16.0,1920 x 1200,,NVIDIA,1.82,75Wh,46730000.0,data/anphat/detail_htmls\lenovo_200_specs.html,RTX 500,DISCRETE_GAMING,False,1.0,1.0,0.3029695024077046,0.3370786516853933,0.8487158908507223,0.2829166666666666,46.73,0.651,0.337,True,True,True,False,False,False,True,75.0,0.7979482604817127,0.45,0.7979482604817127,1,0.58275,0.5928,0.5705171801862303,0.461224106256882,0.57682755233518,False,False,False,False,1.0
LENOVO Thinkpad P16s Gen3 T 21ks0037va,Lenovo,Intel,Core Ultra 7,155.0,4.8,64.0,DDR5,5600.0,1024.0,16.0,1920 x 1200,,NVIDIA,1.82,75Wh,50530000.0,data/anphat/detail_htmls\lenovo_201_specs.html,RTX 500,DISCRETE_GAMING,False,1.0,1.0,0.6460674157303371,0.3370786516853933,0.8487158908507223,0.3093055555555555,50.53,0.823,0.337,True,True,True,False,False,False,True,75.0,0.7979482604817127,0.45,0.7979482604817127,1,0.62575,0.6444,0.6479171801862302,0.461224106256882,0.67185755233518,True,True,True,False,1.0
LENOVO Thinkpad P16v Gen 1 T 21fc004bva,Lenovo,Intel,Core i7,13700.0,5.0,32.0,DDR5,5600.0,1024.0,16.0,1920 x 1200,,NVIDIA,2.2,90Wh,55650000.0,data/anphat/detail_htmls\lenovo_202_specs.html,RTX 1000,DISCRETE_GAMING,False,1.0,1.0,0.8138041733547352,0.1785714285714286,0.8487158908507223,0.3448611111111111,55.65,0.907,0.179,True,True,True,False,False,False,True,90.0,0.9402319357716324,0.45,0.9402319357716324,1,0.64675,0.6696000000000001,0.6586963871543265,0.43969514220706973,0.701802402660861,True,True,True,False,13.0
LENOVO Thinkpad P16v Gen 1 T 21fc004dvn,Lenovo,Intel,Core i7,13700.0,5.0,64.0,DDR5,5600.0,1024.0,16.0,3840 x 2400,,NVIDIA,2.2,90Wh,71560000.0,data/anphat/detail_htmls\lenovo_204_specs.html,RTX 1000,DISCRETE_GAMING,False,1.0,1.0,0.8138041733547352,0.1785714285714286,0.8487158908507223,0.4553472222222222,71.56,0.907,0.179,True,True,True,False,False,False,True,90.0,0.9402319357716324,0.45,0.9402319357716324,1,0.64675,0.6696000000000001,0.6586963871543265,0.43969514220706973,0.701802402660861,True,True,True,False,13.0
LENOVO Thinkpad P16v Gen 1 T 21fc004cvn,Lenovo,Intel,Core i7,13700.0,5.0,32.0,DDR5,5600.0,1024.0,16.0,3840 x 2400,,NVIDIA,2.2,90Wh,68680000.0,data/anphat/detail_htmls\lenovo_203_specs.html,RTX 1000,DISCRETE_GAMING,False,1.0,1.0,0.8138041733547352,0.1785714285714286,0.8487158908507223,0.4353472222222222,68.68,0.907,0.179,True,True,True,False,False,False,True,90.0,0.9402319357716324,0.45,0.9402319357716324,1,0.64675,0.6696000000000001,0.6586963871543265,0.43969514220706973,0.701802402660861,True,True,True,False,13.0
LENOVO Thinkpad P16s Gen3 T 21ks0035vn,Lenovo,Intel,Core Ultra 7,155.0,4.8,64.0,DDR5,5600.0,1024.0,16.0,1920 x 1200,,NVIDIA,1.82,75Wh,55420000.0,data/anphat/detail_htmls\lenovo_205_specs.html,RTX 500,DISCRETE_GAMING,False,1.0,1.0,0.6460674157303371,0.3370786516853933,0.8487158908507223,0.3432638888888888,55.42,0.823,0.337,True,True,True,False,False,False,True,75.0,0.7979482604817127,0.45,0.7979482604817127,1,0.62575,0.6444,0.6479171801862302,0.461224106256882,0.67185755233518,True,True,True,False,1.0
LENOVO Thinkpad P16s Gen3 T 21ks0036vn,Lenovo,Intel,Core Ultra 7,155.0,4.8,64.0,DDR5,5600.0,2048.0,16.0,1920 x 1200,,NVIDIA,1.82,75Wh,69170000.0,data/anphat/detail_htmls\lenovo_206_specs.html,RTX 500,DISCRETE_GAMING,False,1.0,1.0,0.6460674157303371,0.3370786516853933,0.8487158908507223,0.43875,69.17,0.823,0.337,True,True,True,False,False,False,True,75.0,0.7979482604817127,0.45,0.7979482604817127,1,0.62575,0.6444,0.6479171801862302,0.461224106256882,0.67185755233518,True,True,True,False,1.0
LENOVO Thinkpad P16v Gen 2 T 21kx0037va,Lenovo,Intel,Core Ultra 7,155.0,4.8,64.0,DDR5,5600.0,1024.0,16.0,1920 x 1200,,NVIDIA,2.22,90Wh,63240000.0,data/anphat/detail_htmls\lenovo_207_specs.html,RTX 1000,DISCRETE_GAMING,False,1.0,1.0,0.6460674157303371,0.1645264847512039,0.8487158908507223,0.3975694444444444,63.24,0.823,0.165,True,True,True,False,False,False,True,90.0,0.9402319357716324,0.45,0.9402319357716324,1,0.62575,0.6444,0.6159806568172479,0.43337491748796864,0.6519162790653552,True,True,True,False,1.0
LENOVO Thinkpad P16v Gen 2 T 21kx0038va,Lenovo,Intel,Core Ultra 7,155.0,4.8,32.0,DDR5,5600.0,1024.0,16.0,3840 x 2400,,NVIDIA,2.22,90Wh,67770000.0,data/anphat/detail_htmls\lenovo_208_specs.html,RTX 1000,DISCRETE_GAMING,False,1.0,1.0,0.6460674157303371,0.1645264847512039,0.8487158908507223,0.4290277777777778,67.77,0.823,0.165,True,True,True,False,False,False,True,90.0,0.9402319357716324,0.45,0.9402319357716324,1,0.62575,0.6444,0.6159806568172479,0.43337491748796864,0.6519162790653552,True,True,True,False,1.0
LENOVO Thinkpad P16v Gen 2 T 21kx0036vn,Lenovo,Intel,Core Ultra 7,155.0,4.8,64.0,DDR5,5600.0,1024.0,16.0,3840 x 2400,,NVIDIA,2.22,90Wh,72680000.0,data/anphat/detail_htmls\lenovo_209_specs.html,RTX 1000,DISCRETE_GAMING,False,1.0,1.0,0.6460674157303371,0.1645264847512039,0.8487158908507223,0.463125,72.68,0.823,0.165,True,True,True,False,False,False,True,90.0,0.9402319357716324,0.45,0.9402319357716324,1,0.62575,0.6444,0.6159806568172479,0.43337491748796864,0.6519162790653552,True,True,True,False,1.0
LENOVO Thinkpad L14 Gen 5 T 21l10043va,Lenovo,Intel,Core Ultra 5,125.0,4.3,16.0,DDR5,5600.0,512.0,14.0,1920 x 1200,,Intel,1.4,3 cell /46.5Wh,23990000.0,data/anphat/detail_htmls\lenovo_210_specs.html,INTEL_GRAPHICS,INTEGRATED,False,0.8,0.8,0.2146869983948635,0.7885232744783306,0.2114767255216693,0.125,23.99,0.507,0.789,True,True,True,True,False,True,False,46.5,0.16369313113291703,0.45,0.16369313113291703,1,0.51675,0.5196000000000001,0.5368717722939991,0.5698327243074359,0.5330088423937868,False,False,False,False,1.0
LENOVO Thinkpad E14 Gen 6 21m70051vn,Lenovo,Intel,Core Ultra 7,155.0,4.8,32.0,DDR5,5600.0,1024.0,14.0,2240 x 1400,,Intel,1.44,3 cell /47Wh,33990000.0,data/anphat/detail_htmls\lenovo_211_specs.html,INTEL_GRAPHICS,INTEGRATED,False,1.0,1.0,0.6460674157303371,0.742776886035313,0.2114767255216693,0.1944444444444444,33.99,0.823,0.743,True,True,True,True,False,True,False,47.0,0.18688670829616413,0.45,0.18688670829616413,1,0.62575,0.6444,0.6676992517715924,0.5573646015152145,0.6999875836002595,True,True,True,False,1.0
LENOVO Thinkpad E16 Gen 1 21jn00glvn,Lenovo,Intel,Core i5,13420.0,4.6,8.0,DDR4,3200.0,512.0,16.0,1920 x 1200,,Intel,1.81,3 cell /47Wh,21990000.0,data/anphat/detail_htmls\lenovo_212_specs.html,INTEL_UHD,INTEGRATED,False,0.6,0.8,0.4534510433386838,0.348314606741573,0.8487158908507223,0.1111111111111111,21.99,0.567,0.348,True,True,True,False,False,False,True,47.0,0.18688670829616413,0.45,0.18688670829616413,1,0.50175,0.5075999999999999,0.41443745401878335,0.25240874276722086,0.4354286028618966,False,False,False,False,13.0
LENOVO Thinkpad E16 Gen 2 21ma0048vn,Lenovo,Intel,Core Ultra 5,125.0,4.3,16.0,DDR5,5600.0,1024.0,16.0,1920 x 1200,,Intel,1.81,3 cell /47Wh,24890000.0,data/anphat/detail_htmls\lenovo_213_specs.html,INTEL_GRAPHICS,INTEGRATED,False,0.8,1.0,0.2146869983948635,0.348314606741573,0.8487158908507223,0.13125,24.89,0.547,0.348,True,True,True,False,False,False,True,47.0,0.18688670829616413,0.45,0.18688670829616413,1,0.52675,0.5316000000000001,0.40543745401878345,0.25240874276722086,0.4243786028618967,False,False,False,False,1.0
LENOVO Thinkpad L14 Gen 5 T 21l1003wva,Lenovo,Intel,Core Ultra 7,155.0,4.8,16.0,DDR5,5600.0,512.0,14.0,1920 x 1200,,Intel,1.4,3 cell /46.5Wh,28590000.0,data/anphat/detail_htmls\lenovo_216_specs.html,INTEL_GRAPHICS,INTEGRATED,False,0.8,0.8,0.6460674157303371,0.7885232744783306,0.2114767255216693,0.1569444444444444,28.59,0.723,0.789,True,True,True,True,False,True,False,46.5,0.16369313113291703,0.45,0.16369313113291703,1,0.57075,0.5844,0.634071772293999,0.5698327243074359,0.6523488423937868,False,False,True,False,1.0
LENOVO Ideapad Slim 3 15irh8 83em003evn,Lenovo,Intel,Core i7,13620.0,4.9,16.0,LPDDR5,4800.0,512.0,15.6,1920 x 1080,,Intel,1.62,3 cell /47Wh,19990000.0,data/anphat/detail_htmls\lenovo_217_specs.html,INTEL_UHD,INTEGRATED,False,0.8,0.8,0.7391653290529695,0.5810593900481541,0.5842696629213483,0.0972222222222222,19.99,0.77,0.581,True,True,True,False,False,False,True,47.0,0.18688670829616413,0.45,0.18688670829616413,1,0.5825,0.5985,0.5872481281760867,0.41003314084105713,0.6157682858474505,False,False,False,False,13.0
LENOVO V14 G4 Iru 83a000bhvn,Lenovo,Intel,Core i5,13420.0,4.6,8.0,DDR4,3200.0,512.0,14.0,1920 x 1080,,Intel,1.43,38Wh,16490000.0,data/anphat/detail_htmls\lenovo_218_specs.html,INTEL_UHD,INTEGRATED,False,0.6,0.8,0.4534510433386838,0.752808988764045,0.2114767255216693,0.0729166666666666,16.49,0.567,0.753,True,True,True,True,False,True,False,38.0,0.008920606601248885,0.45,0.008920606601248885,1,0.50175,0.5075999999999999,0.5204172673876655,0.49959091214992357,0.5325559527544341,False,False,False,False,13.0
LENOVO Thinkpad X1 Carbon Gen 12 21kc008pvn,Lenovo,Intel,Core Ultra 7,155.0,4.8,32.0,LPDDR5X,6400.0,1024.0,14.0,2880 x 1800,120.0,Intel,1.09,57Wh,62990000.0,data/anphat/detail_htmls\lenovo_219_specs.html,INTEL_GRAPHICS,INTEGRATED,False,1.0,1.0,0.6460674157303371,0.9735152487961477,0.2114767255216693,0.3958333333333333,62.99,0.823,0.974,True,True,True,True,False,True,False,57.0,0.4683318465655665,0.45,0.4683318465655665,1,0.62575,0.6444,0.804746706391765,0.7597026631518808,0.8021265505066705,True,True,True,False,1.0
LENOVO Thinkpad E14 Gen 5 21jk00pfva,Lenovo,Intel,Core i7,1355.0,5.0,8.0,DDR4,3200.0,512.0,14.0,1920 x 1200,,Intel,1.41,3 cell /47Wh,24090000.0,data/anphat/detail_htmls\lenovo_220_specs.html,INTEL_IRIS_XE,INTEGRATED,False,0.6,0.8,0.8138041733547352,0.7664526484751204,0.2114767255216693,0.1256944444444444,24.09,0.747,0.766,True,True,True,True,False,True,False,47.0,0.18688670829616413,0.55,0.18688670829616413,1,0.60675,0.6166,0.6417857686255249,0.5680186946131278,0.6638573348041118,True,True,True,False,13.0
LENOVO Thinkpad E14 Gen 6 21m7004uvn,Lenovo,Intel,Core Ultra 7,155.0,4.8,16.0,DDR5,5600.0,512.0,14.0,1920 x 1200,,Intel,1.44,3 cell /47Wh,28390000.0,data/anphat/detail_htmls\lenovo_221_specs.html,INTEL_GRAPHICS,INTEGRATED,False,0.8,0.8,0.6460674157303371,0.742776886035313,0.2114767255216693,0.1555555555555555,28.39,0.723,0.743,True,True,True,True,False,True,False,47.0,0.18688670829616413,0.45,0.18688670829616413,1,0.57075,0.5844,0.6226992517715922,0.5573646015152145,0.6447375836002593,False,False,True,False,1.0
LENOVO Thinkpad E16 Gen 2 21ma004ava,Lenovo,Intel,Core Ultra 5,125.0,4.5,16.0,DDR5,5600.0,512.0,16.0,1920 x 1200,,Intel,1.81,3 cell /47Wh,23090000.0,data/anphat/detail_htmls\lenovo_222_specs.html,INTEL_GRAPHICS,INTEGRATED,False,0.8,0.8,0.3029695024077046,0.348314606741573,0.8487158908507223,0.11875,23.09,0.551,0.348,True,True,True,False,False,False,True,47.0,0.18688670829616413,0.45,0.18688670829616413,1,0.52775,0.5328,0.4072374540187834,0.25240874276722086,0.4265886028618967,False,False,False,False,1.0
LENOVO Thinkpad E16 Gen 2 21ma004cvn,Lenovo,Intel,Core Ultra 5,125.0,4.5,16.0,DDR5,5600.0,512.0,16.0,1920 x 1200,,Intel,1.81,3 cell /47Wh,24290000.0,data/anphat/detail_htmls\lenovo_223_specs.html,INTEL_GRAPHICS,INTEGRATED,False,0.8,0.8,0.3029695024077046,0.348314606741573,0.8487158908507223,0.1270833333333333,24.29,0.551,0.348,True,True,True,False,False,False,True,47.0,0.18688670829616413,0.45,0.18688670829616413,1,0.52775,0.5328,0.4072374540187834,0.25240874276722086,0.4265886028618967,False,False,False,False,1.0
LENOVO Thinkpad E16 Gen 2 21ma004evn,Lenovo,Intel,Core Ultra 5,125.0,4.5,32.0,DDR5,5600.0,1024.0,16.0,1920 x 1200,,Intel,1.81,3 cell /47Wh,27090000.0,data/anphat/detail_htmls\lenovo_224_specs.html,INTEL_GRAPHICS,INTEGRATED,False,1.0,1.0,0.3029695024077046,0.348314606741573,0.8487158908507223,0.1465277777777777,27.09,0.651,0.348,True,True,True,False,False,False,True,47.0,0.18688670829616413,0.45,0.18688670829616413,1,0.58275,0.5928,0.4522374540187834,0.25240874276722086,0.48183860286189667,False,False,False,False,1.0
LENOVO Thinkpad E14 Gen 5 21jk006hva,Lenovo,Intel,Core i7,1355.0,5.0,8.0,DDR4,3200.0,512.0,14.0,1920 x 1200,,Intel,1.53,3 cell /47Wh,25690000.0,data/anphat/detail_htmls\lenovo_225_specs.html,INTEL_IRIS_XE,INTEGRATED,False,0.6,0.8,0.8138041733547352,0.656099518459069,0.2114767255216693,0.1368055555555555,25.69,0.747,0.656,True,True,True,True,False,True,False,47.0,0.18688670829616413,0.55,0.18688670829616413,1,0.60675,0.6166,0.6031621731199069,0.5183597861059046,0.636544935125139,True,True,True,False,13.0
LENOVO Thinkpad T14s Gen 5 21ls005uva,Lenovo,Intel,Core Ultra 7,155.0,4.8,16.0,LPDDR5X,6400.0,1024.0,14.0,1920 x 1200,,Intel,1.24,3 cell /58Wh,36990000.0,data/anphat/detail_htmls\lenovo_226_specs.html,INTEL_GRAPHICS,INTEGRATED,False,0.8,1.0,0.6460674157303371,0.9249598715890851,0.2114767255216693,0.2152777777777778,36.99,0.763,0.925,True,True,True,True,False,True,False,58.0,0.5156110615521855,0.45,0.5156110615521855,1,0.58075,0.5964,0.7702081673666168,0.7544004686540193,0.7645237690457816,False,False,True,False,1.0
LENOVO Thinkpad E16 Gen 1 21jn006ava,Lenovo,Intel,Core i7,1355.0,5.0,8.0,DDR4,3200.0,512.0,16.0,1920 x 1200,,Intel,1.81,3 cell /47Wh,25690000.0,data/anphat/detail_htmls\lenovo_227_specs.html,INTEL_IRIS_XE,INTEGRATED,False,0.6,0.8,0.8138041733547352,0.348314606741573,0.8487158908507223,0.1368055555555555,25.69,0.747,0.348,True,True,True,False,False,False,True,47.0,0.18688670829616413,0.55,0.18688670829616413,1,0.60675,0.6166,0.4954374540187834,0.25240874276722086,0.5348786028618966,True,True,False,False,13.0
LENOVO Thinkpad X1 Carbon Gen 10 21cb009wvn,Lenovo,Intel,Core i5,1240.0,4.4,16.0,LPDDR5,5200.0,512.0,14.0,2240 x 1400,,Intel,1.12,"4 Cell, 57Wh",47490000.0,data/anphat/detail_htmls\lenovo_228_specs.html,INTEL_IRIS_XE,INTEGRATED,False,0.8,0.8,0.2451845906902086,0.9691011235955056,0.2114767255216693,0.2881944444444444,47.49,0.523,0.969,True,True,True,True,False,True,False,57.0,0.4683318465655665,0.55,0.4683318465655665,1,0.58075,0.5794,0.6682017625715403,0.757716306811592,0.6352840545195115,False,False,True,False,12.0
LENOVO Ideapad 5 Pro 16arh7 82sn00afvn,Lenovo,AMD,Ryzen 7,6800.0,4.7,16.0,DDR5,6400.0,512.0,16.0,2560 x 1600,120.0,NVIDIA,1.95,4 cell /75Wh,28990000.0,data/anphat/detail_htmls\lenovo_229_specs.html,GTX 1650,DISCRETE_GAMING,False,0.8,0.8,0.5714285714285714,0.2732744783306581,0.8487158908507223,0.1597222222222222,28.99,0.686,0.273,True,True,True,False,False,False,True,75.0,0.7979482604817127,0.7,0.7979482604817127,1,0.7115,0.7108,0.5639357195120729,0.4325122282472511,0.580373519429883,True,True,False,False,6.0
LENOVO Ideapad 3 15aba7 82rn0070vn,Lenovo,AMD,Ryzen 5,5625.0,4.3,8.0,DDR4,3200.0,512.0,15.6,1920 x 1080,,AMD,1.63,"3 Cell, 45Wh",15490000.0,data/anphat/detail_htmls\lenovo_230_specs.html,AMD_RADEON_GRAPHICS,INTEGRATED,False,0.6,0.8,0.2146869983948635,0.5638041733547352,0.5842696629213483,0.0659722222222222,15.49,0.447,0.564,True,True,True,False,False,False,True,45.0,0.15388046387154328,0.5,0.15388046387154328,1,0.50175,0.4991,0.42925755344846594,0.39071610778040133,0.42775912060788995,False,False,False,False,5.0
LENOVO Ideapad 5 Pro 14arh7 82sj0026vn,Lenovo,AMD,Ryzen 5,6600.0,4.5,16.0,DDR5,6400.0,512.0,14.0,2880 x 1800,90.0,AMD,1.49,3 cell /56.5Wh,23990000.0,data/anphat/detail_htmls\lenovo_231_specs.html,AMD_RADEON_GRAPHICS,INTEGRATED,False,0.8,0.8,0.3029695024077046,0.7150882825040128,0.2114767255216693,0.125,23.99,0.551,0.715,True,True,True,True,False,True,False,56.5,0.43487957181088316,0.5,0.43487957181088316,1,0.55775,0.5603,0.5852068132385811,0.6317022321562811,0.5825335123886177,False,False,False,False,6.0
LENOVO Ideapad 5 Pro 14arh7 82sj0028vn,Lenovo,AMD,Ryzen 7,6800.0,4.7,16.0,DDR5,6400.0,512.0,14.0,2880 x 1800,90.0,AMD,1.49,3 cell /56.5Wh,24990000.0,data/anphat/detail_htmls\lenovo_232_specs.html,AMD_RADEON_GRAPHICS,INTEGRATED,False,0.8,0.8,0.5714285714285714,0.7150882825040128,0.2114767255216693,0.1319444444444444,24.99,0.686,0.715,True,True,True,True,False,True,False,56.5,0.43487957181088316,0.5,0.43487957181088316,1,0.5915,0.6008,0.6459568132385811,0.6317022321562811,0.6571210123886178,False,True,True,False,6.0
LENOVO Thinkpad T16 G1 21bv00ekva,Lenovo,Intel,Core i5,1235.0,4.4,8.0,DDR4,3200.0,512.0,16.0,1920 x 1200,,Intel,1.65,"3 Cell, 52.5Wh",28290000.0,data/anphat/detail_htmls\lenovo_233_specs.html,INTEL_IRIS_XE,INTEGRATED,False,0.6,0.8,0.2451845906902086,0.543338683788122,0.8487158908507223,0.1548611111111111,28.29,0.463,0.543,True,True,True,False,False,False,True,52.5,0.3073148974130241,0.55,0.3073148974130241,1,0.5357500000000001,0.5314,0.4599815188084475,0.3823194436290689,0.4455055721896152,False,False,False,False,12.0
LENOVO Thinkpad P14s Gen 3 21ak006xva,Lenovo,Intel,Core i7,1260.0,4.7,16.0,DDR4,3200.0,512.0,14.0,2240 x 1400,,NVIDIA,1.38,3 cell 52.5Wh,42990000.0,data/anphat/detail_htmls\lenovo_237_specs.html,QUADRO T550,DISCRETE_WORKSTATION,False,0.8,0.8,0.5714285714285714,0.8358747993579454,0.2114767255216693,0.2569444444444444,42.99,0.686,0.836,True,True,True,True,False,True,False,52.5,0.3073148974130241,0.85,0.3073148974130241,1,0.8015,0.7933,0.6627191592578857,0.6414085287013,0.6666053274063086,True,True,True,False,12.0
LENOVO Thinkpad P14s Gen 3 21ak006sva,Lenovo,Intel,Core i5,1240.0,4.4,8.0,DDR4,3200.0,512.0,14.0,2240 x 1400,,NVIDIA,1.38,3 cell 52.5Wh,36990000.0,data/anphat/detail_htmls\lenovo_236_specs.html,QUADRO T550,DISCRETE_WORKSTATION,False,0.6,0.8,0.2451845906902086,0.8358747993579454,0.2114767255216693,0.2152777777777778,36.99,0.463,0.836,True,True,True,True,False,True,False,52.5,0.3073148974130241,0.85,0.3073148974130241,1,0.71575,0.6964,0.5623691592578857,0.6414085287013,0.5433978274063086,True,True,False,False,12.0
LENOVO Thinkpad T14s Gen 3 21br00e2va,Lenovo,Intel,Core i5,1235.0,4.4,16.0,LPDDR5,4800.0,512.0,14.0,1920 x 1200,,Intel,1.21,3 cell 57Wh,33390000.0,data/anphat/detail_htmls\lenovo_235_specs.html,INTEL_IRIS_XE,INTEGRATED,False,0.8,0.8,0.2451845906902086,0.9402086677367576,0.2114767255216693,0.1902777777777777,33.39,0.523,0.94,True,True,True,True,False,True,False,57.0,0.4683318465655665,0.55,0.4683318465655665,1,0.58075,0.5794,0.6580894030209784,0.7447147016751554,0.6281331716944714,False,False,True,False,12.0
LENOVO Thinkpad X1 Carbon Gen 10 21cb00a8vn,Lenovo,Intel,Core i7,1260.0,4.7,16.0,LPDDR5,5200.0,512.0,14.0,1920 x 1200,60.0,Intel,1.12,"4 Cell, 57Wh",48990000.0,data/anphat/detail_htmls\lenovo_238_specs.html,INTEL_IRIS_XE,INTEGRATED,False,0.8,0.8,0.5714285714285714,0.9691011235955056,0.2114767255216693,0.2986111111111111,48.99,0.686,0.969,True,True,True,True,False,True,False,57.0,0.4683318465655665,0.55,0.4683318465655665,1,0.6215,0.6283000000000001,0.7415517625715403,0.757716306811592,0.7253415545195115,True,True,True,False,12.0
LENOVO Thinkpad T16 Gen 1 21bv00g9fq,Lenovo,Intel,Core i7,1260.0,4.7,8.0,DDR4,3200.0,512.0,16.0,1920 x 1200,,Intel,1.769,3 cell 52.5Wh,31590000.0,data/anphat/detail_htmls\lenovo_239_specs.html,INTEL_IRIS_XE,INTEGRATED,False,0.6,0.8,0.5714285714285714,0.3884430176565008,0.8487158908507223,0.1777777777777777,31.59,0.626,0.388,True,True,True,False,False,False,True,52.5,0.3073148974130241,0.55,0.3073148974130241,1,0.5765,0.5803,0.4791180356623801,0.31261639386983936,0.4972263948220389,False,False,False,False,12.0
LENOVO Thinkpad P16s Gen 2 21hk004vva,Lenovo,Intel,Core i7,1360.0,5.0,32.0,LPDDR5X,7500.0,512.0,16.0,1920 x 1200,,NVIDIA,1.7,Integrated 52.5Wh,41990000.0,data/anphat/detail_htmls\lenovo_240_specs.html,RTX 500,DISCRETE_GAMING,False,1.0,0.8,0.8138041733547352,0.4438202247191011,0.8487158908507223,0.25,41.99,0.867,0.444,True,True,True,False,False,False,True,52.5,0.3073148974130241,0.45,0.3073148974130241,1,0.63675,0.6576000000000001,0.6069500581342901,0.3375361370480095,0.6440847535700325,True,True,True,False,13.0
LENOVO Thinkpad T490s 20nxs00200_id30092,lenovo,Intel,Core i7,8565.0,1.8,8.0,DDR4,,256.0,14.0,1920 x 1080,,Intel,1.5,3 Cell 57WH,39990000.0,data/anphat/detail_htmls\lenovo_242_specs.html,INTEL_UHD,INTEGRATED,False,0.6,0.6,0.0453451043338683,0.6898073836276084,0.2114767255216693,0.2361111111111111,39.99,0.323,0.69,True,True,True,True,False,True,False,57.0,0.4683318465655665,0.45,0.4683318465655665,1,0.44075,0.4344,0.48044895358277623,0.6320341238260382,0.45565885387745697,False,False,False,False,8.0
LENOVO Thinkpad T14s Gen 5 21ls0062vn,Lenovo,Intel,Core Ultra 7,155.0,4.8,32.0,LPDDR5X,6400.0,1024.0,14.0,2880 x 1800,120.0,Intel,1.24,3 cell /58Wh,47190000.0,data/anphat/detail_htmls\lenovo_241_specs.html,INTEL_GRAPHICS,INTEGRATED,False,1.0,1.0,0.6460674157303371,0.9249598715890851,0.2114767255216693,0.2861111111111111,47.19,0.823,0.925,True,True,True,True,False,True,False,58.0,0.5156110615521855,0.45,0.5156110615521855,1,0.62575,0.6444,0.7972081673666169,0.7544004686540193,0.7976737690457816,True,True,True,False,1.0
DELL 15 Dc15250 I7u161w11slu,Dell,Intel,Core i7,1355.0,5.0,16.0,DDR4,,1024.0,15.6,1920 x 1080,,Intel,1.65,4C 54Wh,22990000.0,data/anphat/detail_htmls\dell_0_specs.html,INTEL_GRAPHICS,INTEGRATED,False,0.8,1.0,0.8138041733547352,0.543338683788122,0.5842696629213483,0.1180555555555555,22.99,0.847,0.543,True,True,True,False,False,False,True,54.0,0.3661909009812667,0.45,0.3661909009812667,1,0.60175,0.6216,0.644556719522096,0.45581529046382857,0.6776635818777089,True,True,True,False,13.0
DELL Inspiron 15 3530 N5i7305w1,Dell,Intel,Core i7,1355.0,5.0,16.0,DDR4,,512.0,15.6,1920 x 1080,120.0,Intel,1.62,4 Cell 54Whr,22990000.0,data/anphat/detail_htmls\dell_3_specs.html,INTEL_IRIS_XE,INTEGRATED,False,0.8,0.8,0.8138041733547352,0.5810593900481541,0.5842696629213483,0.1180555555555555,22.99,0.807,0.581,True,True,True,False,False,False,True,54.0,0.3661909009812667,0.55,0.3661909009812667,1,0.65175,0.6646000000000001,0.6397589667131074,0.472789608280843,0.6648994566770668,True,True,True,False,13.0
DELL Xps13 9350 Pp9h1,Dell,Intel,Core Ultra 7,258.0,2.2,32.0,LPDDR5X,8533.0,1024.0,13.4,2560 x 1600,,Intel,1.21,3Cell 55WHrs,76990000.0,data/anphat/detail_htmls\dell_4_specs.html,INTEL_GRAPHICS,INTEGRATED,False,1.0,1.0,0.081059390048154,0.9402086677367576,0.0361155698234349,0.4930555555555556,76.99,0.541,0.94,True,True,True,True,False,True,False,55.0,0.3862622658340767,0.45,0.3862622658340767,1,0.55525,0.5598000000000001,0.6497754868746806,0.7510625795587809,0.6319614850053624,False,False,True,False,2.0
DELL 15 Dc15250 Cph99,Dell,Intel,Core i5,1334.0,4.6,16.0,DDR4,,512.0,15.6,1920 x 1080,,Intel,1.65,"3 Cell, 41 Wh",17990000.0,data/anphat/detail_htmls\dell_1_specs.html,INTEL_GRAPHICS,INTEGRATED,False,0.8,0.8,0.4534510433386838,0.543338683788122,0.5842696629213483,0.0833333333333333,17.99,0.627,0.543,True,True,True,False,False,False,True,41.0,0.05798394290811775,0.45,0.05798394290811775,1,0.5467500000000001,0.5556,0.4839153279074662,0.3479428551382264,0.506800468586005,False,False,False,False,13.0
DELL 16 Dc16250 C7u161w11blu,Dell,Intel,Core 7,150.0,5.4,16.0,,,1024.0,16.0,1920 x 1200,,Intel,2.0,3 cell 41 Wh,28990000.0,data/anphat/detail_htmls\dell_5_specs.html,INTEL_GRAPHICS,INTEGRATED,False,0.8,1.0,0.9542536115569824,0.2487961476725522,0.8487158908507223,0.1597222222222222,28.99,0.917,0.249,True,True,True,False,False,False,True,41.0,0.05798394290811775,0.45,0.05798394290811775,1,0.6192500000000001,0.6426000000000001,0.5113254402670169,0.16250946830034524,0.5835483417802266,True,True,False,False,1.0
DELL 16 Dc16251 Dc6c7557w1,Dell,Intel,Core 7,150.0,5.4,16.0,DDR5,5200.0,1024.0,16.0,1920 x 1200,,NVIDIA,1.98,4cell 54Whr,31990000.0,data/anphat/detail_htmls\dell_6_specs.html,MX 570A,DISCRETE_LIGHT,False,0.8,1.0,0.9542536115569824,0.2604333868378812,0.8487158908507223,0.1805555555555555,31.99,0.917,0.26,True,True,True,False,False,False,True,54.0,0.3661909009812667,0.55,0.3661909009812667,1,0.67925,0.6976000000000001,0.5770398655895118,0.27561866125034545,0.6357416717653495,True,True,False,False,1.0
DELL Pro 13 Plus Pb13250 42ltu7pb13250,Dell,Intel,Core Ultra 7,265.0,5.3,16.0,,,512.0,13.3,1920 x 1200,60.0,Intel,1.23,3cell 55Wh,39990000.0,data/anphat/detail_htmls\dell_7_specs.html,INTEL_GRAPHICS,INTEGRATED,False,0.8,0.8,0.9337881219903692,0.9329855537720706,0.0176565008025682,0.2361111111111111,39.99,0.867,0.933,True,True,True,True,False,True,False,55.0,0.3862622658340767,0.45,0.3862622658340767,1,0.60675,0.6276,0.7939473969870401,0.751503992078845,0.8110271270599371,True,True,True,False,2.0
DELL Pro 14 Pc14250 71076111,Dell,Intel,Core 5,120.0,5.0,16.0,,,1024.0,14.0,1920 x 1200,60.0,Intel,1.35,3Cell 45WHrs,26990000.0,data/anphat/detail_htmls\dell_8_specs.html,INTEL_GRAPHICS,INTEGRATED,False,0.8,1.0,0.8138041733547352,0.858346709470305,0.2114767255216693,0.1458333333333333,26.99,0.847,0.858,True,True,True,True,False,True,False,45.0,0.15388046387154328,0.45,0.15388046387154328,1,0.60175,0.6216,0.7123474410889153,0.5978188365123436,0.7365701157924807,True,True,True,False,1.0
DELL 15 Dc15250 Cph997,Dell,Intel,Core i7,1355.0,5.0,16.0,DDR4,,1024.0,15.6,1920 x 1080,,Intel,1.65,4C 54Wh,24990000.0,data/anphat/detail_htmls\dell_10_specs.html,INTEL_GRAPHICS,INTEGRATED,False,0.8,1.0,0.8138041733547352,0.543338683788122,0.5842696629213483,0.1319444444444444,24.99,0.847,0.543,True,True,True,False,False,False,True,54.0,0.3661909009812667,0.45,0.3661909009812667,1,0.60175,0.6216,0.644556719522096,0.45581529046382857,0.6776635818777089,True,True,True,False,13.0
DELL Inspiron 14 5440 N4i5211w1,Dell,Intel,Core 5,120.0,5.0,16.0,DDR5,5200.0,512.0,14.0,1920 x 1200,60.0,Intel,1.67,4Cell 54WHrs,23990000.0,data/anphat/detail_htmls\dell_11_specs.html,INTEL_IRIS_XE,INTEGRATED,False,0.8,0.8,0.8138041733547352,0.4787319422150883,0.2114767255216693,0.125,23.99,0.807,0.479,True,True,True,False,False,True,False,54.0,0.3661909009812667,0.55,0.3661909009812667,1,0.65175,0.6646000000000001,0.6039443599715343,0.5013008442358993,0.6544851308343702,True,True,True,False,1.0
DELL Latitude 3450 L3450 1335u 08512u Fbl,Dell,Intel,Core i5,1335.0,4.6,8.0,DDR5,5200.0,512.0,14.0,1920 x 1080,,Intel,1.66,3Cell 42WHrs,18990000.0,data/anphat/detail_htmls\dell_12_specs.html,INTEL_UHD,INTEGRATED,False,0.6,0.8,0.4534510433386838,0.507223113964687,0.2114767255216693,0.0902777777777777,18.99,0.567,0.507,True,True,True,False,False,True,False,42.0,0.11864406779661017,0.45,0.11864406779661017,1,0.50175,0.5075999999999999,0.4564069034469625,0.42748047990858884,0.48932920253285084,False,False,False,False,13.0
DELL Inspiron 14 5440 Ndy5v1,Dell,Intel,Core i5,1334.0,4.6,16.0,DDR5,4400.0,512.0,14.0,1920 x 1080,,,1.69,4-cell,21990000.0,data/anphat/detail_htmls\dell_13_specs.html,UNKNOWN,UNKNOWN,False,0.8,0.8,0.4534510433386838,0.4735152487961477,0.2114767255216693,0.1111111111111111,21.99,0.627,0.474,True,True,True,False,False,True,False,,,0.45,,0,0.5467500000000001,0.5556,0.5478803370786517,0.5457865168539326,0.5751534550561798,False,False,False,False,13.0
DELL Xps 13 9350 71058714,Dell,Intel,Core Ultra 5,226.0,4.5,16.0,LPDDR5X,8533.0,1024.0,13.4,2560 x 1600,,Intel,1.21,3Cell 55WHrs,58990000.0,data/anphat/detail_htmls\dell_14_specs.html,INTEL_GRAPHICS,INTEGRATED,False,0.8,1.0,0.3029695024077046,0.9402086677367576,0.0361155698234349,0.3680555555555556,58.99,0.591,0.94,True,True,True,True,False,True,False,55.0,0.3862622658340767,0.45,0.3862622658340767,1,0.53775,0.5448,0.6722754868746805,0.7510625795587809,0.6595864850053624,False,False,True,False,2.0
DELL Latitude 3450 71076115,Dell,Intel,Core i7,1355.0,5.0,16.0,DDR5,5200.0,512.0,14.0,1920 x 1080,60.0,Intel,1.5,3Cell 42WHrs,28990000.0,data/anphat/detail_htmls\dell_16_specs.html,INTEL_IRIS_XE,INTEGRATED,False,0.8,0.8,0.8138041733547352,0.6898073836276084,0.2114767255216693,0.1597222222222222,28.99,0.807,0.69,True,True,True,True,False,True,False,42.0,0.11864406779661017,0.55,0.11864406779661017,1,0.65175,0.6646000000000001,0.6283113978289849,0.5096434012569035,0.6671188092744239,True,True,True,False,13.0
DELL Inspiron 14 5440 N4i7204w1,Dell,Intel,Core 7,150.0,5.4,16.0,DDR5,5200.0,512.0,14.0,1920 x 1200,60.0,Intel,1.67,4Cell 54WHrs,26999000.0,data/anphat/detail_htmls\dell_15_specs.html,INTEL_IRIS_XE,INTEGRATED,False,0.8,0.8,0.9542536115569824,0.4787319422150883,0.2114767255216693,0.1458958333333333,27.0,0.877,0.479,True,True,True,False,False,True,False,54.0,0.3661909009812667,0.55,0.3661909009812667,1,0.66925,0.6856000000000001,0.6354443599715343,0.5013008442358993,0.6931601308343702,True,True,True,False,1.0
DELL Inspiron 14 5441 71069158,Dell,Qualcomm,Snapdragon X X1,100.0,2.97,16.0,,,512.0,14.0,1920 x 1200,60.0,Qualcomm,1.66,3Cell 54Wh,28990000.0,data/anphat/detail_htmls\dell_19_specs.html,QUALCOMM_ADRENO,INTEGRATED_ARM,False,0.8,0.8,0.1300160513643659,0.507223113964687,0.2114767255216693,0.1597222222222222,28.99,0.465,0.507,True,True,True,False,False,True,False,54.0,0.3661909009812667,0.45,0.3661909009812667,1,0.5062500000000001,0.507,0.4600162700838938,0.5141218715232186,0.47258169584239595,False,False,False,False,1.0
DELL Inspiron 14 5440 7fn5j,Dell,Intel,Core 7,150.0,5.4,16.0,DDR5,5200.0,1024.0,14.0,1920 x 1200,60.0,Intel,1.56,4Cell 54WHrs,27990000.0,data/anphat/detail_htmls\dell_18_specs.html,INTEL_GRAPHICS,INTEGRATED,False,0.8,1.0,0.9542536115569824,0.6320224719101124,0.2114767255216693,0.1527777777777778,27.99,0.917,0.632,True,True,True,True,False,True,False,54.0,0.3661909009812667,0.45,0.3661909009812667,1,0.6192500000000001,0.6426000000000001,0.7070960453647928,0.57028158259866,0.7531995369338887,True,True,True,False,1.0
DELL Inspiron 14 5441 5mnk1,Dell,Qualcomm,Snapdragon X Plus,100.0,3.4,16.0,LPDDR5X,8448.0,512.0,14.0,1920 x 1200,60.0,Qualcomm,1.53,3Cell 54Wh,31990000.0,data/anphat/detail_htmls\dell_17_specs.html,QUALCOMM_ADRENO,INTEGRATED_ARM,False,0.8,0.8,0.1565008025682183,0.656099518459069,0.2114767255216693,0.1805555555555555,31.99,0.478,0.656,True,True,True,True,False,True,False,54.0,0.3661909009812667,0.45,0.3661909009812667,1,0.5095000000000001,0.5109,0.5179730116569274,0.5811162535456906,0.5166111059547555,False,False,False,False,1.0
Nb DELL Mobile Precision 3590,Dell,Intel,Core Ultra 7,165.0,5.0,16.0,DDR5,5600.0,512.0,15.6,1920 x 1080,60.0,NVIDIA,1.62,"3-cell, 42Wh",48990000.0,data/anphat/detail_htmls\dell_20_specs.html,RTX 500,DISCRETE_GAMING,False,0.8,0.8,0.8138041733547352,0.5810593900481541,0.5842696629213483,0.2986111111111111,48.99,0.807,0.581,True,True,True,False,False,False,True,42.0,0.11864406779661017,0.45,0.11864406779661017,1,0.59175,0.6096,0.590249600076176,0.38614821666621324,0.6252919633675218,False,True,False,False,1.0
DELL Xps 9350 Xps9350 U5ia165w11gr Fp,Dell,Intel,Core Ultra 5,226.0,4.5,16.0,LPDDR5X,8533.0,512.0,13.4,2560 x 1600,,Intel,1.21,3Cell 55WHrs,59990000.0,data/anphat/detail_htmls\dell_21_specs.html,INTEL_GRAPHICS,INTEGRATED,False,0.8,0.8,0.3029695024077046,0.9402086677367576,0.0361155698234349,0.375,59.99,0.551,0.94,True,True,True,True,False,True,False,55.0,0.3862622658340767,0.45,0.3862622658340767,1,0.52775,0.5328,0.6542754868746805,0.7510625795587809,0.6374864850053624,False,False,True,False,2.0
DELL Latitude 5450 Btx Base 42lt545001,Dell,Intel,Core Ultra 7,155.0,4.8,16.0,DDR5,5600.0,512.0,14.0,1920 x 1080,60.0,Intel,1.4,"3-cell, 54 Wh",32990000.0,data/anphat/detail_htmls\dell_22_specs.html,INTEL_GRAPHICS,INTEGRATED,False,0.8,0.8,0.6460674157303371,0.7885232744783306,0.2114767255216693,0.1875,32.99,0.723,0.789,True,True,True,True,False,True,False,54.0,0.3661909009812667,0.45,0.3661909009812667,1,0.57075,0.5844,0.674571326263669,0.6407069437543582,0.6847484855695227,False,False,True,False,1.0
DELL 16 Plus Db16250 X65nw7,Dell,Intel,Ultra 7,256.0,4.8,16.0,DDR5,,1024.0,16.0,2K,,Intel,1.87,4cell 64Whr,36990000.0,data/anphat/detail_htmls\dell_25_specs.html,INTEL_GRAPHICS,INTEGRATED,False,0.8,1.0,0.6460674157303371,0.3170144462279294,0.8487158908507223,0.2152777777777778,36.99,0.763,0.317,True,True,True,False,False,False,True,64.0,0.6284567350579839,0.45,0.6284567350579839,1,0.58075,0.5964,0.579996403191372,0.39287317990271814,0.606623017416661,False,False,False,False,2.0
DELL 16 Plus Db16250 X65nw9,Dell,Intel,Ultra 9,288.0,5.1,32.0,DDR5,,2048.0,16.0,2K,,Intel,1.87,4cell 64Whr,49990000.0,data/anphat/detail_htmls\dell_24_specs.html,INTEL_GRAPHICS,INTEGRATED,False,1.0,1.0,0.8743980738362761,0.3170144462279294,0.8487158908507223,0.3055555555555556,49.99,0.937,0.317,True,True,True,False,False,False,True,64.0,0.6284567350579839,0.45,0.6284567350579839,1,0.6542500000000001,0.6786000000000001,0.6582964031913721,0.39287317990271814,0.7027580174166611,True,True,True,False,2.0
DELL 15 Dc15250 Dc5i5372w1,Dell,Intel,Core i5,1334.0,4.6,16.0,DDR4,,512.0,15.6,1920 x 1080,,Intel,1.65,"3 Cell, 41 Wh",17990000.0,data/anphat/detail_htmls\dell_27_specs.html,INTEL_GRAPHICS,INTEGRATED,False,0.8,0.8,0.4534510433386838,0.543338683788122,0.5842696629213483,0.0833333333333333,17.99,0.627,0.543,True,True,True,False,False,False,True,41.0,0.05798394290811775,0.45,0.05798394290811775,1,0.5467500000000001,0.5556,0.4839153279074662,0.3479428551382264,0.506800468586005,False,False,False,False,13.0
DELL 15 Dc15250 Dc5i7748w1,Dell,Intel,Core i7,1355.0,5.0,16.0,DDR4,,512.0,15.6,1920 x 1080,,Intel,1.65,4C 54Wh,21990000.0,data/anphat/detail_htmls\dell_28_specs.html,INTEL_GRAPHICS,INTEGRATED,False,0.8,0.8,0.8138041733547352,0.543338683788122,0.5842696629213483,0.1111111111111111,21.99,0.807,0.543,True,True,True,False,False,False,True,54.0,0.3661909009812667,0.45,0.3661909009812667,1,0.59175,0.6096,0.6265567195220961,0.45581529046382857,0.6555635818777089,False,True,True,False,13.0
DELL Latitude 3450 L3450 1335u 08512u,Dell,Intel,Core i5,1335.0,4.6,8.0,DDR5,,512.0,14.0,1920 x 1080,,Intel,1.5,3Cell 42WHrs,19990000.0,data/anphat/detail_htmls\dell_29_specs.html,INTEL_UHD,INTEGRATED,False,0.6,0.8,0.4534510433386838,0.6898073836276084,0.2114767255216693,0.0972222222222222,19.99,0.567,0.69,True,True,True,True,False,True,False,42.0,0.11864406779661017,0.45,0.11864406779661017,1,0.50175,0.5075999999999999,0.520311397828985,0.5096434012569035,0.5345188092744239,False,False,False,False,13.0
DELL Inspiron 15 3530 N3530 I3u085w11slu,Dell,Intel,Core i3,1305.0,4.5,8.0,DDR4,3200.0,512.0,15.6,1920 x 1080,120.0,Intel,1.65,"3 Cell, 41 Wh",13890000.0,data/anphat/detail_htmls\dell_30_specs.html,INTEL_UHD,INTEGRATED,False,0.6,0.8,0.3029695024077046,0.543338683788122,0.5842696629213483,0.0548611111111111,13.89,0.491,0.543,True,True,True,False,False,False,True,41.0,0.05798394290811775,0.45,0.05798394290811775,1,0.48275,0.4848,0.42271532790746624,0.3479428551382264,0.43166046858600504,False,False,False,False,13.0
DELL 15 Dc15250 71071928,Dell,Intel,Core i5,1334.0,4.6,16.0,DDR4,,512.0,15.6,1920 x 1080,,Intel,1.65,"3 Cell, 41 Wh",18990000.0,data/anphat/detail_htmls\dell_31_specs.html,INTEL_GRAPHICS,INTEGRATED,False,0.8,0.8,0.4534510433386838,0.543338683788122,0.5842696629213483,0.0902777777777777,18.99,0.627,0.543,True,True,True,False,False,False,True,41.0,0.05798394290811775,0.45,0.05798394290811775,1,0.5467500000000001,0.5556,0.4839153279074662,0.3479428551382264,0.506800468586005,False,False,False,False,13.0
DELL Inspiron 15 3530 71053721,Dell,Intel,Core i7,1355.0,5.0,16.0,DDR4,,512.0,15.6,1920 x 1080,120.0,Intel,1.62,4 Cell 54Whr,22990000.0,data/anphat/detail_htmls\dell_33_specs.html,INTEL_IRIS_XE,INTEGRATED,False,0.8,0.8,0.8138041733547352,0.5810593900481541,0.5842696629213483,0.1180555555555555,22.99,0.807,0.581,True,True,True,False,False,False,True,54.0,0.3661909009812667,0.55,0.3661909009812667,1,0.65175,0.6646000000000001,0.6397589667131074,0.472789608280843,0.6648994566770668,True,True,True,False,13.0
DELL Latitude 3450 L3450 1335u 16512w,Dell,Intel,Core i5,1335.0,4.6,16.0,DDR5,5600.0,512.0,14.0,1920 x 1080,,Intel,1.5,3Cell 42WHrs,22990000.0,data/anphat/detail_htmls\dell_36_specs.html,INTEL_IRIS_XE,INTEGRATED,False,0.8,0.8,0.4534510433386838,0.6898073836276084,0.2114767255216693,0.1180555555555555,22.99,0.627,0.69,True,True,True,True,False,True,False,42.0,0.11864406779661017,0.55,0.11864406779661017,1,0.60675,0.6106,0.547311397828985,0.5096434012569035,0.5676688092744239,True,True,False,False,13.0
DELL Inspiron 15 3520 25p2312,Dell,Intel,Core i5,1235.0,4.4,16.0,DDR4,3200.0,512.0,15.6,1920 x 1080,,Intel,1.83,3 Cell,16900000.0,data/anphat/detail_htmls\dell_37_specs.html,INTEL_IRIS_XE,INTEGRATED,False,0.8,0.8,0.2451845906902086,0.3314606741573034,0.5842696629213483,0.0757638888888889,16.9,0.523,0.331,True,True,True,False,False,False,True,,,0.55,,0,0.58075,0.5794,0.4513612359550562,0.40730337078651685,0.46762323033707864,False,False,False,False,12.0
DELL Latitude 3540 Adl Xcto 42lt354001,Dell,Intel,Core i5,1235.0,4.4,8.0,DDR4,3200.0,512.0,15.6,1920 x 1080,,Intel,1.81,"3 Cell, 42 Wh",18990000.0,data/anphat/detail_htmls\dell_38_specs.html,INTEL_UHD,INTEGRATED,False,0.6,0.8,0.2451845906902086,0.348314606741573,0.5842696629213483,0.0902777777777777,18.99,0.463,0.348,True,True,True,False,False,False,True,42.0,0.11864406779661017,0.45,0.11864406779661017,1,0.47575,0.4764,0.3539889259188726,0.28141306417825174,0.377627629499143,False,False,False,False,12.0
DELL Inspiron 16 5640 N6i7512w1,Dell,Intel,Core 7,150.0,5.4,16.0,DDR5,5200.0,1024.0,16.0,2560 x 1600,,NVIDIA,1.87,4Cell 54WHrs,33690000.0,data/anphat/detail_htmls\dell_41_specs.html,MX 570A,DISCRETE_LIGHT,False,0.8,1.0,0.9542536115569824,0.3170144462279294,0.8487158908507223,0.1923611111111111,33.69,0.917,0.317,True,True,True,False,False,False,True,54.0,0.3661909009812667,0.55,0.3661909009812667,1,0.67925,0.6976000000000001,0.5968432363760287,0.30108013797586713,0.6497454839643863,True,True,False,False,1.0
DELL Gaming G15 5530 1053700,Dell,Intel,Core i7,13650.0,4.9,16.0,DDR5,4800.0,512.0,15.6,1920 x 1080,120.0,NVIDIA,2.81,3Cell 56Wh,35900000.0,data/anphat/detail_htmls\dell_39_specs.html,RTX 3050,DISCRETE_GAMING,False,0.8,0.8,0.7391653290529695,0.012841091492776902,0.5842696629213483,0.2077083333333333,35.9,0.77,0.013,True,True,True,False,True,False,True,56.0,0.41480820695807313,0.9,0.41480820695807313,1,0.8525,0.846,0.43395602341408657,0.23410743102280557,0.5116016967409001,True,True,False,False,13.0
DELL Inspiron 14 14 7440 2 In 1 N4i5006w1,Dell,Intel,Core 5,120.0,5.0,16.0,DDR5,5200.0,1024.0,14.0,1920 x 1200,,Intel,1.74,4Cell 54WHrs,31990000.0,data/anphat/detail_htmls\dell_40_specs.html,INTEL_GRAPHICS,INTEGRATED,False,0.8,1.0,0.8138041733547352,0.4020866773675762,0.2114767255216693,0.1805555555555555,31.99,0.847,0.402,True,True,True,False,False,True,False,54.0,0.3661909009812667,0.45,0.3661909009812667,1,0.60175,0.6216,0.5951185172749051,0.4668104750545188,0.657615427784611,True,True,False,False,1.0
DELL Inspiron 15 N3530 I7u161w11slu Bl,Dell,Intel,Core i7,1355.0,5.0,16.0,DDR4,3200.0,1024.0,15.6,1920 x 1080,120.0,Intel,1.62,4 Cell 54Whr,23990000.0,data/anphat/detail_htmls\dell_42_specs.html,INTEL_IRIS_XE,INTEGRATED,False,0.8,1.0,0.8138041733547352,0.5810593900481541,0.5842696629213483,0.125,23.99,0.847,0.581,True,True,True,False,False,False,True,54.0,0.3661909009812667,0.55,0.3661909009812667,1,0.66175,0.6766,0.6577589667131073,0.472789608280843,0.6869994566770669,True,True,True,False,13.0
DELL Inspiron 14 5440 71059084,Dell,Intel,Core 7,150.0,5.4,16.0,DDR5,5200.0,1024.0,14.0,2240 x 1400,,NVIDIA,1.56,4Cell 54WHrs,33990000.0,data/anphat/detail_htmls\dell_43_specs.html,MX 570A,DISCRETE_LIGHT,False,0.8,1.0,0.9542536115569824,0.6320224719101124,0.2114767255216693,0.1944444444444444,33.99,0.917,0.632,True,True,True,True,False,True,False,54.0,0.3661909009812667,0.55,0.3661909009812667,1,0.67925,0.6976000000000001,0.7070960453647928,0.57028158259866,0.7531995369338887,True,True,True,False,1.0
DELL Latitude 3550 42lt355001,Dell,Intel,Core i5,1335.0,4.6,8.0,DDR5,5600.0,512.0,15.6,1920 x 1080,,Intel,1.81,"3 Cell, 42 Wh",21990000.0,data/anphat/detail_htmls\dell_46_specs.html,INTEL_UHD,INTEGRATED,False,0.6,0.8,0.4534510433386838,0.348314606741573,0.5842696629213483,0.1111111111111111,21.99,0.567,0.348,True,True,True,False,False,False,True,42.0,0.11864406779661017,0.45,0.11864406779661017,1,0.50175,0.5075999999999999,0.40078892591887255,0.28141306417825174,0.435087629499143,False,False,False,False,13.0
DELL Latitude 3450 L3450 1335u 08512w,Dell,Intel,Core i5,1335.0,4.6,8.0,DDR5,,512.0,14.0,1920 x 1080,,Intel,1.5,3Cell 42WHrs,20990000.0,data/anphat/detail_htmls\dell_44_specs.html,INTEL_UHD,INTEGRATED,False,0.6,0.8,0.4534510433386838,0.6898073836276084,0.2114767255216693,0.1041666666666666,20.99,0.567,0.69,True,True,True,True,False,True,False,42.0,0.11864406779661017,0.45,0.11864406779661017,1,0.50175,0.5075999999999999,0.520311397828985,0.5096434012569035,0.5345188092744239,False,False,False,False,13.0
DELL Latitude 7350 L7350 135u 16512w,Dell,Intel,Core Ultra 5,135.0,4.4,16.0,LPDDR5,6400.0,512.0,13.3,1920 x 1080,,Intel,1.15,3Cell 54WHrs,38990000.0,data/anphat/detail_htmls\dell_45_specs.html,INTEL_GRAPHICS,INTEGRATED,False,0.8,0.8,0.2451845906902086,0.9654895666131621,0.0176565008025682,0.2291666666666666,38.99,0.523,0.965,True,True,True,True,False,True,False,54.0,0.3661909009812667,0.45,0.3661909009812667,1,0.52075,0.5244,0.6465095285108602,0.7591058201588526,0.6258004518616576,False,False,True,False,1.0
DELL Latitude 3550 71047018,Dell,Intel,Core i5,1335.0,4.6,16.0,DDR5,,512.0,15.6,1920 x 1080,,Intel,1.81,"3 Cell, 42 Wh",23990000.0,data/anphat/detail_htmls\dell_50_specs.html,INTEL_UHD,INTEGRATED,False,0.8,0.8,0.4534510433386838,0.348314606741573,0.5842696629213483,0.125,23.99,0.627,0.348,True,True,True,False,False,False,True,42.0,0.11864406779661017,0.45,0.11864406779661017,1,0.5467500000000001,0.5556,0.4277889259188726,0.28141306417825174,0.468237629499143,False,False,False,False,13.0
DELL Mobile Precision Workstation 3590,Dell,Intel,Core Ultra 7,165.0,5.0,16.0,DDR5,5600.0,512.0,15.6,1920 x 1080,60.0,Intel,1.66,"3 Cell, 42WHr",46990000.0,data/anphat/detail_htmls\dell_49_specs.html,INTEL_GRAPHICS,INTEGRATED,False,0.8,0.8,0.8138041733547352,0.507223113964687,0.5842696629213483,0.2847222222222222,46.99,0.807,0.507,True,True,True,False,False,False,True,42.0,0.11864406779661017,0.45,0.11864406779661017,1,0.59175,0.6096,0.5644069034469624,0.352921892428653,0.6070174850368637,False,True,False,False,1.0
DELL Mobile Precision Workstation 5680 71023332,Dell,Intel,Core i7,13800.0,5.2,16.0,DDR5,4800.0,512.0,16.0,1920 x 1200,60.0,NVIDIA,1.66,6-cell 100Wh,85990000.0,data/anphat/detail_htmls\dell_48_specs.html,RTX 2000,DISCRETE_GAMING,False,0.8,0.8,0.914526484751204,0.507223113964687,0.8487158908507223,0.5555555555555556,85.99,0.857,0.507,True,True,True,False,False,False,True,100.0,0.995985727029438,0.8,0.995985727029438,1,0.81425,0.8171,0.762375235293528,0.607102227574268,0.7644393013969413,True,True,True,False,13.0
ASUS Vivobook 15 X1502va Bq885w,Asus,Intel,Core i5,13420.0,4.6,8.0,DDR4,,512.0,15.6,1920 x 1080,60.0,Intel,1.7,"42WHrs, 3S1P, 3-cell",15700000.0,data/anphat/detail_htmls\asus_4_specs.html,INTEL_UHD,INTEGRATED,False,0.6,0.8,0.4534510433386838,0.4438202247191011,0.5842696629213483,0.0674305555555555,15.7,0.567,0.444,True,True,True,False,False,False,True,42.0,0.11864406779661017,0.45,0.11864406779661017,1,0.50175,0.5075999999999999,0.43421589221100737,0.3243905922681394,0.4587252699485812,False,False,False,False,13.0
ASUS Expertbook P1 P1403cva S61261w,Asus,Intel,Core i7,13620.0,4.9,16.0,DDR5,,1024.0,14.0,1920 x 1080,,Intel,1.44,3-cell 50WHrs,19900000.0,data/anphat/detail_htmls\asus_2_specs.html,INTEL_UHD,INTEGRATED,False,0.8,1.0,0.7391653290529695,0.742776886035313,0.2114767255216693,0.0965972222222222,19.9,0.81,0.743,True,True,True,True,False,True,False,50.0,0.25111507582515613,0.45,0.25111507582515613,1,0.5925,0.6105,0.6746949252773908,0.5798445301503616,0.7030816224048982,False,True,True,False,13.0
ASUS Rog Zephyrus G14 Ga403 RYZEN Ai 9 Ga403wm Qs058ws,Asus,AMD,Ryzen AI 9,370.0,5.1,32.0,LPDDR5X,7500.0,1024.0,14.0,2880 x 1800,120.0,NVIDIA,1.5,"73WHrs, 4S1P, 4-cell Li-ion (sạc nhanh 0-50% trong 30 phút)",59990000.0,data/anphat/detail_htmls\asus_0_specs.html,RTX 5060,DISCRETE_GAMING,False,1.0,1.0,0.8743980738362761,0.6898073836276084,0.2114767255216693,0.375,59.99,0.937,0.69,True,True,True,True,False,True,False,73.0,0.7551293487957181,0.45,0.7551293487957181,1,0.6542500000000001,0.6786000000000001,0.8141084540288066,0.7324132496065914,0.8407814542342813,True,True,True,False,3.0
ASUS Vivobook 15 X1502va Bq886w,Asus,Intel,Core i7,13620.0,4.9,16.0,DDR4,,512.0,15.6,1920 x 1080,,Intel,1.7,"42WHrs, 3S1P, 3-cell",17660000.0,data/anphat/detail_htmls\asus_5_specs.html,INTEL_IRIS_XE,INTEGRATED,False,0.8,0.8,0.7391653290529695,0.4438202247191011,0.5842696629213483,0.0810416666666666,17.66,0.77,0.444,True,True,True,False,False,False,True,42.0,0.11864406779661017,0.55,0.11864406779661017,1,0.6425,0.6535000000000001,0.5255658922110074,0.3243905922681394,0.5708827699485811,True,True,False,False,13.0
ASUS Zenbook A14 Ux3407qa Qd299ws,Asus,Qualcomm,Snapdragon X  X1,100.0,2.97,16.0,LPDDR5X,,512.0,14.0,1920 x 1200,60.0,Qualcomm,0.99,3 Cell 70Whr,29990000.0,data/anphat/detail_htmls\asus_7_specs.html,QUALCOMM_ADRENO,INTEGRATED_ARM,False,0.8,0.8,0.1300160513643659,0.9871589085072231,0.2114767255216693,0.1666666666666666,29.99,0.465,0.987,True,True,True,True,False,True,False,70.0,0.6882247992863515,0.45,0.6882247992863515,1,0.5062500000000001,0.507,0.6924005778347984,0.8428048434741395,0.6428912287204872,False,False,True,True,1.0
ASUS Rog Zephyrus G14 Ga403wp Qs045ws,Asus,AMD,Ryzen AI 9,370.0,5.1,32.0,LPDDR5X,,1024.0,14.0,2880 x 1800,,NVIDIA,1.5,"73WHrs, 4S1P, 4-cell Li-ion",61990000.0,data/anphat/detail_htmls\asus_8_specs.html,RTX 5070,DISCRETE_GAMING,False,1.0,1.0,0.8743980738362761,0.6898073836276084,0.2114767255216693,0.3888888888888889,61.99,0.937,0.69,True,True,True,True,False,True,False,73.0,0.7551293487957181,0.45,0.7551293487957181,1,0.6542500000000001,0.6786000000000001,0.8141084540288066,0.7324132496065914,0.8407814542342813,True,True,True,False,3.0
ASUS Vivobook Go 15 E1504fa Bq1150w,Asus,AMD,Ryzen 5,7520.0,4.3,16.0,LPDDR5,,512.0,15.6,FHD,60.0,AMD,1.63,3 cell 42WHrs,12990000.0,data/anphat/detail_htmls\asus_9_specs.html,AMD_RADEON_GRAPHICS,INTEGRATED,False,0.8,0.8,0.2146869983948635,0.5638041733547352,0.5842696629213483,0.0486111111111111,12.99,0.507,0.564,True,True,True,False,False,False,True,42.0,0.11864406779661017,0.5,0.11864406779661017,1,0.54675,0.5471,0.44921027423347937,0.37838336915417475,0.45527129723590065,False,False,False,False,7.0
ASUS Vivobook Go E1404fa Eb482w,Asus,AMD,Ryzen 5,7520.0,4.3,16.0,LPDDR5,,512.0,14.0,FHD,60.0,AMD,1.38,3 cell 42WHrs,14490000.0,data/anphat/detail_htmls\asus_10_specs.html,AMD_RADEON_GRAPHICS,INTEGRATED,False,0.8,0.8,0.2146869983948635,0.8358747993579454,0.2114767255216693,0.0590277777777777,14.49,0.507,0.836,True,True,True,True,False,True,False,42.0,0.11864406779661017,0.5,0.11864406779661017,1,0.54675,0.5471,0.5444349933346029,0.5753737383355552,0.5375204946676824,False,False,False,False,7.0
ASUS Vivobook X1404va Eb509w,Asus,Intel,Core i3,1315.0,4.5,8.0,DDR4,3200.0,512.0,14.0,1920 x 1080,,Intel,1.4,"3 cell 42 Wh , Pin liền",12190000.0,data/anphat/detail_htmls\asus_11_specs.html,INTEL_UHD,INTEGRATED,False,0.6,0.8,0.3029695024077046,0.7885232744783306,0.2114767255216693,0.0430555555555555,12.19,0.491,0.789,True,True,True,True,False,True,False,42.0,0.11864406779661017,0.45,0.11864406779661017,1,0.48275,0.4848,0.5206619596267377,0.5540655521397285,0.5169609922599776,False,False,False,False,13.0
ASUS Vivobook 15 X1504va Bq165w,Asus,Intel,Core 5,120.0,5.0,8.0,DDR4,,512.0,15.6,1920 x 1080,60.0,Intel,1.7,"3-cell, 42WHrs",16690000.0,data/anphat/detail_htmls\asus_12_specs.html,INTEL_GRAPHICS,INTEGRATED,False,0.6,0.8,0.8138041733547352,0.4438202247191011,0.5842696629213483,0.0743055555555555,16.69,0.747,0.444,True,True,True,False,False,False,True,42.0,0.11864406779661017,0.45,0.11864406779661017,1,0.54675,0.5616,0.5152158922110074,0.3243905922681394,0.5581752699485811,False,False,False,False,1.0
ASUS Zenbook 14 Um3406ka Pp590ws,Asus,AMD,Ryzen AI 7,350.0,5.0,32.0,LPDDR5X,,1024.0,14.0,2880 x 1800,120.0,AMD,1.2,"75WHrs, 4S1P, 4-cell Li-ion",31990000.0,data/anphat/detail_htmls\asus_15_specs.html,AMD_RADEON_GRAPHICS,INTEGRATED,False,1.0,1.0,0.8138041733547352,0.949438202247191,0.2114767255216693,0.1805555555555555,31.99,0.907,0.949,True,True,True,True,False,True,False,75.0,0.7979482604817127,0.5,0.7979482604817127,1,0.6767500000000001,0.6971,0.9000430228828594,0.8642337370755016,0.895316107712387,True,True,True,True,3.0
ASUS Vivobook S 14 Oled S5406sa Pp059ws,Asus,Intel,Core Ultra 5,258.0,4.8,32.0,LPDDR5X,,1024.0,14.0,2880 x 1800,120.0,Intel,1.3,"75 WHrs, 4-cell",35990000.0,data/anphat/detail_htmls\asus_14_specs.html,INTEL_GRAPHICS,INTEGRATED,False,1.0,1.0,0.6460674157303371,0.8900481540930979,0.2114767255216693,0.2083333333333333,35.99,0.823,0.89,True,True,True,True,False,True,False,75.0,0.7979482604817127,0.45,0.7979482604817127,1,0.62575,0.6444,0.8414565060289269,0.8375082154061597,0.834207070794249,True,True,True,True,2.0
ASUS Expertbook P1503cva I308256 50w,Asus,Intel,Core i3,1315.0,4.5,8.0,DDR5,,256.0,15.6,1920 x 1080,,Intel,1.62,3-cell 50WHrs,11990000.0,data/anphat/detail_htmls\asus_17_specs.html,INTEL_UHD,INTEGRATED,False,0.6,0.6,0.3029695024077046,0.5810593900481541,0.5842696629213483,0.0416666666666666,11.99,0.451,0.581,True,True,True,False,False,False,True,50.0,0.25111507582515613,0.45,0.25111507582515613,1,0.47275,0.4728,0.4565438016818852,0.4325130694762043,0.4497973246520892,False,False,False,False,13.0
ASUS Zenbook 14 Um3406ka Pp113ws,Asus,AMD,RYZEN AI 7,350.0,2.0,16.0,LPDDR5X,,512.0,14.0,2880 x 1800,120.0,AMD,1.2,"75 WHrs, 4-cell",28990000.0,data/anphat/detail_htmls\asus_22_specs.html,AMD_RADEON_GRAPHICS,INTEGRATED,False,0.8,0.8,0.0581861958266452,0.949438202247191,0.2114767255216693,0.1597222222222222,28.99,0.429,0.949,True,True,True,True,False,True,False,75.0,0.7979482604817127,0.5,0.7979482604817127,1,0.52725,0.5237,0.6849430228828594,0.8642337370755016,0.631221107712387,False,False,True,True,3.0
ASUS Vivobook S 16 S5606ca Ri171ws,Asus,Intel,Core Ultra 7,255.0,5.1,16.0,LPDDR5X,,512.0,16.0,2880 x 1800,120.0,Intel,1.5,4-cell 75WHrs,30999000.0,data/anphat/detail_htmls\asus_25_specs.html,INTEL_GRAPHICS,INTEGRATED,False,0.8,0.8,0.8743980738362761,0.6898073836276084,0.8487158908507223,0.1736736111111111,31.0,0.837,0.69,True,True,True,True,False,False,True,75.0,0.7979482604817127,0.45,0.7979482604817127,1,0.5992500000000001,0.6186,0.7776722363660055,0.6199520356308788,0.7668929134908782,False,True,True,False,2.0
ASUS Vivobook S14 M3407ka Sf032ws,Asus,AMD,Ryzen  AI 7,350.0,4.6,16.0,DDR5,,512.0,14.0,1920 x 1200,60.0,AMD,1.4,"70WHrs, 4S1P, 4-cell Li-ion",25999000.0,data/anphat/detail_htmls\asus_27_specs.html,AMD_RADEON_GRAPHICS,INTEGRATED,False,0.8,0.8,0.4534510433386838,0.7885232744783306,0.2114767255216693,0.1389513888888889,26.0,0.627,0.789,True,True,True,True,False,True,False,70.0,0.6882247992863515,0.5,0.6882247992863515,1,0.57675,0.5831,0.695778105924686,0.7534188081611379,0.6832339092983364,False,False,True,True,
ASUS Vivobook S14 M3407ka Sf034ws,Asus,AMD,Ryzen AI 5,330.0,4.6,16.0,DDR5,,512.0,14.0,1920 x 1200,60.0,AMD,1.4,"70WHrs, 4S1P, 4-cell Li-ion",22999000.0,data/anphat/detail_htmls\asus_26_specs.html,AMD_RADEON_GRAPHICS,INTEGRATED,False,0.8,0.8,0.4534510433386838,0.7885232744783306,0.2114767255216693,0.1181180555555555,23.0,0.627,0.789,True,True,True,True,False,True,False,70.0,0.6882247992863515,0.5,0.6882247992863515,1,0.57675,0.5831,0.695778105924686,0.7534188081611379,0.6832339092983364,False,False,True,True,3.0
ASUS Vivobook S 14 S3407ca Ly096ws,Asus,Intel,Core Ultra 7,255.0,5.1,16.0,DDR5,,512.0,14.0,1920 x 1200,60.0,Intel,1.4,"70WHrs, 4S1P, 4-cell Li-ion",25990000.0,data/anphat/detail_htmls\asus_28_specs.html,INTEL_UHD,INTEGRATED,False,0.8,0.8,0.8743980738362761,0.7885232744783306,0.2114767255216693,0.1388888888888889,25.99,0.837,0.789,True,True,True,True,False,True,False,70.0,0.6882247992863515,0.45,0.6882247992863515,1,0.5992500000000001,0.6186,0.7902781059246861,0.7534188081611379,0.7992589092983364,False,True,True,True,2.0
ASUS Vivobook S16 S3607ca Sh082ws,Asus,Intel,Core Ultra 5,225.0,1.7,16.0,DDR5,,512.0,16.0,1920 x 1200,60.0,Intel,1.7,"70WHrs, 4S1P, 4-cell Li-ion",24990000.0,data/anphat/detail_htmls\asus_31_specs.html,INTEL_GRAPHICS,INTEGRATED,False,0.8,0.8,0.0381219903691813,0.4438202247191011,0.8487158908507223,0.1319444444444444,24.99,0.419,0.444,True,True,True,False,False,False,True,70.0,0.6882247992863515,0.45,0.6882247992863515,1,0.49475,0.4931999999999999,0.48153203850895565,0.4708546027036741,0.45751033786976486,False,False,False,False,2.0
ASUS Vivobook S 14 S3407ca Ly095ws,Asus,Intel,Core Ultra 5,225.0,4.9,16.0,DDR5,,512.0,14.0,1920 x 1200,60.0,Intel,1.4,"70WHrs, 4S1P, 4-cell Li-ion",22990000.0,data/anphat/detail_htmls\asus_30_specs.html,INTEL_UHD,INTEGRATED,False,0.8,0.8,0.7391653290529695,0.7885232744783306,0.2114767255216693,0.1180555555555555,22.99,0.77,0.789,True,True,True,True,False,True,False,70.0,0.6882247992863515,0.45,0.6882247992863515,1,0.5825,0.5985,0.760128105924686,0.7534188081611379,0.7622414092983363,False,False,True,True,2.0
ASUS Vivobook 14 X1405va Ly623w,Asus,Intel,Core i5,13420.0,4.6,16.0,DDR4,3200.0,512.0,14.0,1920 x 1200,60.0,Intel,1.6,"42WHrs, 3S1P, 3-cell Li-ion",16190000.0,data/anphat/detail_htmls\asus_35_specs.html,INTEL_UHD,INTEGRATED,False,0.8,0.8,0.4534510433386838,0.6087479935794542,0.2114767255216693,0.0708333333333333,16.19,0.627,0.609,True,True,True,False,False,True,False,42.0,0.11864406779661017,0.45,0.11864406779661017,1,0.5467500000000001,0.5556,0.518940611312131,0.47316667573523413,0.5476066102375058,False,False,False,False,13.0
ASUS Vivobook S14 S3407qa Sf043ws,Asus,Qualcomm,Snapdragon X  X1,100.0,2.97,80.0,LPDDR5X,,512.0,14.0,1920 x 1200,60.0,Qualcomm,1.35,"70WHrs, 3S1P, 3-cell Li-ion",24990000.0,data/anphat/detail_htmls\asus_33_specs.html,QUALCOMM_ADRENO,INTEGRATED_ARM,False,1.0,0.8,0.1300160513643659,0.858346709470305,0.2114767255216693,0.1319444444444444,24.99,0.525,0.858,True,True,True,True,False,True,False,70.0,0.6882247992863515,0.45,0.6882247992863515,1,0.55125,0.555,0.674316308171877,0.7848393539075265,0.64416020945885,False,False,True,True,1.0
ASUS Vivobook S 14 Flip Tp3402va Lz632w,Asus,Intel,Core i5,13420.0,4.6,16.0,DDR4,,512.0,14.0,1920 x 1200,60.0,Intel,1.5,"3 cell, 50WHrs",20999000.0,data/anphat/detail_htmls\asus_34_specs.html,INTEL_UHD,INTEGRATED,False,0.8,0.8,0.4534510433386838,0.6898073836276084,0.2114767255216693,0.1042291666666666,21.0,0.627,0.69,True,True,True,True,False,True,False,50.0,0.25111507582515613,0.45,0.25111507582515613,1,0.5467500000000001,0.5556,0.5738055994346942,0.5560082540668946,0.5888641705589913,False,False,False,False,13.0
ASUS Vivobook S16 S3607qa Sh040ws,Asus,Qualcomm,Snapdragon X  X1,100.0,2.97,80.0,LPDDR5X,,512.0,16.0,1920 x 1200,60.0,Qualcomm,1.74,"70WHrs, 3S1P, 3-cell Li-ion",22999000.0,data/anphat/detail_htmls\asus_32_specs.html,QUALCOMM_ADRENO,INTEGRATED_ARM,False,1.0,0.8,0.1300160513643659,0.4020866773675762,0.8487158908507223,0.1181180555555555,23.0,0.525,0.402,True,True,True,False,False,False,True,70.0,0.6882247992863515,0.45,0.6882247992863515,1,0.55125,0.555,0.514625296935922,0.45207450639548785,0.5057462849002625,False,False,False,False,1.0
ASUS Expertbook P3405cva Nz0077w,Asus,Intel,Core i7,13620.0,4.9,16.0,DDR5,,512.0,14.0,2560 x 1600,,Intel,1.36,"63 WHrs, 3-cell",24999000.0,data/anphat/detail_htmls\asus_36_specs.html,INTEL_UHD,INTEGRATED,False,0.8,0.8,0.7391653290529695,0.851123595505618,0.2114767255216693,0.1320069444444444,25.0,0.77,0.851,True,True,True,True,False,True,False,63.0,0.6119536128456735,0.45,0.6119536128456735,1,0.5825,0.5985,0.766783980996101,0.7548940373691799,0.7655315989220813,False,False,True,True,13.0
ASUS Rog Strix G18 G815lr S9211w,Asus,Intel,Ultra 9,275.0,5.4,32.0,DDR5,5600.0,1024.0,18.0,2560 x 1600,240.0,NVIDIA,3.2,"90WHrs, 4S1P, 4-cell Li-ion",63990000.0,data/anphat/detail_htmls\asus_38_specs.html,RTX 5070,DISCRETE_GAMING,False,1.0,1.0,0.9542536115569824,0.009229534510433401,0.9951845906902088,0.4027777777777778,63.99,0.977,0.009,True,True,True,False,True,False,True,90.0,0.9402319357716324,0.45,0.9402319357716324,1,0.66425,0.6906,0.6309267242329781,0.3341975499117246,0.6927065358871851,True,True,True,False,2.0
ASUS Rog Strix G18 G815lm S9088w,Asus,Intel,Ultra 9,275.0,5.4,32.0,DDR5,5600.0,1024.0,18.0,2560 x 1600,240.0,NVIDIA,3.2,"90WHrs, 4S1P, 4-cell Li-ion",52990000.0,data/anphat/detail_htmls\asus_41_specs.html,RTX 5060,DISCRETE_GAMING,False,1.0,1.0,0.9542536115569824,0.009229534510433401,0.9951845906902088,0.3263888888888889,52.99,0.977,0.009,True,True,True,False,True,False,True,90.0,0.9402319357716324,0.45,0.9402319357716324,1,0.66425,0.6906,0.6309267242329781,0.3341975499117246,0.6927065358871851,True,True,True,False,2.0
ASUS Expertbook P3405cva Nz0027w,Asus,Intel,Core i5,13420.0,4.6,16.0,DDR5,,512.0,14.0,2560 x 1600,,Intel,1.36,"63 WHrs, 3-cell",19990000.0,data/anphat/detail_htmls\asus_37_specs.html,INTEL_UHD,INTEGRATED,False,0.8,0.8,0.4534510433386838,0.851123595505618,0.2114767255216693,0.0972222222222222,19.99,0.627,0.851,True,True,True,True,False,True,False,63.0,0.6119536128456735,0.45,0.6119536128456735,1,0.5467500000000001,0.5556,0.7024339809961011,0.7548940373691799,0.6865240989220814,False,False,True,True,13.0
ASUS Expertbook P3605cva Pl0042w,Asus,Intel,Core i5,13420.0,4.6,16.0,DDR5,,512.0,16.0,2560 x 1600,,Intel,1.75,"63 WHrs, 3-cell",19990000.0,data/anphat/detail_htmls\asus_40_specs.html,INTEL_UHD,INTEGRATED,False,0.8,0.8,0.4534510433386838,0.3912520064205457,0.8487158908507223,0.0972222222222222,19.99,0.627,0.391,True,True,True,False,False,False,True,63.0,0.6119536128456735,0.45,0.6119536128456735,1,0.5467500000000001,0.5556,0.5414789248163258,0.42050398921508686,0.547216314010364,False,False,False,False,13.0
ASUS Expertbook B3 B3405cca Ly0080w,Asus,Intel,Core Ultra 7,255.0,2.0,16.0,DDR5,,512.0,14.0,1920 x 1200,60.0,Intel,1.4,"3 cell 63 Wh , Pin liền",26990000.0,data/anphat/detail_htmls\asus_42_specs.html,INTEL_GRAPHICS,INTEGRATED,False,0.8,0.8,0.0581861958266452,0.7885232744783306,0.2114767255216693,0.1458333333333333,26.99,0.429,0.789,True,True,True,True,False,True,False,63.0,0.6119536128456735,0.45,0.6119536128456735,1,0.49725,0.4962,0.5914238686365504,0.7267238929069006,0.5616355194678279,False,False,False,True,2.0
ASUS Expertbook P3605cva Pl0047w,Asus,Intel,Core i7,13620.0,4.9,16.0,DDR5,,512.0,16.0,2560 x 1600,,Intel,1.75,"63 WHrs, 3-cell",25999000.0,data/anphat/detail_htmls\asus_43_specs.html,INTEL_UHD,INTEGRATED,False,0.8,0.8,0.7391653290529695,0.3912520064205457,0.8487158908507223,0.1389513888888889,26.0,0.77,0.391,True,True,True,False,False,False,True,63.0,0.6119536128456735,0.45,0.6119536128456735,1,0.5825,0.5985,0.6058289248163258,0.42050398921508686,0.626223814010364,False,False,True,False,13.0
ASUS Rog Zephyrus G16 Gu605cx Qr147w,Asus,Intel,Core Ultra 9,285.0,5.4,64.0,LPDDR5X,7467.0,2048.0,16.0,2560 x 1600,240.0,NVIDIA,1.95,"4-cell, 90WHrs",124990000.0,data/anphat/detail_htmls\asus_46_specs.html,RTX 5090,DISCRETE_GAMING,False,1.0,1.0,0.9542536115569824,0.2732744783306581,0.8487158908507223,0.8263888888888888,124.99,0.977,0.273,True,True,True,False,False,False,True,90.0,0.9402319357716324,0.45,0.9402319357716324,1,0.66425,0.6906,0.7233424545700569,0.482311514598723,0.7639164074762703,True,True,True,False,2.0
ASUS Gaming Rog Zephyrus G14 Ga403wm Qs051ws,Asus,AMD,Ryzen AI 9,370.0,5.1,32.0,LPDDR5X,8000.0,1024.0,14.0,2880 x 1800,,NVIDIA,1.5,"73WHrs, 4S1P, 4-cell Li-ion",56940000.0,data/anphat/detail_htmls\asus_47_specs.html,RTX 5060,DISCRETE_GAMING,False,1.0,1.0,0.8743980738362761,0.6898073836276084,0.2114767255216693,0.3538194444444444,56.94,0.937,0.69,True,True,True,True,False,True,False,73.0,0.7551293487957181,0.45,0.7551293487957181,1,0.6542500000000001,0.6786000000000001,0.8141084540288066,0.7324132496065914,0.8407814542342813,True,True,True,False,3.0
ASUS Rog Zephyrus G14 Ga403ww Qs136ws,Asus,AMD,Ryzen AI 9,370.0,5.1,64.0,LPDDR5X,8000.0,2048.0,14.0,2880 x 1800,,NVIDIA,1.57,"73WHrs, 4S1P, 4-cell Li-ion",89490000.0,data/anphat/detail_htmls\asus_48_specs.html,RTX 5080,DISCRETE_GAMING,False,1.0,1.0,0.8743980738362761,0.630016051364366,0.2114767255216693,0.5798611111111112,89.49,0.937,0.63,True,True,True,True,False,True,False,73.0,0.7551293487957181,0.45,0.7551293487957181,1,0.6542500000000001,0.6786000000000001,0.7931814877366717,0.7055071500881323,0.8259830994991287,True,True,True,False,3.0
ASUS Rog Strix G16 G615lw S5219w,Asus,Intel,Core Ultra 9,275.0,5.4,16.0,DDR5,5600.0,1024.0,16.0,2560 x 1600,240.0,NVIDIA,2.65,"4-cell, 90WHrs",73690000.0,data/anphat/detail_htmls\asus_50_specs.html,RTX 5080,DISCRETE_GAMING,False,0.8,1.0,0.9542536115569824,0.030096308186195797,0.8487158908507223,0.4701388888888889,73.69,0.917,0.03,True,True,True,False,True,False,True,90.0,0.9402319357716324,0.45,0.9402319357716324,1,0.6192500000000001,0.6426000000000001,0.6112300950194951,0.372881338033715,0.6705798103655158,True,True,True,False,2.0
ASUS Rog Strix G16 G615lr S5289w,Asus,Intel,Core Ultra 7,255.0,5.2,16.0,DDR5,5600.0,1024.0,16.0,2560 x 1600,240.0,NVIDIA,2.65,"4-cell, 90WHrs",57920000.0,data/anphat/detail_htmls\asus_49_specs.html,RTX 5070,DISCRETE_GAMING,False,0.8,1.0,0.914526484751204,0.030096308186195797,0.8487158908507223,0.360625,57.92,0.897,0.03,True,True,True,False,True,False,True,90.0,0.9402319357716324,0.45,0.9402319357716324,1,0.61425,0.6366,0.6022300950194951,0.372881338033715,0.6595298103655158,True,True,True,False,2.0
ASUS Tuf Gaming A14 Fa401km Rg010ws 90nr0kg1 M000t0,Asus,AMD,Ryzen AI 7,350.0,5.0,16.0,LPDDR5X,7500.0,1024.0,14.0,2560 x 1600,165.0,NVIDIA,1.46,"73WHrs, 4S1P, 4-cell Li-ion",45150000.0,data/anphat/detail_htmls\asus_51_specs.html,RTX 5060,DISCRETE_GAMING,False,0.8,1.0,0.8138041733547352,0.7323434991974318,0.2114767255216693,0.2719444444444444,45.15,0.847,0.732,True,True,True,True,False,True,False,73.0,0.7551293487957181,0.45,0.7551293487957181,1,0.60175,0.6216,0.7884960944782448,0.7515545016130118,0.8015841428378125,True,True,True,True,3.0
ASUS Tuf Gaming F16 Fx608jh Rv039w,Asus,Intel,Core i5,13450.0,4.6,16.0,DDR5,5600.0,1024.0,16.0,1920 x 1200,165.0,NVIDIA,2.2,"90WHrs, 4S1P, 4-cell Li-ion",33390000.0,data/anphat/detail_htmls\asus_52_specs.html,RTX 5050,DISCRETE_GAMING,False,0.8,1.0,0.4534510433386838,0.1785714285714286,0.8487158908507223,0.1902777777777777,33.39,0.667,0.179,True,True,True,False,False,False,True,90.0,0.9402319357716324,0.45,0.9402319357716324,1,0.5567500000000001,0.5676,0.5506963871543266,0.43969514220706973,0.569202402660861,False,False,False,False,13.0
ASUS Tuf Gaming F16 Fx608jhr Rv037w,Asus,Intel,Core i7,14650.0,5.2,16.0,DDR5,5600.0,1024.0,16.0,1920 x 1200,165.0,NVIDIA,2.2,"90WHrs, 4S1P, 4-cell Li-ion",38290000.0,data/anphat/detail_htmls\asus_54_specs.html,INTEL_UHD,INTEGRATED,False,0.8,1.0,0.914526484751204,0.1785714285714286,0.8487158908507223,0.2243055555555555,38.29,0.897,0.179,True,True,True,False,False,False,True,90.0,0.9402319357716324,0.45,0.9402319357716324,1,0.61425,0.6366,0.6541963871543265,0.43969514220706973,0.6962774026608609,True,True,True,False,14.0
ASUS Tuf Gaming F16 Fx608jpr Rv044w,Asus,Intel,Core i7,14650.0,5.2,16.0,DDR5,5600.0,1024.0,16.0,1920 x 1200,165.0,NVIDIA,2.2,"90WHrs, 4S1P, 4-cell Li-ion",45990000.0,data/anphat/detail_htmls\asus_56_specs.html,RTX 5070,DISCRETE_GAMING,False,0.8,1.0,0.914526484751204,0.1785714285714286,0.8487158908507223,0.2777777777777778,45.99,0.897,0.179,True,True,True,False,False,False,True,90.0,0.9402319357716324,0.45,0.9402319357716324,1,0.61425,0.6366,0.6541963871543265,0.43969514220706973,0.6962774026608609,True,True,True,False,14.0
ASUS Tuf Gaming F16 Fx607vj Rl034w,Asus,Intel,Core 5,210.0,4.8,16.0,DDR4,,512.0,16.0,1920 x 1080,144.0,NVIDIA,2.2,"56WHrs, 4S1P, 4-cell Li-ion",24540000.0,data/anphat/detail_htmls\asus_55_specs.html,RTX 3050,DISCRETE_GAMING,False,0.8,0.8,0.6460674157303371,0.1785714285714286,0.8487158908507223,0.1288194444444444,24.54,0.723,0.179,True,True,True,False,False,False,True,56.0,0.41480820695807313,0.9,0.41480820695807313,1,0.84075,0.8319,0.4708116413916146,0.25579683712232404,0.5160746060506913,True,True,False,False,1.0
ASUS Tuf Gaming A15 Fa506ncg Hn184w,Asus,AMD,Ryzen 7,7445.0,4.7,16.0,DDR5,5600.0,512.0,15.6,1920 x 1080,144.0,NVIDIA,2.3,3-cell 48WHrs,22990000.0,data/anphat/detail_htmls\asus_57_specs.html,RTX 3050,DISCRETE_GAMING,False,0.8,0.8,0.5714285714285714,0.1235955056179775,0.5842696629213483,0.1180555555555555,22.99,0.686,0.124,True,True,True,False,False,False,True,48.0,0.2149866190900981,0.9,0.2149866190900981,1,0.8315,0.8208000000000001,0.3949557507843118,0.21400936162535455,0.4606319601780112,True,True,False,False,7.0
ASUS Gaming V16 V3607vu Rp343w,Asus,Intel,Core 5,210.0,4.8,16.0,DDR5,,512.0,16.0,1920 x 1200,144.0,NVIDIA,1.95,"63WHrs, 3S1P, 3-cell Li-ion",26990000.0,data/anphat/detail_htmls\asus_58_specs.html,RTX 4050,DISCRETE_GAMING,False,0.8,0.8,0.6460674157303371,0.2732744783306581,0.8487158908507223,0.1458333333333333,26.99,0.723,0.273,True,True,True,False,False,False,True,63.0,0.6119536128456735,1.0,0.6119536128456735,1,0.90075,0.8869,0.543386789984865,0.36741410157463744,0.5710568758081167,True,True,False,False,1.0
ASUS Gaming V16 V3607vh Rp025w,Asus,Intel,Core 7,240.0,5.2,16.0,DDR5,,512.0,16.0,1920 x 1200,144.0,NVIDIA,1.95,"63WHrs, 3S1P, 3-cell Li-ion",30999000.0,data/anphat/detail_htmls\asus_59_specs.html,RTX 5050,DISCRETE_GAMING,False,0.8,0.8,0.914526484751204,0.2732744783306581,0.8487158908507223,0.1736736111111111,31.0,0.857,0.273,True,True,True,False,False,False,True,63.0,0.6119536128456735,0.45,0.6119536128456735,1,0.60425,0.6246,0.603686789984865,0.36741410157463744,0.6450918758081167,True,True,True,False,1.0
ASUS Expertbook P1403cva I716 50w,Asus,Intel,Core i7,13620.0,4.9,16.0,DDR5,,1024.0,14.0,1920 x 1080,,Intel,1.45,3-cell 50WHrs,19290000.0,data/anphat/detail_htmls\asus_63_specs.html,INTEL_UHD,INTEGRATED,False,0.8,1.0,0.7391653290529695,0.7387640449438202,0.2114767255216693,0.0923611111111111,19.29,0.81,0.739,True,True,True,True,False,True,False,50.0,0.25111507582515613,0.45,0.25111507582515613,1,0.5925,0.6105,0.6732904308953683,0.5780387516591898,0.7020884442347537,False,True,True,False,13.0
ASUS Expertbook P1403cva I516 50w,Asus,Intel,Core i5,13420.0,4.6,16.0,,,512.0,14.0,1920 x 1080,,Intel,1.4,"63WHrs, 3S1P, 3-cell",15590000.0,data/anphat/detail_htmls\asus_62_specs.html,INTEL_UHD,INTEGRATED,False,0.8,0.8,0.4534510433386838,0.7885232744783306,0.2114767255216693,0.0666666666666666,15.59,0.627,0.789,True,True,True,True,False,True,False,63.0,0.6119536128456735,0.45,0.6119536128456735,1,0.5467500000000001,0.5556,0.6805238686365505,0.7267238929069006,0.6710305194678279,False,False,True,True,13.0
ASUS Expertbook P5 P5405csa Nz0442ws,Asus,Intel,Core Ultra 7,258.0,1.8,32.0,LPDDR5X,,1024.0,14.0,2560 x 1600,144.0,Intel,1.27,"63WHrs, 3S1P, 3-cell Li-ion",35999000.0,data/anphat/detail_htmls\asus_64_specs.html,INTEL_GRAPHICS,INTEGRATED,False,1.0,1.0,0.0453451043338683,0.9073033707865168,0.2114767255216693,0.2083958333333333,36.0,0.523,0.907,True,True,True,True,False,True,False,63.0,0.6119536128456735,0.45,0.6119536128456735,1,0.5507500000000001,0.5544,0.6752969023444155,0.7801749362455845,0.6429685933041038,False,False,True,True,2.0
ASUS Expertbook P1503cva I516 50w,Asus,Intel,Core i5,13420.0,4.6,16.0,DDR5,,512.0,15.6,1920 x 1080,60.0,Intel,1.65,3-cell Li-ion,15990000.0,data/anphat/detail_htmls\asus_61_specs.html,INTEL_UHD,INTEGRATED,False,0.8,0.8,0.4534510433386838,0.543338683788122,0.5842696629213483,0.0694444444444444,15.99,0.627,0.543,True,True,True,False,False,False,True,,,0.45,,0,0.5467500000000001,0.5556,0.5723185393258426,0.5026484751203852,0.5775230377207062,False,False,False,False,13.0
ASUS Gaming Vivobook 16x K3605vc Rp431w,Asus,Intel,Core i5,13420.0,4.6,16.0,DDR4,,512.0,16.0,1920 x 1200,144.0,NVIDIA,1.8,3 cell 50 Wh,22080000.0,data/anphat/detail_htmls\asus_65_specs.html,RTX 3050,DISCRETE_GAMING,False,0.8,0.8,0.4534510433386838,0.3607544141252006,0.8487158908507223,0.1117361111111111,22.08,0.627,0.361,True,True,True,False,False,False,True,50.0,0.25111507582515613,0.9,0.25111507582515613,1,0.81675,0.8031,0.45863706010885147,0.2804865847250005,0.48193399399398323,True,True,False,False,13.0
ASUS Vivobook 16 K3607vj Rp092w,Asus,Intel,Core 5,210.0,4.8,16.0,DDR5,,512.0,16.0,1920 x 1200,144.0,NVIDIA,1.95,"63WHrs, 3S1P, 3-cell Li-ion",22999000.0,data/anphat/detail_htmls\asus_66_specs.html,RTX 3050,DISCRETE_GAMING,False,0.8,0.8,0.6460674157303371,0.2732744783306581,0.8487158908507223,0.1181180555555555,23.0,0.723,0.273,True,True,True,False,False,False,True,63.0,0.6119536128456735,0.9,0.6119536128456735,1,0.84075,0.8319,0.543386789984865,0.36741410157463744,0.5710568758081167,True,True,False,False,1.0
ASUS Vivobook 15 X1504va Bq2076w,Asus,Intel,Core i5,1334.0,4.6,8.0,DDR4,,512.0,15.6,1920 x 1080,60.0,Intel,1.7,"3-cell, 42WHrs",16490000.0,data/anphat/detail_htmls\asus_68_specs.html,INTEL_IRIS_XE,INTEGRATED,False,0.6,0.8,0.4534510433386838,0.4438202247191011,0.5842696629213483,0.0729166666666666,16.49,0.567,0.444,True,True,True,False,False,False,True,42.0,0.11864406779661017,0.55,0.11864406779661017,1,0.56175,0.5626,0.43421589221100737,0.3243905922681394,0.4587252699485812,False,False,False,False,13.0
ASUS Vivobook 16 A1607qa Mb067ws,Asus,Qualcomm,Snapdragon X  X1,100.0,2.97,16.0,LPDDR5X,,512.0,16.0,1920 x 1200,60.0,Qualcomm,1.88,"50WHrs, 3S1P, 3-cell Li-ion",20990000.0,data/anphat/detail_htmls\asus_70_specs.html,QUALCOMM_ADRENO,INTEGRATED_ARM,False,0.8,0.8,0.1300160513643659,0.3142054574638844,0.8487158908507223,0.1041666666666666,20.99,0.465,0.314,True,True,True,False,False,False,True,50.0,0.25111507582515613,0.45,0.25111507582515613,1,0.5062500000000001,0.507,0.3694449252773908,0.2595395542274082,0.38090812722030754,False,False,False,False,1.0
ASUS Gaming V16 V3607vh Rp024w,Asus,Intel,Core 5,210.0,4.8,16.0,DDR5,,512.0,16.0,1920 x 1200,144.0,NVIDIA,1.95,"63WHrs, 3S1P, 3-cell Li-ion",27990000.0,data/anphat/detail_htmls\asus_69_specs.html,RTX 5050,DISCRETE_GAMING,False,0.8,0.8,0.6460674157303371,0.2732744783306581,0.8487158908507223,0.1527777777777778,27.99,0.723,0.273,True,True,True,False,False,False,True,63.0,0.6119536128456735,0.45,0.6119536128456735,1,0.57075,0.5844,0.543386789984865,0.36741410157463744,0.5710568758081167,False,False,False,False,1.0
ASUS Gaming V16 V3607vm Rp044w,Asus,Intel,Core 7,240.0,5.2,16.0,DDR5,,1024.0,16.0,1920 x 1200,144.0,NVIDIA,1.95,"63WHrs, 3S1P, 3-cell Li-ion",37300000.0,data/anphat/detail_htmls\asus_67_specs.html,RTX 5060,DISCRETE_GAMING,False,0.8,1.0,0.914526484751204,0.2732744783306581,0.8487158908507223,0.2174305555555555,37.3,0.897,0.273,True,True,True,False,False,False,True,63.0,0.6119536128456735,0.45,0.6119536128456735,1,0.61425,0.6366,0.621686789984865,0.36741410157463744,0.6671918758081168,True,True,True,False,1.0
ASUS Gaming Rog Zephyrus G16 Gu605cr Qr107w,Asus,Intel,Core Ultra 9,285.0,5.4,32.0,LPDDR5X,,1024.0,16.0,2560 x 1600,,NVIDIA,1.95,"4-cell, 90WHrs",76590000.0,data/anphat/detail_htmls\asus_72_specs.html,RTX 5070,DISCRETE_GAMING,False,1.0,1.0,0.9542536115569824,0.2732744783306581,0.8487158908507223,0.4902777777777777,76.59,0.977,0.273,True,True,True,False,False,False,True,90.0,0.9402319357716324,0.45,0.9402319357716324,1,0.66425,0.6906,0.7233424545700569,0.482311514598723,0.7639164074762703,True,True,True,False,2.0
ASUS Vivobook X1404va Nk394w,Asus,Intel,Core i3,1315.0,4.5,8.0,DDR4,3200.0,512.0,14.0,1920 x 1080,,Intel,1.4,"42WHrs, 3S1P, 3-cell Li-ion",12460000.0,data/anphat/detail_htmls\asus_74_specs.html,INTEL_UHD,INTEGRATED,False,0.6,0.8,0.3029695024077046,0.7885232744783306,0.2114767255216693,0.0449305555555555,12.46,0.491,0.789,True,True,True,True,False,True,False,42.0,0.11864406779661017,0.45,0.11864406779661017,1,0.48275,0.4848,0.5206619596267377,0.5540655521397285,0.5169609922599776,False,False,False,False,13.0
ASUS Vivobook S 14 S3407va Ly046w,Asus,Intel,Core i5,13420.0,4.6,8.0,DDR5,,512.0,14.0,1920 x 1200,60.0,Intel,1.39,"70WHrs, 4S1P, 4-cell Li-ion",18999000.0,data/anphat/detail_htmls\asus_76_specs.html,INTEL_UHD,INTEGRATED,False,0.6,0.8,0.4534510433386838,0.819422150882825,0.2114767255216693,0.0903402777777777,19.0,0.567,0.819,True,True,True,True,False,True,False,70.0,0.6882247992863515,0.45,0.6882247992863515,1,0.50175,0.5075999999999999,0.679592712666259,0.7673233025431605,0.6577313812084487,False,False,True,True,13.0
ASUS Rog Strix Scar 18 G835lw Sa193w,Asus,Intel,Core Ultra 9,275.0,5.4,32.0,DDR5,5600.0,1024.0,18.0,2560 x 1600,,NVIDIA,3.3,"90WHrs, 4S1P, 4-cell Li-ion",88390000.0,data/anphat/detail_htmls\asus_79_specs.html,RTX 5080,DISCRETE_GAMING,False,1.0,1.0,0.9542536115569824,0.005617977528089901,0.9951845906902088,0.5722222222222222,88.39,0.977,0.006,True,True,True,False,True,False,True,90.0,0.9402319357716324,0.45,0.9402319357716324,1,0.66425,0.6906,0.629662679289158,0.33257234926967005,0.6918126755340551,True,True,True,False,2.0
ASUS Rog Zephyrus G14 Ga403wr Qs156ws,Asus,AMD,Ryzen AI 9,370.0,5.1,32.0,LPDDR5X,8000.0,1024.0,14.0,2880 x 1800,120.0,NVIDIA,1.57,"73WHrs, 4S1P, 4-cell Li-ion",71660000.0,data/anphat/detail_htmls\asus_81_specs.html,RTX 5070,DISCRETE_GAMING,False,1.0,1.0,0.8743980738362761,0.630016051364366,0.2114767255216693,0.4560416666666667,71.66,0.937,0.63,True,True,True,True,False,True,False,73.0,0.7551293487957181,0.45,0.7551293487957181,1,0.6542500000000001,0.6786000000000001,0.7931814877366717,0.7055071500881323,0.8259830994991287,True,True,True,False,3.0
ASUS Zenbook S 16 Um5606ka Rk113ws,Asus,AMD,Ryzen AI 7,350.0,5.0,24.0,LPDDR5,,1024.0,16.0,2880 x 1800,120.0,AMD,1.5,"78WHrs, 2S2P, 4-cell Li-ion",42990000.0,data/anphat/detail_htmls\asus_82_specs.html,AMD_RADEON_GRAPHICS,INTEGRATED,False,0.8,1.0,0.8138041733547352,0.6898073836276084,0.8487158908507223,0.2569444444444444,42.99,0.847,0.69,True,True,True,True,False,False,True,78.0,0.8652988403211418,0.5,0.8652988403211418,1,0.6317499999999999,0.6491,0.7956423523338914,0.643524738574679,0.783194006265187,True,True,True,False,3.0
ASUS Zenbook S 16 Um5606ka Rk127ws,Asus,AMD,Ryzen AI 7,350.0,5.0,24.0,LPDDR5,,1024.0,16.0,2880 x 1800,120.0,AMD,1.5,"78WHrs, 2S2P, 4-cell Li-ion",38990000.0,data/anphat/detail_htmls\asus_84_specs.html,AMD_RADEON_GRAPHICS,INTEGRATED,False,0.8,1.0,0.8138041733547352,0.6898073836276084,0.8487158908507223,0.2291666666666666,38.99,0.847,0.69,True,True,True,True,False,False,True,78.0,0.8652988403211418,0.5,0.8652988403211418,1,0.6317499999999999,0.6491,0.7956423523338914,0.643524738574679,0.783194006265187,True,True,True,False,3.0
ASUS Vivobook 15 A1505v L1688w,Asus,Intel,Core i7,13620.0,4.9,16.0,DDR4,,512.0,15.6,1920 x 1080,60.0,Intel,1.7,"3-cell, 50WHrs",20990000.0,data/anphat/detail_htmls\asus_86_specs.html,INTEL_UHD,INTEGRATED,False,0.8,0.8,0.7391653290529695,0.4438202247191011,0.5842696629213483,0.1041666666666666,20.99,0.77,0.444,True,True,True,False,False,False,True,50.0,0.25111507582515613,0.45,0.25111507582515613,1,0.5825,0.5985,0.5520600938167166,0.37075544507813046,0.5920781312331485,False,False,False,False,13.0
ASUS Vivobook S 16 Oled M5606ka Ri016ws,Asus,AMD,Ryzen AI 7,350.0,5.0,24.0,LPDDR5X,,512.0,16.0,2880 x 1800,120.0,AMD,1.5,"75 WHrs, 4-cell",30990000.0,data/anphat/detail_htmls\asus_85_specs.html,AMD_RADEON_GRAPHICS,INTEGRATED,False,0.8,0.8,0.8138041733547352,0.6898073836276084,0.8487158908507223,0.1736111111111111,30.99,0.807,0.69,True,True,True,True,False,False,True,75.0,0.7979482604817127,0.5,0.7979482604817127,1,0.62175,0.6371,0.7641722363660055,0.6199520356308788,0.7503179134908782,True,True,True,False,3.0
ASUS Rog Strix G18 G815jpr S9057w,Asus,Intel,Core i9,14900.0,4.6,32.0,DDR5,5600.0,1024.0,18.0,2560 x 1600,240.0,NVIDIA,3.2,"90WHrs, 4S1P, 4-cell Li-ion",55999000.0,data/anphat/detail_htmls\asus_87_specs.html,RTX 5070,DISCRETE_GAMING,False,1.0,1.0,0.4534510433386838,0.009229534510433401,0.9951845906902088,0.3472847222222222,56.0,0.727,0.009,True,True,True,False,True,False,True,90.0,0.9402319357716324,0.45,0.9402319357716324,1,0.60175,0.6156,0.5184267242329782,0.3341975499117246,0.5545815358871851,True,True,False,False,14.0
ASUS Rog Strix Scar 18 G835lw Sa172w,Asus,Intel,Core Ultra 9,275.0,5.4,64.0,DDR5,5600.0,2048.0,18.0,2560 x 1600,,NVIDIA,3.3,"90WHrs, 4S1P, 4-cell Li-ion",121990000.0,data/anphat/detail_htmls\asus_88_specs.html,RTX 5080,DISCRETE_GAMING,False,1.0,1.0,0.9542536115569824,0.005617977528089901,0.9951845906902088,0.8055555555555556,121.99,0.977,0.006,True,True,True,False,True,False,True,90.0,0.9402319357716324,0.45,0.9402319357716324,1,0.66425,0.6906,0.629662679289158,0.33257234926967005,0.6918126755340551,True,True,True,False,2.0
ASUS Rog Strix Scar 16 G635lx Rw179w,Asus,Intel,Core Ultra 9,275.0,5.4,64.0,DDR5,5600.0,2048.0,16.0,2560 x 1600,,NVIDIA,2.8,"90WHrs, 4S1P, 4-cell Li-ion",141990000.0,data/anphat/detail_htmls\asus_89_specs.html,RTX 5090,DISCRETE_GAMING,False,1.0,1.0,0.9542536115569824,0.015650080256821797,0.8487158908507223,0.9444444444444444,141.99,0.977,0.016,True,True,True,False,True,False,True,90.0,0.9402319357716324,0.45,0.9402319357716324,1,0.66425,0.6906,0.6331739152442141,0.3663805354654967,0.7001543689529957,True,True,True,False,2.0
ASUS Rog Strix Scar 16 G635lx Rw192w,Asus,Intel,Core Ultra 9,275.0,5.4,32.0,DDR5,5600.0,2048.0,16.0,2560 x 1600,240.0,NVIDIA,2.8,"90WHrs, 4S1P, 4-cell Li-ion",123790000.0,data/anphat/detail_htmls\asus_91_specs.html,RTX 5090,DISCRETE_GAMING,False,1.0,1.0,0.9542536115569824,0.015650080256821797,0.8487158908507223,0.8180555555555555,123.79,0.977,0.016,True,True,True,False,True,False,True,90.0,0.9402319357716324,0.45,0.9402319357716324,1,0.66425,0.6906,0.6331739152442141,0.3663805354654967,0.7001543689529957,True,True,True,False,2.0
ASUS Rog Strix G615jhr S5069w,Asus,Intel,Core i7,14650.0,5.2,32.0,DDR5,5600.0,1024.0,16.0,2560 x 1600,240.0,NVIDIA,2.73,"4-cell, 90WHrs",44990000.0,data/anphat/detail_htmls\asus_93_specs.html,RTX 5050,DISCRETE_GAMING,False,1.0,1.0,0.914526484751204,0.018459069020866803,0.8487158908507223,0.2708333333333333,44.99,0.957,0.018,True,True,True,False,True,False,True,90.0,0.9402319357716324,0.45,0.9402319357716324,1,0.65925,0.6846,0.6251570613116298,0.36764458040931697,0.6897995936720968,True,True,True,False,14.0
ASUS Vivobook 16 K3607vu Rp280w,Asus,Intel,Core 5,210.0,4.8,16.0,DDR5,,512.0,16.0,1920 x 1200,144.0,NVIDIA,1.95,"63WHrs, 3S1P, 3-cell Li-ion",25490000.0,data/anphat/detail_htmls\asus_94_specs.html,RTX 4050,DISCRETE_GAMING,False,0.8,0.8,0.6460674157303371,0.2732744783306581,0.8487158908507223,0.1354166666666666,25.49,0.723,0.273,True,True,True,False,False,False,True,63.0,0.6119536128456735,1.0,0.6119536128456735,1,0.90075,0.8869,0.543386789984865,0.36741410157463744,0.5710568758081167,True,True,False,False,1.0
ASUS Expertbook P1403cva I308 50w,Asus,Intel,Core i3,1315.0,4.5,8.0,DDR5,,512.0,14.0,1920 x 1080,,Intel,1.4,3-cell 50WHrs,11990000.0,data/anphat/detail_htmls\asus_95_specs.html,INTEL_UHD,INTEGRATED,False,0.6,0.8,0.3029695024077046,0.7885232744783306,0.2114767255216693,0.0416666666666666,11.99,0.491,0.789,True,True,True,True,False,True,False,50.0,0.25111507582515613,0.45,0.25111507582515613,1,0.48275,0.4848,0.5471561612324469,0.6004304049497196,0.538156353544545,False,False,False,False,13.0
ASUS Expertbook P1503cva I308 50w,Asus,Intel,Core i3,1315.0,4.5,8.0,DDR5,,512.0,15.6,1920 x 1080,,Intel,1.62,3-cell 50WHrs,13999000.0,data/anphat/detail_htmls\asus_96_specs.html,INTEL_UHD,INTEGRATED,False,0.6,0.8,0.3029695024077046,0.5810593900481541,0.5842696629213483,0.0556180555555555,14.0,0.491,0.581,True,True,True,False,False,False,True,50.0,0.25111507582515613,0.45,0.25111507582515613,1,0.48275,0.4848,0.47454380168188515,0.4325130694762043,0.47189732465208917,False,False,False,False,13.0
ASUS Expertbook P1403cva I516 63ws,Asus,Intel,Core i5,13420.0,4.6,16.0,DDR5,,1024.0,14.0,1920 x 1080,,Intel,1.45,3-cell 63WHrs,16590000.0,data/anphat/detail_htmls\asus_97_specs.html,INTEL_UHD,INTEGRATED,False,0.8,1.0,0.4534510433386838,0.7387640449438202,0.2114767255216693,0.0736111111111111,16.59,0.667,0.739,True,True,True,True,False,True,False,63.0,0.6119536128456735,0.45,0.6119536128456735,1,0.5567500000000001,0.5676,0.6811081382994718,0.7043322396163709,0.6808151101580364,False,False,True,True,13.0
ASUS Vivobook 16 K3607vj Rp106w,Asus,Intel,Core 7,240.0,5.2,16.0,DDR5,,512.0,16.0,1920 x 1200,144.0,NVIDIA,1.95,"63WHrs, 3S1P, 3-cell Li-ion",24490000.0,data/anphat/detail_htmls\asus_100_specs.html,RTX 3050,DISCRETE_GAMING,False,0.8,0.8,0.914526484751204,0.2732744783306581,0.8487158908507223,0.1284722222222222,24.49,0.857,0.273,True,True,True,False,False,False,True,63.0,0.6119536128456735,0.9,0.6119536128456735,1,0.8742500000000001,0.8721,0.603686789984865,0.36741410157463744,0.6450918758081167,True,True,True,False,1.0
ASUS Vivobook Go 15 E1504ga Bq1141w,Asus,Intel,Core i3,,3.8,8.0,DDR4,,512.0,15.6,1920 x 1080,60.0,Intel,1.63,"42WHrs, 3S1P, 3-cell Li-ion",9990000.0,data/anphat/detail_htmls\asus_101_specs.html,INTEL_UHD,INTEGRATED,False,0.6,0.8,0.1865971107544141,0.5638041733547352,0.5842696629213483,0.0277777777777777,9.99,0.433,0.564,True,True,True,False,False,False,True,42.0,0.11864406779661017,0.45,0.11864406779661017,1,0.46825,0.4674,0.4159102742334793,0.37838336915417475,0.4143862972359007,False,False,False,False,
ASUS Rog Strix Scar 18 G835lr Sa130w,Asus,Intel,Core Ultra 9,275.0,5.4,32.0,DDR5,5600.0,1024.0,18.0,2560 x 1600,,NVIDIA,3.3,"90WHrs, 4S1P, 4-cell Li-ion",69990000.0,data/anphat/detail_htmls\asus_103_specs.html,RTX 5070,DISCRETE_GAMING,False,1.0,1.0,0.9542536115569824,0.005617977528089901,0.9951845906902088,0.4444444444444444,69.99,0.977,0.006,True,True,True,False,True,False,True,90.0,0.9402319357716324,0.45,0.9402319357716324,1,0.66425,0.6906,0.629662679289158,0.33257234926967005,0.6918126755340551,True,True,True,False,2.0
ASUS Gaming Rog Zephyrus G16 Gu605cx Qr083w,Asus,Intel,Core Ultra 9,285.0,5.4,64.0,LPDDR5X,7467.0,2048.0,16.0,2560 x 1600,240.0,NVIDIA,1.95,"4-cell, 90WHrs",131990000.0,data/anphat/detail_htmls\asus_108_specs.html,RTX 5090,DISCRETE_GAMING,False,1.0,1.0,0.9542536115569824,0.2732744783306581,0.8487158908507223,0.875,131.99,0.977,0.273,True,True,True,False,False,False,True,90.0,0.9402319357716324,0.45,0.9402319357716324,1,0.66425,0.6906,0.7233424545700569,0.482311514598723,0.7639164074762703,True,True,True,False,2.0
ASUS Rog Strix G18 G815lw S9164w,Asus,Intel,Core Ultra 9,275.0,2.7,32.0,DDR5,5600.0,1024.0,18.0,2560 x 1600,240.0,NVIDIA,3.2,"90WHrs, 4S1P, 4-cell Li-ion",78490000.0,data/anphat/detail_htmls\asus_109_specs.html,RTX 5080,DISCRETE_GAMING,False,1.0,1.0,0.1167736757624398,0.009229534510433401,0.9951845906902088,0.5034722222222222,78.49,0.558,0.009,True,True,True,False,True,False,True,90.0,0.9402319357716324,0.45,0.9402319357716324,1,0.5595,0.5649000000000001,0.44237672423297825,0.3341975499117246,0.46120903588718515,False,False,False,False,2.0
ASUS Rog Strix G16 G615lw S5135w,Asus,Intel,Core Ultra 9,275.0,5.4,32.0,DDR5,5600.0,1024.0,16.0,2560 x 1600,240.0,NVIDIA,2.65,"4-cell, 90WHrs",73630000.0,data/anphat/detail_htmls\asus_110_specs.html,RTX 5080,DISCRETE_GAMING,False,1.0,1.0,0.9542536115569824,0.030096308186195797,0.8487158908507223,0.4697222222222222,73.63,0.977,0.03,True,True,True,False,True,False,True,90.0,0.9402319357716324,0.45,0.9402319357716324,1,0.66425,0.6906,0.638230095019495,0.372881338033715,0.7037298103655156,True,True,True,False,2.0
ASUS Zenbook 14 Um3406ka Pp555ws,Asus,AMD,RYZEN AI 7,350.0,2.0,32.0,LPDDR5X,,512.0,14.0,2880 x 1800,120.0,AMD,1.2,"75 WHrs, 4-cell",31990000.0,data/anphat/detail_htmls\asus_111_specs.html,AMD_RADEON_GRAPHICS,INTEGRATED,False,1.0,0.8,0.0581861958266452,0.949438202247191,0.2114767255216693,0.1805555555555555,31.99,0.489,0.949,True,True,True,True,False,True,False,75.0,0.7979482604817127,0.5,0.7979482604817127,1,0.57225,0.5717,0.7119430228828594,0.8642337370755016,0.664371107712387,False,False,True,True,3.0
ASUS Expertbook P5 P5405csa Nz0017w,Asus,Intel,Core Ultra 7,258.0,1.8,32.0,LPDDR5X,,1024.0,14.0,2560 x 1600,144.0,Intel,1.27,"63WHrs, 3S1P, 3-cell Li-ion",30990000.0,data/anphat/detail_htmls\asus_114_specs.html,INTEL_GRAPHICS,INTEGRATED,False,1.0,1.0,0.0453451043338683,0.9073033707865168,0.2114767255216693,0.1736111111111111,30.99,0.523,0.907,True,True,True,True,False,True,False,63.0,0.6119536128456735,0.45,0.6119536128456735,1,0.5507500000000001,0.5544,0.6752969023444155,0.7801749362455845,0.6429685933041038,False,False,True,True,2.0
ASUS Vivobook 15 X1504za Nj1039w,Asus,Intel,,1255.0,4.4,16.0,DDR4,,512.0,15.6,1920 x 1080,60.0,Intel,1.7,"3-cell, 42WHrs",17690000.0,data/anphat/detail_htmls\asus_113_specs.html,INTEL_IRIS_XE,INTEGRATED,False,0.8,0.8,0.2451845906902086,0.4438202247191011,0.5842696629213483,0.08125,17.69,0.523,0.444,True,True,True,False,False,False,True,42.0,0.11864406779661017,0.55,0.11864406779661017,1,0.58075,0.5794,0.41441589221100744,0.3243905922681394,0.43441526994858126,False,False,False,False,12.0
ASUS Rog Strix G16 G615lr S5238w,Asus,Intel,Core Ultra 7,255.0,5.2,32.0,DDR5,5600.0,1024.0,16.0,2560 x 1600,240.0,NVIDIA,2.65,"4-cell, 90WHrs",57920000.0,data/anphat/detail_htmls\asus_118_specs.html,RTX 5070,DISCRETE_GAMING,False,1.0,1.0,0.914526484751204,0.030096308186195797,0.8487158908507223,0.360625,57.92,0.957,0.03,True,True,True,False,True,False,True,90.0,0.9402319357716324,0.45,0.9402319357716324,1,0.65925,0.6846,0.629230095019495,0.372881338033715,0.6926798103655156,True,True,True,False,2.0
ASUS Gaming Rog Zephyrus G14 Ga403wr Qs103ws,Asus,AMD,Ryzen AI 9,370.0,5.1,32.0,LPDDR5X,8000.0,1024.0,14.0,2880 x 1800,,NVIDIA,1.5,"73WHrs, 4S1P, 4-cell Li-ion",77990000.0,data/anphat/detail_htmls\asus_119_specs.html,RTX 5070,DISCRETE_GAMING,False,1.0,1.0,0.8743980738362761,0.6898073836276084,0.2114767255216693,0.5,77.99,0.937,0.69,True,True,True,True,False,True,False,73.0,0.7551293487957181,0.45,0.7551293487957181,1,0.6542500000000001,0.6786000000000001,0.8141084540288066,0.7324132496065914,0.8407814542342813,True,True,True,False,3.0
ASUS Vivobook 15 Oled A1505va Ma492w,Asus,Intel,Core  i7,13700.0,5.0,16.0,DDR4,3200.0,512.0,15.6,2880 x 1620,120.0,Intel,1.7,"3-cell, 50WHrs",22990000.0,data/anphat/detail_htmls\asus_120_specs.html,INTEL_IRIS_XE,INTEGRATED,False,0.8,0.8,0.8138041733547352,0.4438202247191011,0.5842696629213483,0.1180555555555555,22.99,0.807,0.444,True,True,True,False,False,False,True,50.0,0.25111507582515613,0.55,0.25111507582515613,1,0.65175,0.6646000000000001,0.5687100938167167,0.37075544507813046,0.6125206312331486,True,True,False,False,13.0
ASUS Gaming Rog Zephyrus G16 Gu605mv Qr196ws,Asus,Intel,Core Ultra 9,185.0,4.6,16.0,LPDDR5X,7467.0,1024.0,16.0,2560 x 1600,240.0,NVIDIA,1.85,"4-cell, 90WHrs",69900000.0,data/anphat/detail_htmls\asus_124_specs.html,RTX 4060,DISCRETE_GAMING,False,0.8,1.0,0.4534510433386838,0.329454253611557,0.8487158908507223,0.4438194444444444,69.9,0.667,0.329,True,True,True,False,False,False,True,90.0,0.9402319357716324,1.0,0.9402319357716324,1,0.88675,0.8701,0.6035053759183715,0.5075924134751275,0.6065459018582926,True,True,True,False,1.0
ASUS Gaming Rog Zephyrus G16 Gu603vu N4019w,Asus,Intel,Core i7,13620.0,4.9,16.0,DDR4,,512.0,16.0,2560 x 1600,240.0,NVIDIA,2.0,"4-cell, 90WHrs",44990000.0,data/anphat/detail_htmls\asus_123_specs.html,RTX 4050,DISCRETE_GAMING,False,0.8,0.8,0.7391653290529695,0.2487961476725522,0.8487158908507223,0.2708333333333333,44.99,0.77,0.249,True,True,True,False,False,False,True,90.0,0.9402319357716324,1.0,0.9402319357716324,1,0.9125,0.901,0.6216250388397198,0.4712962658025754,0.643490520638389,True,True,True,False,13.0
ASUS Gaming Rog Zephyrus G16 Gu603vv N4022w,Asus,Intel,Core i7,13620.0,4.9,16.0,DDR4,,512.0,16.0,2560 x 1600,240.0,NVIDIA,2.0,"4-cell, 90WHrs",47990000.0,data/anphat/detail_htmls\asus_125_specs.html,RTX 4060,DISCRETE_GAMING,False,0.8,0.8,0.7391653290529695,0.2487961476725522,0.8487158908507223,0.2916666666666667,47.99,0.77,0.249,True,True,True,False,False,False,True,90.0,0.9402319357716324,1.0,0.9402319357716324,1,0.9125,0.901,0.6216250388397198,0.4712962658025754,0.643490520638389,True,True,True,False,13.0
ASUS Gaming Rog Zephyrus G16 Gu605mi Qr116w INTEL Ultra 9,Asus,Intel,Ultra 9,185.0,4.6,16.0,LPDDR5X,7467.0,1024.0,16.0,2560 x 1600,,NVIDIA,1.85,"4-cell, 90WHrs",79900000.0,data/anphat/detail_htmls\asus_126_specs.html,RTX 4070,DISCRETE_GAMING,False,0.8,1.0,0.4534510433386838,0.329454253611557,0.8487158908507223,0.5132638888888889,79.9,0.667,0.329,True,True,True,False,False,False,True,90.0,0.9402319357716324,1.0,0.9402319357716324,1,0.88675,0.8701,0.6035053759183715,0.5075924134751275,0.6065459018582926,True,True,True,False,1.0
ASUS Zenbook S 13 Oled Ux5304ma Nq117w,Asus,Intel,Core Ultra 7,155.0,4.8,32.0,LPDDR5X,,1024.0,13.3,2880 x 1800,60.0,Intel,1.0,"63WHrs, 2S2P, 4-cell Li-ion",44590000.0,data/anphat/detail_htmls\asus_127_specs.html,INTEL_GRAPHICS,INTEGRATED,False,1.0,1.0,0.6460674157303371,0.9823434991974318,0.0176565008025682,0.2680555555555555,44.59,0.823,0.982,True,True,True,True,False,True,False,63.0,0.6119536128456735,0.45,0.6119536128456735,1,0.62575,0.6444,0.8365609472882358,0.8527070389743164,0.8350438340745694,True,True,True,True,1.0
ASUS Gaming Vivobook K3605zu Rp296w,Asus,Intel,Core i5,12500.0,4.5,16.0,DDR4,,512.0,16.0,1920 x 1200,144.0,NVIDIA,1.8,"70WHrs, 3S1P, 3-cell Li-ion",25030000.0,data/anphat/detail_htmls\asus_128_specs.html,RTX 4050,DISCRETE_GAMING,False,0.8,0.8,0.3029695024077046,0.3607544141252006,0.8487158908507223,0.1322222222222222,25.03,0.551,0.361,True,True,True,False,False,False,True,70.0,0.6882247992863515,1.0,0.6882247992863515,1,0.85775,0.8353,0.5118590048010906,0.4334749879364188,0.5098815497477744,True,True,False,False,12.0
ASUS Vivobook 14 Oled A1405va Km095w,Asus,Intel,Core  i5,13500.0,4.7,16.0,DDR4,,512.0,14.0,2880 x 1800,90.0,NVIDIA,1.6,3 cell /50WHrs,21990000.0,data/anphat/detail_htmls\asus_130_specs.html,INTEL_IRIS_XE,INTEGRATED,False,0.8,0.8,0.5714285714285714,0.6087479935794542,0.2114767255216693,0.1111111111111111,21.99,0.686,0.609,True,True,True,False,False,True,False,50.0,0.25111507582515613,0.55,0.25111507582515613,1,0.6215,0.6283000000000001,0.5719848129178402,0.5195315285452252,0.6013994715220732,True,True,False,False,13.0
ASUS Vivobook S 15 S5507qa Ma090ws,Asus,Qualcomm,Snapdragon X Elite,100.0,3.4,32.0,LPDDR5X,,1024.0,15.6,2880 x 1620,120.0,Qualcomm,1.42,"70WHrs, 3S1P, 3-cell Li-ion",35990000.0,data/anphat/detail_htmls\asus_132_specs.html,QUALCOMM_ADRENO,INTEGRATED_ARM,False,1.0,1.0,0.1565008025682183,0.7620385232744783,0.5842696629213483,0.2083333333333333,35.99,0.578,0.762,True,True,True,True,False,False,True,70.0,0.6882247992863515,0.45,0.6882247992863515,1,0.5645,0.5709,0.6644584430033377,0.6669420826394686,0.6346947158793956,False,False,True,True,1.0
ASUS Tuf Gaming A15 Fa506nfr Hn006w,Asus,AMD,Ryzen 7,7435.0,4.5,16.0,DDR5,4800.0,512.0,15.6,1920 x 1080,144.0,NVIDIA,2.3,3-cell 48WHrs,21990000.0,data/anphat/detail_htmls\asus_133_specs.html,RTX 2050,DISCRETE_GAMING,False,0.8,0.8,0.3029695024077046,0.1235955056179775,0.5842696629213483,0.1111111111111111,21.99,0.551,0.124,True,True,True,False,False,False,True,48.0,0.2149866190900981,0.8,0.2149866190900981,1,0.73775,0.7253000000000001,0.33420575078431175,0.21400936162535455,0.3860444601780112,True,True,False,False,7.0
ASUS Tuf Gaming A15 Fa506ncr Hn047w,Asus,AMD,Ryzen 7,7435.0,4.5,16.0,DDR5,4800.0,512.0,15.6,1920 x 1080,144.0,NVIDIA,2.3,3-cell 48WHrs,23490000.0,data/anphat/detail_htmls\asus_136_specs.html,RTX 3050,DISCRETE_GAMING,False,0.8,0.8,0.3029695024077046,0.1235955056179775,0.5842696629213483,0.1215277777777777,23.49,0.551,0.124,True,True,True,False,False,False,True,48.0,0.2149866190900981,0.9,0.2149866190900981,1,0.7977500000000001,0.7803000000000001,0.33420575078431175,0.21400936162535455,0.3860444601780112,True,True,False,False,7.0
ASUS Rog Strix G16 G614jv N4369w,Asus,Intel,Core i7,13650.0,4.9,16.0,DDR5,4800.0,1024.0,16.0,1920 x 1200,240.0,NVIDIA,2.5,"90WHrs, 4S1P, 4-cell Li-ion",42990000.0,data/anphat/detail_htmls\asus_137_specs.html,RTX 4060,DISCRETE_GAMING,False,0.8,1.0,0.7391653290529695,0.0553772070626003,0.8487158908507223,0.2569444444444444,42.99,0.81,0.055,True,True,True,False,True,False,True,90.0,0.9402319357716324,1.0,0.9402319357716324,1,0.9225,0.913,0.5719284096262367,0.384257742528097,0.6177193328374259,True,True,False,False,13.0
ASUS Expertbook B5 B5404cma Q70250wl,Asus,Intel,Core Ultra 7,155.0,1.4,16.0,DDR5,,512.0,14.0,1920 x 1200,60.0,Intel,1.4,"63WHrs, 3S1P, 3-cell Li-ion",31990000.0,data/anphat/detail_htmls\asus_138_specs.html,INTEL_GRAPHICS,INTEGRATED,False,0.8,0.8,0.0292937399678972,0.7885232744783306,0.2114767255216693,0.1805555555555555,31.99,0.415,0.789,True,True,True,True,False,True,False,63.0,0.6119536128456735,0.45,0.6119536128456735,1,0.49375,0.492,0.5851238686365504,0.7267238929069006,0.5539005194678278,False,False,False,True,1.0
ASUS Rog Strix G16 G614ju N4132w,Asus,Intel,Core i7,13650.0,4.9,16.0,DDR5,4800.0,512.0,16.0,2560 x 1600,240.0,NVIDIA,2.5,"4-cell, 90WHrs",41990000.0,data/anphat/detail_htmls\asus_139_specs.html,RTX 4050,DISCRETE_GAMING,False,0.8,0.8,0.7391653290529695,0.0553772070626003,0.8487158908507223,0.25,41.99,0.77,0.055,True,True,True,False,True,False,True,90.0,0.9402319357716324,1.0,0.9402319357716324,1,0.9125,0.901,0.5539284096262367,0.384257742528097,0.5956193328374259,True,True,False,False,13.0
ASUS Expertbook P1503cva I5se16 63ws,Asus,Intel,Core i5,13500.0,2.6,16.0,DDR5,,512.0,15.6,1920 x 1080,60.0,Intel,1.65,"63WHrs, 3S1P, 3-cell Li-ion",16790000.0,data/anphat/detail_htmls\asus_140_specs.html,INTEL_UHD,INTEGRATED,False,0.8,0.8,0.1111556982343499,0.543338683788122,0.5842696629213483,0.075,16.79,0.456,0.543,True,True,True,False,False,False,True,63.0,0.6119536128456735,0.45,0.6119536128456735,1,0.504,0.5043,0.5177592618949775,0.541832239616371,0.500958115776014,False,False,False,False,13.0
ASUS Zenbook 14 Oled Ux3405ma Pp151w,Asus,Intel,Core Ultra 5,125.0,4.5,16.0,LPDDR5X,,512.0,14.0,2880 x 1800,120.0,Intel,1.2,4-cell 75WHrs,29990000.0,data/anphat/detail_htmls\asus_145_specs.html,INTEL_GRAPHICS,INTEGRATED,False,0.8,0.8,0.3029695024077046,0.949438202247191,0.2114767255216693,0.1666666666666666,29.99,0.551,0.949,True,True,True,True,False,True,False,75.0,0.7979482604817127,0.45,0.7979482604817127,1,0.52775,0.5328,0.7398430228828594,0.8642337370755016,0.6986261077123871,False,False,True,True,1.0
ASUS Vivobook S 14 Flip Tp3402va Lz025w,Asus,Intel,Core i3,1315.0,4.5,8.0,DDR4,,256.0,14.0,1920 x 1200,60.0,Intel,1.5,"3 cell, 50WHrs",16990000.0,data/anphat/detail_htmls\asus_144_specs.html,INTEL_UHD,INTEGRATED,False,0.6,0.6,0.3029695024077046,0.6898073836276084,0.2114767255216693,0.0763888888888889,16.99,0.451,0.69,True,True,True,True,False,True,False,50.0,0.25111507582515613,0.45,0.25111507582515613,1,0.47275,0.4728,0.4946055994346942,0.5560082540668946,0.49162417055899127,False,False,False,False,13.0
ASUS Vivobook 15x Oled S3504va L1227ws,Asus,Intel,Core i7,1360.0,5.0,8.0,DDR4,,512.0,15.6,FHD,60.0,Intel,1.7,3 cell 50WHrs,25990000.0,data/anphat/detail_htmls\asus_143_specs.html,INTEL_IRIS_XE,INTEGRATED,False,0.6,0.8,0.8138041733547352,0.4438202247191011,0.5842696629213483,0.1388888888888889,25.99,0.747,0.444,True,True,True,False,False,False,True,50.0,0.25111507582515613,0.55,0.25111507582515613,1,0.60675,0.6166,0.5417100938167166,0.37075544507813046,0.5793706312331486,True,True,False,False,13.0
ASUS Vivobook 15 Oled A1505va L1491w,Asus,Intel,Core  i7,13700.0,5.0,16.0,DDR4,,512.0,15.6,1920 x 1080,60.0,Intel,1.7,"3-cell, 50WHrs",22990000.0,data/anphat/detail_htmls\asus_146_specs.html,INTEL_IRIS_XE,INTEGRATED,False,0.8,0.8,0.8138041733547352,0.4438202247191011,0.5842696629213483,0.1180555555555555,22.99,0.807,0.444,True,True,True,False,False,False,True,50.0,0.25111507582515613,0.55,0.25111507582515613,1,0.65175,0.6646000000000001,0.5687100938167167,0.37075544507813046,0.6125206312331486,True,True,False,False,13.0
ASUS Expertbook B1 B1502cva Nj0148w,Asus,Intel,Core i7,1355.0,5.0,8.0,DDR4,3200.0,512.0,15.6,1920 x 1080,,Intel,1.69,3 Cell 42WHr,19990000.0,data/anphat/detail_htmls\asus_147_specs.html,INTEL_UHD,INTEGRATED,False,0.6,0.8,0.8138041733547352,0.4735152487961477,0.5842696629213483,0.0972222222222222,19.99,0.747,0.474,True,True,True,False,False,False,True,42.0,0.11864406779661017,0.45,0.11864406779661017,1,0.54675,0.5616,0.5256091506379736,0.33775335310281035,0.5655247884076502,False,False,False,False,13.0
ASUS Expertbook B1 B1402cva Nk0176w,Asus,Intel,Core  i5,1335.0,4.6,16.0,DDR4,,512.0,14.0,1920 x 1080,60.0,Intel,1.46,3Cell 42WHrs,14990000.0,data/anphat/detail_htmls\asus_148_specs.html,INTEL_UHD,INTEGRATED,False,0.8,0.8,0.4534510433386838,0.7323434991974318,0.2114767255216693,0.0625,14.99,0.627,0.732,True,True,True,True,False,True,False,42.0,0.11864406779661017,0.45,0.11864406779661017,1,0.5467500000000001,0.5556,0.5621990382784231,0.528784653263324,0.5781964978779552,False,False,False,False,13.0
ASUS Vivobook S 14 Oled S5406ma Pp161w,Asus,Intel,Core Ultra 5,125.0,4.5,16.0,LPDDR5,,1024.0,14.0,3K,120.0,Intel,1.3,"75 WHrs, 4-cell",26990000.0,data/anphat/detail_htmls\asus_150_specs.html,INTEL_GRAPHICS,INTEGRATED,False,0.8,1.0,0.3029695024077046,0.8900481540930979,0.2114767255216693,0.1458333333333333,26.99,0.591,0.89,True,True,True,True,False,True,False,75.0,0.7979482604817127,0.45,0.7979482604817127,1,0.53775,0.5448,0.7370565060289268,0.8375082154061597,0.706027070794249,False,False,True,True,1.0
ASUS Tuf Gaming A15 Fa506nf Hn005w,Asus,AMD,Ryzen 5,7535.0,4.5,8.0,DDR5,4800.0,512.0,15.6,1920 x 1080,144.0,NVIDIA,2.3,48WHrs,18990000.0,data/anphat/detail_htmls\asus_149_specs.html,RTX 2050,DISCRETE_GAMING,False,0.6,0.8,0.3029695024077046,0.1235955056179775,0.5842696629213483,0.0902777777777777,18.99,0.491,0.124,True,True,True,False,False,False,True,48.0,0.2149866190900981,0.8,0.2149866190900981,1,0.69275,0.6773,0.3072057507843117,0.21400936162535455,0.3528944601780112,True,True,False,False,7.0
ASUS Vivobook S 14 Oled S5406ma Pp136w,Asus,Intel,Core Ultra 5,125.0,4.5,16.0,LPDDR5,,1024.0,14.0,3K,120.0,Intel,1.3,"75 WHrs, 4-cell",26790000.0,data/anphat/detail_htmls\asus_151_specs.html,INTEL_GRAPHICS,INTEGRATED,False,0.8,1.0,0.3029695024077046,0.8900481540930979,0.2114767255216693,0.1444444444444444,26.79,0.591,0.89,True,True,True,True,False,True,False,75.0,0.7979482604817127,0.45,0.7979482604817127,1,0.53775,0.5448,0.7370565060289268,0.8375082154061597,0.706027070794249,False,False,True,True,1.0
ASUS Rog Flow X16 Gv601vv Nf044w,Asus,Intel,Core i9,13900.0,5.4,16.0,DDR5,4800.0,1024.0,16.0,2560 x 1600,240.0,NVIDIA,2.2,"90WHrs, 4S1P, 4-cell Li-ion",54990000.0,data/anphat/detail_htmls\asus_152_specs.html,RTX 4060,DISCRETE_GAMING,False,0.8,1.0,0.9542536115569824,0.1785714285714286,0.8487158908507223,0.3402777777777778,54.99,0.917,0.179,True,True,True,False,False,False,True,90.0,0.9402319357716324,1.0,0.9402319357716324,1,0.94925,0.9451,0.6631963871543265,0.43969514220706973,0.7073274026608609,True,True,True,False,13.0
ASUS Tuf Gaming A15 Fa506nfr Hn075w,Asus,AMD,Ryzen 7,7435.0,4.5,16.0,DDR5,4800.0,512.0,15.6,1920 x 1080,144.0,NVIDIA,2.3,3-cell 48WHrs,22990000.0,data/anphat/detail_htmls\asus_153_specs.html,RTX 2050,DISCRETE_GAMING,False,0.8,0.8,0.3029695024077046,0.1235955056179775,0.5842696629213483,0.1180555555555555,22.99,0.551,0.124,True,True,True,False,False,False,True,48.0,0.2149866190900981,0.8,0.2149866190900981,1,0.73775,0.7253000000000001,0.33420575078431175,0.21400936162535455,0.3860444601780112,True,True,False,False,7.0
ASUS Zenbook S 13 Oled Ux5304va Nq126w,Asus,Intel,Core i7,1355.0,5.0,32.0,LPDDR5,,1024.0,13.3,2880 x 1800,60.0,Intel,1.0,4Cell 63WHrs,49990000.0,data/anphat/detail_htmls\asus_157_specs.html,INTEL_IRIS_XE,INTEGRATED,False,1.0,1.0,0.8138041733547352,0.9823434991974318,0.0176565008025682,0.3055555555555556,49.99,0.907,0.982,True,True,True,True,False,True,False,63.0,0.6119536128456735,0.55,0.6119536128456735,1,0.7067500000000001,0.7246,0.8743609472882359,0.8527070389743164,0.8814538340745695,True,True,True,True,13.0
ASUS Rog Strix G16 G614jv N3514w,Asus,Intel,Core i7,13650.0,4.9,16.0,DDR5,4800.0,1024.0,16.0,1920 x 1200,165.0,NVIDIA,2.5,"90WHrs, 4S1P, 4-cell Li-ion",40990000.0,data/anphat/detail_htmls\asus_159_specs.html,RTX 4060,DISCRETE_GAMING,False,0.8,1.0,0.7391653290529695,0.0553772070626003,0.8487158908507223,0.2430555555555555,40.99,0.81,0.055,True,True,True,False,True,False,True,90.0,0.9402319357716324,1.0,0.9402319357716324,1,0.9225,0.913,0.5719284096262367,0.384257742528097,0.6177193328374259,True,True,False,False,13.0
ASUS Expertbook B5 B5402cva Ki0229w,Asus,Intel,Core i7,1360.0,5.0,16.0,DDR5,,512.0,14.0,1920 x 1080,,Intel,1.27,3Cell 63WHrs,27990000.0,data/anphat/detail_htmls\asus_158_specs.html,INTEL_IRIS_XE,INTEGRATED,False,0.8,0.8,0.8138041733547352,0.9073033707865168,0.2114767255216693,0.1527777777777778,27.99,0.807,0.907,True,True,True,True,False,True,False,63.0,0.6119536128456735,0.55,0.6119536128456735,1,0.65175,0.6646000000000001,0.8030969023444157,0.7801749362455845,0.7998785933041039,True,True,True,True,13.0
ASUS Zenbook 14 Flip Oled Up3404va Kn038w,Asus,Intel,Core I5,1340.0,4.6,16.0,LPDDR5,,512.0,14.0,2880 x 1800,90.0,Intel,1.5,"4 cell, 75WHrs",29990000.0,data/anphat/detail_htmls\asus_156_specs.html,INTEL_IRIS_XE,INTEGRATED,False,0.8,0.8,0.4534510433386838,0.6898073836276084,0.2114767255216693,0.1666666666666666,29.99,0.627,0.69,True,True,True,True,False,True,False,75.0,0.7979482604817127,0.55,0.7979482604817127,1,0.60675,0.6106,0.6831722363660055,0.7473998686966894,0.6763574801040403,True,True,True,False,13.0
ASUS Proart H7600zm L2079w,Asus,Intel,Core i9,12900.0,5.0,32.0,DDR5,,1024.0,16.0,3840 x 2400,,NVIDIA,2.05,"4-cell, 90Wh",69900000.0,data/anphat/detail_htmls\asus_160_specs.html,RTX 3060,DISCRETE_GAMING,False,1.0,1.0,0.8138041733547352,0.2463884430176565,0.8487158908507223,0.4438194444444444,69.9,0.907,0.246,True,True,True,False,False,False,True,90.0,0.9402319357716324,0.9,0.9402319357716324,1,0.91675,0.9171,0.6824323422105063,0.4702127987078723,0.7185871137363024,True,True,True,False,12.0
ASUS Rog Strix Scar 15 G533zs Ln036w,Asus,Intel,Core i9,12900.0,5.0,32.0,DDR5,4800.0,2048.0,15.6,2560 x 1440,240.0,NVIDIA,2.3,4 Cell 90WHrs,89990000.0,data/anphat/detail_htmls\asus_161_specs.html,RTX 3080,DISCRETE_GAMING,False,1.0,1.0,0.8138041733547352,0.1235955056179775,0.5842696629213483,0.5833333333333334,89.99,0.907,0.124,True,True,True,False,False,False,True,90.0,0.9402319357716324,0.9,0.9402319357716324,1,0.91675,0.9171,0.6394548141206187,0.46784522246389154,0.6987737108470569,True,True,True,False,12.0
ASUS Zenbook Pro 14 Duo Oled Ux8402vu P1028w,Asus,Intel,Core i9,13900.0,5.4,32.0,LPDDR5,,1024.0,14.5,2880 x 1800,120.0,NVIDIA,1.75,4 cell 76WHrs,69990000.0,data/anphat/detail_htmls\asus_162_specs.html,RTX 4050,DISCRETE_GAMING,False,1.0,1.0,0.9542536115569824,0.3912520064205457,0.3936597110754414,0.4444444444444444,69.99,0.977,0.391,True,True,True,False,False,False,False,76.0,0.844335414808207,1.0,0.844335414808207,1,0.99425,0.9931,0.7454552852088324,0.5928488558570297,0.7959746495153806,True,True,True,False,13.0
ASUS Zenbook Ux333fa A4016t_id28175,asus,Intel,Core i5,8265.0,3.9,8.0,LPDDR3,2133.0,256.0,13.3,1920 x 1080,,Intel,1.19,3 cell /50Wh,22490000.0,data/anphat/detail_htmls\asus_164_specs.html,INTEL_UHD,INTEGRATED,False,0.6,0.6,0.1914125200642054,0.9602728731942215,0.0176565008025682,0.1145833333333333,22.49,0.396,0.96,True,True,True,True,False,True,False,50.0,0.25111507582515613,0.45,0.25111507582515613,1,0.4589999999999999,0.4563,0.5645185207830088,0.7164817693156906,0.5359296882154921,False,False,False,False,8.0
ASUS Zenbook S 13 Oled Ux5304va Nq125w,Asus,Intel,Core i7,1355.0,5.0,16.0,LPDDR5,,512.0,13.3,2880 x 1800,60.0,Intel,1.0,4Cell 63WHrs,39590000.0,data/anphat/detail_htmls\asus_163_specs.html,INTEL_IRIS_XE,INTEGRATED,False,0.8,0.8,0.8138041733547352,0.9823434991974318,0.0176565008025682,0.2333333333333333,39.59,0.807,0.982,True,True,True,True,False,True,False,63.0,0.6119536128456735,0.55,0.6119536128456735,1,0.65175,0.6646000000000001,0.829360947288236,0.8527070389743164,0.8262038340745694,True,True,True,True,13.0
ASUS Zenbook Ux333fa A4011t_id28176,asus,Intel,Core i5,8265.0,3.9,8.0,LPDDR3,2133.0,256.0,13.3,1920 x 1080,,Intel,1.19,3 cell /50Wh,22990000.0,data/anphat/detail_htmls\asus_165_specs.html,INTEL_UHD,INTEGRATED,False,0.6,0.6,0.1914125200642054,0.9602728731942215,0.0176565008025682,0.1180555555555555,22.99,0.396,0.96,True,True,True,True,False,True,False,50.0,0.25111507582515613,0.45,0.25111507582515613,1,0.4589999999999999,0.4563,0.5645185207830088,0.7164817693156906,0.5359296882154921,False,False,False,False,8.0
ACER Aspire A515 58p 9841 Nx.kvgsv.003,Acer,Intel,Core i9,13900.0,5.4,16.0,DDR5,5200.0,512.0,15.6,1920 x 1080,60.0,,1.7,50Wh,22990000.0,data/anphat/detail_htmls\acer_3_specs.html,UNKNOWN,UNKNOWN,False,0.8,0.8,0.9542536115569824,0.4438202247191011,0.5842696629213483,0.1180555555555555,22.99,0.877,0.444,True,True,True,False,False,False,True,50.0,0.25111507582515613,0.45,0.25111507582515613,1,0.6092500000000001,0.6306,0.6002100938167166,0.37075544507813046,0.6511956312331486,True,True,True,False,13.0
ACER Gaming Nitro 16 Ai Propanel An16s 61 R5f4 Nh.qxfsv.001,Acer,AMD,Ryzen AI 7,350.0,4.8,16.0,DDR5,5600.0,512.0,16.0,1920 x 1200,180.0,NVIDIA,2.18,76Wh 4-cell Li-ion battery 230W AC Adapter,44990000.0,data/anphat/detail_htmls\acer_7_specs.html,RTX 5060,DISCRETE_GAMING,False,0.8,0.8,0.6460674157303371,0.1910112359550562,0.8487158908507223,0.2708333333333333,44.99,0.723,0.191,True,True,True,False,False,False,True,76.0,0.844335414808207,0.45,0.844335414808207,1,0.57075,0.5844,0.5610710155459111,0.41172927319250324,0.5878778116341606,False,False,False,False,3.0
ACER Gaming Nitro V 16 Ai Propanel Anv16s 61 R9zv,Acer,AMD,Ryzen AI 7,350.0,4.8,32.0,DDR5,5600.0,1024.0,16.0,2560 x 1600,180.0,NVIDIA,2.18,76Wh 4-cell Li-ion battery 135W AC adapter,46990000.0,data/anphat/detail_htmls\acer_8_specs.html,RTX 5060,DISCRETE_GAMING,False,1.0,1.0,0.6460674157303371,0.1910112359550562,0.8487158908507223,0.2847222222222222,46.99,0.823,0.191,True,True,True,False,False,False,True,76.0,0.844335414808207,0.45,0.844335414808207,1,0.62575,0.6444,0.6060710155459111,0.41172927319250324,0.6431278116341607,True,True,True,False,3.0
ACER Aspire Lite 15 Al15 71p 517d Nx.j7ksv.001,Acer,Intel,Core i5,12450.0,4.4,16.0,DDR5,4800.0,512.0,15.6,1920 x 1080,60.0,Intel,1.79,58Wh 3-cell Li-ion battery Adapter 90W_5.5PHY,15490000.0,data/anphat/detail_htmls\acer_5_specs.html,INTEL_UHD,INTEGRATED,False,0.8,0.8,0.2451845906902086,0.3743980738362761,0.5842696629213483,0.0659722222222222,15.49,0.523,0.374,True,True,True,False,False,False,True,58.0,0.5156110615521855,0.45,0.5156110615521855,1,0.52075,0.5244,0.46951153815313373,0.4320890721853195,0.4807480066059741,False,False,False,False,12.0
ACER Gaming Nitro V 15 Propanel Anv15 41 R0y4 Nh.qpesv.004,Acer,AMD,Ryzen 7,7735.0,4.75,16.0,DDR5,4800.0,512.0,15.6,1920 x 1080,180.0,NVIDIA,2.1,57Whr 4-cell Li-ion Battery 135W AC Adapter,28990000.0,data/anphat/detail_htmls\acer_11_specs.html,RTX 4050,DISCRETE_GAMING,False,0.8,0.8,0.5862760834670947,0.2231139646869984,0.5842696629213483,0.1597222222222222,28.99,0.693,0.223,True,True,True,False,False,False,True,57.0,0.4683318465655665,1.0,0.4683318465655665,1,0.89325,0.8779,0.4836062569535627,0.34746349782282787,0.5296655151936688,True,True,False,False,7.0
ACER Gaming Nitro V 15 Propanel Anv15 41 R0fe Nh.qpfsv.005,Acer,AMD,Ryzen 7,7735.0,4.75,16.0,DDR5,4800.0,512.0,15.6,1920 x 1080,180.0,NVIDIA,2.1,57Whr 4-cell Li-ion Battery 135W AC Adapter,25990000.0,data/anphat/detail_htmls\acer_13_specs.html,RTX 3050,DISCRETE_GAMING,False,0.8,0.8,0.5862760834670947,0.2231139646869984,0.5842696629213483,0.1388888888888889,25.99,0.693,0.223,True,True,True,False,False,False,True,57.0,0.4683318465655665,0.9,0.4683318465655665,1,0.83325,0.8229000000000001,0.4836062569535627,0.34746349782282787,0.5296655151936688,True,True,False,False,7.0
ACER Aspire 7 A715 59g 73lb Nh.qx6sv.002,Acer,Intel,Core i7,12650.0,4.7,16.0,DDR4,3200.0,512.0,15.6,1920 x 1080,144.0,NVIDIA,1.99,54.8Wh 3-cell,23999000.0,data/anphat/detail_htmls\acer_14_specs.html,RTX 3050,DISCRETE_GAMING,False,0.8,0.8,0.5714285714285714,0.2536115569823435,0.5842696629213483,0.1250625,24.0,0.686,0.254,True,True,True,False,False,False,True,54.8,0.3800178412132025,0.9,0.3800178412132025,1,0.8315,0.8208000000000001,0.47346761318646075,0.3302775124824058,0.5192159284303886,True,True,False,False,12.0
ACER Gaming Nitro V 15 Propanel Anv15 41 R9m1 Nh.qpfsv.004,Acer,AMD,Ryzen 5,7535.0,4.55,16.0,DDR5,4800.0,512.0,15.6,1920 x 1080,180.0,NVIDIA,2.1,57Whr 4-cell Li-ion Battery 135W AC Adapter,23990000.0,data/anphat/detail_htmls\acer_16_specs.html,RTX 3050,DISCRETE_GAMING,False,0.8,0.8,0.3451043338683788,0.2231139646869984,0.5842696629213483,0.125,23.99,0.573,0.223,True,True,True,False,False,False,True,57.0,0.4683318465655665,0.9,0.4683318465655665,1,0.80325,0.7869,0.4296062569535627,0.34746349782282787,0.46336551519366875,True,True,False,False,7.0
ACER Gaming Nitro V 15 Propanel Anv15 52 59aa Nh.qz9sv.002,Acer,Intel,Core i5,13420.0,4.6,16.0,DDR4,3200.0,512.0,15.6,1920 x 1080,180.0,NVIDIA,2.1,76Wh 4-cell Li-ion battery 135W 5.5PHY Adapter,30990000.0,data/anphat/detail_htmls\acer_18_specs.html,RTX 5050,DISCRETE_GAMING,False,0.8,0.8,0.4534510433386838,0.2231139646869984,0.5842696629213483,0.1736111111111111,30.99,0.627,0.223,True,True,True,False,False,False,True,76.0,0.844335414808207,0.45,0.844335414808207,1,0.5467500000000001,0.5556,0.5291069706020909,0.479064746707752,0.5533610861124912,False,False,False,False,13.0
ACER Gaming Nitro V Anv15 51 500a Nh.qnasv.008,Acer,Intel,Core i5,13420.0,4.6,16.0,DDR5,5200.0,512.0,15.6,1920 x 1080,180.0,NVIDIA,2.1,57Whr 4-cell,23990000.0,data/anphat/detail_htmls\acer_19_specs.html,RTX 2050,DISCRETE_GAMING,False,0.8,0.8,0.4534510433386838,0.2231139646869984,0.5842696629213483,0.125,23.99,0.627,0.223,True,True,True,False,False,False,True,57.0,0.4683318465655665,0.8,0.4683318465655665,1,0.7567499999999999,0.7481000000000001,0.45390625695356274,0.34746349782282787,0.4932005151936688,True,True,False,False,13.0
ACER Gaming Nitro V 15 Propanel Anv15 52 72bm,Acer,Intel,Core i7,13620.0,4.9,16.0,DDR4,3200.0,512.0,15.6,1920 x 1080,180.0,NVIDIA,2.1,76Wh 4-cell Li-ion battery 135W 5.5PHY Adapter,32990000.0,data/anphat/detail_htmls\acer_17_specs.html,RTX 5050,DISCRETE_GAMING,False,0.8,0.8,0.7391653290529695,0.2231139646869984,0.5842696629213483,0.1875,32.99,0.77,0.223,True,True,True,False,False,False,True,76.0,0.844335414808207,0.45,0.844335414808207,1,0.5825,0.5985,0.5934569706020909,0.479064746707752,0.6323685861124912,False,False,False,False,13.0
ACER Swift Go 14 Sfg14 41 R251_nx.kg3sv.005,Acer,AMD,Ryzen 5,7430.0,4.3,16.0,LPDDR4X,4800.0,1024.0,14.0,1920 x 1080,60.0,AMD,1.25,4 cell,18990000.0,data/anphat/detail_htmls\acer_20_specs.html,AMD_RADEON_GRAPHICS,INTEGRATED,False,0.8,1.0,0.2146869983948635,0.916131621187801,0.2114767255216693,0.0902777777777777,18.99,0.547,0.916,True,True,True,True,False,True,False,,,0.5,,0,0.55675,0.5591,0.6667960674157304,0.7449638844301767,0.6405010072231141,False,False,True,False,7.0
ACER Gaming Nitro V 15 Propanel Anv15 41 R7cr Nh.qpesv.003,Acer,AMD,Ryzen 5,7535.0,4.55,16.0,DDR5,4800.0,512.0,15.6,1920 x 1080,180.0,NVIDIA,2.1,57Whr 4-cell Li-ion Battery 135W AC Adapter,26990000.0,data/anphat/detail_htmls\acer_21_specs.html,RTX 4050,DISCRETE_GAMING,False,0.8,0.8,0.3451043338683788,0.2231139646869984,0.5842696629213483,0.1458333333333333,26.99,0.573,0.223,True,True,True,False,False,False,True,57.0,0.4683318465655665,1.0,0.4683318465655665,1,0.86325,0.8419,0.4296062569535627,0.34746349782282787,0.46336551519366875,True,True,False,False,7.0
ACER Nitro Lite 16 Nl16 71g 56wq_nh.d59sv.001,Acer,Intel,Core i5,13420.0,4.6,8.0,DDR5,4800.0,512.0,16.0,1920 x 1200,165.0,NVIDIA,1.95,53 Wh 3-cell,22990000.0,data/anphat/detail_htmls\acer_22_specs.html,RTX 3050,DISCRETE_GAMING,False,0.6,0.8,0.4534510433386838,0.2732744783306581,0.8487158908507223,0.1180555555555555,22.99,0.567,0.273,True,True,True,False,False,False,True,53.0,0.32292595896520965,0.9,0.32292595896520965,1,0.77175,0.7551,0.4153812592087723,0.2662544227164751,0.43862245118724247,True,True,False,False,13.0
ACER Aspire 5 A514 56p 55k5 Nx.khrsv.003,Acer,Intel,Core i5,1335.0,4.6,16.0,LPDDR5,6400.0,1024.0,14.0,1920 x 1200,60.0,Intel,1.5,3 Cell 50 Wh,16990000.0,data/anphat/detail_htmls\acer_15_specs.html,INTEL_IRIS_XE,INTEGRATED,False,0.8,1.0,0.4534510433386838,0.6898073836276084,0.2114767255216693,0.0763888888888889,16.99,0.667,0.69,True,True,True,True,False,True,False,50.0,0.25111507582515613,0.55,0.25111507582515613,1,0.61675,0.6226,0.5918055994346942,0.5560082540668946,0.6109641705589913,True,True,False,False,13.0
ACER Aspire 7 A715 59g 57tu Nh.qx6sv.001,Acer,Intel,Core i5,12450.0,4.4,16.0,DDR4,3200.0,512.0,15.6,1920 x 1080,144.0,NVIDIA,1.99,54.8Wh 3-cell,22490000.0,data/anphat/detail_htmls\acer_23_specs.html,RTX 3050,DISCRETE_GAMING,False,0.8,0.8,0.2451845906902086,0.2536115569823435,0.5842696629213483,0.1145833333333333,22.49,0.523,0.254,True,True,True,False,False,False,True,54.8,0.3800178412132025,0.9,0.3800178412132025,1,0.7907500000000001,0.7719,0.4001176131864607,0.3302775124824058,0.4291584284303885,True,True,False,False,12.0
ACER Gaming Nitro Lite 16 Nl16 71g 71uj,Acer,Intel,Core i7,13620.0,4.9,8.0,DDR5,4800.0,512.0,16.0,1920 x 1200,165.0,NVIDIA,1.95,53Wh 3-cell Li-ion battery 100W TypeC adapter,23999000.0,data/anphat/detail_htmls\acer_24_specs.html,RTX 3050,DISCRETE_GAMING,False,0.6,0.8,0.7391653290529695,0.2732744783306581,0.8487158908507223,0.1250625,24.0,0.71,0.273,True,True,True,False,False,False,True,53.0,0.32292595896520965,0.9,0.32292595896520965,1,0.8075,0.798,0.4797312592087723,0.2662544227164751,0.5176299511872425,True,True,False,False,13.0
ACER Predator Helios Neo 16s Ai Phn16s 71 95ms,Acer,Intel,Core Ultra 9,275.0,5.4,64.0,DDR5,,2048.0,16.0,2560 x 1600,240.0,NVIDIA,2.3,76Wh 4-cell Li-ion battery,69990000.0,data/anphat/detail_htmls\acer_25_specs.html,RTX 5070,DISCRETE_GAMING,False,1.0,1.0,0.9542536115569824,0.1235955056179775,0.8487158908507223,0.4444444444444444,69.99,0.977,0.124,True,True,True,False,False,False,True,76.0,0.844335414808207,0.45,0.844335414808207,1,0.66425,0.6906,0.6517755099279335,0.38139219454081785,0.7115274183757336,True,True,True,False,2.0
ACER Gaming Nitro V 16 Ai Propanel Anv16s 61 R0b8,Acer,AMD,Ryzen AI 5,340.0,4.8,16.0,DDR5,5600.0,512.0,16.0,1920 x 1080,180.0,NVIDIA,2.1,76Wh 4-cell Li-ion battery 135W AC adapter,36990000.0,data/anphat/detail_htmls\acer_27_specs.html,RTX 5050,DISCRETE_GAMING,False,0.8,0.8,0.6460674157303371,0.2231139646869984,0.8487158908507223,0.2152777777777778,36.99,0.723,0.223,True,True,True,False,False,False,True,76.0,0.844335414808207,0.45,0.844335414808207,1,0.57075,0.5844,0.5723069706020908,0.42617550112187724,0.5958232369953163,False,False,False,False,3.0
ACER Gaming Nitro V Anv15 51 73bt Nh.qnasv.009,Acer,Intel,Core i7,13620.0,4.9,16.0,DDR5,5200.0,512.0,15.6,1920 x 1080,180.0,NVIDIA,2.1,57Whr 4-cell,25990000.0,data/anphat/detail_htmls\acer_29_specs.html,RTX 2050,DISCRETE_GAMING,False,0.8,0.8,0.7391653290529695,0.2231139646869984,0.5842696629213483,0.1388888888888889,25.99,0.77,0.223,True,True,True,False,False,False,True,57.0,0.4683318465655665,0.8,0.4683318465655665,1,0.7925,0.791,0.5182562569535628,0.34746349782282787,0.5722080151936688,True,True,False,False,13.0
ACER Gaming Aspire 5 A515 58gm 53cm Nx.kw1sv.003,Acer,Intel,Core i5,13420.0,4.6,32.0,DDR4,3200.0,512.0,15.6,1920 x 1080,144.0,NVIDIA,1.78,50 Wh,22990000.0,data/anphat/detail_htmls\acer_30_specs.html,RTX 2050,DISCRETE_GAMING,False,1.0,0.8,0.4534510433386838,0.3832263242375602,0.5842696629213483,0.1180555555555555,22.99,0.687,0.383,True,True,True,False,False,False,True,50.0,0.25111507582515613,0.8,0.25111507582515613,1,0.8017500000000001,0.7961000000000001,0.49350222864817733,0.3434881898614371,0.5312236408639672,True,True,False,False,13.0
ACER Aspire Lite 14 Al14 71m 52gq Nx.j4asv.001,Acer,Intel,Core i5,12500.0,4.5,16.0,DDR5,4800.0,512.0,14.0,1920 x 1200,60.0,Intel,1.55,58Wh 3-cell Li-ion battery,14990000.0,data/anphat/detail_htmls\acer_31_specs.html,INTEL_IRIS_XE,INTEGRATED,False,0.8,0.8,0.3029695024077046,0.641653290529695,0.2114767255216693,0.0625,14.99,0.551,0.642,True,True,True,True,False,True,False,58.0,0.5156110615521855,0.55,0.5156110615521855,1,0.58775,0.5878000000000001,0.5756508639958304,0.6269125071772939,0.5772753902335825,False,False,False,False,12.0
ACER Aspire Lite 15al15 72p 581v Nx.d4csv.001,Acer,Intel,Core i5,13500.0,4.7,16.0,DDR5,4800.0,512.0,15.6,1920 x 1080,60.0,Intel,1.79,58Wh 3-cell Li-ion battery 90W AC adapter,15690000.0,data/anphat/detail_htmls\acer_32_specs.html,INTEL_UHD,INTEGRATED,False,0.8,0.8,0.5714285714285714,0.3743980738362761,0.5842696629213483,0.0673611111111111,15.69,0.686,0.374,True,True,True,False,False,False,True,58.0,0.5156110615521855,0.45,0.5156110615521855,1,0.5615,0.5733,0.5428615381531338,0.4320890721853195,0.5708055066059741,False,False,False,False,13.0
ACER Gaming Nitro V 16 Propanel Anv16 41 R36y Nh.qp1sv.004,Acer,AMD,Ryzen 7,8845.0,5.1,16.0,DDR5,5600.0,512.0,16.0,1920 x 1200,165.0,NVIDIA,2.5,4 cell - 57 Wh,31990000.0,data/anphat/detail_htmls\acer_33_specs.html,RTX 4050,DISCRETE_GAMING,False,0.8,0.8,0.8743980738362761,0.0553772070626003,0.8487158908507223,0.1805555555555555,31.99,0.837,0.055,True,True,True,False,True,False,True,57.0,0.4683318465655665,1.0,0.4683318465655665,1,0.92925,0.9211,0.4896983917850234,0.21909271130597394,0.5571328185644553,True,True,False,False,8.0
Gaming ACER Aspire 7 A715 76g 5806 Nh.qmfsv.002,Acer,Intel,Core i5,12450.0,4.4,16.0,DDR4,3200.0,512.0,15.6,1920 x 1080,144.0,NVIDIA,2.1,"3-cell, 50Wh",22990000.0,data/anphat/detail_htmls\acer_35_specs.html,RTX 3050,DISCRETE_GAMING,False,0.8,0.8,0.2451845906902086,0.2231139646869984,0.5842696629213483,0.1180555555555555,22.99,0.523,0.223,True,True,True,False,False,False,True,50.0,0.25111507582515613,0.9,0.25111507582515613,1,0.7907500000000001,0.7719,0.3636629028054807,0.27143762806368427,0.4009858318752032,True,True,False,False,12.0
ACER Aspire Lite 16 Gen 2 Al16 52p 572a Nx.j2ssv.004,Acer,Intel,Core i5,1334.0,4.6,16.0,DDR5,4800.0,2048.0,16.0,1920 x 1200,60.0,Intel,1.7,58Whr 3-cell 65W PD Type-C Adapter,16990000.0,data/anphat/detail_htmls\acer_37_specs.html,INTEL_IRIS_XE,INTEGRATED,False,0.8,1.0,0.4534510433386838,0.4438202247191011,0.8487158908507223,0.0763888888888889,16.99,0.667,0.444,True,True,True,False,False,False,True,58.0,0.5156110615521855,0.55,0.5156110615521855,1,0.61675,0.6226,0.5586092909621225,0.41043979449671597,0.5669121398322984,True,True,False,False,13.0
ACER Nitro V 15 Propanel Anv15 51 73uu Nh.qn9sv.00c,Acer,Intel,Core i7,13620.0,4.9,16.0,DDR5,5200.0,512.0,15.6,1920 x 1080,180.0,NVIDIA,2.1,4 cell - 57 Wh,27990000.0,data/anphat/detail_htmls\acer_38_specs.html,RTX 3050,DISCRETE_GAMING,False,0.8,0.8,0.7391653290529695,0.2231139646869984,0.5842696629213483,0.1527777777777778,27.99,0.77,0.223,True,True,True,False,False,False,True,57.0,0.4683318465655665,0.9,0.4683318465655665,1,0.8525,0.846,0.5182562569535628,0.34746349782282787,0.5722080151936688,True,True,False,False,13.0
ACER Aspire Go 14 Ai Ag14 71m 57wr Nx.jfwsv.001,Acer,Intel,Core Ultra 5,125.0,4.5,16.0,DDR5,5600.0,512.0,14.0,1920 x 1200,60.0,Intel,1.5,55 Wh 3-cell Li-ion battery USB Type-C 65 W PD AC adapter,18790000.0,data/anphat/detail_htmls\acer_39_specs.html,INTEL_GRAPHICS,INTEGRATED,False,0.8,0.8,0.3029695024077046,0.6898073836276084,0.2114767255216693,0.0888888888888888,18.79,0.551,0.69,True,True,True,True,False,True,False,55.0,0.3862622658340767,0.45,0.3862622658340767,1,0.52775,0.5328,0.5666350374364784,0.6033097705700168,0.5684977209604186,False,False,False,False,1.0
ACER Aspire Lite 16 Ai Al16 71p 71wu Nx.d4xsv.002,Acer,Intel,Core Ultra 7,155.0,4.8,16.0,DDR5,5600.0,512.0,16.0,1920 x 1200,60.0,Intel,1.6,58Wh 3-cell Li-ion battery 90W AC adapter,20999000.0,data/anphat/detail_htmls\acer_40_specs.html,INTEL_GRAPHICS,INTEGRATED,False,0.8,0.8,0.6460674157303371,0.6087479935794542,0.8487158908507223,0.1042291666666666,21.0,0.723,0.609,True,True,True,False,False,False,True,58.0,0.5156110615521855,0.45,0.5156110615521855,1,0.57075,0.5844,0.6415340100632461,0.48465729048387485,0.6386717626252357,False,False,True,False,1.0
ACER Aspire Go 15 Ag15 71p 58x1 Nx.j4gsv.001,Acer,Intel,Core i5,13420.0,4.6,16.0,DDR5,5200.0,512.0,15.6,1920 x 1080,60.0,Intel,1.8,58Wh 3-cell Li-ion battery,16990000.0,data/anphat/detail_htmls\acer_41_specs.html,INTEL_UHD,INTEGRATED,False,0.8,0.8,0.4534510433386838,0.3607544141252006,0.5842696629213483,0.0763888888888889,16.99,0.627,0.361,True,True,True,False,False,False,True,58.0,0.5156110615521855,0.45,0.5156110615521855,1,0.5467500000000001,0.5556,0.5115362572542573,0.4259494253153355,0.5348312008274829,False,False,False,False,13.0
ACER Aspire Lite 16 Ai Al16 71p 5674 Nx.d4xsv.001,Acer,Intel,Core Ultra 5,125.0,4.5,16.0,DDR5,5600.0,512.0,16.0,1920 x 1200,60.0,Intel,1.6,58Wh 3-cell Li-ion battery 90W AC adapter,18990000.0,data/anphat/detail_htmls\acer_42_specs.html,INTEL_GRAPHICS,INTEGRATED,False,0.8,0.8,0.3029695024077046,0.6087479935794542,0.8487158908507223,0.0902777777777777,18.99,0.551,0.609,True,True,True,False,False,False,True,58.0,0.5156110615521855,0.45,0.5156110615521855,1,0.52775,0.5328,0.5641340100632461,0.48465729048387485,0.5436417626252357,False,False,False,False,1.0
ACER Aspire 5 A514 56p 35x7 Nx.khrsv.001,Acer,Intel,Core  i3,1315.0,4.5,8.0,DDR5,6400.0,512.0,14.0,1920 x 1200,60.0,Intel,1.5,3 cell 50 Wh,12990000.0,data/anphat/detail_htmls\acer_43_specs.html,INTEL_UHD,INTEGRATED,False,0.6,0.8,0.3029695024077046,0.6898073836276084,0.2114767255216693,0.0486111111111111,12.99,0.491,0.69,True,True,True,True,False,True,False,50.0,0.25111507582515613,0.45,0.25111507582515613,1,0.48275,0.4848,0.5126055994346942,0.5560082540668946,0.5137241705589913,False,False,False,False,13.0
ACER Swift Ai Sf14 51 75vp Nx.j2ksv.001,Acer,Intel,Core Ultra 7,258.0,4.6,32.0,LPDDR5X,8533.0,1024.0,14.0,2880 x 1800,90.0,Intel,1.26,65 Wh 3-cell Li-ion battery,39990000.0,data/anphat/detail_htmls\acer_44_specs.html,INTEL_GRAPHICS,INTEGRATED,False,1.0,1.0,0.4534510433386838,0.913322632423756,0.2114767255216693,0.2361111111111111,39.99,0.727,0.913,True,True,True,True,False,True,False,65.0,0.6418376449598573,0.45,0.6418376449598573,1,0.60175,0.6156,0.775180450340286,0.7933430152223064,0.76194980569759,True,True,True,True,2.0
Gaming ACER Nitro V Anv15 51 55ca Nh.qn8sv.004,Acer,Intel,Core i5,13420.0,4.6,16.0,DDR5,5200.0,512.0,15.6,1920 x 1080,144.0,NVIDIA,2.1,57 Wh 4-cel,27990000.0,data/anphat/detail_htmls\acer_45_specs.html,RTX 4050,DISCRETE_GAMING,False,0.8,0.8,0.4534510433386838,0.2231139646869984,0.5842696629213483,0.1527777777777778,27.99,0.627,0.223,True,True,True,False,False,False,True,57.0,0.4683318465655665,1.0,0.4683318465655665,1,0.87675,0.8581,0.45390625695356274,0.34746349782282787,0.4932005151936688,True,True,False,False,13.0
ACER Gaming Predator Helios Neo 16 Ai Phn16 73 98s4,Acer,Intel,Core Ultra 9,275.0,5.4,32.0,DDR5,6400.0,1024.0,16.0,2560 x 1600,240.0,NVIDIA,2.7,90Wh 4-cell Li-ion battery 230W AC Adapter,61990000.0,data/anphat/detail_htmls\acer_48_specs.html,RTX 5060,DISCRETE_GAMING,False,1.0,1.0,0.9542536115569824,0.022471910112359605,0.8487158908507223,0.3888888888888889,61.99,0.977,0.022,True,True,True,False,True,False,True,90.0,0.9402319357716324,0.45,0.9402319357716324,1,0.66425,0.6906,0.6355615556936524,0.3694503589004887,0.7018427718422413,True,True,True,False,2.0
ACER Gaming Predator Helios Neo 16 Ai Phn16 73 757w,Acer,Intel,Core Ultra 7,255.0,5.2,32.0,DDR5,6400.0,1024.0,16.0,2560 x 1600,240.0,NVIDIA,2.7,90Wh 4-cell Li-ion battery 230W AC Adapter,56990000.0,data/anphat/detail_htmls\acer_49_specs.html,RTX 5060,DISCRETE_GAMING,False,1.0,1.0,0.914526484751204,0.022471910112359605,0.8487158908507223,0.3541666666666667,56.99,0.957,0.022,True,True,True,False,True,False,True,90.0,0.9402319357716324,0.45,0.9402319357716324,1,0.65925,0.6846,0.6265615556936524,0.3694503589004887,0.6907927718422413,True,True,True,False,2.0
ACER Swift Go 14 Sfg14 73 57fz_nx.ksgsv.001,Acer,Intel,Core Ultra 5,125.0,4.5,16.0,LPDDR5X,,512.0,14.0,2880 x 1800,90.0,Intel,1.32,65 Whr 4-cell Adapter: 100W Type-C adapter,24490000.0,data/anphat/detail_htmls\acer_51_specs.html,INTEL_GRAPHICS,INTEGRATED,False,0.8,0.8,0.3029695024077046,0.877207062600321,0.2114767255216693,0.1284722222222222,24.49,0.551,0.877,True,True,True,True,False,True,False,65.0,0.6418376449598573,0.45,0.6418376449598573,1,0.52775,0.5328,0.6833400009020838,0.7770910088017606,0.6557712021662898,False,False,True,True,1.0
ACER Swift X 14 Ai Sfx14 72g 708x,Acer,Intel,Core Ultra 7,155.0,4.8,32.0,LPDDR5,,1024.0,14.0,2880 x 1800,120.0,NVIDIA,1.5,76Wh Li-ion,47990000.0,data/anphat/detail_htmls\acer_54_specs.html,RTX 4060,DISCRETE_GAMING,False,1.0,1.0,0.6460674157303371,0.6898073836276084,0.2114767255216693,0.2916666666666667,47.99,0.823,0.69,True,True,True,True,False,True,False,76.0,0.844335414808207,1.0,0.844335414808207,1,0.95575,0.9469,0.7806496672313044,0.7636353727109624,0.7920694247962794,True,True,True,False,1.0
ACER Predator Helios 18 Ai Ph18 73 98aq,Acer,Intel,Core Ultra 9,275.0,5.4,192.0,DDR5,192.0,6144.0,18.0,3840 x 2400,120.0,NVIDIA,3.5,99.98Wh 4-cell Li-ion battery,149990000.0,data/anphat/detail_htmls\acer_53_specs.html,RTX 5090,DISCRETE_GAMING,False,1.0,1.0,0.9542536115569824,0.0036115569823435,0.9951845906902088,1.0,149.99,0.977,0.004,True,True,True,False,True,False,True,99.98,0.987957181088314,0.45,0.987957181088314,1,0.66425,0.6906,0.638505481161483,0.3483732958849227,0.6989521256996518,True,True,True,False,2.0
ACER Swift Go 14 Sfg14 41 R19z Nx.kg3sv.001,Acer,AMD,Ryzen 5,7530.0,4.5,16.0,LPDDR4X,,512.0,14.0,1920 x 1080,60.0,AMD,1.2,50 Wh 3-cell,18490000.0,data/anphat/detail_htmls\acer_50_specs.html,AMD_RADEON_GRAPHICS,INTEGRATED,False,0.8,0.8,0.3029695024077046,0.949438202247191,0.2114767255216693,0.0868055555555555,18.49,0.551,0.949,True,True,True,True,False,True,False,50.0,0.25111507582515613,0.5,0.25111507582515613,1,0.55775,0.5603,0.6304763859515481,0.6728421224457068,0.611132798167338,False,False,True,False,7.0
ACER Swift X 14 Ai Sfx14 72g 77f9,Acer,Intel,Core Ultra 7,155.0,4.8,32.0,LPDDR5,,1024.0,14.0,2880 x 1800,120.0,NVIDIA,1.5,76Wh Li-ion,44990000.0,data/anphat/detail_htmls\acer_55_specs.html,RTX 4050,DISCRETE_GAMING,False,1.0,1.0,0.6460674157303371,0.6898073836276084,0.2114767255216693,0.2708333333333333,44.99,0.823,0.69,True,True,True,True,False,True,False,76.0,0.844335414808207,1.0,0.844335414808207,1,0.95575,0.9469,0.7806496672313044,0.7636353727109624,0.7920694247962794,True,True,True,False,1.0
ACER Swift Go Sfg14 71 513f Nx.kpzsv.003 Hang Gia Soc,Acer,Intel,Core i5,13500.0,4.7,16.0,LPDDR5,,512.0,14.0,2880 x 1800,90.0,Intel,1.2,65Wh Li-ion,24590000.0,data/anphat/detail_htmls\acer_59_specs.html,INTEL_IRIS_XE,INTEGRATED,False,0.8,0.8,0.5714285714285714,0.949438202247191,0.2114767255216693,0.1291666666666666,24.59,0.686,0.949,True,True,True,True,False,True,False,65.0,0.6418376449598573,0.55,0.6418376449598573,1,0.6215,0.6283000000000001,0.7693708997784883,0.8095950216428522,0.7482359092288902,True,True,True,True,13.0
ACER Swift Lite 14 Ai Sfl14 51m 78xz Nx.j1hsv.001,Acer,Intel,Core Ultra 7,155.0,4.8,16.0,DDR5,4800.0,512.0,14.0,1920 x 1200,60.0,Intel,1.27,58Whr 3-cell,23990000.0,data/anphat/detail_htmls\acer_58_specs.html,INTEL_GRAPHICS,INTEGRATED,False,0.8,0.8,0.6460674157303371,0.9073033707865168,0.2114767255216693,0.125,23.99,0.723,0.907,True,True,True,True,False,True,False,58.0,0.5156110615521855,0.45,0.5156110615521855,1,0.57075,0.5844,0.746028392085718,0.7464550432928636,0.7380537850971458,False,False,True,False,1.0
ACER Swift X 14 Sfx14 71g 78sy Nx.kevsv.006,Acer,Intel,Core i7,13700.0,5.0,32.0,LPDDR5,4800.0,1024.0,14.5,2880 x 1800,120.0,NVIDIA,1.5,76 Wh,42990000.0,data/anphat/detail_htmls\acer_57_specs.html,RTX 4050,DISCRETE_GAMING,False,1.0,1.0,0.8138041733547352,0.6898073836276084,0.3936597110754414,0.2569444444444444,42.99,0.907,0.69,True,True,True,True,False,False,False,76.0,0.844335414808207,1.0,0.844335414808207,1,0.97675,0.9721,0.8184496672313044,0.7271987756002078,0.8311921053741286,True,True,True,False,13.0
ACER Swift X 14 Ai Sfx14 72g 79uw,Acer,Intel,Core Ultra 7,155.0,4.8,32.0,LPDDR5,,1024.0,14.0,2880 x 1800,120.0,NVIDIA,1.5,76Wh Li-ion,53990000.0,data/anphat/detail_htmls\acer_56_specs.html,RTX 4070,DISCRETE_GAMING,False,1.0,1.0,0.6460674157303371,0.6898073836276084,0.2114767255216693,0.3333333333333333,53.99,0.823,0.69,True,True,True,True,False,True,False,76.0,0.844335414808207,1.0,0.844335414808207,1,0.95575,0.9469,0.7806496672313044,0.7636353727109624,0.7920694247962794,True,True,True,False,1.0
ACER Swift Go Sfg14 72 73yv Nx.krksv.005,Acer,Intel,Core Ultra 7,155.0,4.8,16.0,LPDDR5,,512.0,14.0,2240 x 1400,60.0,Intel,1.3,65Wh Li-ion,26990000.0,data/anphat/detail_htmls\acer_60_specs.html,INTEL_GRAPHICS,INTEGRATED,False,0.8,0.8,0.6460674157303371,0.8900481540930979,0.2114767255216693,0.1458333333333333,26.99,0.723,0.89,True,True,True,True,False,True,False,65.0,0.6418376449598573,0.45,0.6418376449598573,1,0.57075,0.5844,0.7652343829245557,0.7828694999735102,0.7539793723107521,False,False,True,True,1.0
ACER Swift Go Sfg14 72 55hz Nx.krksv.002,Acer,Intel,Core Ultra 5,125.0,4.5,16.0,LPDDR5,,512.0,14.0,2240 x 1400,60.0,Intel,1.3,65Wh Li-ion,23990000.0,data/anphat/detail_htmls\acer_61_specs.html,INTEL_GRAPHICS,INTEGRATED,False,0.8,0.8,0.3029695024077046,0.8900481540930979,0.2114767255216693,0.125,23.99,0.551,0.89,True,True,True,True,False,True,False,65.0,0.6418376449598573,0.45,0.6418376449598573,1,0.52775,0.5328,0.6878343829245558,0.7828694999735102,0.6589493723107521,False,False,True,True,1.0
ACER Swift Go 14 Sfg14 41 R5jk Nx.kg3sv.002,Acer,AMD,Ryzen 5,7530.0,4.5,16.0,LPDDR4X,,1024.0,14.0,1920 x 1080,60.0,AMD,1.2,50 Wh 3-cell,19490000.0,data/anphat/detail_htmls\acer_62_specs.html,AMD_RADEON_GRAPHICS,INTEGRATED,False,0.8,1.0,0.3029695024077046,0.949438202247191,0.2114767255216693,0.09375,19.49,0.591,0.949,True,True,True,True,False,True,False,50.0,0.25111507582515613,0.5,0.25111507582515613,1,0.56775,0.5723,0.6484763859515481,0.6728421224457068,0.633232798167338,False,False,True,False,7.0
ACER Swift Go Sfg14 73 53x7 Nx.kslsv.001,Acer,Intel,Core Ultra 5,125.0,4.5,16.0,LPDDR5,,512.0,14.0,8K,120.0,Intel,1.32,65Wh Li-ion,23990000.0,data/anphat/detail_htmls\acer_65_specs.html,INTEL_GRAPHICS,INTEGRATED,False,0.8,0.8,0.3029695024077046,0.877207062600321,0.2114767255216693,0.125,23.99,0.551,0.877,True,True,True,True,False,True,False,65.0,0.6418376449598573,0.45,0.6418376449598573,1,0.52775,0.5328,0.6833400009020838,0.7770910088017606,0.6557712021662898,False,False,True,True,1.0
ACER Swift Go Sfg14 71 74cp Nx.kpzsv.004 Hang Gia Soc,Acer,Intel,Core i7,13700.0,5.0,16.0,LPDDR5,,512.0,14.0,2880 x 1800,90.0,Intel,1.2,65Wh Li-ion,28690000.0,data/anphat/detail_htmls\acer_64_specs.html,INTEL_IRIS_XE,INTEGRATED,False,0.8,0.8,0.8138041733547352,0.949438202247191,0.2114767255216693,0.1576388888888888,28.69,0.807,0.949,True,True,True,True,False,True,False,65.0,0.6418376449598573,0.55,0.6418376449598573,1,0.65175,0.6646000000000001,0.8238208997784884,0.8095950216428522,0.8150884092288903,True,True,True,True,13.0
ACER Swift Go Sfg14 73 71zx Nx.kslsv.002,Acer,Intel,Core Ultra 7,155.0,4.8,16.0,LPDDR5,,512.0,14.0,8K,120.0,Intel,1.32,65Wh Li-ion,26990000.0,data/anphat/detail_htmls\acer_66_specs.html,INTEL_GRAPHICS,INTEGRATED,False,0.8,0.8,0.6460674157303371,0.877207062600321,0.2114767255216693,0.1458333333333333,26.99,0.723,0.877,True,True,True,True,False,True,False,65.0,0.6418376449598573,0.45,0.6418376449598573,1,0.57075,0.5844,0.7607400009020837,0.7770910088017606,0.7508012021662899,False,False,True,True,1.0
ACER Swift Go Sfg14 71 74cp Nx.kpzsv.004,Acer,Intel,Core i7,13700.0,5.0,16.0,LPDDR5,,512.0,14.0,2880 x 1800,90.0,Intel,1.2,65Wh Li-ion,28690000.0,data/anphat/detail_htmls\acer_63_specs.html,INTEL_IRIS_XE,INTEGRATED,False,0.8,0.8,0.8138041733547352,0.949438202247191,0.2114767255216693,0.1576388888888888,28.69,0.807,0.949,True,True,True,True,False,True,False,65.0,0.6418376449598573,0.55,0.6418376449598573,1,0.65175,0.6646000000000001,0.8238208997784884,0.8095950216428522,0.8150884092288903,True,True,True,True,13.0
ACER Swift Go Ai Oled Sfg14 73 75ym Nx.ksgsv.002,Acer,Intel,Core Ultra 7,155.0,4.8,16.0,LPDDR5X,,512.0,14.0,2880 x 1800,90.0,Intel,1.32,65 Whr 4-cell Adapter: 100W Type-C adapter,27490000.0,data/anphat/detail_htmls\acer_68_specs.html,INTEL_GRAPHICS,INTEGRATED,False,0.8,0.8,0.6460674157303371,0.877207062600321,0.2114767255216693,0.1493055555555555,27.49,0.723,0.877,True,True,True,True,False,True,False,65.0,0.6418376449598573,0.45,0.6418376449598573,1,0.57075,0.5844,0.7607400009020837,0.7770910088017606,0.7508012021662899,False,False,True,True,1.0
ACER Swift 3 Sf314 512 56qn Nx.k0fsv.002,Acer,Intel,Core i5,1240.0,4.4,16.0,LPDDR4X,4267.0,512.0,14.0,2560 x 1440,60.0,Intel,1.2,56Wh Li-ion,23990000.0,data/anphat/detail_htmls\acer_69_specs.html,INTEL_IRIS_XE,INTEGRATED,False,0.8,0.8,0.2451845906902086,0.949438202247191,0.2114767255216693,0.125,23.99,0.523,0.949,True,True,True,True,False,True,False,56.0,0.41480820695807313,0.55,0.41480820695807313,1,0.58075,0.5794,0.6506150121781314,0.7301347183422278,0.6218536991486047,False,False,True,False,12.0
ACER Swift Go Sfg14 71 513f Nx.kpzsv.003,Acer,Intel,Core i5,13500.0,4.7,16.0,LPDDR5,,512.0,14.0,2880 x 1800,90.0,Intel,1.2,65Wh Li-ion,24590000.0,data/anphat/detail_htmls\acer_67_specs.html,INTEL_IRIS_XE,INTEGRATED,False,0.8,0.8,0.5714285714285714,0.949438202247191,0.2114767255216693,0.1291666666666666,24.59,0.686,0.949,True,True,True,True,False,True,False,65.0,0.6418376449598573,0.55,0.6418376449598573,1,0.6215,0.6283000000000001,0.7693708997784883,0.8095950216428522,0.7482359092288902,True,True,True,True,13.0
ACER Aspire 5 A515 58m 951t Nx.kq8sv.001,Acer,Intel,Core i9,13900.0,5.4,16.0,LPDDR5,4800.0,512.0,15.6,1920 x 1080,60.0,Intel,1.7,"3cell, 50Wh",23990000.0,data/anphat/detail_htmls\acer_70_specs.html,INTEL_IRIS_XE,INTEGRATED,False,0.8,0.8,0.9542536115569824,0.4438202247191011,0.5842696629213483,0.125,23.99,0.877,0.444,True,True,True,False,False,False,True,50.0,0.25111507582515613,0.55,0.25111507582515613,1,0.66925,0.6856000000000001,0.6002100938167166,0.37075544507813046,0.6511956312331486,True,True,True,False,13.0
ACER Gaming Aspire 5 A515 58gm 53pz Nx.kq4sv.008,Acer,Intel,Core i5,13420.0,4.6,8.0,DDR4,3200.0,512.0,15.6,1920 x 1080,60.0,NVIDIA,1.7,50 Wh,20490000.0,data/anphat/detail_htmls\acer_71_specs.html,RTX 2050,DISCRETE_GAMING,False,0.6,0.8,0.4534510433386838,0.4438202247191011,0.5842696629213483,0.1006944444444444,20.49,0.567,0.444,True,True,True,False,False,False,True,50.0,0.25111507582515613,0.8,0.25111507582515613,1,0.71175,0.7001000000000001,0.46071009381671657,0.37075544507813046,0.47992063123314854,True,True,False,False,13.0
ACER Aspire 7 A715 76 728x Nh.qgesv.008,Acer,Intel,Core i7,12650.0,4.7,16.0,DDR4,3200.0,512.0,15.6,1920 x 1080,60.0,Intel,2.1,"3-cell, 50Wh",19990000.0,data/anphat/detail_htmls\acer_72_specs.html,INTEL_UHD,INTEGRATED,False,0.8,0.8,0.5714285714285714,0.2231139646869984,0.5842696629213483,0.0972222222222222,19.99,0.686,0.223,True,True,True,False,False,False,True,50.0,0.25111507582515613,0.45,0.25111507582515613,1,0.5615,0.5733,0.4370129028054807,0.27143762806368427,0.4910433318752032,False,False,False,False,12.0
ACER Aspire 5 A514 55 5954 Nx.k5bsv.001,Acer,Intel,Core i5,1235.0,4.4,8.0,DDR4,2666.0,512.0,14.0,1920 x 1080,60.0,Intel,1.4,"3cell, 50Wh",18990000.0,data/anphat/detail_htmls\acer_74_specs.html,INTEL_IRIS_XE,INTEGRATED,False,0.6,0.8,0.2451845906902086,0.7885232744783306,0.2114767255216693,0.0902777777777777,18.99,0.463,0.789,True,True,True,True,False,True,False,50.0,0.25111507582515613,0.55,0.25111507582515613,1,0.5357500000000001,0.5314,0.534556161232447,0.6004304049497196,0.5226863535445451,False,False,False,False,12.0
ACER Gaming Nitro V Anv15 51 53dm Nh.qn9sv.007,Acer,Intel,Core i5,13420.0,4.6,16.0,DDR5,5200.0,512.0,15.6,1920 x 1080,144.0,NVIDIA,2.1,4 cell - 57 Wh,23990000.0,data/anphat/detail_htmls\acer_76_specs.html,RTX 3050,DISCRETE_GAMING,False,0.8,0.8,0.4534510433386838,0.2231139646869984,0.5842696629213483,0.125,23.99,0.627,0.223,True,True,True,False,False,False,True,57.0,0.4683318465655665,0.9,0.4683318465655665,1,0.81675,0.8031,0.45390625695356274,0.34746349782282787,0.4932005151936688,True,True,False,False,13.0
ACER Aspire Lite Al16 51p 72s2_nx.kx0sv.002,Acer,Intel,Core i7,1255.0,4.7,16.0,DDR5,4800.0,512.0,16.0,1920 x 1200,60.0,Intel,1.8,58Whr 3-cell 65W PD Type-C Adapter,16990000.0,data/anphat/detail_htmls\acer_75_specs.html,INTEL_IRIS_XE,INTEGRATED,False,0.8,0.8,0.5714285714285714,0.3607544141252006,0.8487158908507223,0.0763888888888889,16.99,0.686,0.361,True,True,True,False,False,False,True,58.0,0.5156110615521855,0.55,0.5156110615521855,1,0.6215,0.6283000000000001,0.5380862572542573,0.3730601797294607,0.5568508517103079,True,True,False,False,12.0
Gaming ACER Nitro V 15 Propanel Anv15 41 R7ap Nh.qpgsv.002,Acer,AMD,Ryzen 5,7535.0,4.55,16.0,DDR5,4800.0,512.0,15.6,1920 x 1080,180.0,NVIDIA,2.11,"4 Cell, 57 Whr",22990000.0,data/anphat/detail_htmls\acer_77_specs.html,RTX 2050,DISCRETE_GAMING,False,0.8,0.8,0.3451043338683788,0.2014446227929374,0.5842696629213483,0.1180555555555555,22.99,0.573,0.201,True,True,True,False,False,False,True,57.0,0.4683318465655665,0.8,0.4683318465655665,1,0.74325,0.7319,0.42202198729064133,0.33771229397050045,0.4580023530748887,True,True,False,False,7.0
Aspire Go 15 Ag15 31p 32u6 Nx.krpsv.002 Cor I3 N305 8gb 512gb INTEL Uhd Graphics 15.6inch Fhd Win 11 Bac,Acer,Intel,Core i3,,3.8,8.0,DDR5,4800.0,512.0,15.6,1920 x 1080,60.0,Intel,1.75,3 cell 51WHrs,9990000.0,data/anphat/detail_htmls\acer_78_specs.html,INTEL_UHD,INTEGRATED,False,0.6,0.8,0.1865971107544141,0.3912520064205457,0.5842696629213483,0.0277777777777777,9.99,0.433,0.391,True,True,True,False,False,False,True,51.0,0.28055307760927745,0.45,0.28055307760927745,1,0.46825,0.4674,0.38789881776904644,0.357403047468223,0.3975850774897155,False,False,False,False,
ACER Gaming Nitro V 16 Propanel Anv16 41 R6na Nh.qp0sv.001,Acer,AMD,Ryzen 7,8845.0,5.1,16.0,DDR5,5600.0,512.0,16.0,1920 x 1200,165.0,NVIDIA,2.5,4 cell - 57 Wh,34990000.0,data/anphat/detail_htmls\acer_79_specs.html,RTX 4060,DISCRETE_GAMING,False,0.8,0.8,0.8743980738362761,0.0553772070626003,0.8487158908507223,0.2013888888888889,34.99,0.837,0.055,True,True,True,False,True,False,True,57.0,0.4683318465655665,1.0,0.4683318465655665,1,0.92925,0.9211,0.4896983917850234,0.21909271130597394,0.5571328185644553,True,True,False,False,8.0
ACER Gaming Nitro V 16 Propanel Anv16 41 R7en Nh.qp2sv.004,Acer,AMD,Ryzen 7,8845.0,5.1,16.0,DDR5,5600.0,512.0,16.0,1920 x 1200,165.0,NVIDIA,2.5,4 cell - 57 Wh,28790000.0,data/anphat/detail_htmls\acer_80_specs.html,RTX 3050,DISCRETE_GAMING,False,0.8,0.8,0.8743980738362761,0.0553772070626003,0.8487158908507223,0.1583333333333333,28.79,0.837,0.055,True,True,True,False,True,False,True,57.0,0.4683318465655665,0.9,0.4683318465655665,1,0.86925,0.8661,0.4896983917850234,0.21909271130597394,0.5571328185644553,True,True,False,False,8.0
ACER Predator Helios Neo 16s Ai Phn16s 71 94t0,Acer,Intel,Core Ultra 9,275.0,5.4,32.0,DDR5,,2048.0,16.0,2560 x 1600,240.0,NVIDIA,2.3,76Wh 4-cell Li-ion battery,64490000.0,data/anphat/detail_htmls\acer_81_specs.html,RTX 5070,DISCRETE_GAMING,False,1.0,1.0,0.9542536115569824,0.1235955056179775,0.8487158908507223,0.40625,64.49,0.977,0.124,True,True,True,False,False,False,True,76.0,0.844335414808207,0.45,0.844335414808207,1,0.66425,0.6906,0.6517755099279335,0.38139219454081785,0.7115274183757336,True,True,True,False,2.0
ACER Predator Helios Neo 16 Phn16 72 950p Nh.qnmsv.001,Acer,Intel,Core i9,14900.0,5.8,32.0,DDR5,5600.0,1024.0,16.0,2560 x 1600,240.0,NVIDIA,2.8,"4-cell, 90 Wh",59999000.0,data/anphat/detail_htmls\acer_83_specs.html,RTX 4070,DISCRETE_GAMING,False,1.0,1.0,0.9891653290529696,0.015650080256821797,0.8487158908507223,0.3750625,60.0,0.995,0.016,True,True,True,False,True,False,True,90.0,0.9402319357716324,1.0,0.9402319357716324,1,0.99875,0.9985,0.6412739152442141,0.3663805354654967,0.7100993689529957,True,True,True,False,14.0
ACER Predator Helios 18 Ai Ph18 73 93p0,Acer,Intel,Core Ultra 9,275.0,5.4,64.0,DDR5,192.0,3072.0,18.0,2560 x 1600,250.0,NVIDIA,3.5,99.98Wh 4-cell,99990000.0,data/anphat/detail_htmls\acer_82_specs.html,RTX 5080,DISCRETE_GAMING,False,1.0,1.0,0.9542536115569824,0.0036115569823435,0.9951845906902088,0.6527777777777778,99.99,0.977,0.004,True,True,True,False,True,False,True,99.98,0.987957181088314,0.45,0.987957181088314,1,0.66425,0.6906,0.638505481161483,0.3483732958849227,0.6989521256996518,True,True,True,False,2.0
ACER Aspire Lite Al14 51m 59bn_nx.ktxsv.001,Acer,Intel,Core i5,1235.0,4.4,16.0,DDR5,4800.0,512.0,14.0,1920 x 1200,60.0,Intel,1.5,58Wh 3-cell Li-ion battery Adapter 65W,14990000.0,data/anphat/detail_htmls\acer_84_specs.html,INTEL_UHD,INTEGRATED,False,0.8,0.8,0.2451845906902086,0.6898073836276084,0.2114767255216693,0.0625,14.99,0.523,0.69,True,True,True,True,False,True,False,58.0,0.5156110615521855,0.45,0.5156110615521855,1,0.52075,0.5244,0.5799047965801001,0.6485818490713549,0.573723528275316,False,False,False,False,12.0
ACER Aspire Lite Al16 51p 55n7 Nx.kx0sv.001,Acer,Intel,Core i5,1235.0,4.4,16.0,DDR5,4800.0,2048.0,16.0,1920 x 1200,60.0,Intel,1.7,58Whr 3-cell 65W PD Type-C Adapter,13999000.0,data/anphat/detail_htmls\acer_85_specs.html,INTEL_GRAPHICS,INTEGRATED,False,0.8,1.0,0.2451845906902086,0.4438202247191011,0.8487158908507223,0.0556180555555555,14.0,0.563,0.444,True,True,True,False,False,False,True,58.0,0.5156110615521855,0.45,0.5156110615521855,1,0.53075,0.5364,0.5118092909621224,0.41043979449671597,0.5094521398322982,False,False,False,False,12.0
ACER Nitro V Anv15 41 R1jy Nh.qpfsv.001,Acer,AMD,Ryzen 5,6600.0,4.5,16.0,DDR5,4800.0,512.0,15.6,1920 x 1080,,NVIDIA,2.1,"57WHrs, 4-cell Li-ion",22990000.0,data/anphat/detail_htmls\acer_86_specs.html,RTX 3050,DISCRETE_GAMING,False,0.8,0.8,0.3029695024077046,0.2231139646869984,0.5842696629213483,0.1180555555555555,22.99,0.551,0.223,True,True,True,False,False,False,True,57.0,0.4683318465655665,0.9,0.4683318465655665,1,0.7977500000000001,0.7803000000000001,0.41970625695356273,0.34746349782282787,0.45121051519366884,True,True,False,False,6.0
ACER Gaming Nitro V 16 Propanel Anv16 41 R6zy Nh.qp2sv.002,Acer,AMD,Ryzen 5,8645.0,5.0,16.0,DDR5,5600.0,512.0,16.0,1920 x 1200,165.0,NVIDIA,2.5,4 cell - 57 Wh,27490000.0,data/anphat/detail_htmls\acer_87_specs.html,RTX 3050,DISCRETE_GAMING,False,0.8,0.8,0.8138041733547352,0.0553772070626003,0.8487158908507223,0.1493055555555555,27.49,0.807,0.055,True,True,True,False,True,False,True,57.0,0.4683318465655665,0.9,0.4683318465655665,1,0.86175,0.8571000000000001,0.47619839178502343,0.21909271130597394,0.5405578185644553,True,True,False,False,8.0
ACER Aspire 5 A515 58p 56rp Nx.khjsv.008,Acer,Intel,Core i5,1335.0,4.6,16.0,LPDDR5,4800.0,1024.0,15.6,1920 x 1080,60.0,Intel,1.7,3 Cell 50 Wh,16990000.0,data/anphat/detail_htmls\acer_90_specs.html,INTEL_UHD,INTEGRATED,False,0.8,1.0,0.4534510433386838,0.4438202247191011,0.5842696629213483,0.0763888888888889,16.99,0.667,0.444,True,True,True,False,False,False,True,50.0,0.25111507582515613,0.45,0.25111507582515613,1,0.5567500000000001,0.5676,0.5057100938167166,0.37075544507813046,0.5351706312331486,False,False,False,False,13.0
ACER Gaming Nitro V Anv15 51 91t5 Nh.qqesv.009,Acer,Intel,Core i9,13900.0,5.4,16.0,DDR5,5200.0,512.0,15.6,1920 x 1080,144.0,NVIDIA,2.1,4 cell - 57 Wh,32990000.0,data/anphat/detail_htmls\acer_88_specs.html,RTX 4060,DISCRETE_GAMING,False,0.8,0.8,0.9542536115569824,0.2231139646869984,0.5842696629213483,0.1875,32.99,0.877,0.223,True,True,True,False,False,False,True,57.0,0.4683318465655665,1.0,0.4683318465655665,1,0.93925,0.9331,0.5664062569535627,0.34746349782282787,0.6313255151936689,True,True,False,False,13.0
ACER Predator Helios Neo Phn16 71 53m7 Nh.qlusv.005,Acer,Intel,Core i5,13500.0,4.7,16.0,DDR5,4800.0,512.0,16.0,1920 x 1200,165.0,NVIDIA,2.6,"4-cell, 90 Wh",37999000.0,data/anphat/detail_htmls\acer_91_specs.html,RTX 4060,DISCRETE_GAMING,False,0.8,0.8,0.5714285714285714,0.0365168539325843,0.8487158908507223,0.2222847222222222,38.0,0.686,0.037,True,True,True,False,True,False,True,90.0,0.9402319357716324,1.0,0.9402319357716324,1,0.8915,0.8758,0.509527286030731,0.3757705836195898,0.5445413954377469,True,True,False,False,13.0
ACER Predator Helios Neo Phn16 71 779x_nh.qlusv.00b,Acer,Intel,Core i7,13700.0,5.0,16.0,DDR5,4800.0,512.0,16.0,2560 x 1600,165.0,NVIDIA,2.6,"4-cell, 90 Wh",43990000.0,data/anphat/detail_htmls\acer_93_specs.html,RTX 4060,DISCRETE_GAMING,False,0.8,0.8,0.8138041733547352,0.0365168539325843,0.8487158908507223,0.2638888888888889,43.99,0.807,0.037,True,True,True,False,True,False,True,90.0,0.9402319357716324,1.0,0.9402319357716324,1,0.92175,0.9121,0.563977286030731,0.3757705836195898,0.6113938954377469,True,True,False,False,13.0
ACER Aspire 3 A314 42p R3b3 Nx.ksfsv.001,Acer,AMD,Ryzen 7,5700.0,4.3,16.0,LPDDR4X,,512.0,14.0,1920 x 1200,60.0,AMD,1.4,3 cell 50 Wh,13990000.0,data/anphat/detail_htmls\acer_94_specs.html,AMD_RADEON_GRAPHICS,INTEGRATED,False,0.8,0.8,0.2146869983948635,0.7885232744783306,0.2114767255216693,0.0555555555555555,13.99,0.507,0.789,True,True,True,True,False,True,False,50.0,0.25111507582515613,0.5,0.25111507582515613,1,0.54675,0.5471,0.5543561612324469,0.6004304049497196,0.546996353544545,False,False,False,False,5.0
ACER Predator Helios Neo 16 Phn16 71 74qr Nh.qlvsv.002,Acer,Intel,Core i7,13700.0,5.0,16.0,DDR5,4800.0,512.0,16.0,2560 x 1600,165.0,NVIDIA,2.6,4 cell - 90 Wh,49990000.0,data/anphat/detail_htmls\acer_95_specs.html,RTX 4070,DISCRETE_GAMING,False,0.8,0.8,0.8138041733547352,0.0365168539325843,0.8487158908507223,0.3055555555555556,49.99,0.807,0.037,True,True,True,False,True,False,True,90.0,0.9402319357716324,1.0,0.9402319357716324,1,0.92175,0.9121,0.563977286030731,0.3757705836195898,0.6113938954377469,True,True,False,False,13.0
ACER Predator Helios 16 Ph16 72 95zm Nh.qnzsv.008,Acer,Intel,Core i9,14900.0,5.8,32.0,DDR5,5600.0,1024.0,16.0,2560 x 1600,250.0,NVIDIA,2.7,"4-cell, 90 Wh",78990000.0,data/anphat/detail_htmls\acer_96_specs.html,RTX 4080,DISCRETE_GAMING,False,1.0,1.0,0.9891653290529696,0.022471910112359605,0.8487158908507223,0.5069444444444444,78.99,0.995,0.022,True,True,True,False,True,False,True,90.0,0.9402319357716324,1.0,0.9402319357716324,1,0.99875,0.9985,0.6436615556936524,0.3694503589004887,0.7117877718422413,True,True,True,False,14.0
ACER Predator Helios Neo Phn16 71 547e Nh.qlusv.00a,Acer,Intel,Core i5,13500.0,4.7,16.0,DDR5,4800.0,512.0,16.0,2560 x 1600,165.0,NVIDIA,2.6,"4-cell, 90 Wh",40890000.0,data/anphat/detail_htmls\acer_92_specs.html,RTX 4060,DISCRETE_GAMING,False,0.8,0.8,0.5714285714285714,0.0365168539325843,0.8487158908507223,0.2423611111111111,40.89,0.686,0.037,True,True,True,False,True,False,True,90.0,0.9402319357716324,1.0,0.9402319357716324,1,0.8915,0.8758,0.509527286030731,0.3757705836195898,0.5445413954377469,True,True,False,False,13.0
ACER Predator Helios Neo 16 Phn16 72 94kc Nh.qnmsv.005,Acer,Intel,Core i9,14900.0,5.8,16.0,DDR5,5600.0,1024.0,16.0,2560 x 1600,240.0,NVIDIA,2.8,"4-cell, 90 Wh",56990000.0,data/anphat/detail_htmls\acer_98_specs.html,RTX 4070,DISCRETE_GAMING,False,0.8,1.0,0.9891653290529696,0.015650080256821797,0.8487158908507223,0.3541666666666667,56.99,0.935,0.016,True,True,True,False,True,False,True,90.0,0.9402319357716324,1.0,0.9402319357716324,1,0.95375,0.9505,0.6142739152442142,0.3663805354654967,0.6769493689529957,True,True,True,False,14.0
ACER Aspire 5 A514 56p 742f Nx.khrsv.005 Hang Gia Soc,Acer,Intel,Core i7,1355.0,5.0,16.0,LPDDR5,6400.0,1024.0,14.0,1920 x 1200,60.0,Intel,1.5,3 Cell 50 Wh,19990000.0,data/anphat/detail_htmls\acer_99_specs.html,INTEL_IRIS_XE,INTEGRATED,False,0.8,1.0,0.8138041733547352,0.6898073836276084,0.2114767255216693,0.0972222222222222,19.99,0.847,0.69,True,True,True,True,False,True,False,50.0,0.25111507582515613,0.55,0.25111507582515613,1,0.66175,0.6766,0.6728055994346942,0.5560082540668946,0.7104141705589914,True,True,True,False,13.0
ACER Aspire Lite Al15 51m 55nb Nx.krssv.001,Acer,Intel,Core i5,,4.5,8.0,DDR4,3200.0,1024.0,15.6,1920 x 1080,60.0,Intel,1.7,36 Wh,12990000.0,data/anphat/detail_htmls\acer_101_specs.html,INTEL_IRIS_XE,INTEGRATED,False,0.6,1.0,0.3029695024077046,0.4438202247191011,0.5842696629213483,0.0486111111111111,12.99,0.531,0.444,True,True,True,False,False,False,True,36.0,0.0008920606601248885,0.55,0.0008920606601248885,1,0.55275,0.5518000000000001,0.39446549078371035,0.28317738977036955,0.41999494880674354,False,False,False,False,
ACER Aspire 3 A314 42p R3b3 Nx.ksfsv.001 Hang Gia Soc,Acer,AMD,Ryzen 7,5700.0,4.3,16.0,LPDDR4X,,512.0,14.0,1920 x 1200,60.0,AMD,1.4,3 cell 50 Wh,13990000.0,data/anphat/detail_htmls\acer_100_specs.html,AMD_RADEON_GRAPHICS,INTEGRATED,False,0.8,0.8,0.2146869983948635,0.7885232744783306,0.2114767255216693,0.0555555555555555,13.99,0.507,0.789,True,True,True,True,False,True,False,50.0,0.25111507582515613,0.5,0.25111507582515613,1,0.54675,0.5471,0.5543561612324469,0.6004304049497196,0.546996353544545,False,False,False,False,5.0
ACER Predator Helios Neo Phn16 71 54cd Nh.qltsv.001,Acer,Intel,Core i5,13500.0,4.7,8.0,DDR5,4800.0,512.0,16.0,2560 x 1600,165.0,NVIDIA,2.6,"4-cell, 90 Wh",35990000.0,data/anphat/detail_htmls\acer_104_specs.html,RTX 4050,DISCRETE_GAMING,False,0.6,0.8,0.5714285714285714,0.0365168539325843,0.8487158908507223,0.2083333333333333,35.99,0.626,0.037,True,True,True,False,True,False,True,90.0,0.9402319357716324,1.0,0.9402319357716324,1,0.8464999999999999,0.8278,0.48252728603073103,0.3757705836195898,0.5113913954377469,True,True,False,False,13.0
ACER Aspire Lite Al16 51p 596h Nx.kwzsv.002,Acer,Intel,Core i5,1235.0,4.4,8.0,DDR5,4800.0,2048.0,16.0,1920 x 1200,60.0,Intel,1.7,58Whr 3-cell 65W PD Type-C Adapter,12990000.0,data/anphat/detail_htmls\acer_102_specs.html,INTEL_GRAPHICS,INTEGRATED,False,0.6,1.0,0.2451845906902086,0.4438202247191011,0.8487158908507223,0.0486111111111111,12.99,0.503,0.444,True,True,True,False,False,False,True,58.0,0.5156110615521855,0.45,0.5156110615521855,1,0.48575,0.4884,0.4848092909621225,0.41043979449671597,0.4763021398322983,False,False,False,False,12.0
ACER Predator Helios Phn16 72 78l4 Nh.qnpsv.012,Acer,Intel,Core i7,14700.0,5.5,16.0,DDR5,5600.0,1024.0,16.0,2560 x 1600,,NVIDIA,2.8,"90WHrs, 4-cell Li-ion",43990000.0,data/anphat/detail_htmls\acer_106_specs.html,RTX 4050,DISCRETE_GAMING,False,0.8,1.0,0.9787319422150884,0.015650080256821797,0.8487158908507223,0.2638888888888889,43.99,0.929,0.016,True,True,True,False,True,False,True,90.0,0.9402319357716324,1.0,0.9402319357716324,1,0.95225,0.9487,0.6115739152442141,0.3663805354654967,0.6736343689529958,True,True,True,False,14.0
ACER Predator Helios Neo 14 Phn14 51 96hg Nh.qrnsv.001,Acer,Intel,,185.0,5.1,32.0,DDR5,6400.0,1024.0,14.5,2560 x 1600,165.0,NVIDIA,1.9,76Whr 4-cell,59990000.0,data/anphat/detail_htmls\acer_107_specs.html,RTX 4070,DISCRETE_GAMING,False,1.0,1.0,0.8743980738362761,0.2985553772070626,0.3936597110754414,0.375,59.99,0.937,0.299,True,True,True,False,False,False,False,76.0,0.844335414808207,1.0,0.844335414808207,1,0.98425,0.9811,0.6950114649841134,0.5511353727109622,0.7509322337850435,True,True,True,False,1.0
MSI Katana 15 Hx B14wfk 267vn,MSI,Intel,Core i7,14650.0,5.2,32.0,DDR5,,512.0,15.6,2560 x 1440,165.0,NVIDIA,2.4,4 cell / 75 Whr,40990000.0,data/anphat/detail_htmls\msi_3_specs.html,RTX 5060,DISCRETE_GAMING,False,1.0,0.8,0.914526484751204,0.0830658105939005,0.5842696629213483,0.2430555555555555,40.99,0.917,0.083,True,True,True,False,True,False,True,75.0,0.7979482604817127,0.45,0.7979482604817127,1,0.64925,0.6726000000000001,0.6013126858042077,0.39980757335158496,0.6715022232822105,True,True,True,False,14.0
MSI Prestige 14 Ai Evo C2vmg 020vn,MSI,Intel,Core Ultra 7,258.0,4.8,32.0,LPDDR5X,,1024.0,14.0,2880 x 1800,120.0,Intel,1.7,"4 Cell, 90Whr",39990000.0,data/anphat/detail_htmls\msi_1_specs.html,INTEL_GRAPHICS,INTEGRATED,False,1.0,1.0,0.6460674157303371,0.4438202247191011,0.2114767255216693,0.2361111111111111,39.99,0.823,0.444,True,True,True,False,False,True,False,90.0,0.9402319357716324,0.45,0.9402319357716324,1,0.62575,0.6444,0.7137334658060119,0.686504933539333,0.746531046320572,True,True,True,False,2.0
MSI Katana 15 Hx B14wfk 025vn,MSI,Intel,Core i7,14650.0,5.2,16.0,DDR5,,512.0,15.6,2560 x 1440,165.0,NVIDIA,2.4,4 cell / 75 Whr,39490000.0,data/anphat/detail_htmls\msi_0_specs.html,RTX 5060,DISCRETE_GAMING,False,0.8,0.8,0.914526484751204,0.0830658105939005,0.5842696629213483,0.2326388888888889,39.49,0.857,0.083,True,True,True,False,True,False,True,75.0,0.7979482604817127,0.45,0.7979482604817127,1,0.60425,0.6246,0.5743126858042078,0.39980757335158496,0.6383522232822105,True,True,False,False,14.0
MSI Venture 14 Ai A1mg 005vn,MSI,Intel,Core Ultra 5,125.0,4.5,16.0,DDR5,5600.0,512.0,14.0,2880 x 1800,120.0,Intel,1.7,"4 cell, 75Whr",25990000.0,data/anphat/detail_htmls\msi_2_specs.html,INTEL_GRAPHICS,INTEGRATED,False,0.8,0.8,0.3029695024077046,0.4438202247191011,0.2114767255216693,0.1388888888888889,25.99,0.551,0.444,True,True,True,False,False,True,False,75.0,0.7979482604817127,0.45,0.7979482604817127,1,0.52775,0.5328,0.562876730748028,0.6367056471878612,0.5734856582741849,False,False,False,False,1.0
MSI Cyborg 15 B2rwekg 402vn,MSI,Intel,Core 5,210.0,4.8,16.0,DDR5,,512.0,15.6,1920 x 1080,144.0,NVIDIA,2.1,"4 cell, 55.2Whr",31990000.0,data/anphat/detail_htmls\msi_4_specs.html,RTX 5050,DISCRETE_GAMING,False,0.8,0.8,0.6460674157303371,0.2231139646869984,0.5842696629213483,0.1805555555555555,31.99,0.723,0.223,True,True,True,False,False,False,True,55.2,0.39295272078501337,0.45,0.39295272078501337,1,0.57075,0.5844,0.4820304317974521,0.3210808037996343,0.5341798550687803,False,False,False,False,1.0
MSI Modern 14 F13mg 466vn,MSI,Intel,Core i5,1334.0,4.6,8.0,DDR4,3200.0,512.0,14.0,1920 x 1080,60.0,Intel,1.5,3 Cell,14990000.0,data/anphat/detail_htmls\msi_5_specs.html,INTEL_UHD,INTEGRATED,False,0.6,0.8,0.4534510433386838,0.6898073836276084,0.2114767255216693,0.0625,14.99,0.567,0.69,True,True,True,True,False,True,False,,,0.45,,0,0.50175,0.5075999999999999,0.5965825842696629,0.64311797752809,0.5955357584269663,False,False,False,False,13.0
MSI Vector A16 Hx A8whg 010vn,MSI,AMD,Ryzen 9,8940.0,5.3,16.0,DDR5,,512.0,16.0,2560 x 1600,240.0,NVIDIA,2.7,"4 cell, 90Whr",56990000.0,data/anphat/detail_htmls\msi_6_specs.html,RTX 5070,DISCRETE_GAMING,False,0.8,0.8,0.9337881219903692,0.022471910112359605,0.8487158908507223,0.3541666666666667,56.99,0.867,0.022,True,True,True,False,True,False,True,90.0,0.9402319357716324,0.45,0.9402319357716324,1,0.60675,0.6276,0.5860615556936524,0.3694503589004887,0.6410677718422414,True,True,False,False,8.0
MSI Sword 16 Hx B14vfkg 045vn,MSI,Intel,Core i7,14700.0,5.5,16.0,DDR5,5600.0,1024.0,16.0,2560 x 1600,240.0,NVIDIA,2.3,"4 cell, 65Whr",39990000.0,data/anphat/detail_htmls\msi_8_specs.html,RTX 4060,UNKNOWN,False,0.8,1.0,0.9787319422150884,0.1235955056179775,0.8487158908507223,0.2361111111111111,39.99,0.929,0.124,True,True,True,False,False,False,True,65.0,0.6418376449598573,1.0,0.6418376449598573,1,0.95225,0.9487,0.5896759559582636,0.31051797509389545,0.6526077751999977,True,True,False,False,14.0
MSI Venture A16 Ai A3hmg 017vn,MSI,AMD,Ryzen AI 7,350.0,5.0,16.0,DDR5,,512.0,16.0,2048 x 1280,120.0,AMD,1.9,"4 cell, 75Whr",33990000.0,data/anphat/detail_htmls\msi_9_specs.html,AMD_RADEON_GRAPHICS,INTEGRATED,False,0.8,0.8,0.8138041733547352,0.2985553772070626,0.8487158908507223,0.1944444444444444,33.99,0.807,0.299,True,True,True,False,False,False,True,75.0,0.7979482604817127,0.5,0.7979482604817127,1,0.62175,0.6371,0.6272340341188145,0.44388863274163315,0.6534830419017931,True,True,True,False,3.0
Gaming MSI Cyborg 15 Ai A1vek 245vn,MSI,Intel,Core Ultra 5,135.0,4.6,16.0,DDR5,5600.0,512.0,15.6,1920 x 1080,144.0,NVIDIA,1.98,3cell 53.5Whr,26990000.0,data/anphat/detail_htmls\msi_10_specs.html,RTX 4050,DISCRETE_GAMING,False,0.8,0.8,0.4534510433386838,0.2604333868378812,0.5842696629213483,0.1458333333333333,26.99,0.627,0.26,True,True,True,False,False,False,True,53.5,0.33719892952720787,1.0,0.33719892952720787,1,0.87675,0.8581,0.4407414712987,0.3183607168272996,0.4814558054498749,True,True,False,False,1.0
MSI Prestige 16 Ai Evo B2vmg 016vn,MSI,Intel,Core Ultra 9,288.0,5.1,32.0,LPDDR5X,8533.0,1024.0,16.0,3840 x 2400,60.0,Intel,1.5,99WHrs,46990000.0,data/anphat/detail_htmls\msi_12_specs.html,INTEL_GRAPHICS,INTEGRATED,False,1.0,1.0,0.8743980738362761,0.6898073836276084,0.8487158908507223,0.2847222222222222,46.99,0.937,0.69,True,True,True,True,False,False,True,99.0,0.9790365744870652,0.45,0.9790365744870652,1,0.6542500000000001,0.6786000000000001,0.8588898991670759,0.6833329455327521,0.8511170437317346,True,True,True,False,2.0
MSI Prestige 13 Ai Evo A1mg 062vn,MSI,Intel,Core Ultra 7,155.0,4.8,32.0,LPDDR5,6400.0,1024.0,13.3,2880 x 1800,,Intel,0.99,4Cell 75WHrs,33990000.0,data/anphat/detail_htmls\msi_11_specs.html,INTEL_GRAPHICS,INTEGRATED,False,1.0,1.0,0.6460674157303371,0.9871589085072231,0.0176565008025682,0.1944444444444444,33.99,0.823,0.987,True,True,True,True,False,True,False,75.0,0.7979482604817127,0.45,0.7979482604817127,1,0.62575,0.6444,0.8754452700738706,0.9199720998363362,0.8659947915005091,True,True,True,True,1.0
MSI Prestige 16 Ai Mercedesamg B2vmg 088vn,MSI,Intel,Core Ultra 9,288.0,5.1,32.0,LPDDR5X,8533.0,2048.0,16.0,3840 x 2400,60.0,Intel,1.5,99WHrs,56990000.0,data/anphat/detail_htmls\msi_13_specs.html,INTEL_GRAPHICS,INTEGRATED,False,1.0,1.0,0.8743980738362761,0.6898073836276084,0.8487158908507223,0.3541666666666667,56.99,0.937,0.69,True,True,True,True,False,False,True,99.0,0.9790365744870652,0.45,0.9790365744870652,1,0.6542500000000001,0.6786000000000001,0.8588898991670759,0.6833329455327521,0.8511170437317346,True,True,True,False,2.0
MSI Thin 15 B13uc 3247vn,MSI,Intel,Core i5,13420.0,4.6,8.0,DDR4,3200.0,512.0,15.6,1920 x 1080,144.0,NVIDIA,1.86,"3-Cell, 52.4 Whrs",19990000.0,data/anphat/detail_htmls\msi_14_specs.html,RTX 3050,DISCRETE_GAMING,False,0.6,0.8,0.4534510433386838,0.3230337078651685,0.5842696629213483,0.0972222222222222,19.99,0.567,0.323,True,True,True,False,False,False,True,52.4,0.2925958965209634,0.9,0.2925958965209634,1,0.77175,0.7551,0.42673097705700164,0.3309197997373933,0.4566628996231294,True,True,False,False,13.0
MSI Katana 15 Hx B14wek 286vn,MSI,Intel,Core i5,14450.0,4.8,16.0,DDR5,,512.0,15.6,2560 x 1440,165.0,NVIDIA,2.4,4 cell / 75 Whr,34990000.0,data/anphat/detail_htmls\msi_17_specs.html,RTX 5050,DISCRETE_GAMING,False,0.8,0.8,0.6460674157303371,0.0830658105939005,0.5842696629213483,0.2013888888888889,34.99,0.723,0.083,True,True,True,False,True,False,True,75.0,0.7979482604817127,0.45,0.7979482604817127,1,0.57075,0.5844,0.5140126858042078,0.39980757335158496,0.5643172232822105,False,False,False,False,14.0
MSI Stealth A16 Ai A3xwhg085vn,MSI,AMD,Ryzen AI 9,370.0,5.1,32.0,LPDDR5X,7500.0,1024.0,16.0,2560 x 1600,240.0,NVIDIA,2.1,4Cell 99.9WHr,75990000.0,data/anphat/detail_htmls\msi_16_specs.html,RTX 5070,DISCRETE_GAMING,False,1.0,1.0,0.8743980738362761,0.2231139646869984,0.8487158908507223,0.4861111111111111,75.99,0.937,0.223,True,True,True,False,False,False,True,99.9,0.983942908117752,0.45,0.983942908117752,1,0.6542500000000001,0.6786000000000001,0.6965284692639999,0.47503812378021804,0.7363954359248437,True,True,True,False,3.0
MSI Cyborg 15 A13uc 2082vn,MSI,Intel,Core i7,13620.0,4.6,16.0,DDR5,5200.0,512.0,15.6,1920 x 1080,144.0,NVIDIA,1.98,3cell 53.5Whr,21990000.0,data/anphat/detail_htmls\msi_19_specs.html,RTX 3050,DISCRETE_GAMING,False,0.8,0.8,0.4534510433386838,0.2604333868378812,0.5842696629213483,0.1111111111111111,21.99,0.627,0.26,True,True,True,False,False,False,True,53.5,0.33719892952720787,0.9,0.33719892952720787,1,0.81675,0.8031,0.4407414712987,0.3183607168272996,0.4814558054498749,True,True,False,False,13.0
MSI Prestige 14 Ai Evo C1mg 081vn,MSI,Intel,Core Ultra 5,125.0,4.5,16.0,DDR5,5600.0,512.0,14.0,2880 x 1800,60.0,Intel,1.7,"4 Cell, 90Whr",29990000.0,data/anphat/detail_htmls\msi_18_specs.html,INTEL_GRAPHICS,INTEGRATED,False,0.8,0.8,0.3029695024077046,0.4438202247191011,0.2114767255216693,0.1666666666666666,29.99,0.551,0.444,True,True,True,False,False,True,False,90.0,0.9402319357716324,0.45,0.9402319357716324,1,0.52775,0.5328,0.5913334658060119,0.686504933539333,0.5962510463205719,False,False,False,False,1.0
MSI Katana 15 Hx B14wek 027vn,MSI,Intel,Core i7,14650.0,5.2,32.0,DDR5,5600.0,512.0,15.6,2560 x 1440,165.0,NVIDIA,2.4,4 cell / 75 Whr,38990000.0,data/anphat/detail_htmls\msi_20_specs.html,RTX 5050,DISCRETE_GAMING,False,1.0,0.8,0.914526484751204,0.0830658105939005,0.5842696629213483,0.2291666666666666,38.99,0.917,0.083,True,True,True,False,True,False,True,75.0,0.7979482604817127,0.45,0.7979482604817127,1,0.64925,0.6726000000000001,0.6013126858042077,0.39980757335158496,0.6715022232822105,True,True,True,False,14.0
MSI Crosshair 16 Hx Ai D2xwfkg 036vn,MSI,Intel,Core Ultra 7,255.0,5.2,16.0,DDR5,5600.0,1024.0,16.0,2560 x 1600,240.0,NVIDIA,2.5,"4 cell, 90Whr",46990000.0,data/anphat/detail_htmls\msi_23_specs.html,RTX 5060,DISCRETE_GAMING,False,0.8,1.0,0.914526484751204,0.0553772070626003,0.8487158908507223,0.2847222222222222,46.99,0.897,0.055,True,True,True,False,True,False,True,90.0,0.9402319357716324,0.45,0.9402319357716324,1,0.61425,0.6366,0.6110784096262366,0.384257742528097,0.6657868328374259,True,True,True,False,2.0
MSI Thin 15 B13ve 2824vn,MSI,Intel,Core i5,13420.0,4.6,16.0,DDR4,3200.0,512.0,15.6,1920 x 1080,144.0,NVIDIA,1.86,3 Cell 52.4 WHr,23990000.0,data/anphat/detail_htmls\msi_21_specs.html,RTX 4050,DISCRETE_GAMING,False,0.8,0.8,0.4534510433386838,0.3230337078651685,0.5842696629213483,0.125,23.99,0.627,0.323,True,True,True,False,False,False,True,52.4,0.2925958965209634,1.0,0.2925958965209634,1,0.87675,0.8581,0.45373097705700166,0.3309197997373933,0.4898128996231294,True,True,False,False,13.0
MSI Cyborg 15 A13vek 2089vn,MSI,Intel,Core i7,13620.0,4.9,16.0,DDR5,,512.0,15.6,1920 x 1080,144.0,NVIDIA,1.98,3 cell / 53.5 Whr,28990000.0,data/anphat/detail_htmls\msi_24_specs.html,RTX 4050,DISCRETE_GAMING,False,0.8,0.8,0.7391653290529695,0.2604333868378812,0.5842696629213483,0.1597222222222222,28.99,0.77,0.26,True,True,True,False,False,False,True,53.5,0.33719892952720787,1.0,0.33719892952720787,1,0.9125,0.901,0.5050914712987,0.3183607168272996,0.5604633054498749,True,True,False,False,13.0
MSI Katana 15 B13udxk 2412vn,MSI,Intel,Core i5,13420.0,4.6,8.0,DDR5,5200.0,1024.0,15.6,1920 x 1080,144.0,NVIDIA,2.25,3cell 53.5Whr,23990000.0,data/anphat/detail_htmls\msi_22_specs.html,RTX 3050,DISCRETE_GAMING,False,0.6,1.0,0.4534510433386838,0.1492776886035313,0.5842696629213483,0.125,23.99,0.607,0.149,True,True,True,False,False,False,True,53.5,0.33719892952720787,0.9,0.33719892952720787,1,0.7817500000000001,0.7671,0.39283697691667757,0.26834065262184215,0.44289477013687334,True,True,False,False,13.0
MSI Cyborg 15 A13uc 2088vn,MSI,Intel,Core i5,13420.0,4.6,16.0,,,512.0,15.6,1920 x 1080,144.0,NVIDIA,1.98,3 cell / 53.5 Whr,21990000.0,data/anphat/detail_htmls\msi_25_specs.html,RTX 3050,DISCRETE_GAMING,False,0.8,0.8,0.4534510433386838,0.2604333868378812,0.5842696629213483,0.1111111111111111,21.99,0.627,0.26,True,True,True,False,False,False,True,53.5,0.33719892952720787,0.9,0.33719892952720787,1,0.81675,0.8031,0.4407414712987,0.3183607168272996,0.4814558054498749,True,True,False,False,13.0
MSI Vector 16 Hx Ai A2xwjg 470vn,MSI,Intel,Core Ultra 9,275.0,5.4,32.0,DDR5,6400.0,1024.0,16.0,2560 x 1600,240.0,NVIDIA,2.7,4Cell 90WHr,115990000.0,data/anphat/detail_htmls\msi_26_specs.html,RTX 5090,DISCRETE_GAMING,False,1.0,1.0,0.9542536115569824,0.022471910112359605,0.8487158908507223,0.7638888888888888,115.99,0.977,0.022,True,True,True,False,True,False,True,90.0,0.9402319357716324,0.45,0.9402319357716324,1,0.66425,0.6906,0.6355615556936524,0.3694503589004887,0.7018427718422413,True,True,True,False,2.0
MSI Katana 15 Hx B14wfk 294vn,MSI,Intel,Core i9,14900.0,5.8,16.0,DDR5,,512.0,15.6,2560 x 1440,165.0,NVIDIA,2.4,4 cell / 75 Whr,40990000.0,data/anphat/detail_htmls\msi_27_specs.html,RTX 5060,DISCRETE_GAMING,False,0.8,0.8,0.9891653290529696,0.0830658105939005,0.5842696629213483,0.2430555555555555,40.99,0.895,0.083,True,True,True,False,True,False,True,75.0,0.7979482604817127,0.45,0.7979482604817127,1,0.61375,0.636,0.5914126858042077,0.39980757335158496,0.6593472232822104,True,True,False,False,14.0
MSI Cyborg 15 B2rwfkg 048vn,MSI,Intel,Core 7,240.0,5.2,16.0,DDR5,,512.0,15.6,1920 x 1080,144.0,NVIDIA,1.95,"4 cell, 55.2Whr",33990000.0,data/anphat/detail_htmls\msi_30_specs.html,RTX 5060,DISCRETE_GAMING,False,0.8,0.8,0.914526484751204,0.2732744783306581,0.5842696629213483,0.1944444444444444,33.99,0.857,0.273,True,True,True,False,False,False,True,55.2,0.39295272078501337,0.45,0.39295272078501337,1,0.60425,0.6246,0.559886611572733,0.3436530349392811,0.6206295821955862,True,True,False,False,1.0
MSI Katana 15 Hx B14wek 295vn,MSI,Intel,Core i9,14900.0,5.8,16.0,DDR5,5600.0,512.0,15.6,2560 x 1440,165.0,NVIDIA,2.4,4 cell / 75 Whr,38990000.0,data/anphat/detail_htmls\msi_31_specs.html,RTX 5050,DISCRETE_GAMING,False,0.8,0.8,0.9891653290529696,0.0830658105939005,0.5842696629213483,0.2291666666666666,38.99,0.895,0.083,True,True,True,False,True,False,True,75.0,0.7979482604817127,0.45,0.7979482604817127,1,0.61375,0.636,0.5914126858042077,0.39980757335158496,0.6593472232822104,True,True,False,False,14.0
MSI Crosshair 16 Hx Ai D2xwgkg 071vn,MSI,Intel,Core Ultra 9,275.0,5.4,32.0,DDR5,6400.0,1024.0,16.0,2560 x 1600,240.0,NVIDIA,2.5,"4 cell, 90Whr",58990000.0,data/anphat/detail_htmls\msi_29_specs.html,RTX 5070,DISCRETE_GAMING,False,1.0,1.0,0.9542536115569824,0.0553772070626003,0.8487158908507223,0.3680555555555556,58.99,0.977,0.055,True,True,True,False,True,False,True,90.0,0.9402319357716324,0.45,0.9402319357716324,1,0.66425,0.6906,0.6470784096262366,0.384257742528097,0.7099868328374259,True,True,True,False,2.0
MSI Thin 15 B13ucx 2080vn,MSI,Intel,Core i5,13420.0,4.6,16.0,DDR4,3200.0,512.0,15.6,1920 x 1080,144.0,NVIDIA,1.86,3Cell 52.4WHrs,18990000.0,data/anphat/detail_htmls\msi_32_specs.html,RTX 2050,DISCRETE_GAMING,False,0.8,0.8,0.4534510433386838,0.3230337078651685,0.5842696629213483,0.0902777777777777,18.99,0.627,0.323,True,True,True,False,False,False,True,52.4,0.2925958965209634,0.8,0.2925958965209634,1,0.7567499999999999,0.7481000000000001,0.45373097705700166,0.3309197997373933,0.4898128996231294,True,True,False,False,13.0
MSI Crosshair 16 Hx Ai D2xwgkg 072vn,MSI,Intel,Core Ultra 7,255.0,5.2,32.0,DDR5,6400.0,1024.0,16.0,2560 x 1600,240.0,NVIDIA,2.5,"4 cell, 90Whr",56990000.0,data/anphat/detail_htmls\msi_33_specs.html,RTX 5070,DISCRETE_GAMING,False,1.0,1.0,0.914526484751204,0.0553772070626003,0.8487158908507223,0.3541666666666667,56.99,0.957,0.055,True,True,True,False,True,False,True,90.0,0.9402319357716324,0.45,0.9402319357716324,1,0.65925,0.6846,0.6380784096262366,0.384257742528097,0.6989368328374259,True,True,True,False,2.0
MSI Modern 15 F13mg 666vn,MSI,Intel,Core i5,1334.0,4.6,16.0,DDR4,3200.0,512.0,15.6,1920 x 1080,60.0,Intel,1.7,3cell 46.8Whr,14990000.0,data/anphat/detail_htmls\msi_34_specs.html,INTEL_IRIS_XE,INTEGRATED,False,0.8,0.8,0.4534510433386838,0.4438202247191011,0.5842696629213483,0.0625,14.99,0.627,0.444,True,True,True,False,False,False,True,46.8,0.1694915254237288,0.55,0.1694915254237288,1,0.60675,0.6106,0.47138538373643113,0.3421872024376309,0.5000108631689202,True,True,False,False,13.0
MSI Prestige 13 Ai Evo A1mg 241vn,MSI,Intel,Core Ultra 5,125.0,4.5,16.0,LPDDR5,6400.0,512.0,13.3,2880 x 1800,,Intel,0.99,4Cell 75WHrs,29990000.0,data/anphat/detail_htmls\msi_35_specs.html,INTEL_GRAPHICS,INTEGRATED,False,0.8,0.8,0.3029695024077046,0.9871589085072231,0.0176565008025682,0.1666666666666666,29.99,0.551,0.987,True,True,True,True,False,True,False,75.0,0.7979482604817127,0.45,0.7979482604817127,1,0.52775,0.5328,0.7530452700738707,0.9199720998363362,0.7157147915005091,False,False,True,True,1.0
MSI Cyborg 14 A13ve 090vn,MSI,Intel,Core i7,13620.0,4.9,8.0,DDR5,4800.0,512.0,14.0,1920 x 1200,144.0,NVIDIA,1.6,"3-Cell, 53.5 Whr",27990000.0,data/anphat/detail_htmls\msi_36_specs.html,RTX 4050,DISCRETE_GAMING,False,0.6,0.8,0.7391653290529695,0.6087479935794542,0.2114767255216693,0.1527777777777778,27.99,0.71,0.609,True,True,True,False,False,True,False,53.5,0.33719892952720787,1.0,0.33719892952720787,1,0.8674999999999999,0.853,0.6000015836582505,0.5496608773409433,0.6284328881144013,True,True,True,False,13.0
MSI Katana 15 B13udxk 2411vn,MSI,Intel,Core i7,13620.0,4.9,16.0,DDR5,5200.0,512.0,15.6,1920 x 1080,144.0,NVIDIA,2.25,"3 cell, 53.5Whr",25990000.0,data/anphat/detail_htmls\msi_38_specs.html,RTX 3050,DISCRETE_GAMING,False,0.8,0.8,0.7391653290529695,0.1492776886035313,0.5842696629213483,0.1388888888888889,25.99,0.77,0.149,True,True,True,False,False,False,True,53.5,0.33719892952720787,0.9,0.33719892952720787,1,0.8525,0.846,0.4661869769166776,0.26834065262184215,0.5329522701368733,True,True,False,False,13.0
MSI Katana 15 B13vfk 676vn,MSI,Intel,Core i7,13620.0,4.9,16.0,DDR5,,1024.0,15.6,1920 x 1080,144.0,NVIDIA,2.2,"3 Cell, 53.5Whr",37990000.0,data/anphat/detail_htmls\msi_39_specs.html,RTX 4060,DISCRETE_GAMING,False,0.8,1.0,0.7391653290529695,0.1785714285714286,0.5842696629213483,0.2222222222222222,37.99,0.81,0.179,True,True,True,False,False,False,True,53.5,0.33719892952720787,1.0,0.33719892952720787,1,0.9225,0.913,0.49443978590544163,0.28152283560739594,0.5623024707789279,True,True,False,False,13.0
MSI Katana 15 B13vek 2256vn,MSI,Intel,Core i7,13620.0,4.9,16.0,DDR5,5200.0,512.0,15.6,1920 x 1080,144.0,NVIDIA,2.25,"3 Cell, 53.5Whr",28990000.0,data/anphat/detail_htmls\msi_40_specs.html,RTX 4050,DISCRETE_GAMING,False,0.8,0.8,0.7391653290529695,0.1492776886035313,0.5842696629213483,0.1597222222222222,28.99,0.77,0.149,True,True,True,False,False,False,True,53.5,0.33719892952720787,1.0,0.33719892952720787,1,0.9125,0.901,0.4661869769166776,0.26834065262184215,0.5329522701368733,True,True,False,False,13.0
MSI Thin 15 B13uc 1411vn,MSI,Intel,Core i7,13620.0,4.9,8.0,DDR4,3200.0,512.0,15.6,1920 x 1080,144.0,NVIDIA,1.86,3 Cell 52.4 WHr,23990000.0,data/anphat/detail_htmls\msi_42_specs.html,RTX 3050,DISCRETE_GAMING,False,0.6,0.8,0.7391653290529695,0.3230337078651685,0.5842696629213483,0.125,23.99,0.71,0.323,True,True,True,False,False,False,True,52.4,0.2925958965209634,0.9,0.2925958965209634,1,0.8075,0.798,0.49108097705700166,0.3309197997373933,0.5356703996231293,True,True,False,False,13.0
MSI Stealth 14 Ai Studio A1vfg 085vn,MSI,Intel,Core Ultra 7,155.0,4.8,32.0,DDR5,5600.0,1024.0,14.0,2880 x 1800,120.0,NVIDIA,1.7,72WHrs,55990000.0,data/anphat/detail_htmls\msi_44_specs.html,RTX 4060,DISCRETE_GAMING,False,1.0,1.0,0.6460674157303371,0.4438202247191011,0.2114767255216693,0.3472222222222222,55.99,0.823,0.444,True,True,True,False,False,True,False,72.0,0.724799286351472,1.0,0.724799286351472,1,0.95575,0.9469,0.6706469359219798,0.6111035062422767,0.7120618224133461,True,True,True,False,1.0
MSI Katana 15 Hx B14wgk 023vn,MSI,Intel,Core i7,14650.0,5.2,16.0,DDR5,,1024.0,15.6,2560 x 1440,165.0,NVIDIA,2.4,4 cell / 75 Whr,44990000.0,data/anphat/detail_htmls\msi_47_specs.html,RTX 5070,DISCRETE_GAMING,False,0.8,1.0,0.914526484751204,0.0830658105939005,0.5842696629213483,0.2708333333333333,44.99,0.897,0.083,True,True,True,False,True,False,True,75.0,0.7979482604817127,0.45,0.7979482604817127,1,0.61425,0.6366,0.5923126858042078,0.39980757335158496,0.6604522232822105,True,True,False,False,14.0
MSI Katana 15 Hx B14wgk 022vn,MSI,Intel,Core i9,14900.0,5.8,32.0,DDR5,,1024.0,15.6,2560 x 1440,165.0,NVIDIA,2.4,4 cell / 75 Whr,48990000.0,data/anphat/detail_htmls\msi_48_specs.html,RTX 5070,DISCRETE_GAMING,False,1.0,1.0,0.9891653290529696,0.0830658105939005,0.5842696629213483,0.2986111111111111,48.99,0.995,0.083,True,True,True,False,True,False,True,75.0,0.7979482604817127,0.45,0.7979482604817127,1,0.6687500000000001,0.6960000000000001,0.6364126858042077,0.39980757335158496,0.7145972232822104,True,True,True,False,14.0
MSI Cyborg 15 Ai A1vek 053vn,MSI,Intel,Core Ultra 7,155.0,4.8,16.0,DDR5,5600.0,512.0,15.6,1920 x 1080,144.0,NVIDIA,1.98,"3 Cell, 53.5Whr",30990000.0,data/anphat/detail_htmls\msi_50_specs.html,RTX 4050,UNKNOWN,False,0.8,0.8,0.6460674157303371,0.2604333868378812,0.5842696629213483,0.1736111111111111,30.99,0.723,0.26,True,True,True,False,False,False,True,53.5,0.33719892952720787,1.0,0.33719892952720787,1,0.90075,0.8869,0.48394147129869997,0.3183607168272996,0.5344958054498749,True,True,False,False,1.0
MSI Katana 15 B13vek 252vn,MSI,Intel,Core i7,13620.0,4.9,8.0,DDR5,5200.0,512.0,15.6,1920 x 1080,144.0,NVIDIA,2.25,"3 Cell, 53.5Whr",26990000.0,data/anphat/detail_htmls\msi_41_specs.html,RTX 4050,DISCRETE_GAMING,False,0.6,0.8,0.7391653290529695,0.1492776886035313,0.5842696629213483,0.1458333333333333,26.99,0.71,0.149,True,True,True,False,False,False,True,53.5,0.33719892952720787,1.0,0.33719892952720787,1,0.8674999999999999,0.853,0.4391869769166776,0.26834065262184215,0.49980227013687334,True,True,False,False,13.0
MSI Stealth 18 Hx Ai A2xwig 017vn,MSI,Intel,Core Ultra 9,275.0,4.6,32.0,DDR5,6400.0,2048.0,18.0,3840 x 2400,120.0,NVIDIA,2.89,"4-Cell, 99.99 Whr",109999000.0,data/anphat/detail_htmls\msi_49_specs.html,RTX 5080,DISCRETE_GAMING,False,1.0,1.0,0.4534510433386838,0.012038523274478297,0.9951845906902088,0.7222847222222222,110.0,0.727,0.012,True,True,True,False,True,False,True,99.99,0.9906333630686887,0.45,0.9906333630686887,1,0.60175,0.6156,0.5294901557598051,0.3531020944095145,0.5633409889738152,True,True,False,False,2.0
MSI Prestige 13 Ai Evo A1mg 240vn,MSI,Intel,Core Ultra 5,125.0,4.5,32.0,LPDDR5,6400.0,512.0,13.3,2880 x 1800,,Intel,0.99,4Cell 75WHrs,32990000.0,data/anphat/detail_htmls\msi_51_specs.html,INTEL_GRAPHICS,INTEGRATED,False,1.0,0.8,0.3029695024077046,0.9871589085072231,0.0176565008025682,0.1875,32.99,0.611,0.987,True,True,True,True,False,True,False,75.0,0.7979482604817127,0.45,0.7979482604817127,1,0.57275,0.5808,0.7800452700738706,0.9199720998363362,0.748864791500509,False,False,True,True,1.0
MSI Prestige 13 Ai Evo A2vmg 062vn,MSI,Intel,Core Ultra 9,288.0,5.1,32.0,LPDDR5X,8533.0,1024.0,13.3,2880 x 1800,,Intel,0.99,4Cell 75WHrs,44990000.0,data/anphat/detail_htmls\msi_53_specs.html,INTEL_GRAPHICS,INTEGRATED,False,1.0,1.0,0.8743980738362761,0.9871589085072231,0.0176565008025682,0.2708333333333333,44.99,0.937,0.987,True,True,True,True,False,True,False,75.0,0.7979482604817127,0.45,0.7979482604817127,1,0.6542500000000001,0.6786000000000001,0.9267452700738706,0.9199720998363362,0.928979791500509,True,True,True,True,2.0
MSI Prestige 14 Ai Evo C1mg 080vn,MSI,Intel,Core Ultra 5,125.0,4.5,32.0,DDR5,5600.0,512.0,14.0,2880 x 1800,60.0,Intel,1.7,"4 Cell, 90Whr",32990000.0,data/anphat/detail_htmls\msi_59_specs.html,INTEL_GRAPHICS,INTEGRATED,False,1.0,0.8,0.3029695024077046,0.4438202247191011,0.2114767255216693,0.1875,32.99,0.611,0.444,True,True,True,False,False,True,False,90.0,0.9402319357716324,0.45,0.9402319357716324,1,0.57275,0.5808,0.6183334658060119,0.686504933539333,0.6294010463205719,False,False,True,False,1.0
MSI Pulse 17 Ai C1vgkg 017vn,MSI,Intel,Core Ultra 7,155.0,4.8,32.0,DDR5,5600.0,1024.0,17.0,2560 x 1600,240.0,NVIDIA,2.8,"4 cell, 90Whr Li-Po",55990000.0,data/anphat/detail_htmls\msi_60_specs.html,RTX 4070,DISCRETE_GAMING,False,1.0,1.0,0.6460674157303371,0.015650080256821797,0.9891653290529696,0.3472222222222222,55.99,0.823,0.016,True,True,True,False,True,False,True,90.0,0.9402319357716324,1.0,0.9402319357716324,1,0.95575,0.9469,0.5638739152442142,0.3382906478250472,0.6094513914249058,True,True,False,False,1.0
MSI Vector Gp68hx 12vh 070vn,MSI,Intel,Core i9,12900.0,5.0,16.0,DDR5,4800.0,1024.0,16.0,1920 x 1200,144.0,NVIDIA,2.67,"4 cell, 90Whr",61990000.0,data/anphat/detail_htmls\msi_65_specs.html,RTX 4080,DISCRETE_GAMING,False,0.8,1.0,0.8138041733547352,0.026484751203852297,0.8487158908507223,0.3888888888888889,61.99,0.847,0.026,True,True,True,False,True,False,True,90.0,0.9402319357716324,1.0,0.9402319357716324,1,0.93175,0.9241,0.5784660500756748,0.3712561373916604,0.6310109500123858,True,True,False,False,12.0
Lg Gram 2024 14z90s G.ah55a5,LG,Intel,Core Ultra 5,125.0,4.5,16.0,LPDDR5,6400.0,512.0,14.0,1920 x 1200,,Intel,1.12,72 Wh,36290000.0,data/anphat/detail_htmls\lg_2_specs.html,INTEL_GRAPHICS,INTEGRATED,False,0.8,0.8,0.3029695024077046,0.9691011235955056,0.2114767255216693,0.2104166666666666,36.29,0.551,0.969,True,True,True,True,False,True,False,72.0,0.724799286351472,0.45,0.724799286351472,1,0.52775,0.5328,0.7320952505287214,0.8474799107366588,0.6917888448852564,False,False,True,True,1.0
Lg Gram 2024 16z90s G.ah76a5,LG,Intel,Core Ultra 7,155.0,4.8,16.0,LPDDR5,,512.0,16.0,2560 x 1600,,Intel,1.199,77WHr,43390000.0,data/anphat/detail_htmls\lg_4_specs.html,INTEL_GRAPHICS,INTEGRATED,False,0.8,0.8,0.6460674157303371,0.9558587479935795,0.8487158908507223,0.2597222222222222,43.39,0.723,0.956,True,True,True,True,False,False,True,77.0,0.8621766280107047,0.45,0.8621766280107047,1,0.57075,0.5844,0.8323358873998937,0.7621550782307129,0.7800321649760948,False,False,True,True,1.0
Lg Grambook 15u50t G.av56a5,LG,Intel,Core i5,1334.0,4.6,16.0,DDR4,3200.0,512.0,15.6,1920 x 1080,60.0,Intel,1.7,51 Wh Li-Ion,15990000.0,data/anphat/detail_htmls\lg_1_specs.html,INTEL_IRIS_XE,INTEGRATED,False,0.8,0.8,0.4534510433386838,0.4438202247191011,0.5842696629213483,0.0694444444444444,15.99,0.627,0.444,True,True,True,False,False,False,True,51.0,0.28055307760927745,0.55,0.28055307760927745,1,0.60675,0.6106,0.4935976941735408,0.3810587457025729,0.5177807115186079,True,True,False,False,13.0
Lg Gram Pro 16z90sp K.ah75a5,LG,Intel,Core Ultra 7,155.0,4.8,16.0,LPDDR5X,7467.0,512.0,16.0,2880 x 1800,,Intel,1.279,77WHr,48990000.0,data/anphat/detail_htmls\lg_0_specs.html,INTEL_GRAPHICS,INTEGRATED,False,0.8,0.8,0.6460674157303371,0.9020866773675762,0.8487158908507223,0.2986111111111111,48.99,0.723,0.902,True,True,True,True,False,False,True,77.0,0.8621766280107047,0.45,0.8621766280107047,1,0.57075,0.5844,0.8135156626807926,0.7379576464490114,0.7667235774961589,False,False,True,True,1.0
Lg Gram 2024 15z90st G.ah75a5,LG,Intel,Core Ultra 7,155.0,4.8,16.0,LPDDR5,,512.0,15.6,1920 x 1080,,Intel,0.99,60WHr,44290000.0,data/anphat/detail_htmls\lg_3_specs.html,INTEL_GRAPHICS,INTEGRATED,False,0.8,0.8,0.6460674157303371,0.9871589085072231,0.5842696629213483,0.2659722222222222,44.29,0.723,0.987,True,True,True,True,False,False,True,60.0,0.5709188224799286,0.45,0.5709188224799286,1,0.57075,0.5844,0.7850393824735138,0.7271891641119558,0.7517555549354724,False,False,True,False,1.0
Lg Gram 2024 14z90s G.ah75a5,LG,Intel,Core Ultra 7,155.0,4.8,16.0,LPDDR5,6400.0,512.0,14.0,1920 x 1200,,Intel,1.12,72 Wh,41390000.0,data/anphat/detail_htmls\lg_5_specs.html,INTEL_GRAPHICS,INTEGRATED,False,0.8,0.8,0.6460674157303371,0.9691011235955056,0.2114767255216693,0.2458333333333333,41.39,0.723,0.969,True,True,True,True,False,True,False,72.0,0.724799286351472,0.45,0.724799286351472,1,0.57075,0.5844,0.8094952505287213,0.8474799107366588,0.7868188448852563,False,False,True,True,1.0
Lg Gram 2024 2 In 1 14t90s G.ah55a5,LG,Intel,Core Ultra 5,125.0,4.5,16.0,LPDDR5,,512.0,14.0,1920 x 1200,,Intel,1.25,72WHr,41990000.0,data/anphat/detail_htmls\lg_6_specs.html,INTEL_GRAPHICS,INTEGRATED,False,0.8,0.8,0.3029695024077046,0.916131621187801,0.2114767255216693,0.25,41.99,0.551,0.916,True,True,True,True,False,True,False,72.0,0.724799286351472,0.45,0.724799286351472,1,0.52775,0.5328,0.7135559246860247,0.8236436346531917,0.6786788930393495,False,False,True,True,1.0
Lg Gram 2024 17z90s G.ah78a5,LG,Intel,Core Ultra 7,155.0,4.8,16.0,LPDDR5,,1024.0,17.0,2560 x 1600,,Intel,1.35,77WHr,46990000.0,data/anphat/detail_htmls\lg_7_specs.html,INTEL_GRAPHICS,INTEGRATED,False,0.8,1.0,0.6460674157303371,0.858346709470305,0.9891653290529696,0.2847222222222222,46.99,0.763,0.858,True,True,True,True,False,False,True,77.0,0.8621766280107047,0.45,0.8621766280107047,1,0.58075,0.5964,0.8162066739167476,0.69018477325479,0.7723799579134945,False,False,True,True,1.0
