Product Name,Manufacturer,CPU manufacturer,CPU brand modifier,CPU generation,CPU Speed (GHz),RAM (GB),RAM Type,Bus (MHz),Storage (GB),Screen Size (inch),Screen Resolution,Refresh Rate (Hz),GPU manufacturer,Weight (kg),Battery,Price (VND),url,saved_path,detail_specs_html_path
HP 245 G10 B8pf8at,hp,AMD,Ryzen5,7530,4.5,16,DDR4,3200,256,14.0,1920 x 1080,,AMD,1.36,"HP Long Life 3-cell, 41 Wh Li-ion",15590000,https://cellphones.com.vn/laptop-hp-245-g10-b8pf8at.html,data/cellphones/raw_htmls\hp_2.html,data/cellphones/detail_htmls\hp_2_specs.html
HP Victus 15 Fa2731tx B85lnpa,hp,Intel,Core I5,13420,4.6,16,DDR4,3200,512,15.6,1920 x 1080,144,NVIDIA,2.185,3 Cell Int (52.5Wh),24045000,https://cellphones.com.vn/laptop-hp-victus-15-fa2731tx-b85lnpa.html,data/cellphones/raw_htmls\hp_4.html,data/cellphones/detail_htmls\hp_4_specs.html
HP 14 Ep0112tu 8c5l1pa,hp,Intel,Core I5,1335,4.6,16,DDR4,3200,512,14.0,1920 x 1080,,Intel,1.46,"3-cell, 41 Wh Li-ion",19590000,https://cellphones.com.vn/laptop-hp-14-ep0112tu-8c5l1pa.html,data/cellphones/raw_htmls\hp_1.html,data/cellphones/detail_htmls\hp_1_specs.html
HP 15 Fc0086au A6vv9pa,hp,AMD,Ryzen5,7430,4.3,16,DDR4,3200,512,15.6,1920 x 1080,,AMD,1.59,"3-cell, 41 Wh Li-ion polymer",15190000,https://cellphones.com.vn/laptop-hp-15-fc0086au-a6vv9pa.html,data/cellphones/raw_htmls\hp_0.html,data/cellphones/detail_htmls\hp_0_specs.html
HP Victus 15 Fb3116ax Bx8u4pa,hp,AMD,Ryzen7,7445,4.7,16,DDR5,5600,512,15.6,1920 x 1080,144,NVIDIA,2.29,"3-cell, 52.5 Wh Li-ion polymer",25990000,https://cellphones.com.vn/laptop-hp-victus-15-fb3116ax-bx8u4pa.html,data/cellphones/raw_htmls\hp_3.html,data/cellphones/detail_htmls\hp_3_specs.html
HP Pavilion 15 Eg3095tu 8c5l6pa 16gb,hp,Intel,Core I5,1335,1.3,16,DDR4,3200,512,15.6,1920 x 1080,60,Intel,1.74,"3-cell Li-ion, 41 Wh",19990000,https://cellphones.com.vn/laptop-hp-pavilion-15-eg3095tu-8c5l6pa-16gb.html,data/cellphones/raw_htmls\hp_5.html,data/cellphones/detail_htmls\hp_5_specs.html
HP 245 G10 Bg5u8pt,hp,AMD,Ryzen7,7730,5.0,16,DDR4,3200,512,14.0,1920 x 1080,,AMD,1.36,"HP Long Life 3-cell, 41 Wh Li-ion",19990000,https://cellphones.com.vn/laptop-hp-245-g10-bg5u8pt.html,data/cellphones/raw_htmls\hp_9.html,data/cellphones/detail_htmls\hp_9_specs.html
HP Pavilion 15 Eg3094tu 8c5l5pa 16gb,hp,Intel,Core I5,1335,1.3,16,DDR4,3200,512,15.6,1920 x 1080,60,Intel,1.74,"3-cell Li-ion, 41 Wh",19990000,https://cellphones.com.vn/laptop-hp-pavilion-15-eg3094tu-8c5l5pa-16gb.html,data/cellphones/raw_htmls\hp_7.html,data/cellphones/detail_htmls\hp_7_specs.html
HP 14 Ep0220tu B73vwpa 16gb,hp,Intel,Core I3,1315,4.5,16,DDR4,3200,512,14.0,1920 x 1080,,Intel,1.4,"3-cell, 41 Wh Li-ion polymer Bộ đổi nguồn AC thông minh 45 W",13490000,https://cellphones.com.vn/laptop-hp-14-ep0220tu-b73vwpa-16gb.html,data/cellphones/raw_htmls\hp_8.html,data/cellphones/detail_htmls\hp_8_specs.html
HP 15 Fd0305tu A2nl6pa,hp,Intel,Core I3,1315,5.0,16,DDR4,3200,256,15.6,1920 x 1080,,Intel,1.59,"Pin Li-ion polymer 3 cell, công suất 41 Wh",12490000,https://cellphones.com.vn/laptop-hp-15-fd0305tu-a2nl6pa.html,data/cellphones/raw_htmls\hp_6.html,data/cellphones/detail_htmls\hp_6_specs.html
HP 15 Fd0306tu A2nl7pa,hp,Intel,Core I3,1315,1.2,8,DDR4,3200,256,15.6,1920 x 1080,60,Intel,1.59,"3-cell, 41 Wh Li-ion",12490000,https://cellphones.com.vn/laptop-hp-15-fd0306tu-a2nl7pa.html,data/cellphones/raw_htmls\hp_13.html,data/cellphones/detail_htmls\hp_13_specs.html
HP Envy X360 14 Fa0045au A19bmpa,hp,AMD,Ryzen7,8840,5.1,32,LPDDR5,6400,1024,14.0,2880 x 1800,60,AMD,1.39,"3-cell, 59 Wh Li-ion polymer",35090000,https://cellphones.com.vn/laptop-hp-envy-x360-14-fa0045au-a19bmpa.html,data/cellphones/raw_htmls\hp_10.html,data/cellphones/detail_htmls\hp_10_specs.html
HP 14 Ep0220tu B73vwpa,hp,Intel,Core I3,1315,4.5,8,DDR4,3200,512,14.0,1920 x 1080,,Intel,1.4,"3-cell, 41 Wh Li-ion polymer Bộ đổi nguồn AC thông minh 45 W",13490000,https://cellphones.com.vn/laptop-hp-14-ep0220tu-b73vwpa.html,data/cellphones/raw_htmls\hp_11.html,data/cellphones/detail_htmls\hp_11_specs.html
HP Pavilion 15 Eg3112tu 8u6l9pa,hp,Intel,Core I7,1355,5.0,16,DDR4,3200,512,15.6,1920 x 1080,,Intel,1.69,3-cell,25290000,https://cellphones.com.vn/laptop-hp-pavilion-15-eg3112tu-8u6l9pa.html,data/cellphones/raw_htmls\hp_12.html,data/cellphones/detail_htmls\hp_12_specs.html
HP 14 Dq2055wm 39k15ua,hp,Intel,Core I3,1115,,4,DDR4,2666,256,14.0,1920 x 1080,,Intel,1.46,"3-cell, 41 Wh Li-ion",13990000,https://cellphones.com.vn/laptop-hp-14-dq2055wm-39k15ua.html,data/cellphones/raw_htmls\hp_14.html,data/cellphones/detail_htmls\hp_14_specs.html
HP 15 Fd0237tu,hp,Intel,Core I5,1334,4.6,16,DDR4,3200,512,15.6,1920 x 1080,,Intel,1.59,"3-cell, 41 Wh Li-ion polymer",18390000,https://cellphones.com.vn/laptop-hp-15-fd0237tu.html,data/cellphones/raw_htmls\hp_16.html,data/cellphones/detail_htmls\hp_16_specs.html
HP 250 G9 Ag2k7at,hp,Intel,Core I5,1235,4.4,16,DDR4,3200,512,15.6,1920 x 1080,,Intel,1.696,3 Cell Int (41.04Wh),19190000,https://cellphones.com.vn/laptop-hp-250-g9-ag2k7at.html,data/cellphones/raw_htmls\hp_18.html,data/cellphones/detail_htmls\hp_18_specs.html
HP Envy X360 2in1 14 Fc0086tu A19bwpa,hp,Intel,Core Ultra 7,155,80.0,32,LPDDR5,6400,512,14.0,2880 x 1800,120,Intel,1.384,3 Cell Int (59.16Wh),35290000,https://cellphones.com.vn/laptop-hp-envy-x360-2in1-14-fc0086tu-a19bwpa.html,data/cellphones/raw_htmls\hp_19.html,data/cellphones/detail_htmls\hp_19_specs.html
HP Victus 16 S0143ax 9q990pa,hp,AMD,Ryzen5,7640,5.0,32,DDR5,5600,512,16.1,1920 x 1080,144,NVIDIA,2.33,"4-cell, 70 Wh Li-ion polymer",31490000,https://cellphones.com.vn/laptop-hp-victus-16-s0143ax-9q990pa.html,data/cellphones/raw_htmls\hp_15.html,data/cellphones/detail_htmls\hp_15_specs.html
HP Envy X360 14 Fa0096au Ay8u6pa,hp,AMD,Ryzen5,8640,9.0,16,LPDDR5,6400,1024,14.0,2880 x 1800,120,AMD,1.39,"Li-ion polymer 3 lõi, 59 Wh Bộ chuyển đổi nguồn điện 65 W USB Type-C Hỗ trợ sạc pin nhanh: khoảng 50% trong 30 phút",30390000,https://cellphones.com.vn/laptop-hp-envy-x360-14-fa0096au-ay8u6pa.html,data/cellphones/raw_htmls\hp_17.html,data/cellphones/detail_htmls\hp_17_specs.html
HP 15 Fd0083tu 8d736pa,hp,Intel,Core I7,1355,0.0,16,DDR4,3200,512,15.6,1920 x 1080,,Intel,1.59,"3-cell, 41 Wh Li-ion polymer Bộ đổi nguồn AC thông minh 45 W",22490000,https://cellphones.com.vn/laptop-hp-15-fd0083tu-8d736pa.html,data/cellphones/raw_htmls\hp_24.html,data/cellphones/detail_htmls\hp_24_specs.html
HP Pavilion 15 Eg3093tu 8c5l4pa,hp,Intel,Core I5,1335,1.3,16,DDR4,3200,512,15.6,1920 x 1080,60,Intel,1.69,"3-cell Li-ion, 41 Wh",21290000,https://cellphones.com.vn/laptop-hp-pavilion-15-eg3093tu-8c5l4pa.html,data/cellphones/raw_htmls\hp_23.html,data/cellphones/detail_htmls\hp_23_specs.html
HP 240 G9 Ag2j7at,hp,Intel,Core I5,1235,4.4,16,DDR4,3200,512,14.0,1920 x 1080,,Intel,1.42,3 Cell Int (41.04Wh),19790000,https://cellphones.com.vn/laptop-hp-240-g9-ag2j7at.html,data/cellphones/raw_htmls\hp_21.html,data/cellphones/detail_htmls\hp_21_specs.html
HP 15 Fd1063tu 9z2y1pa,hp,Intel,Core Ultra 5,125,5.0,16,DDR5,5600,512,15.6,1920 x 1080,,Intel,1.65,"3-cell, 41 Wh Li-ion polymer Hỗ trợ sạc pin nhanh: khoảng 50% trong 45 phút",20990000,https://cellphones.com.vn/laptop-hp-15-fd1063tu-9z2y1pa.html,data/cellphones/raw_htmls\hp_20.html,data/cellphones/detail_htmls\hp_20_specs.html
HP Pavilion 15 Eg3111tu 8u6l8pa,hp,Intel,Core I5,1335,4.6,16,DDR4,3200,512,15.6,1920 x 1080,,Intel,1.6,"3-cell, 41 Wh Li-ion",21290000,https://cellphones.com.vn/laptop-hp-pavilion-15-eg3111tu-8u6l8pa.html,data/cellphones/raw_htmls\hp_22.html,data/cellphones/detail_htmls\hp_22_specs.html
HP Gaming Omen 16 Am0129tx Bx9d1pa,hp,Intel,Core Ultra 7,255,5.1,32,DDR5,5600,512,16.0,1920 x 1200,165,NVIDIA,2.43,"6-cell, 83 Wh Li-ion polymer",48890000,https://cellphones.com.vn/laptop-hp-gaming-omen-16-am0129tx-bx9d1pa.html,data/cellphones/raw_htmls\hp_26.html,data/cellphones/detail_htmls\hp_26_specs.html
HP Gaming Omen 16 Am0176tx Bx9d3pa,hp,Intel,Core Ultra 7,255,5.1,16,DDR5,5600,512,16.0,1920 x 1200,165,NVIDIA,2.43,"6-cell, 83 Wh Li-ion polymer",43890000,https://cellphones.com.vn/laptop-hp-gaming-omen-16-am0176tx-bx9d3pa.html,data/cellphones/raw_htmls\hp_25.html,data/cellphones/detail_htmls\hp_25_specs.html
HP Victus 16 R0376tx Ay8z2pa,hp,Intel,Core I7,13700,5.0,16,DDR5,4800,512,16.1,1920 x 1080,165,NVIDIA,2.31,"4-cell, 70 Wh Li-ion polymer Bộ đổi nguồn AC thông minh 200 W Hỗ trợ sạc pin nhanh: khoảng 50% trong 30 phút",32690000,https://cellphones.com.vn/laptop-hp-victus-16-r0376tx-ay8z2pa.html,data/cellphones/raw_htmls\hp_27.html,data/cellphones/detail_htmls\hp_27_specs.html
HP Victus 16 R0374tx Ay8y7pa,hp,Intel,Core I5,13500,4.7,16,DDR5,4800,512,16.1,1920 x 1080,165,NVIDIA,2.334,4 Cell Int (70.07Wh),30990000,https://cellphones.com.vn/laptop-hp-victus-16-r0374tx-ay8y7pa.html,data/cellphones/raw_htmls\hp_29.html,data/cellphones/detail_htmls\hp_29_specs.html
HP Pavilion X360 14 Ek2017tu 9z2v5pa,hp,Intel,Core 5,120,5.0,16,DDR4,3200,512,14.0,1920 x 1080,,,1.4,3 Cell Int (43.3Wh),24990000,https://cellphones.com.vn/laptop-hp-pavilion-x360-14-ek2017tu-9z2v5pa.html,data/cellphones/raw_htmls\hp_28.html,data/cellphones/detail_htmls\hp_28_specs.html
HP Gaming Victus 16 S0173ax A9lg9pa,hp,AMD,Ryzen5,7640,5.0,16,DDR5,5600,512,16.1,1920 x 1080,144,NVIDIA,2.31,"4-cell, 70 Wh Li-ion polymer",27390000,https://cellphones.com.vn/laptop-hp-gaming-victus-16-s0173ax-a9lg9pa.html,data/cellphones/raw_htmls\hp_30.html,data/cellphones/detail_htmls\hp_30_specs.html
HP 15 Fd0235tu 9q970pa,hp,Intel,Core I5,1334,4.6,16,DDR4,3200,512,15.6,1920 x 1080,,Intel,1.59,"Pin Li-ion polymer 3 cell, công suất 41 Wh Bộ chuyển đổi nguồn điện AC thông minh 45 W Hỗ trợ sạc pin nhanh: khoảng 50% trong 45 phút",19190000,https://cellphones.com.vn/laptop-hp-15-fd0235tu-9q970pa.html,data/cellphones/raw_htmls\hp_31.html,data/cellphones/detail_htmls\hp_31_specs.html
HP Victus 15 Fa1139tx 8y6w3pa,hp,Intel,Core I5,12450,4.4,16,DDR4,3200,512,15.6,1920 x 1080,144,NVIDIA,2.22,3 Cell Int (52.5Wh),24590000,https://cellphones.com.vn/laptop-hp-victus-15-fa1139tx-8y6w3pa.html,data/cellphones/raw_htmls\hp_33.html,data/cellphones/detail_htmls\hp_33_specs.html
HP 15s Fq5231tu 8u241pa,hp,Intel,Core I3,1215,1.2,8,DDR4,3200,256,15.6,1080 x 1920,,Intel,2.0,3 cell,11990000,https://cellphones.com.vn/laptop-hp-15s-fq5231tu-8u241pa.html,data/cellphones/raw_htmls\hp_34.html,data/cellphones/detail_htmls\hp_34_specs.html
HP Victus 16 S0136ax 9q984pa,hp,AMD,Ryzen5,7640,0.0,32,DDR5,5600,512,16.1,1920 x 1080,144,NVIDIA,2.31,"4 cell, 70 Wh Li-ion polime Bộ chuyển đổi nguồn điện AC thông minh 200 W Hỗ trợ sạc pin nhanh: khoảng 50% trong 30 phút Thời lượng pin Lên đến 7 tiếng 45 phút",28990000,https://cellphones.com.vn/laptop-hp-victus-16-s0136ax-9q984pa.html,data/cellphones/raw_htmls\hp_32.html,data/cellphones/detail_htmls\hp_32_specs.html
HP Elitebook 840 G3,hp,Intel,Core I5,6300,2.4,8,DDR4,2133,256,14.0,1920 x 1080,,Intel,1.6,6-cell Lithium ion,,https://cellphones.com.vn/laptop-hp-elitebook-840-g3.html,data/cellphones/raw_htmls\hp_35.html,data/cellphones/detail_htmls\hp_35_specs.html
HP Victus 16 D0293tx 5z9r4pa,hp,Intel,Core I5,11400,2.7,8,DDR4,3200,512,16.1,1920 x 1080,,NVIDIA,2.25,"4-cell, 70 Whrs",27890000,https://cellphones.com.vn/laptop-hp-victus-16-d0293tx-5z9r4pa.html,data/cellphones/raw_htmls\hp_37.html,data/cellphones/detail_htmls\hp_37_specs.html
HP Elitebook 840 G8,hp,Intel,Core I7,1165,,16,DDR4,,512,14.0,1920 x 1080,,Intel,1.33,53 Wh Lithium-Polymer,,https://cellphones.com.vn/laptop-hp-elitebook-840-g8.html,data/cellphones/raw_htmls\hp_36.html,data/cellphones/detail_htmls\hp_36_specs.html
HP Probook 450 G9,hp,Intel,Core I5,1235,,8,DDR4,3200,512,15.6,1920 x 1080,60,Intel,1.74,"3-cell Li-ion, 51 Wh",,https://cellphones.com.vn/laptop-hp-probook-450-g9.html,data/cellphones/raw_htmls\hp_39.html,data/cellphones/detail_htmls\hp_39_specs.html
HP Pavilion 15 Eg2037tx 6k783pa,hp,Intel,Core I5,1235,,8,DDR4,3200,256,15.6,1920 x 1080,,NVIDIA,1.74,"3-cell, 41 Wh Li-ion",16300000,https://cellphones.com.vn/laptop-hp-pavilion-15-eg2037tx-6k783pa.html,data/cellphones/raw_htmls\hp_38.html,data/cellphones/detail_htmls\hp_38_specs.html
HP Probook 440 G9,hp,Intel,Core I5,1235,,8,DDR4,3200,512,14.0,1920 x 1080,,Intel,1.38,"51 Wh, 65 W",,https://cellphones.com.vn/laptop-hp-probook-440-g9.html,data/cellphones/raw_htmls\hp_40.html,data/cellphones/detail_htmls\hp_40_specs.html
HP Envy X360 2in1 14 Fc0088tu A19bypa,hp,Intel,Core Ultra 7,155,4.8,16,LPDDR5,6400,1024,14.0,2880 x 1800,120,Intel,1.39,"Li-ion polymer 3 lõi, 59 Wh",,https://cellphones.com.vn/laptop-hp-envy-x360-2in1-14-fc0088tu-a19bypa.html,data/cellphones/raw_htmls\hp_41.html,data/cellphones/detail_htmls\hp_41_specs.html
HP Probook 450 G3,hp,Intel,Core I5,6200,2.3,4,DDR3,1600,500,15.6,1366 x 768,,Intel,2.11,44 WHr Li-ion 4-cell,,https://cellphones.com.vn/laptop-hp-probook-450-g3.html,data/cellphones/raw_htmls\hp_42.html,data/cellphones/detail_htmls\hp_42_specs.html
HP Probook 6570b,hp,Intel,Core I3,3110,2.4,4,DDR3,1600,320,15.6,1366 x 768,,Intel,2.51,6-cells 55 Wh,,https://cellphones.com.vn/laptop-hp-probook-6570b.html,data/cellphones/raw_htmls\hp_43.html,data/cellphones/detail_htmls\hp_43_specs.html
HP Elitebook 820 G3,hp,Intel,Core I5,6200,2.4,8,DDR3L,2133,256,12.5,1366 x 768,,Intel,1.28,,,https://cellphones.com.vn/laptop-hp-elitebook-820-g3.html,data/cellphones/raw_htmls\hp_44.html,data/cellphones/detail_htmls\hp_44_specs.html
HP Gaming Victus 16 E1104ax 7c0s9pa,hp,AMD,Ryzen7,6800,3.2,8,DDR5,4800,512,16.1,1920 x 1080,144,NVIDIA,2.4,70Wh,,https://cellphones.com.vn/laptop-hp-gaming-victus-16-e1104ax-7c0s9pa.html,data/cellphones/raw_htmls\hp_45.html,data/cellphones/detail_htmls\hp_45_specs.html
HP Elitebook 845 G9,hp,AMD,Ryzen5,6600,,16,DDR5,4800,256,14.0,1920 x 1200,,AMD,1.4,51Whr 3 cell,,https://cellphones.com.vn/laptop-hp-elitebook-845-g9.html,data/cellphones/raw_htmls\hp_46.html,data/cellphones/detail_htmls\hp_46_specs.html
HP Elitebook 840 G9,hp,Intel,Core I7,1260,2.1,16,DDR5,,512,14.0,1920 x 1200,60,Intel,1.36,51 Wh 3-cell Li-ion,,https://cellphones.com.vn/laptop-hp-elitebook-840-g9.html,data/cellphones/raw_htmls\hp_47.html,data/cellphones/detail_htmls\hp_47_specs.html
HP Envy X360 13 Bf0092tu 76v59pa,hp,Intel,Core I7,1250,4.7,8,LPDDR4X,4266,512,13.3,2880 x 1800,,Intel,1.34,"66 Wh Li-ion, 4-cell",,https://cellphones.com.vn/laptop-hp-envy-x360-13-bf0092tu-76v59pa.html,data/cellphones/raw_htmls\hp_49.html,data/cellphones/detail_htmls\hp_49_specs.html
HP Elitebook 8460p,hp,Intel,Core I5,2520,2.5,8,,,250,14.0,1366 x 768,,Intel,,,,https://cellphones.com.vn/laptop-hp-elitebook-8460p.html,data/cellphones/raw_htmls\hp_48.html,data/cellphones/detail_htmls\hp_48_specs.html
HP Elitebook 840 G6,hp,Intel,Core I5,8365,1.6,8,DDR4,2660,256,14.0,1920 x 1080,,Intel,1.4,,,https://cellphones.com.vn/laptop-hp-elitebook-840-g6.html,data/cellphones/raw_htmls\hp_50.html,data/cellphones/detail_htmls\hp_50_specs.html
HP Probook 6560b,hp,Intel,Core I5,2520,2.5,8,DDR3,1333,120,15.6,1366 x 768,,Intel,2.5,6-cell Li-ion,,https://cellphones.com.vn/laptop-hp-probook-6560b.html,data/cellphones/raw_htmls\hp_51.html,data/cellphones/detail_htmls\hp_51_specs.html
HP Gaming Victus 15 Fa018tx 7c0x0pa,hp,Intel,Core I7,12700,4.7,16,DDR4,3200,512,15.6,1920 x 1080,144,NVIDIA,2.29,"4-cell, 70 Wh",,https://cellphones.com.vn/laptop-hp-gaming-victus-15-fa018tx-7c0x0pa.html,data/cellphones/raw_htmls\hp_52.html,data/cellphones/detail_htmls\hp_52_specs.html
HP Elitebook 640 G9,hp,Intel,Core I7,1255,2.1,16,DDR4,,512,14.0,1920 x 1080,,Intel,1.38,,,https://cellphones.com.vn/laptop-hp-elitebook-640-g9.html,data/cellphones/raw_htmls\hp_53.html,data/cellphones/detail_htmls\hp_53_specs.html
HP Pavilion 15 Eg2062tx 7c0w7pa,hp,Intel,Core I5,1235,,8,DDR4,3200,512,15.6,1920 x 1080,,NVIDIA,1.75,3 Cell 41WHrs,,https://cellphones.com.vn/laptop-hp-pavilion-15-eg2062tx-7c0w7pa.html,data/cellphones/raw_htmls\hp_55.html,data/cellphones/detail_htmls\hp_55_specs.html
HP Envy X360 2in2 2022,hp,AMD,Ryzen5,5625,4.0,8,DDR4,3200,256,15.6,,,AMD,1.77,,,https://cellphones.com.vn/laptop-hp-envy-x360-2in2-2022.html,data/cellphones/raw_htmls\hp_54.html,data/cellphones/detail_htmls\hp_54_specs.html
HP 15 Ay071tu X3b53pa,hp,Intel,Pentium,3710,,4,DDR3L,,500,15.6,1366 x 768,,Intel,2.19,4-cell Li-ion,,https://cellphones.com.vn/laptop-hp-15-ay071tu-x3b53pa.html,data/cellphones/raw_htmls\hp_57.html,data/cellphones/detail_htmls\hp_57_specs.html
HP Pavilion 15 Eg2087tu 7c0q9pa,hp,Intel,Core I3,1215,,8,DDR4,3200,256,15.6,1920 x 1080,,Intel,1.75,3Cell 41WHrs,,https://cellphones.com.vn/laptop-hp-pavilion-15-eg2087tu-7c0q9pa.html,data/cellphones/raw_htmls\hp_58.html,data/cellphones/detail_htmls\hp_58_specs.html
HP Pavilion 15 Eg2085tu 7c0q7pa,hp,Intel,Core I5,1240,,8,DDR4,3200,256,15.6,1920 x 1080,,Intel,1.75,3Cell 41WHrs,,https://cellphones.com.vn/laptop-hp-pavilion-15-eg2085tu-7c0q7pa.html,data/cellphones/raw_htmls\hp_56.html,data/cellphones/detail_htmls\hp_56_specs.html
HP 15s Du1040tx 8re77pa,hp,Intel,Core I7,10510,,8,DDR4,2666,512,15.6,1366 x 768,,NVIDIA,1.74,"3-cell, 41 Wh Li-ion",,https://cellphones.com.vn/laptop-hp-15s-du1040tx-8re77pa.html,data/cellphones/raw_htmls\hp_60.html,data/cellphones/detail_htmls\hp_60_specs.html
HP Gaming Victus 16 D1191tx 7c0s5pa,hp,Intel,Core I5,12500,3.3,16,DDR5,4800,512,16.1,1920 x 1080,144,NVIDIA,2.4,70Wh,,https://cellphones.com.vn/laptop-hp-gaming-victus-16-d1191tx-7c0s5pa.html,data/cellphones/raw_htmls\hp_59.html,data/cellphones/detail_htmls\hp_59_specs.html
HP 240 G8 518v8pa,hp,Intel,Core I5,1135,,8,DDR4,3200,512,14.0,1920 x 1080,60,Intel,1.426,3 Cell Int (41.04Wh),,https://cellphones.com.vn/laptop-hp-240-g8-518v8pa.html,data/cellphones/raw_htmls\hp_61.html,data/cellphones/detail_htmls\hp_61_specs.html
HP Pavilion 15 Eg1040tu 5z9v3pa,hp,Intel,Core I5,1155,,8,DDR4,,256,15.6,1920 x 1080,,Intel,1.74,3 Cell (41Wh),,https://cellphones.com.vn/laptop-hp-pavilion-15-eg1040tu-5z9v3pa.html,data/cellphones/raw_htmls\hp_62.html,data/cellphones/detail_htmls\hp_62_specs.html
HP 340s G7 36a43pa,hp,Intel,Core I5,1035,,8,DDR4,3200,256,14.0,1920 x 1080,,Intel,1.351,3 Cell (41.04Wh),,https://cellphones.com.vn/laptop-hp-340s-g7-36a43pa.html,data/cellphones/raw_htmls\hp_63.html,data/cellphones/detail_htmls\hp_63_specs.html
HP Dragonfly G4 A9vd6pt,hp,Intel,Core I7,1365,,32,LPDDR5,4800,1024,13.5,1920 x 1280,,Intel,1.229,6 Cell Int (68.4Wh),,https://cellphones.com.vn/laptop-hp-dragonfly-g4-a9vd6pt.html,data/cellphones/raw_htmls\hp_64.html,data/cellphones/detail_htmls\hp_64_specs.html
HP Gaming Victus 16 E1102ax 7c139pa,hp,AMD,Ryzen7,6800,3.2,16,DDR5,4800,512,16.1,1920 x 1080,144,NVIDIA,2.4,70Wh,,https://cellphones.com.vn/laptop-hp-gaming-victus-16-e1102ax-7c139pa.html,data/cellphones/raw_htmls\hp_65.html,data/cellphones/detail_htmls\hp_65_specs.html
HP Envy 16 H0205tx 7c0t2pa,hp,Intel,Core I9,12900,2.5,32,DDR5,4800,512,16.0,3840 x 2400,,NVIDIA,2.3,"6 cell 83 Wh , Pin liền",,https://cellphones.com.vn/laptop-hp-envy-16-h0205tx-7c0t2pa.html,data/cellphones/raw_htmls\hp_66.html,data/cellphones/detail_htmls\hp_66_specs.html
HP Pavilion X360 14 Ek2024tu 9z2v6pa,hp,Intel,Core 5,120,1.4,16,DDR4,3200,512,14.0,1920 x 1080,60,Intel,1.51,"3-cell, 43Wh, công suất bộ sạc 65 W",24990000,https://cellphones.com.vn/laptop-hp-pavilion-x360-14-ek2024tu-9z2v6pa.html,data/cellphones/raw_htmls\hp_67.html,data/cellphones/detail_htmls\hp_67_specs.html
HP 14 Ep1011tu 9z2w3pa,hp,Intel,Core 5,120,5.0,16,DDR4,3200,512,14.0,1920 x 1080,,Intel,1.398,3 Cell Int (41.04Wh),,https://cellphones.com.vn/laptop-hp-14-ep1011tu-9z2w3pa.html,data/cellphones/raw_htmls\hp_68.html,data/cellphones/detail_htmls\hp_68_specs.html
HP Spectre X360 14 Eu0050tu A19blpa,hp,Intel,Core Ultra 7,155,80.0,32,LPDDR5,7467,1024,14.0,2880 x 1800,120,Intel,1.465,4 Cell Int (68Wh) 65W (USB-C),,https://cellphones.com.vn/laptop-hp-spectre-x360-14-eu0050tu-a19blpa.html,data/cellphones/raw_htmls\hp_69.html,data/cellphones/detail_htmls\hp_69_specs.html
HP Gaming Victus 15 Fa0110tx 7c0r3pa,hp,Intel,Core I7,12700,4.7,8,DDR4,3200,512,15.6,1920 x 1080,144,NVIDIA,2.29,"4-cell, 70Wh Li-ion polymer",,https://cellphones.com.vn/laptop-hp-gaming-victus-15-fa0110tx-7c0r3pa.html,data/cellphones/raw_htmls\hp_70.html,data/cellphones/detail_htmls\hp_70_specs.html
HP Gaming Victus 16 E1105ax 7c0t0pa,hp,AMD,Ryzen5,6600,4.5,16,DDR5,4800,512,16.1,1920 x 1080,144,NVIDIA,2.4,"4-cell, 70Wh Li-ion polymer",,https://cellphones.com.vn/laptop-hp-gaming-victus-16-e1105ax-7c0t0pa.html,data/cellphones/raw_htmls\hp_71.html,data/cellphones/detail_htmls\hp_71_specs.html
HP Pavilion 15 Eg2065tx 7c0q3pa I5 1235u 8gb 256gb,hp,Intel,Core I5,1235,1.3,8,DDR4,3200,256,15.6,1080 x 1920,60,NVIDIA,1.7,3 cell 41 Wh,,https://cellphones.com.vn/laptop-hp-pavilion-15-eg2065tx-7c0q3pa-i5-1235u-8gb-256gb.html,data/cellphones/raw_htmls\hp_72.html,data/cellphones/detail_htmls\hp_72_specs.html
HP 240 G8 46j53pa,hp,Intel,Core I3,1005,,8,DDR4,,512,14.0,1366 x 768,,Intel,1.47,3 Cell 65 W,,https://cellphones.com.vn/laptop-hp-240-g8-46j53pa.html,data/cellphones/raw_htmls\hp_73.html,data/cellphones/detail_htmls\hp_73_specs.html
HP 15s Fq1107tu,hp,Intel,Core I3,1005,,4,DDR4,,256,15.6,1366 x 768,,Intel,1.7,3 cell,,https://cellphones.com.vn/laptop-hp-15s-fq1107tu.html,data/cellphones/raw_htmls\hp_75.html,data/cellphones/detail_htmls\hp_75_specs.html
HP Probook 450 G2,hp,Intel,Core I5,5200,2.2,4,DDR3,1600,500,15.6,1366 x 768,,Intel,,4-cell Li-Ion,,https://cellphones.com.vn/laptop-hp-probook-450-g2.html,data/cellphones/raw_htmls\hp_74.html,data/cellphones/detail_htmls\hp_74_specs.html
HP Probook 4540s,hp,Intel,Core I5,2400,2.5,4,DDR3,1333,500,15.6,1366 x 768,,Intel,2.47,"6-cells, 47 Wh (Li-Ion)",,https://cellphones.com.vn/laptop-hp-probook-4540s.html,data/cellphones/raw_htmls\hp_76.html,data/cellphones/detail_htmls\hp_76_specs.html
HP Pavilion X360 14 Dy0076tu 46l93pa,hp,Intel,Core I7,1165,,8,DDR4,3200,512,14.0,1920 x 1080,,Intel,1.52,3 Cell Int (43.3Wh),,https://cellphones.com.vn/laptop-hp-pavilion-x360-14-dy0076tu-46l93pa.html,data/cellphones/raw_htmls\hp_77.html,data/cellphones/detail_htmls\hp_77_specs.html
HP Pavilion 15 Eg0509tu 46m08pa,hp,Intel,Core I3,1125,,4,DDR4,,512,15.6,1920 x 1080,,Intel,1.662,3 Cell 45 W,,https://cellphones.com.vn/laptop-hp-pavilion-15-eg0509tu-46m08pa.html,data/cellphones/raw_htmls\hp_78.html,data/cellphones/detail_htmls\hp_78_specs.html
HP 15s Du3591tu,hp,Intel,Core I5,1135,,8,DDR4,,512,15.6,1366 x 768,,Intel,1.75,"3-cell Li-ion, 41 Wh",,https://cellphones.com.vn/laptop-hp-15s-du3591tu.html,data/cellphones/raw_htmls\hp_80.html,data/cellphones/detail_htmls\hp_80_specs.html
HP 15s Fq1111tu 193r0pa,hp,Intel,Core I3,1005,,4,DDR4,,256,15.6,1920 x 1080,60,Intel,1.69,3-cell Li-ion,,https://cellphones.com.vn/laptop-hp-15s-fq1111tu-193r0pa.html,data/cellphones/raw_htmls\hp_79.html,data/cellphones/detail_htmls\hp_79_specs.html
HP 340s G7 224l0pa,hp,Intel,Core I3,1005,,4,DDR4,,512,14.0,1366 x 768,,Intel,1.337,3 Cell (41.04Wh),,https://cellphones.com.vn/laptop-hp-340s-g7-224l0pa.html,data/cellphones/raw_htmls\hp_81.html,data/cellphones/detail_htmls\hp_81_specs.html
HP Gaming Victus 16 D1187tx 7c0s4pa,hp,Intel,Core I7,12700,4.7,8,DDR5,4800,512,16.1,1920 x 1080,144,NVIDIA,2.46,"4-cell, 70Wh Li-ion polymer",,https://cellphones.com.vn/laptop-hp-gaming-victus-16-d1187tx-7c0s4pa.html,data/cellphones/raw_htmls\hp_82.html,data/cellphones/detail_htmls\hp_82_specs.html
HP 240 G9 6l1x3pa,hp,Intel,Core I3,1215,1.2,8,DDR4,3200,,14.0,1080 x 1920,60,Intel,1.5,3 cell 80 Wh,,https://cellphones.com.vn/laptop-hp-240-g9-6l1x3pa.html,data/cellphones/raw_htmls\hp_83.html,data/cellphones/detail_htmls\hp_83_specs.html
HP Omen 16 Wf1139tx A2ns1pa,hp,Intel,Core I7,14700,5.0,32,DDR5,5600,1024,16.1,2560 x 1440,240,NVIDIA,2.39,"6-cell, 83 Wh Li-ion polymer Bộ đổi nguồn AC thông minh 280 W Hỗ trợ sạc pin nhanh: khoảng 50% trong 30 phút",,https://cellphones.com.vn/laptop-hp-omen-16-wf1139tx-a2ns1pa.html,data/cellphones/raw_htmls\hp_84.html,data/cellphones/detail_htmls\hp_84_specs.html
HP Gaming Victus 16 D1193tx 7c138pa,hp,Intel,Core I5,12500,3.3,8,DDR5,4800,512,16.1,1920 x 1080,144,NVIDIA,2.4,70Wh,,https://cellphones.com.vn/laptop-hp-gaming-victus-16-d1193tx-7c138pa.html,data/cellphones/raw_htmls\hp_85.html,data/cellphones/detail_htmls\hp_85_specs.html
HP Gaming Victus 16 E0170ax 4r0u7pa,hp,AMD,Ryzen7,5800,,8,DDR4,3200,512,16.1,1920 x 1080,144,NVIDIA,2.46,"4-cell Li-ion, 70 Wh",24990000,https://cellphones.com.vn/laptop-hp-gaming-victus-16-e0170ax-4r0u7pa.html,data/cellphones/raw_htmls\hp_86.html,data/cellphones/detail_htmls\hp_86_specs.html
HP Gaming Victus 15 Fb1022ax 94f19pa,hp,AMD,Ryzen5,7535,4.5,16,DDR5,4800,512,15.6,1920 x 1080,,NVIDIA,2.29,"52.5 Wh, 3 Cell",,https://cellphones.com.vn/laptop-hp-gaming-victus-15-fb1022ax-94f19pa.html,data/cellphones/raw_htmls\hp_87.html,data/cellphones/detail_htmls\hp_87_specs.html
LENOVO Loq 15irx10 83je00pevn,lenovo,Intel,Core I7,13650,4.9,16,DDR5,4800,1024,15.6,1920 x 1080,144,NVIDIA,2.4,"60Wh, 170W Slim Tip (3-pin)",33990000,https://cellphones.com.vn/laptop-lenovo-loq-15irx10-83je00pevn.html,data/cellphones/raw_htmls\lenovo_4.html,data/cellphones/detail_htmls\lenovo_4_specs.html
LENOVO Loq 15iax9e 83lk0079vn,lenovo,Intel,Core I5,12450,4.4,16,DDR5,4800,1024,15.6,1920 x 1080,144,NVIDIA,1.77,57Wh 135W Slim Tip (3-pin),22090000,https://cellphones.com.vn/laptop-lenovo-loq-15iax9e-83lk0079vn.html,data/cellphones/raw_htmls\lenovo_3.html,data/cellphones/detail_htmls\lenovo_3_specs.html
LENOVO Loq 15arp9 83jc00m3vn,lenovo,AMD,Ryzen5,7235,4.2,16,DDR5,4800,1024,15.6,1920 x 1080,144,NVIDIA,2.38,"60Wh, 170W Slim Tip (3-pin)",24490000,https://cellphones.com.vn/laptop-lenovo-loq-15arp9-83jc00m3vn.html,data/cellphones/raw_htmls\lenovo_2.html,data/cellphones/detail_htmls\lenovo_2_specs.html
LENOVO Ideapad Slim 3 15abr8 82xm00mdvn,lenovo,AMD,Ryzen5,5625,4.3,16,DDR4,3200,1024,15.6,1920 x 1080,,AMD,1.62,47Wh (Đầu tròn 65W (3 chân)),14290000,https://cellphones.com.vn/laptop-lenovo-ideapad-slim-3-15abr8-82xm00mdvn.html,data/cellphones/raw_htmls\lenovo_1.html,data/cellphones/detail_htmls\lenovo_1_specs.html
LENOVO Ideapad Slim 3 14irh10 83k00008vn,lenovo,Intel,Core I5,13420,4.6,16,DDR5,4800,1024,14.0,1920 x 1200,,Intel,1.43,60Wh (Đầu tròn 65W (3 chân),16990000,https://cellphones.com.vn/laptop-lenovo-ideapad-slim-3-14irh10-83k00008vn.html,data/cellphones/raw_htmls\lenovo_0.html,data/cellphones/detail_htmls\lenovo_0_specs.html
LENOVO Thinkpad E14 Gen 7 21t90021va,lenovo,Intel,Core 7,240,5.2,16,DDR5,5600,1024,14.0,1920 x 1200,60,Intel,1.34,"48Wh, 65W USB-C (3-pin)",24890000,https://cellphones.com.vn/laptop-lenovo-thinkpad-e14-gen-7-21t90021va.html,data/cellphones/raw_htmls\lenovo_5.html,data/cellphones/detail_htmls\lenovo_5_specs.html
LENOVO Ideapad Slim 5 14q8x9 83hl005avn,lenovo,Qualcomm,Snapdragon X,,3.0,16,LPDDR5X,8448,1024,14.0,1920 x 1200,,Qualcomm,1.48,"57Wh, 65W USB-C Slim (Wall-mount)",20990000,https://cellphones.com.vn/laptop-lenovo-ideapad-slim-5-14q8x9-83hl005avn.html,data/cellphones/raw_htmls\lenovo_8.html,data/cellphones/detail_htmls\lenovo_8_specs.html
LENOVO Loq 15ahp10 83jg0047vn,lenovo,AMD,Ryzen7,250,5.1,16,DDR5,5600,1024,15.6,1920 x 1080,144,NVIDIA,2.4,"60Wh, 170W Slim Tip (3-pin)",32490000,https://cellphones.com.vn/laptop-lenovo-loq-15ahp10-83jg0047vn.html,data/cellphones/raw_htmls\lenovo_9.html,data/cellphones/detail_htmls\lenovo_9_specs.html
LENOVO Legion 7 16iax10 83ky001vvn,lenovo,Intel,Core Ultra 9,275,5.4,32,DDR5,5600,1024,16.0,2560 x 1600,240,NVIDIA,2.0,"84Wh, 245W Slim Tip (3-pin)",70990000,https://cellphones.com.vn/laptop-lenovo-legion-7-16iax10-83ky001vvn.html,data/cellphones/raw_htmls\lenovo_6.html,data/cellphones/detail_htmls\lenovo_6_specs.html
LENOVO Ideapad Slim 3 16irh10 83k20002vn,lenovo,Intel,Core I5,13420,4.6,16,DDR5,4800,1024,16.0,1920 x 1200,60,Intel,1.73,60Wh (Đầu tròn 65W (3 chân)),16990000,https://cellphones.com.vn/laptop-lenovo-ideapad-slim-3-16irh10-83k20002vn.html,data/cellphones/raw_htmls\lenovo_7.html,data/cellphones/detail_htmls\lenovo_7_specs.html
LENOVO Legion 5 15irx10 83ly00hrvn,lenovo,Intel,Core I7,13650,4.9,16,DDR5,4800,1024,15.3,1920 x 1200,165,NVIDIA,2.1,"80Wh, 245W Slim Tip (3-pin)",36990000,https://cellphones.com.vn/laptop-lenovo-legion-5-15irx10-83ly00hrvn.html,data/cellphones/raw_htmls\lenovo_10.html,data/cellphones/detail_htmls\lenovo_10_specs.html
LENOVO Loq 15arp9 83jc00lvvn,lenovo,AMD,Ryzen5,7235,4.2,16,DDR5,4800,1024,15.6,1920 x 1080,144,NVIDIA,2.38,"60Wh, 170W Slim Tip (3-pin)",23490000,https://cellphones.com.vn/laptop-lenovo-loq-15arp9-83jc00lvvn.html,data/cellphones/raw_htmls\lenovo_11.html,data/cellphones/detail_htmls\lenovo_11_specs.html
LENOVO Thinkpad L16 Gen 2 21sa000fva,lenovo,Intel,Core Ultra 5,225,4.8,16,DDR5,5600,2048,16.0,1920 x 1200,60,Intel,1.79,"46.5Wh, 65W USB-C (3-pin)",24090000,https://cellphones.com.vn/laptop-lenovo-thinkpad-l16-gen-2-21sa000fva.html,data/cellphones/raw_htmls\lenovo_12.html,data/cellphones/detail_htmls\lenovo_12_specs.html
LENOVO Ideapad Slim 5 14akp10 83hx001jvn RYZEN Ai 7,lenovo,AMD,Ryzen AI 7,350,5.0,32,DDR5,5600,1024,14.0,1920 x 1200,,AMD,1.39,60Wh (65W USB-C Slim (Wall-mount)),27990000,https://cellphones.com.vn/laptop-lenovo-ideapad-slim-5-14akp10-83hx001jvn-ryzen-ai-7.html,data/cellphones/raw_htmls\lenovo_13.html,data/cellphones/detail_htmls\lenovo_13_specs.html
LENOVO Ideapad Slim 5 15arp10 83j3002svn,lenovo,AMD,Ryzen7,7735,4.75,32,LPDDR5X,6400,1024,15.1,2560 x 1600,165,AMD,1.49,70Wh (65W USB-C Slim (Gắn tường)),23490000,https://cellphones.com.vn/laptop-lenovo-ideapad-slim-5-15arp10-83j3002svn.html,data/cellphones/raw_htmls\lenovo_14.html,data/cellphones/detail_htmls\lenovo_14_specs.html
LENOVO Thinkpad E14 Gen 7 21t90022va,lenovo,Intel,Core 7,240,5.2,16,DDR5,5600,1024,14.0,1920 x 1200,60,Intel,1.34,"48Wh, 65W USB-C (3-pin)",25990000,https://cellphones.com.vn/laptop-lenovo-thinkpad-e14-gen-7-21t90022va.html,data/cellphones/raw_htmls\lenovo_15.html,data/cellphones/detail_htmls\lenovo_15_specs.html
LENOVO V15 G4 Iru 83cc0041vn,lenovo,Intel,Core I5,13420,4.6,16,DDR4,3200,1024,15.6,1920 x 1080,,Intel,1.65,"38Wh, 65W USB-C (3-pin)",14790000,https://cellphones.com.vn/laptop-lenovo-v15-g4-iru-83cc0041vn.html,data/cellphones/raw_htmls\lenovo_16.html,data/cellphones/detail_htmls\lenovo_16_specs.html
LENOVO Ideapad Slim 3 15irh10 83k1000gvn,lenovo,Intel,Core I5,13420,4.6,24,DDR5,4800,1024,15.3,1920 x 1200,60,Intel,1.63,60Wh (Đầu tròn 65W (3 chân)),17990000,https://cellphones.com.vn/laptop-lenovo-ideapad-slim-3-15irh10-83k1000gvn.html,data/cellphones/raw_htmls\lenovo_17.html,data/cellphones/detail_htmls\lenovo_17_specs.html
LENOVO Ideapad Slim 5 15arp10 83j3001dvn,lenovo,AMD,Ryzen7,7735,4.75,16,LPDDR5X,6400,1024,15.1,2560 x 1600,165,AMD,1.49,"70Wh, 65W USB-C Slim (Wall-mount)",21090000,https://cellphones.com.vn/laptop-lenovo-ideapad-slim-5-15arp10-83j3001dvn.html,data/cellphones/raw_htmls\lenovo_18.html,data/cellphones/detail_htmls\lenovo_18_specs.html
LENOVO Thinkpad X1 Carbon Gen 13 Aura Edition 21nx0039vn,lenovo,Intel,Core Ultra 7,255,5.1,32,LPDDR5X,8400,2048,14.0,1920 x 1200,60,Intel,1.006,"57Wh, 65W USB-C Slim GaN (3-pin)",55890000,https://cellphones.com.vn/laptop-lenovo-thinkpad-x1-carbon-gen-13-aura-edition-21nx0039vn.html,data/cellphones/raw_htmls\lenovo_19.html,data/cellphones/detail_htmls\lenovo_19_specs.html
LENOVO Thinkpad L16 Gen 2 21sa000gva,lenovo,Intel,Core Ultra 5,225,4.8,16,DDR5,5600,1024,16.0,1920 x 1200,60,Intel,1.79,"46.5Wh, 65W USB-C (3-pin)",25190000,https://cellphones.com.vn/laptop-lenovo-thinkpad-l16-gen-2-21sa000gva.html,data/cellphones/raw_htmls\lenovo_20.html,data/cellphones/detail_htmls\lenovo_20_specs.html
LENOVO Thinkpad E16 Gen 3 21sr002nvn,lenovo,Intel,Core Ultra 5,225,4.9,16,DDR5,5600,512,16.0,1920 x 1200,60,Intel,1.63,"48Wh, 65W USB-C (3-pin)",25390000,https://cellphones.com.vn/laptop-lenovo-thinkpad-e16-gen-3-21sr002nvn.html,data/cellphones/raw_htmls\lenovo_21.html,data/cellphones/detail_htmls\lenovo_21_specs.html
LENOVO V14 G4 Iru 83a000fnvn,lenovo,Intel,Core I5,13420,4.6,16,DDR4,3200,1024,14.0,1920 x 1080,,Intel,1.43,"38Wh, 65W USB-C (3-pin)",14590000,https://cellphones.com.vn/laptop-lenovo-v14-g4-iru-83a000fnvn.html,data/cellphones/raw_htmls\lenovo_23.html,data/cellphones/detail_htmls\lenovo_23_specs.html
LENOVO Legion Pro 5 16iax10 83f3002gvn,lenovo,Intel,Core Ultra 9,275,5.4,32,DDR5,5600,1024,16.0,2560 x 1600,165,NVIDIA,2.43,"80Wh, 245W Slim Tip (3-pin)",59990000,https://cellphones.com.vn/laptop-lenovo-legion-pro-5-16iax10-83f3002gvn.html,data/cellphones/raw_htmls\lenovo_25.html,data/cellphones/detail_htmls\lenovo_25_specs.html
LENOVO Yoga Pro 7 14iah10 83kf002bvn,lenovo,Intel,Core Ultra 9,285,5.4,32,LPDDR5X,8533,1024,14.5,3000 x 1876,120,Intel,1.54,"84Wh, 100W USB-C Slim (3-pin)",39990000,https://cellphones.com.vn/laptop-lenovo-yoga-pro-7-14iah10-83kf002bvn.html,data/cellphones/raw_htmls\lenovo_22.html,data/cellphones/detail_htmls\lenovo_22_specs.html
LENOVO Yoga Slim 7 14ill10 83jx0086vn,lenovo,Intel,Core Ultra 5,226,4.5,16,LPDDR5X,8533,1024,14.0,2880 x 1800,120,Intel,1.19,"70Wh, 65W USB-C Slim (2-pin, Wall-mount)",29490000,https://cellphones.com.vn/laptop-lenovo-yoga-slim-7-14ill10-83jx0086vn.html,data/cellphones/raw_htmls\lenovo_24.html,data/cellphones/detail_htmls\lenovo_24_specs.html
LENOVO Ideapad Slim 3 14arp10 83k6000avn,lenovo,AMD,Ryzen5,7533,4.45,16,DDR5,4800,1024,14.0,1920 x 1200,,AMD,1.43,"60Wh, 65W Round Tip (3-pin)",15990000,https://cellphones.com.vn/laptop-lenovo-ideapad-slim-3-14arp10-83k6000avn.html,data/cellphones/raw_htmls\lenovo_26.html,data/cellphones/detail_htmls\lenovo_26_specs.html
LENOVO V14 G3 Iap 82ts00ayvn,lenovo,Intel,Core I5,1235,4.4,16,DDR4,3200,256,14.0,1920 x 1080,,Intel,1.43,"38Wh, 65W Round Tip (3-pin)",13990000,https://cellphones.com.vn/laptop-lenovo-v14-g3-iap-82ts00ayvn.html,data/cellphones/raw_htmls\lenovo_27.html,data/cellphones/detail_htmls\lenovo_27_specs.html
LENOVO Thinkbook 14 G8 Irl 21sg007rvn,lenovo,Intel,Core 5,210,4.8,16,DDR5,5600,1024,14.0,1920 x 1200,60,Intel,1.36,"45Wh, 65W USB-C (3-pin)",22990000,https://cellphones.com.vn/laptop-lenovo-thinkbook-14-g8-irl-21sg007rvn.html,data/cellphones/raw_htmls\lenovo_29.html,data/cellphones/detail_htmls\lenovo_29_specs.html
LENOVO Ideapad Slim 3 14irh10 83k00009vn,lenovo,Intel,Core I7,13620,4.9,24,DDR5,4800,1024,14.0,1920 x 1200,,Intel,1.43,60Wh (Đầu tròn 65W (3 chân),20990000,https://cellphones.com.vn/laptop-lenovo-ideapad-slim-3-14irh10-83k00009vn.html,data/cellphones/raw_htmls\lenovo_30.html,data/cellphones/detail_htmls\lenovo_30_specs.html
LENOVO Ideapad Slim 3 15irh10 83k1000jvn,lenovo,Intel,Core I7,13620,4.9,16,DDR5,4800,1024,15.3,1920 x 1200,60,Intel,1.63,60Wh (Đầu tròn 65W (3 chân)),19990000,https://cellphones.com.vn/laptop-lenovo-ideapad-slim-3-15irh10-83k1000jvn.html,data/cellphones/raw_htmls\lenovo_28.html,data/cellphones/detail_htmls\lenovo_28_specs.html
LENOVO Legion 5 15irx10 83ly00hwvn,lenovo,Intel,Core I7,14700,5.5,16,DDR5,5600,1024,15.1,2560 x 1600,165,NVIDIA,1.9,"80Wh, 245W Slim Tip (3-pin)",43990000,https://cellphones.com.vn/laptop-lenovo-legion-5-15irx10-83ly00hwvn.html,data/cellphones/raw_htmls\lenovo_31.html,data/cellphones/detail_htmls\lenovo_31_specs.html
LENOVO Thinkbook 16 G8 Irl 21sh0093va,lenovo,Intel,Core 5,210,4.8,16,DDR5,5600,2048,16.0,1920 x 1200,60,Intel,1.7,"45Wh, 65W USB-C (3-pin)",20690000,https://cellphones.com.vn/laptop-lenovo-thinkbook-16-g8-irl-21sh0093va.html,data/cellphones/raw_htmls\lenovo_32.html,data/cellphones/detail_htmls\lenovo_32_specs.html
LENOVO Thinkpad X9 14 Gen 1 21qa006lvn,lenovo,Intel,Core Ultra 7,258,4.8,32,LPDDR5X,8533,1024,14.0,2880 x 1800,120,Intel,1.27,55Wh (65W USB-C Slim GaN (3 chân)),55990000,https://cellphones.com.vn/laptop-lenovo-thinkpad-x9-14-gen-1-21qa006lvn.html,data/cellphones/raw_htmls\lenovo_33.html,data/cellphones/detail_htmls\lenovo_33_specs.html
LENOVO Thinkpad E16 Gen 3 21sr002gva,lenovo,Intel,Core Ultra 5,225,4.9,16,DDR5,5600,512,16.0,1920 x 1200,60,Intel,1.63,"48Wh, 65W USB-C (3-pin)",24190000,https://cellphones.com.vn/laptop-lenovo-thinkpad-e16-gen-3-21sr002gva.html,data/cellphones/raw_htmls\lenovo_34.html,data/cellphones/detail_htmls\lenovo_34_specs.html
LENOVO Yoga Slim 7 14imh9 83cv00ajvn,lenovo,Intel,Core Ultra 7,155,4.8,32,LPDDR5X,7467,1024,14.0,1920 x 1200,60,Intel,1.39,65Wh (65W USB-C Slim (Wall-mount)),29490000,https://cellphones.com.vn/laptop-lenovo-yoga-slim-7-14imh9-83cv00ajvn.html,data/cellphones/raw_htmls\lenovo_35.html,data/cellphones/detail_htmls\lenovo_35_specs.html
LENOVO Thinkbook 16 G8 Irl 21sh0094va,lenovo,Intel,Core 5,210,4.8,16,DDR5,5600,1024,16.0,1920 x 1200,60,Intel,1.7,"45Wh, 65W USB-C (3-pin)",21190000,https://cellphones.com.vn/laptop-lenovo-thinkbook-16-g8-irl-21sh0094va.html,data/cellphones/raw_htmls\lenovo_36.html,data/cellphones/detail_htmls\lenovo_36_specs.html
LENOVO Ideapad Slim 3 14irh10 83k0000avn,lenovo,Intel,Core I5,13420,4.6,24,DDR5,4800,1024,14.0,1920 x 1200,,Intel,1.43,60Wh (Đầu tròn 65W (3 chân)),17990000,https://cellphones.com.vn/laptop-lenovo-ideapad-slim-3-14irh10-83k0000avn.html,data/cellphones/raw_htmls\lenovo_37.html,data/cellphones/detail_htmls\lenovo_37_specs.html
LENOVO Thinkbook 14 G8 Irl 21sg007tvn,lenovo,Intel,Core 7,240,5.2,16,DDR5,5600,2048,14.0,1920 x 1200,60,Intel,1.36,"45Wh, 65W USB-C (3-pin)",24290000,https://cellphones.com.vn/laptop-lenovo-thinkbook-14-g8-irl-21sg007tvn.html,data/cellphones/raw_htmls\lenovo_38.html,data/cellphones/detail_htmls\lenovo_38_specs.html
LENOVO Thinkpad X1 Carbon Gen 13 Aura Edition 21nx003bvn,lenovo,Intel,Core Ultra 7,255,5.1,32,LPDDR5X,8400,1024,14.0,2880 x 1800,120,Intel,1.006,"57Wh, 65W USB-C Slim GaN (3-pin)",61990000,https://cellphones.com.vn/laptop-lenovo-thinkpad-x1-carbon-gen-13-aura-edition-21nx003bvn.html,data/cellphones/raw_htmls\lenovo_39.html,data/cellphones/detail_htmls\lenovo_39_specs.html
LENOVO Ideapad Slim 3 15abr8 82xm00mcvn,lenovo,AMD,Ryzen7,5825,4.5,16,DDR4,3200,1024,15.6,1920 x 1080,,AMD,1.62,47Wh (Đầu tròn 65W (3 chân)),16190000,https://cellphones.com.vn/laptop-lenovo-ideapad-slim-3-15abr8-82xm00mcvn.html,data/cellphones/raw_htmls\lenovo_41.html,data/cellphones/detail_htmls\lenovo_41_specs.html
LENOVO Ideapad Flex 5 14abr8 82xx00fvvn,lenovo,AMD,Ryzen5,5625,4.3,16,LPDDR4X,4266,1024,14.0,1920 x 1200,60,AMD,1.55,52.5Wh (65W Round Tip (3-pin)),16990000,https://cellphones.com.vn/laptop-lenovo-ideapad-flex-5-14abr8-82xx00fvvn.html,data/cellphones/raw_htmls\lenovo_40.html,data/cellphones/detail_htmls\lenovo_40_specs.html
LENOVO Legion 5 15ahp10 83m00030vn,lenovo,AMD,Ryzen7,260,5.1,24,DDR5,5600,1024,15.1,2560 x 1600,165,NVIDIA,1.9,"80Wh, 245W Slim Tip (3-pin)",43990000,https://cellphones.com.vn/laptop-lenovo-legion-5-15ahp10-83m00030vn.html,data/cellphones/raw_htmls\lenovo_42.html,data/cellphones/detail_htmls\lenovo_42_specs.html
LENOVO Ideadpad Slim 3 14irh10 83k00007vn,lenovo,Intel,Core I7,13620,4.9,16,DDR5,4800,1024,14.0,1920 x 1200,,Intel,1.43,60Wh (Đầu tròn 65W (3 chân)),19990000,https://cellphones.com.vn/laptop-lenovo-ideadpad-slim-3-14irh10-83k00007vn.html,data/cellphones/raw_htmls\lenovo_43.html,data/cellphones/detail_htmls\lenovo_43_specs.html
LENOVO Ideapad Slim 5 14q8x9 83hl000kvn,lenovo,Qualcomm,Snapdragon X Lus,,3.4,16,LPDDR5X,8448,1024,14.0,1920 x 1200,,Qualcomm,1.48,57Wh,24990000,https://cellphones.com.vn/laptop-lenovo-ideapad-slim-5-14q8x9-83hl000kvn.html,data/cellphones/raw_htmls\lenovo_44.html,data/cellphones/detail_htmls\lenovo_44_specs.html
LENOVO Ideapad Slim 3 15irh10 83k1002nvn,lenovo,Intel,Core I5,13420,4.6,24,DDR5,4800,1024,15.1,2560 x 1600,165,Intel,1.49,60Wh Đầu tròn 65W (3 chân),21490000,https://cellphones.com.vn/laptop-lenovo-ideapad-slim-3-15irh10-83k1002nvn.html,data/cellphones/raw_htmls\lenovo_48.html,data/cellphones/detail_htmls\lenovo_48_specs.html
LENOVO Ideapad Slim 3 15q8x10 83n3002pvn,lenovo,Qualcomm,Snapdragon X,,3.0,16,LPDDR5X,8448,1024,15.3,1920 x 1200,,Qualcomm,1.55,"60Wh, 65W Round Tip (3-pin)",17990000,https://cellphones.com.vn/laptop-lenovo-ideapad-slim-3-15q8x10-83n3002pvn.html,data/cellphones/raw_htmls\lenovo_45.html,data/cellphones/detail_htmls\lenovo_45_specs.html
LENOVO Thinkbook 16 G8 Irl 21sh0099vn,lenovo,Intel,Core 7,240,5.2,16,DDR5,5600,2048,16.0,1920 x 1200,60,Intel,1.7,"45Wh, 65W USB-C (3-pin)",24890000,https://cellphones.com.vn/laptop-lenovo-thinkbook-16-g8-irl-21sh0099vn.html,data/cellphones/raw_htmls\lenovo_47.html,data/cellphones/detail_htmls\lenovo_47_specs.html
LENOVO Ideapad Slim 3 14irh10 83k0000bvn,lenovo,Intel,Core I5,13420,4.6,16,DDR5,4800,512,14.0,1920 x 1200,60,Intel,1.33,Đầu tròn 65W (3 chân),19490000,https://cellphones.com.vn/laptop-lenovo-ideapad-slim-3-14irh10-83k0000bvn.html,data/cellphones/raw_htmls\lenovo_46.html,data/cellphones/detail_htmls\lenovo_46_specs.html
LENOVO Thinkpad E14 Gen 7 21sx002yvn,lenovo,Intel,Core Ultra 7,255,5.1,16,DDR5,5600,512,14.0,1920 x 1200,60,Intel,1.34,"48Wh, 65W USB-C (3-pin)",29690000,https://cellphones.com.vn/laptop-lenovo-thinkpad-e14-gen-7-21sx002yvn.html,data/cellphones/raw_htmls\lenovo_49.html,data/cellphones/detail_htmls\lenovo_49_specs.html
LENOVO Legion 5 15irx10 83ly00hqvn,lenovo,Intel,Core I7,13650,4.9,16,DDR5,4800,1024,15.3,1920 x 1200,165,NVIDIA,2.1,"80Wh, 245W Slim Tip (3-pin)",39990000,https://cellphones.com.vn/laptop-lenovo-legion-5-15irx10-83ly00hqvn.html,data/cellphones/raw_htmls\lenovo_53.html,data/cellphones/detail_htmls\lenovo_53_specs.html
LENOVO Legion 5 15irx10 83ly004gvn,lenovo,Intel,Core I7,14700,5.5,24,DDR5,4800,1024,15.1,2560 x 1600,165,NVIDIA,1.9,"80Wh, 245W Slim Tip (3-pin)",51490000,https://cellphones.com.vn/laptop-lenovo-legion-5-15irx10-83ly004gvn.html,data/cellphones/raw_htmls\lenovo_52.html,data/cellphones/detail_htmls\lenovo_52_specs.html
LENOVO Thinkbook 14 G8 Irl 21sg007svn,lenovo,Intel,Core 5,210,4.8,16,DDR5,5600,2048,14.0,1920 x 1200,60,Intel,1.36,"45Wh, 65W USB-C (3-pin)",21990000,https://cellphones.com.vn/laptop-lenovo-thinkbook-14-g8-irl-21sg007svn.html,data/cellphones/raw_htmls\lenovo_50.html,data/cellphones/detail_htmls\lenovo_50_specs.html
LENOVO V15 G4 Iru 83a100pmvn,lenovo,Intel,Core I5,13420,4.6,16,DDR4,3200,1024,15.6,1920 x 1080,,Intel,1.65,"38Wh, 65W Round Tip (3-pin)",15990000,https://cellphones.com.vn/laptop-lenovo-v15-g4-iru-83a100pmvn.html,data/cellphones/raw_htmls\lenovo_51.html,data/cellphones/detail_htmls\lenovo_51_specs.html
LENOVO Thinkpad X9 15 Gen 1 Aura Edition 21q60052vn,lenovo,Intel,Core Ultra 5,228,4.5,32,LPDDR5X,8533,1024,15.3,2880 x 1800,120,Intel,1.4,"80Wh, 65W USB-C Slim GaN (3-pin)",50490000,https://cellphones.com.vn/laptop-lenovo-thinkpad-x9-15-gen-1-aura-edition-21q60052vn.html,data/cellphones/raw_htmls\lenovo_54.html,data/cellphones/detail_htmls\lenovo_54_specs.html
LENOVO Ideapad Flex 5 14abr8 82xx00fwvn,lenovo,AMD,Ryzen7,5825,4.5,16,LPDDR4X,4266,1024,14.0,1920 x 1200,60,AMD,1.55,52.5Wh (65W Round Tip (3-pin)),18990000,https://cellphones.com.vn/laptop-lenovo-ideapad-flex-5-14abr8-82xx00fwvn.html,data/cellphones/raw_htmls\lenovo_55.html,data/cellphones/detail_htmls\lenovo_55_specs.html
LENOVO Ideapad Slim 3 16irh10 83k20001vn,lenovo,Intel,Core I7,13620,4.9,16,DDR5,4800,1024,16.0,1920 x 1200,60,Intel,1.73,60Wh Đầu tròn 65W (3 chân),19990000,https://cellphones.com.vn/laptop-lenovo-ideapad-slim-3-16irh10-83k20001vn.html,data/cellphones/raw_htmls\lenovo_57.html,data/cellphones/detail_htmls\lenovo_57_specs.html
LENOVO Ideapad Slim 3 15irh10 83k1002pvn,lenovo,Intel,Core I5,13420,4.6,16,DDR5,4800,1024,15.1,2560 x 1600,165,Intel,1.49,"60Wh, 65W Round Tip (3-pin)",20490000,https://cellphones.com.vn/laptop-lenovo-ideapad-slim-3-15irh10-83k1002pvn.html,data/cellphones/raw_htmls\lenovo_56.html,data/cellphones/detail_htmls\lenovo_56_specs.html
LENOVO Yoga Slim 7 14imh9 83cv00dkvn,lenovo,Intel,Core Ultra 7,155,4.8,32,LPDDR5,6400,1024,14.0,1920 x 1200,60,Intel,1.39,"65Wh, 65W USB-C Slim (Wall-mount)",29990000,https://cellphones.com.vn/laptop-lenovo-yoga-slim-7-14imh9-83cv00dkvn.html,data/cellphones/raw_htmls\lenovo_58.html,data/cellphones/detail_htmls\lenovo_58_specs.html
LENOVO Legion 5 15iax10 83f0003cvn,lenovo,Intel,Core Ultra 7,255,5.2,32,DDR5,5600,1024,15.1,2560 x 1600,165,NVIDIA,1.9,"80Wh, 245W Slim Tip (3-pin)",49190000,https://cellphones.com.vn/laptop-lenovo-legion-5-15iax10-83f0003cvn.html,data/cellphones/raw_htmls\lenovo_59.html,data/cellphones/detail_htmls\lenovo_59_specs.html
LENOVO Yoga 7 2 In 1 14ill10 83jq0093vn,lenovo,Intel,Core Ultra 7,258,4.8,32,LPDDR5X,8533,1024,14.0,2880 x 1800,120,Intel,1.38,70Wh (65W USB-C (3-pin)),39990000,https://cellphones.com.vn/laptop-lenovo-yoga-7-2-in-1-14ill10-83jq0093vn.html,data/cellphones/raw_htmls\lenovo_60.html,data/cellphones/detail_htmls\lenovo_60_specs.html
LENOVO Yoga Slim 7 14imh9 83cv00d8vn,lenovo,Intel,Core Ultra 5,125,4.5,16,LPDDR5,6400,1024,14.0,1920 x 1200,60,Intel,1.39,"65Wh, 65W USB-C Slim (Wall-mount)",25990000,https://cellphones.com.vn/laptop-lenovo-yoga-slim-7-14imh9-83cv00d8vn.html,data/cellphones/raw_htmls\lenovo_62.html,data/cellphones/detail_htmls\lenovo_62_specs.html
LENOVO Thinkpad X1 Carbon Gen 13 Aura Edition 21ns008hvn,lenovo,Intel,Core Ultra 7,258,4.8,32,LPDDR5X,8533,1024,14.0,1920 x 1200,60,Intel,0.986,"57Wh, 65W USB-C Slim GaN (3-pin)",62990000,https://cellphones.com.vn/laptop-lenovo-thinkpad-x1-carbon-gen-13-aura-edition-21ns008hvn.html,data/cellphones/raw_htmls\lenovo_61.html,data/cellphones/detail_htmls\lenovo_61_specs.html
LENOVO Ideapad Slim 3 14iah8 83eq0005vn,lenovo,Intel,Core I5,12450,4.4,16,LPDDR5,4800,1024,14.0,1920 x 1080,,Intel,1.37,47Wh,15490000,https://cellphones.com.vn/laptop-lenovo-ideapad-slim-3-14iah8-83eq0005vn.html,data/cellphones/raw_htmls\lenovo_63.html,data/cellphones/detail_htmls\lenovo_63_specs.html
LENOVO Legion 5 15iax10 83f0003bvn,lenovo,Intel,Core Ultra 7,255,5.2,32,DDR5,5600,1024,15.1,2560 x 1600,165,NVIDIA,1.9,"80Wh, 245W Slim Tip (3-pin)",54990000,https://cellphones.com.vn/laptop-lenovo-legion-5-15iax10-83f0003bvn.html,data/cellphones/raw_htmls\lenovo_64.html,data/cellphones/detail_htmls\lenovo_64_specs.html
LENOVO Legion Pro 5 16iax10 83f3003vvn,lenovo,Intel,Core Ultra 9,275,5.4,32,DDR5,5600,1024,16.0,2560 x 1600,165,NVIDIA,2.43,"80Wh, 245W Slim Tip (3-pin)",53990000,https://cellphones.com.vn/laptop-lenovo-legion-pro-5-16iax10-83f3003vvn.html,data/cellphones/raw_htmls\lenovo_65.html,data/cellphones/detail_htmls\lenovo_65_specs.html
LENOVO Loq 15irx9 83dv012lvn,lenovo,Intel,Core I5,13450,4.6,12,DDR5,4800,1024,15.6,1920 x 1080,144,NVIDIA,2.38,60Wh (Đầu mỏng 170W (3 chân)),25490000,https://cellphones.com.vn/laptop-lenovo-loq-15irx9-83dv012lvn.html,data/cellphones/raw_htmls\lenovo_67.html,data/cellphones/detail_htmls\lenovo_67_specs.html
LENOVO V15 G5 Irl 83hf00byvn,lenovo,Intel,Core I5,13420,4.6,16,DDR5,5200,1024,15.6,1920 x 1080,,Intel,1.61,"47Wh, 65W USB-C (3-pin)",16390000,https://cellphones.com.vn/laptop-lenovo-v15-g5-irl-83hf00byvn.html,data/cellphones/raw_htmls\lenovo_66.html,data/cellphones/detail_htmls\lenovo_66_specs.html
LENOVO Loq Essential 15irx11 83sc003rvn,lenovo,Intel,Core I5,13450,4.6,16,DDR5,4800,1024,15.6,1920 x 1080,144,NVIDIA,2.3,"60Wh, 135W Slim Tip (3-pin)",28490000,https://cellphones.com.vn/laptop-lenovo-loq-essential-15irx11-83sc003rvn.html,data/cellphones/raw_htmls\lenovo_68.html,data/cellphones/detail_htmls\lenovo_68_specs.html
LENOVO Loq 15arp9 83jc00hxvn,lenovo,AMD,Ryzen5,7235,4.2,12,DDR5,4800,1024,15.6,1920 x 1080,144,NVIDIA,2.38,60Wh (Đầu mỏng 170W (3 chân)),22990000,https://cellphones.com.vn/laptop-lenovo-loq-15arp9-83jc00hxvn.html,data/cellphones/raw_htmls\lenovo_69.html,data/cellphones/detail_htmls\lenovo_69_specs.html
LENOVO Ideapad Flex 5 14abr8 82xx00dlvn,lenovo,AMD,Ryzen7,7730,4.5,16,LPDDR5X,8448,1024,14.0,1920 x 1200,60,AMD,1.55,52.5Wh,18990000,https://cellphones.com.vn/laptop-lenovo-ideapad-flex-5-14abr8-82xx00dlvn.html,data/cellphones/raw_htmls\lenovo_70.html,data/cellphones/detail_htmls\lenovo_70_specs.html
LENOVO Thinkpad E14 Gen 7 21t90025vn,lenovo,Intel,Core 7,240,5.2,16,DDR5,5600,512,14.0,1920 x 1200,60,Intel,1.34,"48Wh, 65W USB-C (3-pin)",26190000,https://cellphones.com.vn/laptop-lenovo-thinkpad-e14-gen-7-21t90025vn.html,data/cellphones/raw_htmls\lenovo_72.html,data/cellphones/detail_htmls\lenovo_72_specs.html
LENOVO Thinkpad E14 Gen 7 21sx0031vn,lenovo,Intel,Core Ultra 7,255,5.1,32,DDR5,5600,1024,14.0,1920 x 1200,60,Intel,1.34,"48Wh, 65W USB-C (3-pin)",,https://cellphones.com.vn/laptop-lenovo-thinkpad-e14-gen-7-21sx0031vn.html,data/cellphones/raw_htmls\lenovo_73.html,data/cellphones/detail_htmls\lenovo_73_specs.html
LENOVO Loq 15arp9 83jc00hyvn,lenovo,AMD,Ryzen5,7235,4.2,24,DDR5,4800,1024,15.6,1920 x 1080,144,NVIDIA,2.38,60Wh (Đầu mỏng 170W (3 chân)),24490000,https://cellphones.com.vn/laptop-lenovo-loq-15arp9-83jc00hyvn.html,data/cellphones/raw_htmls\lenovo_71.html,data/cellphones/detail_htmls\lenovo_71_specs.html
LENOVO Thinkpad E16 Gen 3 21sr002kva,lenovo,Intel,Core Ultra 5,225,4.8,16,DDR5,5600,1024,16.0,1920 x 1200,60,Intel,1.63,"48Wh, 65W USB-C (3-pin)",25190000,https://cellphones.com.vn/laptop-lenovo-thinkpad-e16-gen-3-21sr002kva.html,data/cellphones/raw_htmls\lenovo_74.html,data/cellphones/detail_htmls\lenovo_74_specs.html
LENOVO Loq 15iax9 83gs001rvn,lenovo,Intel,Core I5,12450,4.4,12,DDR5,4800,1024,15.6,1920 x 1080,144,NVIDIA,2.38,60Wh,23990000,https://cellphones.com.vn/laptop-lenovo-loq-15iax9-83gs001rvn.html,data/cellphones/raw_htmls\lenovo_75.html,data/cellphones/detail_htmls\lenovo_75_specs.html
LENOVO Ideapad Slim 5 14irh10r 83j0006cvn,lenovo,Intel,Core 5,210,4.8,32,DDR5,5600,1024,14.0,1920 x 1200,,Intel,1.39,"60Wh, 65W USB-C Slim (Wall-mount)",24590000,https://cellphones.com.vn/laptop-lenovo-ideapad-slim-5-14irh10r-83j0006cvn.html,data/cellphones/raw_htmls\lenovo_77.html,data/cellphones/detail_htmls\lenovo_77_specs.html
LENOVO Thinkpad X1 Carbon Gen 13 Aura Edition 21ns008fvn,lenovo,Intel,Core Ultra 7,258,4.8,32,LPDDR5X,8533,1024,14.0,2880 x 1800,120,Intel,0.986,"57Wh, 65W USB-C Slim GaN (3-pin)",65190000,https://cellphones.com.vn/laptop-lenovo-thinkpad-x1-carbon-gen-13-aura-edition-21ns008fvn.html,data/cellphones/raw_htmls\lenovo_76.html,data/cellphones/detail_htmls\lenovo_76_specs.html
LENOVO Ideapad Slim 5 14imh9 83da001nvn,lenovo,Intel,Core Ultra 5,125,4.5,16,LPDDR5X,7467,1024,14.0,1920 x 1200,60,Intel,1.46,57Wh,21990000,https://cellphones.com.vn/laptop-lenovo-ideapad-slim-5-14imh9-83da001nvn.html,data/cellphones/raw_htmls\lenovo_78.html,data/cellphones/detail_htmls\lenovo_78_specs.html
LENOVO Loq 15irx9 83dv01alvn,lenovo,Intel,Core I7,13650,4.9,16,DDR5,4800,1024,15.6,1920 x 1080,144,NVIDIA,2.38,"60Wh, 170W Slim Tip (3-pin)",29990000,https://cellphones.com.vn/laptop-lenovo-loq-15irx9-83dv01alvn.html,data/cellphones/raw_htmls\lenovo_80.html,data/cellphones/detail_htmls\lenovo_80_specs.html
LENOVO Ideapad Slim 5 14imh9 83da006tvn,lenovo,Intel,Core Ultra 5,125,4.5,16,LPDDR5X,7467,1024,14.0,1920 x 1200,,Intel,1.48,57Wh,23690000,https://cellphones.com.vn/laptop-lenovo-ideapad-slim-5-14imh9-83da006tvn.html,data/cellphones/raw_htmls\lenovo_82.html,data/cellphones/detail_htmls\lenovo_82_specs.html
LENOVO Yoga Slim 7 14akp10 83jy006pvn RYZEN Ai,lenovo,AMD,Ryzen AI 7,350,5.0,32,LPDDR5,6400,1024,14.0,2880 x 1800,120,AMD,1.19,"70Wh, 65W USB-C Slim (2-pin, Wall-mount)",33990000,https://cellphones.com.vn/laptop-lenovo-yoga-slim-7-14akp10-83jy006pvn-ryzen-ai.html,data/cellphones/raw_htmls\lenovo_79.html,data/cellphones/detail_htmls\lenovo_79_specs.html
LENOVO Thinkbook 16 G8 Irl,lenovo,Intel,Core 5,210,4.8,16,DDR5,5600,2048,16.0,1920 x 1200,60,Intel,1.7,"45Wh, 65W USB-C (3-pin)",21490000,https://cellphones.com.vn/laptop-lenovo-thinkbook-16-g8-irl.html,data/cellphones/raw_htmls\lenovo_81.html,data/cellphones/detail_htmls\lenovo_81_specs.html
LENOVO V14 G4 Iru 83a00012vn,lenovo,Intel,Core I7,1355,5.0,16,DDR4,3200,1024,14.0,1920 x 1080,,Intel,1.43,38Wh (Đầu tròn 65W (3 chân)),19990000,https://cellphones.com.vn/laptop-lenovo-v14-g4-iru-83a00012vn.html,data/cellphones/raw_htmls\lenovo_83.html,data/cellphones/detail_htmls\lenovo_83_specs.html
LENOVO Ideapad Slim 5 14irh10r 83j0006evn,lenovo,Intel,Core 5,210,4.8,16,DDR5,5600,512,14.0,1920 x 1200,,Intel,1.39,"60Wh, 65W USB-C Slim (Wall-mount)",21490000,https://cellphones.com.vn/laptop-lenovo-ideapad-slim-5-14irh10r-83j0006evn.html,data/cellphones/raw_htmls\lenovo_84.html,data/cellphones/detail_htmls\lenovo_84_specs.html
LENOVO Ideapad Slim 5 14akp10 83hx001kvn RYZEN Ai 5,lenovo,AMD,Ryzen AI 5,340,4.8,24,DDR5,4800,1024,14.0,1920 x 1200,,AMD,1.39,60Wh (65W USB-C Slim (Wall-mount)),23090000,https://cellphones.com.vn/laptop-lenovo-ideapad-slim-5-14akp10-83hx001kvn-ryzen-ai-5.html,data/cellphones/raw_htmls\lenovo_85.html,data/cellphones/detail_htmls\lenovo_85_specs.html
LENOVO Thinkpad X1 Carbon Gen 13 Aura Edition 21nx003avn,lenovo,Intel,Core Ultra 7,255,5.1,32,LPDDR5X,8400,1024,14.0,1920 x 1200,60,Intel,1.006,"57Wh, 65W USB-C Slim GaN (3-pin)",57190000,https://cellphones.com.vn/laptop-lenovo-thinkpad-x1-carbon-gen-13-aura-edition-21nx003avn.html,data/cellphones/raw_htmls\lenovo_86.html,data/cellphones/detail_htmls\lenovo_86_specs.html
LENOVO Ideapad Slim 3 15 Abr8 82xm00ejvn,lenovo,AMD,Ryzen5,7430,4.3,16,DDR4,3200,1024,15.6,1920 x 1080,,AMD,1.62,47Wh,14390000,https://cellphones.com.vn/laptop-lenovo-ideapad-slim-3-15-abr8-82xm00ejvn.html,data/cellphones/raw_htmls\lenovo_87.html,data/cellphones/detail_htmls\lenovo_87_specs.html
LENOVO Ideapad Slim 5 14irh10 83hr0001vn,lenovo,Intel,Core I5,13420,4.6,32,DDR5,5600,1024,14.0,1920 x 1200,,Intel,1.39,60Wh (65W USB-C Slim (Gắn tường)),23490000,https://cellphones.com.vn/laptop-lenovo-ideapad-slim-5-14irh10-83hr0001vn.html,data/cellphones/raw_htmls\lenovo_88.html,data/cellphones/detail_htmls\lenovo_88_specs.html
LENOVO Legion 5 15irx10 83ly00a7vn,lenovo,Intel,Core I7,14700,5.5,16,DDR5,5600,1024,15.1,2560 x 1600,165,NVIDIA,1.9,"80Wh, 245W Slim Tip (3-pin)",40990000,https://cellphones.com.vn/laptop-lenovo-legion-5-15irx10-83ly00a7vn.html,data/cellphones/raw_htmls\lenovo_89.html,data/cellphones/detail_htmls\lenovo_89_specs.html
LENOVO Yoga Slim 7 14ill10 83jx0081vn,lenovo,Intel,Core Ultra 7,258,4.8,32,LPDDR5X,8533,1024,14.0,2880 x 1800,120,Intel,1.19,"70Wh, 65W USB-C Slim (2-pin, Wall-mount)",37990000,https://cellphones.com.vn/laptop-lenovo-yoga-slim-7-14ill10-83jx0081vn.html,data/cellphones/raw_htmls\lenovo_90.html,data/cellphones/detail_htmls\lenovo_90_specs.html
LENOVO Ideapad Flex 5 14abr8 82xx00dmvn,lenovo,AMD,Ryzen5,7430,4.3,16,LPDDR5X,8448,1024,14.0,1920 x 1200,60,AMD,1.55,52.5Wh,16990000,https://cellphones.com.vn/laptop-lenovo-ideapad-flex-5-14abr8-82xx00dmvn.html,data/cellphones/raw_htmls\lenovo_91.html,data/cellphones/detail_htmls\lenovo_91_specs.html
LENOVO Ideapad Slim 3 16irh10 83k20004vn,lenovo,Intel,Core I7,13620,4.9,24,DDR5,4800,1024,16.0,1920 x 1200,60,Intel,1.73,60Wh Đầu tròn 65W (3 chân),20990000,https://cellphones.com.vn/laptop-lenovo-ideapad-slim-3-16irh10-83k20004vn.html,data/cellphones/raw_htmls\lenovo_93.html,data/cellphones/detail_htmls\lenovo_93_specs.html
LENOVO Yoga 7 2 In 1 14ill10 83jq0094vn,lenovo,Intel,Core Ultra 7,258,4.8,32,LPDDR5X,8533,1024,14.0,2880 x 1800,120,Intel,1.38,70Wh 65W USB-C (3-pin),39990000,https://cellphones.com.vn/laptop-lenovo-yoga-7-2-in-1-14ill10-83jq0094vn.html,data/cellphones/raw_htmls\lenovo_92.html,data/cellphones/detail_htmls\lenovo_92_specs.html
LENOVO Legion 5 15ahp10 83m0002xvn,lenovo,AMD,Ryzen7,260,5.1,24,DDR5,5600,1024,15.1,2560 x 1600,165,NVIDIA,1.9,"80Wh, 245W Slim Tip (3-pin)",39490000,https://cellphones.com.vn/laptop-lenovo-legion-5-15ahp10-83m0002xvn.html,data/cellphones/raw_htmls\lenovo_94.html,data/cellphones/detail_htmls\lenovo_94_specs.html
LENOVO Thinkpad X1 Carbon Gen 9,lenovo,Intel,Core I7,1165,4.7,32,LPDDR4X,4266,2048,14.0,1920 x 1200,,Intel,1.13,57Whr (MM18),,https://cellphones.com.vn/laptop-lenovo-thinkpad-x1-carbon-gen-9.html,data/cellphones/raw_htmls\lenovo_96.html,data/cellphones/detail_htmls\lenovo_96_specs.html
LENOVO Thinkpad X1 Carbon Gen 10,lenovo,Intel,Core I7,1260,2.1,16,LPDDR5,5200,2048,14.0,1920 x 1200,60,Intel,1.12,57 Wh,,https://cellphones.com.vn/laptop-lenovo-thinkpad-x1-carbon-gen-10.html,data/cellphones/raw_htmls\lenovo_98.html,data/cellphones/detail_htmls\lenovo_98_specs.html
LENOVO Loq 15arp9 83jc007hvn,lenovo,AMD,Ryzen5,7235,4.2,12,DDR5,4800,1024,15.6,1920 x 1080,144,NVIDIA,2.38,60Wh,23490000,https://cellphones.com.vn/laptop-lenovo-loq-15arp9-83jc007hvn.html,data/cellphones/raw_htmls\lenovo_95.html,data/cellphones/detail_htmls\lenovo_95_specs.html
LENOVO Loq 15arp9 83jc007jvn,lenovo,AMD,Ryzen5,7235,4.2,24,DDR5,4800,1024,15.6,1920 x 1080,144,NVIDIA,2.38,60Wh,24490000,https://cellphones.com.vn/laptop-lenovo-loq-15arp9-83jc007jvn.html,data/cellphones/raw_htmls\lenovo_97.html,data/cellphones/detail_htmls\lenovo_97_specs.html
LENOVO Loq 15iax9 83gs000jvn,lenovo,Intel,Core I5,12450,4.4,16,DDR5,4800,1024,15.6,1920 x 1080,144,NVIDIA,2.38,60Wh,,https://cellphones.com.vn/laptop-lenovo-loq-15iax9-83gs000jvn.html,data/cellphones/raw_htmls\lenovo_102.html,data/cellphones/detail_htmls\lenovo_102_specs.html
LENOVO Thinkpad X1 Carbon Gen 8,lenovo,Intel,Core I7,10610,1.8,16,LPDDR3,2133,512,14.0,1920 x 1080,60,Intel,1.09,51WHr Li-ion,,https://cellphones.com.vn/laptop-lenovo-thinkpad-x1-carbon-gen-8.html,data/cellphones/raw_htmls\lenovo_99.html,data/cellphones/detail_htmls\lenovo_99_specs.html
LENOVO Thinkpad E14 21eb0063vn,lenovo,AMD,Ryzen7,5825,4.5,8,DDR4,3200,1024,14.0,1920 x 1080,,AMD,1.64,45Wh,21700000,https://cellphones.com.vn/laptop-lenovo-thinkpad-e14-21eb0063vn.html,data/cellphones/raw_htmls\lenovo_100.html,data/cellphones/detail_htmls\lenovo_100_specs.html
LENOVO Thinkpad X1 Carbon Gen 6,lenovo,Intel,Core I7,8550,1.8,16,LPDDR3,2133,256,14.0,1920 x 1080,60,Intel,1.13,57WHr Li-ion,,https://cellphones.com.vn/laptop-lenovo-thinkpad-x1-carbon-gen-6.html,data/cellphones/raw_htmls\lenovo_101.html,data/cellphones/detail_htmls\lenovo_101_specs.html
LENOVO Thinkpad T14 Gen 2,lenovo,Intel,Core I7,1165,2.8,32,DDR4,3200,2048,14.0,1920 x 1080,,Intel,1.47,,,https://cellphones.com.vn/laptop-lenovo-thinkpad-t14-gen-2.html,data/cellphones/raw_htmls\lenovo_106.html,data/cellphones/detail_htmls\lenovo_106_specs.html
LENOVO Thinkpad X1 Carbon Gen 7,lenovo,Intel,Core I7,8565,1.8,16,LPDDR3,2133,256,14.0,1920 x 1080,60,Intel,1.09,51WHr Li-Polymer,,https://cellphones.com.vn/laptop-lenovo-thinkpad-x1-carbon-gen-7.html,data/cellphones/raw_htmls\lenovo_104.html,data/cellphones/detail_htmls\lenovo_104_specs.html
LENOVO Thinkpad X1 Carbon Gen 5,lenovo,Intel,Core I5,6300,2.4,8,LPDDR3,1866,256,14.0,1920 x 1080,60,Intel,1.13,57WHr Li-Polymer,,https://cellphones.com.vn/laptop-lenovo-thinkpad-x1-carbon-gen-5.html,data/cellphones/raw_htmls\lenovo_103.html,data/cellphones/detail_htmls\lenovo_103_specs.html
LENOVO Ideapad Slim 3 14iah8 83eq0009vn,lenovo,Intel,Core I5,12450,4.4,16,LPDDR5,4800,1024,14.0,1920 x 1080,,Intel,1.37,47Wh,16490000,https://cellphones.com.vn/laptop-lenovo-ideapad-slim-3-14iah8-83eq0009vn.html,data/cellphones/raw_htmls\lenovo_105.html,data/cellphones/detail_htmls\lenovo_105_specs.html
LENOVO Legion Slim 5 16irh8 82ya00buvn,lenovo,Intel,Core I7,13700,2.4,16,,5200,1024,16.0,2560 x 1600,165,NVIDIA,2.4,80Wh,43990000,https://cellphones.com.vn/laptop-lenovo-legion-slim-5-16irh8-82ya00buvn.html,data/cellphones/raw_htmls\lenovo_107.html,data/cellphones/detail_htmls\lenovo_107_specs.html
LENOVO Ideapad Yoga 6 13alc6 82nd00bdvn,lenovo,AMD,Ryzen7,5700,1.8,8,DDR4,3200,512,13.3,1920 x 1080,,AMD,1.31,"4Cell, 60Wh",16800000,https://cellphones.com.vn/laptop-lenovo-ideapad-yoga-6-13alc6-82nd00bdvn.html,data/cellphones/raw_htmls\lenovo_108.html,data/cellphones/detail_htmls\lenovo_108_specs.html
LENOVO Thinkpad T14 Gen 3,lenovo,Intel,Core I7,1260,3.4,16,DDR4,3200,2048,14.0,1920 x 1200,,Intel,1.35,57Wh,,https://cellphones.com.vn/laptop-lenovo-thinkpad-t14-gen-3.html,data/cellphones/raw_htmls\lenovo_111.html,data/cellphones/detail_htmls\lenovo_111_specs.html
LENOVO Thinkpad E16 Gen 1 21jn006gvn,lenovo,Intel,Core I7,1355,5.0,16,DDR4,3200,1024,16.0,1920 x 1200,,Intel,1.81,47Wh,,https://cellphones.com.vn/laptop-lenovo-thinkpad-e16-gen-1-21jn006gvn.html,data/cellphones/raw_htmls\lenovo_110.html,data/cellphones/detail_htmls\lenovo_110_specs.html
LENOVO Thinkpad T480,lenovo,Intel,Core I7,8650,,32,DDR4,2400,1024,14.0,1920 x 1080,,Intel,1.58,Lên đến 30.3 giờ,,https://cellphones.com.vn/laptop-lenovo-thinkpad-t480.html,data/cellphones/raw_htmls\lenovo_109.html,data/cellphones/detail_htmls\lenovo_109_specs.html
LENOVO Ideapad Slim 3 15irh8 83em003evn,lenovo,Intel,Core I7,13620,4.9,16,LPDDR5,4800,1024,15.6,1920 x 1080,60,Intel,1.62,47Wh,,https://cellphones.com.vn/laptop-lenovo-ideapad-slim-3-15irh8-83em003evn.html,data/cellphones/raw_htmls\lenovo_112.html,data/cellphones/detail_htmls\lenovo_112_specs.html
LENOVO Yoga Pro 7 14irh8 82y70050vn,lenovo,Intel,Core I7,13700,2.4,16,DDR5,5200,1024,14.5,3072 x 1920,120,NVIDIA,1.49,73Wh,,https://cellphones.com.vn/laptop-lenovo-yoga-pro-7-14irh8-82y70050vn.html,data/cellphones/raw_htmls\lenovo_114.html,data/cellphones/detail_htmls\lenovo_114_specs.html
LENOVO Ideapad 1 15amn7 82vg0022vn,lenovo,AMD,Ryzen5,7520,4.3,8,LPDDR5,5500,1024,15.6,1920 x 1080,,AMD,1.58,42Wh,,https://cellphones.com.vn/laptop-lenovo-ideapad-1-15amn7-82vg0022vn.html,data/cellphones/raw_htmls\lenovo_113.html,data/cellphones/detail_htmls\lenovo_113_specs.html
LENOVO Thinkbook 14 G2 Are,lenovo,AMD,Ryzen7,4700,2.0,8,DDR4,3200,512,14.0,1920 x 1080,60,AMD,,45W Lithium polyme,,https://cellphones.com.vn/laptop-lenovo-thinkbook-14-g2-are.html,data/cellphones/raw_htmls\lenovo_117.html,data/cellphones/detail_htmls\lenovo_117_specs.html
LENOVO Ideapad Slim 5 16imh9 83dc001svn,lenovo,Intel,Core Ultra 7,155,4.8,32,LPDDR5X,7467,1024,16.0,2048 x 1280,120,Intel,1.82,57Wh,26990000,https://cellphones.com.vn/laptop-lenovo-ideapad-slim-5-16imh9-83dc001svn.html,data/cellphones/raw_htmls\lenovo_115.html,data/cellphones/detail_htmls\lenovo_115_specs.html
LENOVO Ideapad Slim 5 16imh9 83dc001rvn,lenovo,Intel,Core Ultra 5,125,4.5,16,LPDDR5X,7467,1024,16.0,2048 x 1280,120,Intel,1.82,57Wh,,https://cellphones.com.vn/laptop-lenovo-ideapad-slim-5-16imh9-83dc001rvn.html,data/cellphones/raw_htmls\lenovo_116.html,data/cellphones/detail_htmls\lenovo_116_specs.html
LENOVO Yoga Slim 7 Carbon 13iap7 82u90044vn,lenovo,Intel,Core I5,1240,4.4,16,LPDDR5,4800,1024,13.3,2560 x 1600,,Intel,0.968,50Wh,,https://cellphones.com.vn/laptop-lenovo-yoga-slim-7-carbon-13iap7-82u90044vn.html,data/cellphones/raw_htmls\lenovo_118.html,data/cellphones/detail_htmls\lenovo_118_specs.html
LENOVO Legion Slim 5 16irh8 82ya008hvn,lenovo,Intel,Core I7,13700,5.0,16,DDR5,5200,1024,16.0,2560 x 1600,165,NVIDIA,2.4,80Wh,,https://cellphones.com.vn/laptop-lenovo-legion-slim-5-16irh8-82ya008hvn.html,data/cellphones/raw_htmls\lenovo_119.html,data/cellphones/detail_htmls\lenovo_119_specs.html
LENOVO Ideapad Slim 5 14imh9 83da001yvn,lenovo,Intel,Core Ultra 7,155,4.8,32,LPDDR5X,7467,1024,14.0,1920 x 1200,60,Intel,1.48,57Wh,,https://cellphones.com.vn/laptop-lenovo-ideapad-slim-5-14imh9-83da001yvn.html,data/cellphones/raw_htmls\lenovo_120.html,data/cellphones/detail_htmls\lenovo_120_specs.html
LENOVO Thinkpad P51,lenovo,Intel,Core I7,7820,2.9,64,DDR4,2400,1024,15.6,3840 x 2160,,NVIDIA,2.5,6Cell - 90Wh,,https://cellphones.com.vn/laptop-lenovo-thinkpad-p51.html,data/cellphones/raw_htmls\lenovo_121.html,data/cellphones/detail_htmls\lenovo_121_specs.html
LENOVO 100e Gen 2 Celeron,lenovo,Intel,Celeron,4020,1.1,4,LPDDR4,2400,64,11.6,1366 x 768,60,Intel,1.21,3 Cell,,https://cellphones.com.vn/laptop-lenovo-100e-gen-2-celeron.html,data/cellphones/raw_htmls\lenovo_122.html,data/cellphones/detail_htmls\lenovo_122_specs.html
LENOVO Thinkpad P50,lenovo,Intel,Core I7,6700,2.8,64,DDR4,2133,256,15.6,3840 x 2160,,NVIDIA,2.5,Li - Polymer 6 cell,,https://cellphones.com.vn/laptop-lenovo-thinkpad-p50.html,data/cellphones/raw_htmls\lenovo_125.html,data/cellphones/detail_htmls\lenovo_125_specs.html
LENOVO Thinkpad T470s,lenovo,Intel,Core I7,7600,2.8,24,DDR4,2400,1024,14.0,1920 x 1080,,Intel,1.3,57Wh,,https://cellphones.com.vn/laptop-lenovo-thinkpad-t470s.html,data/cellphones/raw_htmls\lenovo_123.html,data/cellphones/detail_htmls\lenovo_123_specs.html
LENOVO Thinkpad T460s,lenovo,Intel,Core I7,6600,2.6,24,DDR4,2133,256,14.0,1920 x 1080,,Intel,1.3,,,https://cellphones.com.vn/laptop-lenovo-thinkpad-t460s.html,data/cellphones/raw_htmls\lenovo_126.html,data/cellphones/detail_htmls\lenovo_126_specs.html
LENOVO Thinkpad T14,lenovo,Intel,Core I5,10310,1.7,8,DDR4,2666,256,14.0,1920 x 1080,60,Intel,1.46,50WHr Li-ion,,https://cellphones.com.vn/laptop-lenovo-thinkpad-t14.html,data/cellphones/raw_htmls\lenovo_128.html,data/cellphones/detail_htmls\lenovo_128_specs.html
LENOVO Ideapad Slim 5 Light 14abr8 82xs0007vn,lenovo,AMD,Ryzen7,7730,4.5,8,DDR4,3200,512,14.0,1920 x 1080,,AMD,1.17,47Wh,,https://cellphones.com.vn/laptop-lenovo-ideapad-slim-5-light-14abr8-82xs0007vn.html,data/cellphones/raw_htmls\lenovo_124.html,data/cellphones/detail_htmls\lenovo_124_specs.html
LENOVO Ideapad 5 15iil05 81yk004wvn,lenovo,Intel,Core I5,1035,,8,DDR4,3200,256,15.6,1920 x 1080,60,Intel,1.7,3-cell 45 Wh Li-ion,,https://cellphones.com.vn/laptop-lenovo-ideapad-5-15iil05-81yk004wvn.html,data/cellphones/raw_htmls\lenovo_129.html,data/cellphones/detail_htmls\lenovo_129_specs.html
LENOVO Ideapad 5 14itl05 82fg0129vn,lenovo,Intel,Core I5,1135,,8,DDR4,3200,512,15.6,1920 x 1080,60,Intel,1.66,3 Cell Lithium polymer 45 W,,https://cellphones.com.vn/laptop-lenovo-ideapad-5-14itl05-82fg0129vn.html,data/cellphones/raw_htmls\lenovo_130.html,data/cellphones/detail_htmls\lenovo_130_specs.html
LENOVO Ideapad Slim 3 15iah8 83er000bvn,lenovo,Intel,Core I5,12450,4.4,8,LPDDR5,4800,512,15.6,1920 x 1080,,Intel,1.62,3 cell 47Wh,,https://cellphones.com.vn/laptop-lenovo-ideapad-slim-3-15iah8-83er000bvn.html,data/cellphones/raw_htmls\lenovo_127.html,data/cellphones/detail_htmls\lenovo_127_specs.html
LENOVO Loq 15irx9 83dv0092vn,lenovo,Intel,Core I7,13650,4.9,16,DDR5,4800,1024,15.6,1920 x 1080,144,NVIDIA,2.38,60Wh,,https://cellphones.com.vn/laptop-lenovo-loq-15irx9-83dv0092vn.html,data/cellphones/raw_htmls\lenovo_133.html,data/cellphones/detail_htmls\lenovo_133_specs.html
LENOVO Gaming Legion 5 15imh05 82au00g9vn,lenovo,Intel,Core I7,10750,2.6,16,DDR4,3200,512,15.6,1920 x 1080,,NVIDIA,2.3,4 cell 60 Wh,,https://cellphones.com.vn/laptop-lenovo-gaming-legion-5-15imh05-82au00g9vn.html,data/cellphones/raw_htmls\lenovo_131.html,data/cellphones/detail_htmls\lenovo_131_specs.html
LENOVO Legion Pro 7 16irx9h 83de001nvn,lenovo,Intel,Core I9,14900,5.8,32,DDR5,5600,1024,16.0,2560 x 1600,240,NVIDIA,2.62,99.9Wh,,https://cellphones.com.vn/laptop-lenovo-legion-pro-7-16irx9h-83de001nvn.html,data/cellphones/raw_htmls\lenovo_134.html,data/cellphones/detail_htmls\lenovo_134_specs.html
LENOVO Gaming Legion Pro 7 16irx9h 83de001mvn,lenovo,Intel,Core I9,14900,5.8,32,DDR5,5600,1024,16.0,2560 x 1600,240,NVIDIA,2.62,99.9Wh,,https://cellphones.com.vn/laptop-lenovo-gaming-legion-pro-7-16irx9h-83de001mvn.html,data/cellphones/raw_htmls\lenovo_132.html,data/cellphones/detail_htmls\lenovo_132_specs.html
LENOVO Thinkpad X1 Carbon7 20r1s01n00,lenovo,Intel,Core I7,10510,1.8,8,LPDDR3,2133,256,14.0,2560 x 1440,,Intel,1.08,4 cell 51Wh,,https://cellphones.com.vn/laptop-lenovo-thinkpad-x1-carbon7-20r1s01n00.html,data/cellphones/raw_htmls\lenovo_137.html,data/cellphones/detail_htmls\lenovo_137_specs.html
LENOVO Thinkpad E15 20rds0du00,lenovo,Intel,Core I7,10510,1.8,8,DDR4,2666,512,15.6,1920 x 1080,,AMD,1.8,"3Cell, 45Wh",,https://cellphones.com.vn/laptop-lenovo-thinkpad-e15-20rds0du00.html,data/cellphones/raw_htmls\lenovo_138.html,data/cellphones/detail_htmls\lenovo_138_specs.html
LENOVO Legion Slim 5 16irh8 82ya00btvn,lenovo,Intel,Core I5,13500,4.7,8,DDR5,5200,1024,16.0,2560 x 1600,165,NVIDIA,2.4,80Wh,,https://cellphones.com.vn/laptop-lenovo-legion-slim-5-16irh8-82ya00btvn.html,data/cellphones/raw_htmls\lenovo_135.html,data/cellphones/detail_htmls\lenovo_135_specs.html
LENOVO Ideapad 3 15iau7 82rk015avn,lenovo,Intel,Core I3,1215,4.4,16,DDR4,3200,1024,15.6,1920 x 1080,,Intel,1.63,45Wh,,https://cellphones.com.vn/laptop-lenovo-ideapad-3-15iau7-82rk015avn.html,data/cellphones/raw_htmls\lenovo_139.html,data/cellphones/detail_htmls\lenovo_139_specs.html
LENOVO Legion Slim 5 16aph8 82y9002yvn,lenovo,AMD,Ryzen7,7840,5.1,16,DDR5,5600,1024,16.0,2560 x 1600,165,NVIDIA,2.4,80Wh,,https://cellphones.com.vn/laptop-lenovo-legion-slim-5-16aph8-82y9002yvn.html,data/cellphones/raw_htmls\lenovo_140.html,data/cellphones/detail_htmls\lenovo_140_specs.html
LENOVO Ideapad Slim 5 Light 14abr8 82xs0006vn,lenovo,AMD,Ryzen5,7530,4.5,8,DDR4,3200,512,14.0,1920 x 1080,,AMD,1.17,47Wh,,https://cellphones.com.vn/laptop-lenovo-ideapad-slim-5-light-14abr8-82xs0006vn.html,data/cellphones/raw_htmls\lenovo_141.html,data/cellphones/detail_htmls\lenovo_141_specs.html
LENOVO Ideapad Slim 5 16iah8 83bg001xvn,lenovo,Intel,Core I5,12450,4.4,16,LPDDR5,4800,1024,16.0,1920 x 1200,,Intel,1.89,56.6Wh,,https://cellphones.com.vn/laptop-lenovo-ideapad-slim-5-16iah8-83bg001xvn.html,data/cellphones/raw_htmls\lenovo_142.html,data/cellphones/detail_htmls\lenovo_142_specs.html
DELL Inspiron 15 3530 J9xfd,dell,Intel,Core I5,1334,,16,DDR4,3200,1024,15.6,1920 x 1080,60,Intel,1.62,"3 cell, 41Wh",16990000,https://cellphones.com.vn/laptop-dell-inspiron-15-3530-j9xfd.html,data/cellphones/raw_htmls\dell_1.html,data/cellphones/detail_htmls\dell_1_specs.html
DELL 15 Dc15255 Dc5r5802w1,dell,AMD,Ryzen5,7530,2.0,16,DDR4,3200,1024,15.6,1920 x 1080,120,AMD,1.63,"3-Cell Battery, 41WHr",16990000,https://cellphones.com.vn/laptop-dell-15-dc15255-dc5r5802w1.html,data/cellphones/raw_htmls\dell_4.html,data/cellphones/detail_htmls\dell_4_specs.html
DELL Inspiron 14 5440 D0f3w,dell,Intel,Core I5,1334,4.6,24,DDR5,4400,1024,14.0,1920 x 1080,60,Intel,1.69,3 cell 41 Wh,18990000,https://cellphones.com.vn/laptop-dell-inspiron-14-5440-d0f3w.html,data/cellphones/raw_htmls\dell_0.html,data/cellphones/detail_htmls\dell_0_specs.html
DELL 15 Dc15250 79n4m,dell,Intel,Core 3,100,,16,DDR4,,512,15.6,1920 x 1080,120,Intel,1.9,"3 cell, 41Wh",14490000,https://cellphones.com.vn/laptop-dell-15-dc15250-79n4m.html,data/cellphones/raw_htmls\dell_2.html,data/cellphones/detail_htmls\dell_2_specs.html
DELL Vostro 3530 2h1tpi5 16gb,dell,Intel,Core I5,1334,0.9,16,DDR4,2666,1024,15.6,1920 x 1080,120,Intel,1.66,"41Wh , 3Cell",18990000,https://cellphones.com.vn/laptop-dell-vostro-3530-2h1tpi5-16gb.html,data/cellphones/raw_htmls\dell_3.html,data/cellphones/detail_htmls\dell_3_specs.html
DELL 15 Dc15250 71073959,dell,Intel,Core I7,1355,,16,DDR4,2666,512,15.6,1920 x 1080,120,Intel,1.66,,21990000,https://cellphones.com.vn/laptop-dell-15-dc15250-71073959.html,data/cellphones/raw_htmls\dell_5.html,data/cellphones/detail_htmls\dell_5_specs.html
DELL Vostro 3520 F0v0vi3,dell,Intel,Core I3,1215,1.2,8,DDR4,,512,15.6,1920 x 1080,120,Intel,1.9,"3-cell, 41 Wh lithium-polymer",11990000,https://cellphones.com.vn/laptop-dell-vostro-3520-f0v0vi3.html,data/cellphones/raw_htmls\dell_8.html,data/cellphones/detail_htmls\dell_8_specs.html
DELL Latitude 3450 L3450 1335u 16512w Umc,dell,Intel,Core I5,1335,4.6,16,DDR5,5200,1024,14.0,1920 x 1080,60,Intel,1.5,"3- cell, 42Wh Battery",19590000,https://cellphones.com.vn/laptop-dell-latitude-3450-l3450-1335u-16512w-umc.html,data/cellphones/raw_htmls\dell_6.html,data/cellphones/detail_htmls\dell_6_specs.html
DELL Vostro 3530 2h1tpi7,dell,Intel,Core I7,1355,1.2,16,DDR4,2666,1024,15.6,1920 x 1080,120,Intel,1.66,"41Wh , 3Cell",20990000,https://cellphones.com.vn/laptop-dell-vostro-3530-2h1tpi7.html,data/cellphones/raw_htmls\dell_7.html,data/cellphones/detail_htmls\dell_7_specs.html
DELL 15 Dc15250 H02df,dell,Intel,Core I5,1334,4.6,24,DDR4,,1024,15.6,1920 x 1080,120,Intel,1.9,"3 cell, 41Wh",16990000,https://cellphones.com.vn/laptop-dell-15-dc15250-h02df.html,data/cellphones/raw_htmls\dell_9.html,data/cellphones/detail_htmls\dell_9_specs.html
DELL Vostro 3530 2h1tpi3,dell,Intel,Core I3,1305,,8,DDR4,,1024,15.6,1920 x 1080,120,Intel,1.66,"41Wh , 3Cell",12990000,https://cellphones.com.vn/laptop-dell-vostro-3530-2h1tpi3.html,data/cellphones/raw_htmls\dell_10.html,data/cellphones/detail_htmls\dell_10_specs.html
DELL Inspiron 14 5440 N4i5211w1,dell,Intel,Core 5,120,,16,DDR5,,512,14.0,1920 x 1200,60,Intel,1.67,"Li-ion 4-Cell Battery, 54WHr",23690000,https://cellphones.com.vn/laptop-dell-inspiron-14-5440-n4i5211w1.html,data/cellphones/raw_htmls\dell_12.html,data/cellphones/detail_htmls\dell_12_specs.html
DELL Inspiron 14 5440 Ndy5v1,dell,Intel,Core I5,1334,4.6,16,DDR5,4400,512,14.0,1920 x 1200,,Intel,1.54,3 Cell Int (41Wh),20990000,https://cellphones.com.vn/laptop-dell-inspiron-14-5440-ndy5v1.html,data/cellphones/raw_htmls\dell_13.html,data/cellphones/detail_htmls\dell_13_specs.html
DELL 15 Dc15250 I5u165w11slu,dell,Intel,Core I5,1334,4.6,16,DDR4,2666,512,15.6,1920 x 1080,120,Intel,1.9,"Pin liền, 3-Cell Battery, 41WHr",19190000,https://cellphones.com.vn/laptop-dell-15-dc15250-i5u165w11slu.html,data/cellphones/raw_htmls\dell_11.html,data/cellphones/detail_htmls\dell_11_specs.html
DELL 15 Dc15255 X9ym41,dell,AMD,Ryzen7,7730,4.5,16,DDR4,,1024,15.6,1920 x 1080,120,AMD,1.6,3 Cell Int (41Wh),19490000,https://cellphones.com.vn/laptop-dell-15-dc15255-x9ym41.html,data/cellphones/raw_htmls\dell_14.html,data/cellphones/detail_htmls\dell_14_specs.html
DELL Inspiron 15 3520 Jym17,dell,Intel,Core I3,1215,1.2,8,DDR4,,1024,15.6,1920 x 1080,120,Intel,1.66,"41Wh , 3Cell",12290000,https://cellphones.com.vn/laptop-dell-inspiron-15-3520-jym17.html,data/cellphones/raw_htmls\dell_17.html,data/cellphones/detail_htmls\dell_17_specs.html
DELL Inspiron 14 5440 N5440 C7u165w11ibd2,dell,Intel,Core 7,150,5.4,16,DDR5,5200,512,14.0,1920 x 1080,60,NVIDIA,1.54,"4-Cell Battery, 54WHr",29990000,https://cellphones.com.vn/laptop-dell-inspiron-14-5440-n5440-c7u165w11ibd2.html,data/cellphones/raw_htmls\dell_15.html,data/cellphones/detail_htmls\dell_15_specs.html
DELL Inspiron 14 5441 N4o10441w1,dell,Qualcomm,Snapdragon X Lus,,3.4,16,LPDDR5X,8448,1024,14.0,1920 x 1200,60,Qualcomm,1.53,"3-cell, 54 Wh, lithium-ion",30390000,https://cellphones.com.vn/laptop-dell-inspiron-14-5441-n4o10441w1.html,data/cellphones/raw_htmls\dell_16.html,data/cellphones/detail_htmls\dell_16_specs.html
DELL Xps 13 9350 71058714,dell,Intel,Core Ultra 5,226,2.1,16,LPDDR5X,8533,1024,13.4,2560 x 1600,120,Intel,1.18,"Pin liền, 3-cell, 55 Wh ""smart"" lithium-ion",60990000,https://cellphones.com.vn/laptop-dell-xps-13-9350-71058714.html,data/cellphones/raw_htmls\dell_18.html,data/cellphones/detail_htmls\dell_18_specs.html
DELL Inspiron 15 3520 5124blk Gj8w7,dell,Intel,Core I5,1235,1.3,8,DDR4,,1024,15.6,1920 x 1080,60,Intel,1.66,"3-cell, 41 Wh lithium-polymer",15490000,https://cellphones.com.vn/laptop-dell-inspiron-15-3520-5124blk-gj8w7.html,data/cellphones/raw_htmls\dell_19.html,data/cellphones/detail_htmls\dell_19_specs.html
DELL Inspiron 15 3520 I3520 7896blk Pus,dell,Intel,Core I7,1255,70.0,16,DDR4,,1024,15.6,1920 x 1080,60,Intel,1.66,"3 Cell, 41 Wh",20490000,https://cellphones.com.vn/laptop-dell-inspiron-15-3520-i3520-7896blk-pus.html,data/cellphones/raw_htmls\dell_20.html,data/cellphones/detail_htmls\dell_20_specs.html
DELL Inspiron 15 3520 6r6nk,dell,Intel,Core I5,1235,1.3,8,DDR4,,1024,15.6,1920 x 1080,120,Intel,1.66,"3-cell, 41 Wh lithium-polymer",14490000,https://cellphones.com.vn/laptop-dell-inspiron-15-3520-6r6nk.html,data/cellphones/raw_htmls\dell_22.html,data/cellphones/detail_htmls\dell_22_specs.html
DELL Latitude 3540 71038100,dell,Intel,Core I5,1235,4.4,16,DDR4,3200,1024,15.6,1920 x 1080,60,Intel,1.81,"3 cell, 42 Wh, có khả năng sạc nhanh",18990000,https://cellphones.com.vn/laptop-dell-latitude-3540-71038100.html,data/cellphones/raw_htmls\dell_21.html,data/cellphones/detail_htmls\dell_21_specs.html
DELL Inspiron 15 3520 N3520 I5u165w11slu,dell,Intel,Core I5,1235,4.4,16,DDR4,3200,512,15.6,1920 x 1080,120,Intel,1.9,"Pin liền, 3-Cell Battery, 41WHrC32",16990000,https://cellphones.com.vn/laptop-dell-inspiron-15-3520-n3520-i5u165w11slu.html,data/cellphones/raw_htmls\dell_23.html,data/cellphones/detail_htmls\dell_23_specs.html
DELL Latitude 7400,dell,Intel,Core I5,8365,1.6,8,DDR4,,256,14.0,1920 x 1080,,Intel,1.36,4-Cell: 60 Wh,,https://cellphones.com.vn/laptop-dell-latitude-7400.html,data/cellphones/raw_htmls\dell_24.html,data/cellphones/detail_htmls\dell_24_specs.html
DELL Vostro 3520 F0v0v256,dell,Intel,Core I5,1235,1.3,8,DDR4,,256,15.6,1920 x 1080,60,Intel,1.9,,13990000,https://cellphones.com.vn/laptop-dell-vostro-3520-f0v0v256.html,data/cellphones/raw_htmls\dell_25.html,data/cellphones/detail_htmls\dell_25_specs.html
DELL Inspiron 5310,dell,Intel,Core I3,1125,2.0,8,LPDDR4X,4267,256,13.3,1920 x 1200,60,Intel,1.28,54 Wh 4 celll,,https://cellphones.com.vn/laptop-dell-inspiron-5310.html,data/cellphones/raw_htmls\dell_28.html,data/cellphones/detail_htmls\dell_28_specs.html
DELL 15 Dc15250 3g7t0,dell,Intel,Core I7,1355,5.0,16,DDR4,,1024,15.6,1920 x 1080,120,Intel,1.9,"3 cell, 41Wh",20990000,https://cellphones.com.vn/laptop-dell-15-dc15250-3g7t0.html,data/cellphones/raw_htmls\dell_26.html,data/cellphones/detail_htmls\dell_26_specs.html
DELL Inspiron 15 3530 P16wd2,dell,Intel,Core I5,1334,4.6,16,DDR4,2666,0,15.6,1920 x 1080,120,Intel,1.67,3 Cell Int (41Wh),19190000,https://cellphones.com.vn/laptop-dell-inspiron-15-3530-p16wd2.html,data/cellphones/raw_htmls\dell_27.html,data/cellphones/detail_htmls\dell_27_specs.html
DELL Xps 9320,dell,Intel,Core I7,1260,4.7,16,LPDDR5,5200,512,13.4,,60,Intel,1.26,"3-cell, 55 Wh",,https://cellphones.com.vn/laptop-dell-xps-9320.html,data/cellphones/raw_htmls\dell_29.html,data/cellphones/detail_htmls\dell_29_specs.html
DELL Xps 9315,dell,Intel,Core I7,1265,,16,LPDDR5,5200,512,13.4,1920 x 1200,,Intel,1.17,,,https://cellphones.com.vn/laptop-dell-xps-9315.html,data/cellphones/raw_htmls\dell_30.html,data/cellphones/detail_htmls\dell_30_specs.html
DELL Latitude 3420,dell,Intel,Core I5,1135,2.4,8,DDR4,3200,256,14.0,1366 x 768,,Intel,1.5,3 cell 41 Wh,,https://cellphones.com.vn/laptop-dell-latitude-3420.html,data/cellphones/raw_htmls\dell_33.html,data/cellphones/detail_htmls\dell_33_specs.html
DELL Inspiron 16 5620 N6i7110w1,dell,Intel,Core I7,1255,,8,DDR4,3200,512,16.0,1920 x 1200,60,Intel,1.91,"4-cell Li-ion, 54 WHr",25290000,https://cellphones.com.vn/laptop-dell-inspiron-16-5620-n6i7110w1.html,data/cellphones/raw_htmls\dell_32.html,data/cellphones/detail_htmls\dell_32_specs.html
DELL Inspiron 14 5440 N4i7204w1,dell,Intel,Core 7,150,,16,DDR5,,512,14.0,1920 x 1200,60,Intel,1.67,"Li-ion 4-Cell Battery, 54WHr",26490000,https://cellphones.com.vn/laptop-dell-inspiron-14-5440-n4i7204w1.html,data/cellphones/raw_htmls\dell_31.html,data/cellphones/detail_htmls\dell_31_specs.html
DELL Latitude E7470,dell,Intel,Core I5,6300,2.4,8,DDR4,2133,256,14.0,1920 x 1080,,Intel,1.42,4 cell 52Whr,,https://cellphones.com.vn/laptop-dell-latitude-e7470.html,data/cellphones/raw_htmls\dell_34.html,data/cellphones/detail_htmls\dell_34_specs.html
DELL Latitude E5440,dell,Intel,Core I5,4300,,4,,,500,14.0,1366 x 768,,Intel,1.95,,,https://cellphones.com.vn/laptop-dell-latitude-e5440.html,data/cellphones/raw_htmls\dell_35.html,data/cellphones/detail_htmls\dell_35_specs.html
DELL Latitude 5400,dell,Intel,Core I5,8365,1.6,8,,,256,14.0,1920 x 1080,,Intel,1.6,3 cell,,https://cellphones.com.vn/laptop-dell-latitude-5400.html,data/cellphones/raw_htmls\dell_38.html,data/cellphones/detail_htmls\dell_38_specs.html
DELL Inspiron 5425,dell,AMD,,5625,,16,DDR4,3200,512,14.0,1920 x 1200,60,AMD,1.54,,,https://cellphones.com.vn/laptop-dell-inspiron-5425.html,data/cellphones/raw_htmls\dell_36.html,data/cellphones/detail_htmls\dell_36_specs.html
DELL Latitude 7480,dell,Intel,Core I5,7300,2.6,8,DDR4,2133,256,14.1,1920 x 1080,,Intel,1.5,"4-cell, 60 Wh Li-ion",,https://cellphones.com.vn/laptop-dell-latitude-7480.html,data/cellphones/raw_htmls\dell_37.html,data/cellphones/detail_htmls\dell_37_specs.html
DELL Latitude E5430,dell,Intel,Core I5,3320,2.6,4,,,120,14.0,1366 x 768,,Intel,1.18,6 cell,,https://cellphones.com.vn/laptop-dell-latitude-e5430.html,data/cellphones/raw_htmls\dell_39.html,data/cellphones/detail_htmls\dell_39_specs.html
DELL Xps 15 9520,dell,Intel,Core I9,12900,3.8,16,DDR5,4800,512,15.6,3456 x 2160,60,NVIDIA,1.96,6 Cell,,https://cellphones.com.vn/laptop-dell-xps-15-9520.html,data/cellphones/raw_htmls\dell_42.html,data/cellphones/detail_htmls\dell_42_specs.html
DELL Xps 13 9350,dell,Intel,Core I7,6500,3.1,8,DDR3,1600,256,13.3,3200 x 1800,,Intel,1.27,4-cell Li-Ion,,https://cellphones.com.vn/laptop-dell-xps-13-9350.html,data/cellphones/raw_htmls\dell_41.html,data/cellphones/detail_htmls\dell_41_specs.html
DELL Xps 14 9440 71054773,dell,Intel,Core Ultra 7,155,4.8,64,DDR5,7467,1024,14.5,3200 x 2000,48,NVIDIA,1.8,"6-Cell, 69.5Whr",,https://cellphones.com.vn/laptop-dell-xps-14-9440-71054773.html,data/cellphones/raw_htmls\dell_40.html,data/cellphones/detail_htmls\dell_40_specs.html
DELL Latitude 5480,dell,Intel,Core I5,6200,2.3,8,DDR4,,256,14.0,1366 x 768,,Intel,0.01,,,https://cellphones.com.vn/laptop-dell-latitude-5480.html,data/cellphones/raw_htmls\dell_43.html,data/cellphones/detail_htmls\dell_43_specs.html
DELL Latitude 7280,dell,Intel,Core I5,6200,,8,,,240,12.5,1920 x 1080,,Intel,1.18,,,https://cellphones.com.vn/laptop-dell-latitude-7280.html,data/cellphones/raw_htmls\dell_45.html,data/cellphones/detail_htmls\dell_45_specs.html
DELL Latitude E7450,dell,Intel,Core I3,5010,,4,DDR3L,1600,120,14.0,1366 x 768,60,Intel,1.55,3 cell,,https://cellphones.com.vn/laptop-dell-latitude-e7450.html,data/cellphones/raw_htmls\dell_44.html,data/cellphones/detail_htmls\dell_44_specs.html
DELL Xps 13 9305,dell,Intel,Core I5,1135,,8,LPDDR4X,4266,256,13.3,1920 x 1080,60,Intel,1.29,7 giờ sử dụng liên tục với Microsoft Word,,https://cellphones.com.vn/laptop-dell-xps-13-9305.html,data/cellphones/raw_htmls\dell_47.html,data/cellphones/detail_htmls\dell_47_specs.html
DELL Xps 15 9570,dell,Intel,Core I7,8750,2.2,16,DDR4,2666,256,15.6,1920 x 1080,,NVIDIA,1.8,97Whr,,https://cellphones.com.vn/laptop-dell-xps-15-9570.html,data/cellphones/raw_htmls\dell_46.html,data/cellphones/detail_htmls\dell_46_specs.html
DELL Xps 9510,dell,Intel,Core I7,11800,,16,DDR4,3200,1024,15.6,3456 x 2160,60,NVIDIA,2.04,86 WHr,,https://cellphones.com.vn/laptop-dell-xps-9510.html,data/cellphones/raw_htmls\dell_48.html,data/cellphones/detail_htmls\dell_48_specs.html
DELL Latitude E7250,dell,Intel,Core I5,5300,2.3,8,DDR3,,256,12.5,,,Intel,1.27,,,https://cellphones.com.vn/laptop-dell-latitude-e7250.html,data/cellphones/raw_htmls\dell_50.html,data/cellphones/detail_htmls\dell_50_specs.html
DELL Inspiron 7425,dell,AMD,Ryzen5,5625,2.3,8,DDR4,3200,512,14.0,1920 x 1200,60,AMD,1.6,54WHr 4-Cell,,https://cellphones.com.vn/laptop-dell-inspiron-7425.html,data/cellphones/raw_htmls\dell_49.html,data/cellphones/detail_htmls\dell_49_specs.html
DELL Xps 9500,dell,Intel,Core I5,10300,4.0,8,DDR4,2933,256,15.0,1920 x 1200,60,Intel,1.83,56 WHr Li-ion,,https://cellphones.com.vn/laptop-dell-xps-9500.html,data/cellphones/raw_htmls\dell_52.html,data/cellphones/detail_htmls\dell_52_specs.html
Alienware X14 R1,dell,Intel,Core I7,12700,4.7,16,LPDDR5,4800,512,14.0,1920 x 1080,144,NVIDIA,1.84,"6-cell, 80.5Wh",,https://cellphones.com.vn/laptop-alienware-x14-r1.html,data/cellphones/raw_htmls\dell_53.html,data/cellphones/detail_htmls\dell_53_specs.html
DELL Alienware M16,dell,Intel,Core I7,13650,90.0,16,DDR5,4800,512,16.0,2560 x 1600,165,NVIDIA,3.25,"6 Cell, 86 Wh",,https://cellphones.com.vn/laptop-dell-alienware-m16.html,data/cellphones/raw_htmls\dell_51.html,data/cellphones/detail_htmls\dell_51_specs.html
DELL Vostro 5568,dell,Intel,Core I5,7200,,4,DDR4,2400,1024,15.6,1366 x 768,,NVIDIA,1.98,3-cell Li-ion,,https://cellphones.com.vn/laptop-dell-vostro-5568.html,data/cellphones/raw_htmls\dell_54.html,data/cellphones/detail_htmls\dell_54_specs.html
DELL Xps 13 9300,dell,Intel,Core I5,1035,,8,LPDDR4X,3733,256,13.0,1920 x 1200,60,Intel,1.3,51WHr,,https://cellphones.com.vn/laptop-dell-xps-13-9300.html,data/cellphones/raw_htmls\dell_55.html,data/cellphones/detail_htmls\dell_55_specs.html
DELL Latitude 5520,dell,Intel,Core I5,1145,4.4,8,DDR4,3200,256,15.6,1920 x 1080,,Intel,1.59,63Whr 4 cell,,https://cellphones.com.vn/laptop-dell-latitude-5520.html,data/cellphones/raw_htmls\dell_57.html,data/cellphones/detail_htmls\dell_57_specs.html
DELL Latitude 5420,dell,Intel,Core I5,1135,4.2,8,DDR4,3200,256,14.0,1920 x 1080,,Intel,1.37,"4 Cell, 63.3 Whr",,https://cellphones.com.vn/laptop-dell-latitude-5420.html,data/cellphones/raw_htmls\dell_58.html,data/cellphones/detail_htmls\dell_58_specs.html
DELL Inspiron 7559,dell,Intel,Core I7,6700,,8,DDR3,1600,1024,15.6,1920 x 1080,,NVIDIA,2.5,,,https://cellphones.com.vn/laptop-dell-inspiron-7559.html,data/cellphones/raw_htmls\dell_56.html,data/cellphones/detail_htmls\dell_56_specs.html
DELL Alienware M15 R7,dell,Intel,Core I7,12700,2.1,16,DDR5,4800,512,15.6,1920 x 1080,165,NVIDIA,2.69,,,https://cellphones.com.vn/laptop-dell-alienware-m15-r7.html,data/cellphones/raw_htmls\dell_59.html,data/cellphones/detail_htmls\dell_59_specs.html
DELL Latitude E5570,dell,Intel,Core I7,6820,,16,,,512,15.6,1920 x 1080,,AMD,,,,https://cellphones.com.vn/laptop-dell-latitude-e5570.html,data/cellphones/raw_htmls\dell_60.html,data/cellphones/detail_htmls\dell_60_specs.html
DELL Inspiron 5515 R1505s,dell,AMD,Ryzen5,5500,,8,DDR4,3200,512,15.6,1920 x 1080,60,AMD,1.75,4 Cell Lithium polymer 65 W,,https://cellphones.com.vn/laptop-dell-inspiron-5515-r1505s.html,data/cellphones/raw_htmls\dell_61.html,data/cellphones/detail_htmls\dell_61_specs.html
DELL Xps 15 7590,dell,Intel,Core I5,9300,4.0,8,DDR4,2666,256,15.0,1920 x 1080,60,Intel,1.8,57 WHr Li-ion,,https://cellphones.com.vn/laptop-dell-xps-15-7590.html,data/cellphones/raw_htmls\dell_62.html,data/cellphones/detail_htmls\dell_62_specs.html
DELL Latitude E5520,dell,Intel,Core I7,2620,,8,DDR3,,320,14.1,,,Intel,,,,https://cellphones.com.vn/laptop-dell-latitude-e5520.html,data/cellphones/raw_htmls\dell_64.html,data/cellphones/detail_htmls\dell_64_specs.html
DELL Inspiron N7490 N4i5106w,dell,Intel,Core I5,10210,,8,LPDDR3,,512,14.0,1920 x 1200,,Intel,1.32,65 W,,https://cellphones.com.vn/laptop-dell-inspiron-n7490-n4i5106w.html,data/cellphones/raw_htmls\dell_65.html,data/cellphones/detail_htmls\dell_65_specs.html
DELL Latitude E7270,dell,Intel,Core I5,6300,,8,DDR4,,256,12.5,1366 x 768,,Intel,1.26,,,https://cellphones.com.vn/laptop-dell-latitude-e7270.html,data/cellphones/raw_htmls\dell_63.html,data/cellphones/detail_htmls\dell_63_specs.html
DELL G7 15 7500,dell,Intel,Core I7,10750,,8,DDR4,,512,15.6,1920 x 1080,,NVIDIA,2.56,Lithium-ion 6 Cell,,https://cellphones.com.vn/laptop-dell-g7-15-7500.html,data/cellphones/raw_htmls\dell_66.html,data/cellphones/detail_htmls\dell_66_specs.html
DELL Vostro 5468,dell,Intel,Core I5,7200,,4,DDR4,2400,1024,14.0,1366 x 768,,NVIDIA,1.66,3-cell Li-ion,,https://cellphones.com.vn/laptop-dell-vostro-5468.html,data/cellphones/raw_htmls\dell_67.html,data/cellphones/detail_htmls\dell_67_specs.html
DELL Latitude 3520 71012298,dell,Intel,Core I7,1165,,8,DDR4,3200,512,15.6,1920 x 1080,60,Intel,1.79,3 cell,,https://cellphones.com.vn/laptop-dell-latitude-3520-71012298.html,data/cellphones/raw_htmls\dell_68.html,data/cellphones/detail_htmls\dell_68_specs.html
DELL Inspiron 14 7420 1yt85,dell,Intel,Core I7,1255,1.7,16,DDR4,,512,14.0,1920 x 1200,,NVIDIA,1.6,"4 cell 54 Wh , Pin liền",,https://cellphones.com.vn/laptop-dell-inspiron-14-7420-1yt85.html,data/cellphones/raw_htmls\dell_72.html,data/cellphones/detail_htmls\dell_72_specs.html
DELL Vostro 5470,dell,Intel,Core I5,4200,,4,DDR3L,1600,500,14.0,1366 x 768,,NVIDIA,1.53,3-cell Li-ion,,https://cellphones.com.vn/laptop-dell-vostro-5470.html,data/cellphones/raw_htmls\dell_71.html,data/cellphones/detail_htmls\dell_71_specs.html
DELL Vostro 15 3530 80gg9,dell,Intel,Core I5,1335,1.3,8,DDR4,3200,512,15.6,1920 x 1080,120,Intel,1.6,3 cell 41 Wh,,https://cellphones.com.vn/laptop-dell-vostro-15-3530-80gg9.html,data/cellphones/raw_htmls\dell_73.html,data/cellphones/detail_htmls\dell_73_specs.html
DELL Inspiron 15 3520 N3520 I5u085w11slu,dell,Intel,Core I5,1235,4.4,16,DDR4,2666,512,15.6,1920 x 1080,120,Intel,1.9,"Pin liền, 3-Cell Battery, 41WHr",,https://cellphones.com.vn/laptop-dell-inspiron-15-3520-n3520-i5u085w11slu.html,data/cellphones/raw_htmls\dell_69.html,data/cellphones/detail_htmls\dell_69_specs.html
DELL Vostro 3530 2h1tpi5,dell,Intel,Core I5,1334,0.9,8,DDR4,2666,1024,15.6,1920 x 1080,120,Intel,1.66,"41Wh , 3Cell",16990000,https://cellphones.com.vn/laptop-dell-vostro-3530-2h1tpi5.html,data/cellphones/raw_htmls\dell_70.html,data/cellphones/detail_htmls\dell_70_specs.html
DELL Insprion 3501,dell,Intel,Core I3,1125,4.1,4,DDR4,2666,256,15.6,,,Intel,1.91,3Cell 42Whrs,,https://cellphones.com.vn/laptop-dell-insprion-3501.html,data/cellphones/raw_htmls\dell_74.html,data/cellphones/detail_htmls\dell_74_specs.html
DELL Inspiron 14 5430 20dy31,dell,Intel,Core I7,1360,2.2,16,LPDDR5,4800,1024,14.0,1920 x 1200,,Intel,1.6,4 cell 54 Wh,,https://cellphones.com.vn/laptop-dell-inspiron-14-5430-20dy31.html,data/cellphones/raw_htmls\dell_75.html,data/cellphones/detail_htmls\dell_75_specs.html
DELL Inspiron 15 3520 N3520 I5u165w11blu,dell,Intel,Core I5,1235,4.4,16,DDR4,2666,512,15.6,1920 x 1080,120,Intel,1.9,"3-Cell Battery, 41WHr",,https://cellphones.com.vn/laptop-dell-inspiron-15-3520-n3520-i5u165w11blu.html,data/cellphones/raw_htmls\dell_77.html,data/cellphones/detail_htmls\dell_77_specs.html
DELL Xps 13 9370,dell,Intel,Core I7,8550,4.0,8,DDR3L,1866,256,13.3,1920 x 1080,60,Intel,1.21,4-cell Li-ion,,https://cellphones.com.vn/laptop-dell-xps-13-9370.html,data/cellphones/raw_htmls\dell_76.html,data/cellphones/detail_htmls\dell_76_specs.html
DELL Latitude E6420,dell,Intel,Core I5,2520,2.5,4,DDR3,,512,14.0,,,Intel,2.09,,,https://cellphones.com.vn/laptop-dell-latitude-e6420.html,data/cellphones/raw_htmls\dell_78.html,data/cellphones/detail_htmls\dell_78_specs.html
DELL Vostro 3578,dell,Intel,Core I5,8250,,4,DDR4,2400,1024,15.6,1920 x 1080,,AMD,2.2,4-cell Li-ion,,https://cellphones.com.vn/laptop-dell-vostro-3578.html,data/cellphones/raw_htmls\dell_79.html,data/cellphones/detail_htmls\dell_79_specs.html
DELL Inspiron 15 3530 71043885,dell,Intel,Core I5,1334,,16,DDR4,2660,512,15.6,1920 x 1080,120,Intel,1.66,Pin liền,19290000,https://cellphones.com.vn/laptop-dell-inspiron-15-3530-71043885.html,data/cellphones/raw_htmls\dell_80.html,data/cellphones/detail_htmls\dell_80_specs.html
ASUS Vivobook Go 14 E1404fa Nk177w,asus,AMD,Ryzen5,7520,4.3,16,LPDDR5,,512,14.0,1920 x 1080,60,AMD,1.3,"42WHrs, 3S1P, Li-ion 3 cell",14490000,https://cellphones.com.vn/laptop-asus-vivobook-go-14-e1404fa-nk177w.html,data/cellphones/raw_htmls\asus_1.html,data/cellphones/detail_htmls\asus_1_specs.html
ASUS Tuf Gaming F16 Fx607vj Rl034w,asus,Intel,Core 5,210,2.2,16,DDR4,3200,2048,16.0,1920 x 1200,144,NVIDIA,2.2,"56WHrs, 4S1P, 4-cell Li-ion",24490000,https://cellphones.com.vn/laptop-asus-tuf-gaming-f16-fx607vj-rl034w.html,data/cellphones/raw_htmls\asus_0.html,data/cellphones/detail_htmls\asus_0_specs.html
ASUS Vivobook 16x K3605vc Rp431w,asus,Intel,Core I5,13420,2.1,16,DDR4,,512,16.0,1920 x 1200,144,NVIDIA,1.8,"50WHrs, 3S1P, 3-cell Li-ion",22090000,https://cellphones.com.vn/laptop-asus-vivobook-16x-k3605vc-rp431w.html,data/cellphones/raw_htmls\asus_2.html,data/cellphones/detail_htmls\asus_2_specs.html
ASUS Gaming V16 V3607vm Rp044w,asus,Intel,Core 7,240,2.5,16,DDR5,,1024,16.0,1920 x 1200,144,NVIDIA,1.95,"63WHrs, 3S1P, 3-cell Li-ion",37990000,https://cellphones.com.vn/laptop-asus-gaming-v16-v3607vm-rp044w.html,data/cellphones/raw_htmls\asus_3.html,data/cellphones/detail_htmls\asus_3_specs.html
ASUS Vivobook 16 A1607qa Mb067ws Snapdragon,asus,Qualcomm,Snapdragon X,,2.97,16,LPDDR5X,,512,16.0,1920 x 1200,60,Qualcomm,1.88,"50WHrs, 3S1P, 3-cell Li-ion",20990000,https://cellphones.com.vn/laptop-asus-vivobook-16-a1607qa-mb067ws-snapdragon.html,data/cellphones/raw_htmls\asus_4.html,data/cellphones/detail_htmls\asus_4_specs.html
ASUS Vivobook Go 14 E1404fa Eb482w,asus,AMD,Ryzen5,7520,2.8,16,LPDDR5,,512,14.0,1920 x 1080,60,AMD,1.38,"42WHrs, 3S1P, 3-cell Li-ion",14190000,https://cellphones.com.vn/laptop-asus-vivobook-go-14-e1404fa-eb482w.html,data/cellphones/raw_htmls\asus_5.html,data/cellphones/detail_htmls\asus_5_specs.html
ASUS Gaming V16 V3607vu Rp343w,asus,Intel,Core 5,210,2.2,16,DDR5,,512,16.0,1920 x 1200,144,NVIDIA,1.95,"63WHrs, 3S1P, 3-cell Li-ion",25490000,https://cellphones.com.vn/laptop-asus-gaming-v16-v3607vu-rp343w.html,data/cellphones/raw_htmls\asus_6.html,data/cellphones/detail_htmls\asus_6_specs.html
ASUS Vivobook Go 15 E1504ga Bq1141w,asus,Intel,Core I3,305,1.8,8,DDR4,,,15.6,1920 x 1080,60,Intel,1.63,"42WHrs, 3S1P, 3-cell Li-ion",10190000,https://cellphones.com.vn/laptop-asus-vivobook-go-15-e1504ga-bq1141w.html,data/cellphones/raw_htmls\asus_7.html,data/cellphones/detail_htmls\asus_7_specs.html
ASUS Vivobook S14 S3407qa Sf043ws,asus,Qualcomm,Snapdragon X,,2.97,16,LPDDR5X,,512,14.0,1920 x 1200,60,Qualcomm,1.35,"70WHrs, 3S1P, 3-cell Li-ion",22990000,https://cellphones.com.vn/laptop-asus-vivobook-s14-s3407qa-sf043ws.html,data/cellphones/raw_htmls\asus_8.html,data/cellphones/detail_htmls\asus_8_specs.html
ASUS Tuf Gaming A15 Fa506ncg Hn184w,asus,AMD,Ryzen7,7445,3.2,16,DDR5,5600,1024,15.6,1920 x 1080,144,NVIDIA,2.3,"48WHrs, 3S1P, 3-cell Li-ion",22490000,https://cellphones.com.vn/laptop-asus-tuf-gaming-a15-fa506ncg-hn184w.html,data/cellphones/raw_htmls\asus_10.html,data/cellphones/detail_htmls\asus_10_specs.html
ASUS Vivobook 15 Oled A1505va Ma505w,asus,Intel,Core I5,13420,2.1,16,DDR4,,512,15.6,2880 x 1620,120,Intel,1.7,"50WHrs, 3S1P, 3-cell Li-ion",19690000,https://cellphones.com.vn/laptop-asus-vivobook-15-oled-a1505va-ma505w.html,data/cellphones/raw_htmls\asus_12.html,data/cellphones/detail_htmls\asus_12_specs.html
ASUS Tuf Gaming F16 Fx608jhr Rv037w,asus,Intel,Core I7,14650,2.2,16,DDR5,5600,1024,16.0,1920 x 1200,165,NVIDIA,2.2,"90WHrs, 4S1P, 4-cell Li-ion",38990000,https://cellphones.com.vn/laptop-asus-tuf-gaming-f16-fx608jhr-rv037w.html,data/cellphones/raw_htmls\asus_11.html,data/cellphones/detail_htmls\asus_11_specs.html
ASUS Vivobook S14 S3407va Ly046w,asus,Intel,Core I5,13420,2.1,16,DDR5,,512,14.0,1920 x 1200,60,Intel,1.39,"70WHrs, 4S1P, 4-cell Li-ion",18990000,https://cellphones.com.vn/laptop-asus-vivobook-s14-s3407va-ly046w.html,data/cellphones/raw_htmls\asus_9.html,data/cellphones/detail_htmls\asus_9_specs.html
ASUS Tuf Gaming F16 Fx607vu Rl045w,asus,Intel,Core 5,210,2.2,16,DDR5,5600,2048,16.0,1920 x 1200,144,NVIDIA,2.2,"56WHrs, 4S1P, 4-cell Li-ion Sạc lại từ 0-50% trong 30 phút",28490000,https://cellphones.com.vn/laptop-asus-tuf-gaming-f16-fx607vu-rl045w.html,data/cellphones/raw_htmls\asus_13.html,data/cellphones/detail_htmls\asus_13_specs.html
ASUS Vivobook Go 15 E1504fa Nj454w,asus,AMD,Ryzen5,7520,4.3,16,LPDDR5,,512,15.6,1920 x 1080,60,AMD,1.8,"42WHrs, 3S1P, 3-cell Li-ion",14490000,https://cellphones.com.vn/laptop-asus-vivobook-go-15-e1504fa-nj454w.html,data/cellphones/raw_htmls\asus_14.html,data/cellphones/detail_htmls\asus_14_specs.html
ASUS Vivobook 14 X1405va Ly623w,asus,Intel,Core I5,13420,2.1,16,DDR4,,512,14.0,1920 x 1200,60,Intel,1.6,"42WHrs, 3S1P, 3-cell Li-ion",16490000,https://cellphones.com.vn/laptop-asus-vivobook-14-x1405va-ly623w.html,data/cellphones/raw_htmls\asus_16.html,data/cellphones/detail_htmls\asus_16_specs.html
ASUS Vivobook 16x K3605vc Rp491w,asus,Intel,Core I7,13620,2.4,16,DDR4,,512,16.0,1920 x 1200,144,NVIDIA,1.8,"50WHrs, 3S1P, 3-cell Li-ion",22990000,https://cellphones.com.vn/laptop-asus-vivobook-16x-k3605vc-rp491w.html,data/cellphones/raw_htmls\asus_15.html,data/cellphones/detail_htmls\asus_15_specs.html
ASUS Vivobook S 14 Flip Tp3402va Lz632w,asus,Intel,Core I5,13420,2.1,16,DDR4,,512,14.0,1920 x 1200,60,Intel,1.5,"50WHrs, 3S1P, 3-cell Li-ion",20990000,https://cellphones.com.vn/laptop-asus-vivobook-s-14-flip-tp3402va-lz632w.html,data/cellphones/raw_htmls\asus_18.html,data/cellphones/detail_htmls\asus_18_specs.html
ASUS Vivobook 15 X1502va Bq885w,asus,Intel,Core I5,13420,2.1,16,DDR4,,512,15.6,1920 x 1080,60,Intel,1.7,"42WHrs, 3S1P, 3-cell Li-ion",15990000,https://cellphones.com.vn/laptop-asus-vivobook-15-x1502va-bq885w.html,data/cellphones/raw_htmls\asus_17.html,data/cellphones/detail_htmls\asus_17_specs.html
ASUS Rog Strix G16 G615jmr S5155w,asus,Intel,Core I7,14650,2.2,32,DDR5,5600,1024,16.0,2560 x 1600,240,NVIDIA,2.65,"90WHrs, 4S1P, 4-cell Li-ion",46990000,https://cellphones.com.vn/laptop-asus-rog-strix-g16-g615jmr-s5155w.html,data/cellphones/raw_htmls\asus_19.html,data/cellphones/detail_htmls\asus_19_specs.html
ASUS Vivobook 14 X1404va Nk394w,asus,Intel,Core I3,1315,1.2,8,DDR4,,512,14.0,1920 x 1080,60,Intel,1.4,"42WHrs, 3S1P, 3-cell Li-ion",12690000,https://cellphones.com.vn/laptop-asus-vivobook-14-x1404va-nk394w.html,data/cellphones/raw_htmls\asus_20.html,data/cellphones/detail_htmls\asus_20_specs.html
ASUS Zenbook A14 Ux3407qa Qd299ws Copilot X Plus,asus,Qualcomm,Snapdragon X,,2.97,16,LPDDR5X,,512,14.0,1920 x 1200,60,Qualcomm,0.98,"70WHrs, 3S1P, 3-cell Li-ion",29990000,https://cellphones.com.vn/laptop-asus-zenbook-a14-ux3407qa-qd299ws-copilot-x-plus.html,data/cellphones/raw_htmls\asus_21.html,data/cellphones/detail_htmls\asus_21_specs.html
ASUS Vivobook 15 X1502va Bq886w,asus,Intel,Core I7,13620,2.4,16,DDR4,,512,15.6,1920 x 1080,60,Intel,1.7,"42WHrs, 3S1P, 3-cell Li-ion",17990000,https://cellphones.com.vn/laptop-asus-vivobook-15-x1502va-bq886w.html,data/cellphones/raw_htmls\asus_24.html,data/cellphones/detail_htmls\asus_24_specs.html
ASUS Zenbook S 16 Um5606ka Rk127ws RYZEN Ai 7,asus,AMD,Ryzen AI 7,350,2.0,24,LPDDR5X,,1024,16.0,2880 x 1800,120,AMD,1.5,"78WHrs, 2S2P, 4-cell Li-ion",42990000,https://cellphones.com.vn/laptop-asus-zenbook-s-16-um5606ka-rk127ws-ryzen-ai-7.html,data/cellphones/raw_htmls\asus_23.html,data/cellphones/detail_htmls\asus_23_specs.html
ASUS Vivobook 15 Oled A1505va L1688w,asus,Intel,Core I7,13620,2.4,16,DDR4,,512,15.6,1920 x 1080,60,Intel,1.7,"50WHrs, 3S1P, 3-cell Li-ion",20990000,https://cellphones.com.vn/laptop-asus-vivobook-15-oled-a1505va-l1688w.html,data/cellphones/raw_htmls\asus_22.html,data/cellphones/detail_htmls\asus_22_specs.html
ASUS Zenbook 14 Um3406ka Pp113ws RYZEN Ai 7,asus,AMD,Ryzen AI 7,350,2.0,16,LPDDR5X,,512,14.0,2880 x 1800,120,AMD,1.2,"75WHrs, 4S1P, 4-cell Li-ion",28990000,https://cellphones.com.vn/laptop-asus-zenbook-14-um3406ka-pp113ws-ryzen-ai-7.html,data/cellphones/raw_htmls\asus_25.html,data/cellphones/detail_htmls\asus_25_specs.html
ASUS Vivobook Go 15 E1504fa Bq1150w,asus,AMD,Ryzen5,7520,2.8,16,LPDDR5,,512,15.6,1920 x 1080,60,AMD,1.63,"42WHrs, 3S1P, 3-cell Li-ion",14190000,https://cellphones.com.vn/laptop-asus-vivobook-go-15-e1504fa-bq1150w.html,data/cellphones/raw_htmls\asus_26.html,data/cellphones/detail_htmls\asus_26_specs.html
ASUS Vivobook 15 X1504va Bq2076w,asus,Intel,Core I5,1334,1.3,16,DDR4,,512,15.6,1920 x 1080,60,Intel,1.7,"42WHrs, 3S1P, 3-cell Li-ion",15990000,https://cellphones.com.vn/laptop-asus-vivobook-15-x1504va-bq2076w.html,data/cellphones/raw_htmls\asus_28.html,data/cellphones/detail_htmls\asus_28_specs.html
ASUS Vivobook S 14 Oled M5406wa Pp071ws,asus,AMD,Ryzen AI 9,370,2.0,32,LPDDR5X,,1024,14.0,2880 x 1800,120,AMD,1.3,"75WHrs, 4S1P, 4-cell Li-ion",33990000,https://cellphones.com.vn/laptop-asus-vivobook-s-14-oled-m5406wa-pp071ws.html,data/cellphones/raw_htmls\asus_27.html,data/cellphones/detail_htmls\asus_27_specs.html
ASUS Vivobook 15 X1504va Bq165w,asus,Intel,Core 5,120,1.4,16,DDR4,,512,15.6,1920 x 1080,60,Intel,1.7,"42WHrs, 3S1P, 3-cell Li-ion",16990000,https://cellphones.com.vn/laptop-asus-vivobook-15-x1504va-bq165w.html,data/cellphones/raw_htmls\asus_30.html,data/cellphones/detail_htmls\asus_30_specs.html
ASUS Vivobook S16 S3607qa Sh040ws,asus,Qualcomm,Snapdragon X,,2.97,16,LPDDR5X,,512,16.0,1920 x 1200,60,Qualcomm,1.74,"70WHrs, 3S1P, 3-cell Li-ion",23490000,https://cellphones.com.vn/laptop-asus-vivobook-s16-s3607qa-sh040ws.html,data/cellphones/raw_htmls\asus_31.html,data/cellphones/detail_htmls\asus_31_specs.html
ASUS Zenbook 14 Ux3405ca Pz188ws,asus,Intel,Core Ultra 7,255,2.0,32,LPDDR5X,,1024,14.0,2880 x 1800,120,Intel,1.28,"75WHrs, 2S2P, 4-cell Li-ion",35990000,https://cellphones.com.vn/laptop-asus-zenbook-14-ux3405ca-pz188ws.html,data/cellphones/raw_htmls\asus_32.html,data/cellphones/detail_htmls\asus_32_specs.html
ASUS Rog Zephyrus G14 Ga403wm Qs051ws RYZEN Ai 9,asus,AMD,Ryzen AI 9,370,2.0,32,LPDDR5X,7500,1024,14.0,2880 x 1800,120,NVIDIA,1.5,"73WHrs, 4S1P, 4-cell Li-ion Sạc lại từ 0-50% trong 30 phút",56940000,https://cellphones.com.vn/laptop-asus-rog-zephyrus-g14-ga403wm-qs051ws-ryzen-ai-9.html,data/cellphones/raw_htmls\asus_33.html,data/cellphones/detail_htmls\asus_33_specs.html
ASUS Rog Strix G18 G815lm S9088w,asus,Intel,Core Ultra 9,275,2.7,32,DDR5,5600,1024,18.0,2560 x 1600,240,NVIDIA,3.2,"90WHrs, 4S1P, 4-cell Li-ion, Sạc từ 0-50% trong 30 phút",52090000,https://cellphones.com.vn/laptop-asus-rog-strix-g18-g815lm-s9088w.html,data/cellphones/raw_htmls\asus_29.html,data/cellphones/detail_htmls\asus_29_specs.html
ASUS Vivobook S 16 Oled S5606ma Mx051w,asus,Intel,Core Ultra 7,155,1.4,16,LPDDR5X,,512,16.0,3200 x 2000,120,Intel,1.5,"75WHrs, 4S1P, 4-cell Li-ion",29990000,https://cellphones.com.vn/laptop-asus-vivobook-s-16-oled-s5606ma-mx051w.html,data/cellphones/raw_htmls\asus_34.html,data/cellphones/detail_htmls\asus_34_specs.html
ASUS Rog Strix G18 G815lp S9102w,asus,Intel,Core Ultra 9,275,2.7,32,DDR5,5600,1024,18.0,2560 x 1600,240,NVIDIA,3.2,"90WHrs, 4S1P, 4-cell Li-ion, Sạc từ 0-50% trong 30 phút",56990000,https://cellphones.com.vn/laptop-asus-rog-strix-g18-g815lp-s9102w.html,data/cellphones/raw_htmls\asus_35.html,data/cellphones/detail_htmls\asus_35_specs.html
ASUS Vivobook S14 S3407va Ly053w,asus,Intel,Core I7,13620,2.4,16,DDR5,,512,14.0,1920 x 1200,60,Intel,1.4,"70WHrs, 4S1P, 4-cell Li-ion",20990000,https://cellphones.com.vn/laptop-asus-vivobook-s14-s3407va-ly053w.html,data/cellphones/raw_htmls\asus_38.html,data/cellphones/detail_htmls\asus_38_specs.html
ASUS Gaming V16 V3607vu Rp216w,asus,Intel,Core 7,240,2.5,16,DDR5,,512,16.0,1920 x 1200,144,NVIDIA,1.95,"63WHrs, 3S1P, 3-cell Li-ion",27490000,https://cellphones.com.vn/laptop-asus-gaming-v16-v3607vu-rp216w.html,data/cellphones/raw_htmls\asus_36.html,data/cellphones/detail_htmls\asus_36_specs.html
ASUS Zenbook S 14 Oled Ux5406sa Pv140ws,asus,Intel,Core Ultra 7,258,1.8,32,LPDDR5X,,1024,14.0,2880 x 1800,120,Intel,1.2,"72WHrs, 2S2P, 4-cell Li-ion",44990000,https://cellphones.com.vn/laptop-asus-zenbook-s-14-oled-ux5406sa-pv140ws.html,data/cellphones/raw_htmls\asus_37.html,data/cellphones/detail_htmls\asus_37_specs.html
ASUS Vivobook 15 X1504va Nj1969w,asus,Intel,Core I5,1334,1.3,16,DDR4,,512,15.6,1920 x 1080,60,Intel,1.7,"42WHrs, 3S1P, 3-cell Li-ion",15990000,https://cellphones.com.vn/laptop-asus-vivobook-15-x1504va-nj1969w.html,data/cellphones/raw_htmls\asus_39.html,data/cellphones/detail_htmls\asus_39_specs.html
ASUS Tuf Gaming F15 Fx507zc4 Hn095w,asus,Intel,Core I5,12500,2.5,16,DDR4,3200,1024,15.6,1920 x 1080,144,NVIDIA,2.2,"56WHrs, 4S1P, 4-cell Li-ion",24990000,https://cellphones.com.vn/laptop-asus-tuf-gaming-f15-fx507zc4-hn095w.html,data/cellphones/raw_htmls\asus_40.html,data/cellphones/detail_htmls\asus_40_specs.html
ASUS Vivobook S 16 Oled M5606ka Ri016ws RYZEN Ai 7,asus,AMD,Ryzen AI 7,350,2.0,24,LPDDR5X,,512,16.0,2880 x 1800,120,AMD,1.5,"75WHrs, 4S1P, 4-cell Li-ion",30990000,https://cellphones.com.vn/laptop-asus-vivobook-s-16-oled-m5606ka-ri016ws-ryzen-ai-7.html,data/cellphones/raw_htmls\asus_42.html,data/cellphones/detail_htmls\asus_42_specs.html
ASUS Vivobook S16 S3607va Rp056w,asus,Intel,Core I7,13620,2.4,16,DDR5,,512,16.0,1920 x 1200,144,Intel,1.7,"70WHrs, 4S1P, 4-cell Li-ion",20490000,https://cellphones.com.vn/laptop-asus-vivobook-s16-s3607va-rp056w.html,data/cellphones/raw_htmls\asus_41.html,data/cellphones/detail_htmls\asus_41_specs.html
ASUS Zenbook 14 Ux3405ca Pz187ws,asus,Intel,Core Ultra 5,225,1.7,16,LPDDR5X,,512,14.0,2880 x 1800,120,Intel,1.28,"75WHrs, 2S2P, 4-cell Li-ion",31990000,https://cellphones.com.vn/laptop-asus-zenbook-14-ux3405ca-pz187ws.html,data/cellphones/raw_htmls\asus_43.html,data/cellphones/detail_htmls\asus_43_specs.html
ASUS Gaming V16 V3607vh Rp024w,asus,Intel,Core 5,210,2.2,16,DDR5,,512,16.0,1920 x 1200,144,NVIDIA,1.95,"63WHrs, 3S1P, 3-cell Li-ion",28990000,https://cellphones.com.vn/laptop-asus-gaming-v16-v3607vh-rp024w.html,data/cellphones/raw_htmls\asus_44.html,data/cellphones/detail_htmls\asus_44_specs.html
ASUS Tuf Gaming F16 Fx608jmr Rv048w,asus,Intel,Core I7,14650,2.2,16,DDR5,5600,1024,16.0,1920 x 1200,165,NVIDIA,2.2,"90WHrs, 4S1P, 4-cell Li-ion",40990000,https://cellphones.com.vn/laptop-asus-tuf-gaming-f16-fx608jmr-rv048w.html,data/cellphones/raw_htmls\asus_45.html,data/cellphones/detail_htmls\asus_45_specs.html
ASUS Gaming V16 V3607vh Rp025w,asus,Intel,Core 7,240,2.5,16,DDR5,,512,16.0,1920 x 1200,144,NVIDIA,1.95,"63WHrs, 3S1P, 3-cell Li-ion",30430000,https://cellphones.com.vn/laptop-asus-gaming-v16-v3607vh-rp025w.html,data/cellphones/raw_htmls\asus_48.html,data/cellphones/detail_htmls\asus_48_specs.html
ASUS Rog Flow Z13 Gz302ea Ru145ws,asus,AMD,Ryzenaimax,395,3.0,128,LPDDR5X,8000,1024,13.4,2560 x 1600,180,AMD,1.2,"70WHrs, 4S1P, 4-cell Li-ion Sạc lại từ 0-50% trong 30 phút",83490000,https://cellphones.com.vn/laptop-asus-rog-flow-z13-gz302ea-ru145ws.html,data/cellphones/raw_htmls\asus_47.html,data/cellphones/detail_htmls\asus_47_specs.html
ASUS Vivobook S16 S5606ca Ri171ws,asus,Intel,Core Ultra 7,255,2.0,16,LPDDR5X,,512,16.0,2880 x 1800,120,Intel,1.5,"75WHrs, 4S1P, 4-cell Li-ion",31410000,https://cellphones.com.vn/laptop-asus-vivobook-s16-s5606ca-ri171ws.html,data/cellphones/raw_htmls\asus_46.html,data/cellphones/detail_htmls\asus_46_specs.html
ASUS Vivobook S14 S3407ca Ly095ws,asus,Intel,Core Ultra 5,225,1.7,16,DDR5,,512,14.0,1920 x 1200,60,Intel,1.4,"70WHrs, 4S1P, 4-cell Li-ion",22990000,https://cellphones.com.vn/laptop-asus-vivobook-s14-s3407ca-ly095ws.html,data/cellphones/raw_htmls\asus_49.html,data/cellphones/detail_htmls\asus_49_specs.html
ASUS Rog Strix G16 G615jhr S5069w,asus,Intel,Core I7,14650,2.2,32,DDR5,,1024,16.0,2560 x 1600,240,NVIDIA,2.65,"90WHrs, 4S1P, 4-cell Li-ion",44170000,https://cellphones.com.vn/laptop-asus-rog-strix-g16-g615jhr-s5069w.html,data/cellphones/raw_htmls\asus_53.html,data/cellphones/detail_htmls\asus_53_specs.html
ASUS Rog Zephyrus G16 Gu605cm Qr078w,asus,Intel,Core Ultra 9,285,2.9,32,LPDDR5X,7467,1024,16.0,2560 x 1600,240,NVIDIA,1.85,"90WHrs, 4S1P, 4-cell Li-ion Sạc lại từ 0-50% trong 30 phút",62990000,https://cellphones.com.vn/laptop-asus-rog-zephyrus-g16-gu605cm-qr078w.html,data/cellphones/raw_htmls\asus_50.html,data/cellphones/detail_htmls\asus_50_specs.html
ASUS Tuf Gaming F16 Fx608jh Rv039w,asus,Intel,Core I5,13450,2.4,16,DDR5,,1024,16.0,1920 x 1200,165,NVIDIA,2.2,"90WHrs, 4S1P, 4-cell Li-ion",33370000,https://cellphones.com.vn/laptop-asus-tuf-gaming-f16-fx608jh-rv039w.html,data/cellphones/raw_htmls\asus_52.html,data/cellphones/detail_htmls\asus_52_specs.html
ASUS Vivobook S14 S3407va Ly146w,asus,Intel,Core 5,210,2.2,16,DDR5,,512,14.0,1920 x 1200,60,Intel,1.4,"70WHrs, 4S1P, 4-cell Li-ion",19490000,https://cellphones.com.vn/laptop-asus-vivobook-s14-s3407va-ly146w.html,data/cellphones/raw_htmls\asus_51.html,data/cellphones/detail_htmls\asus_51_specs.html
ASUS Zenbook Duo Ux8406ca Pz109ws,asus,Intel,Core Ultra 9,285,2.9,32,LPDDR5X,,1024,14.0,2880 x 1800,120,Intel,1.65,"75WHrs, 4S1P, 4-cell Li-ion",61990000,https://cellphones.com.vn/laptop-asus-zenbook-duo-ux8406ca-pz109ws.html,data/cellphones/raw_htmls\asus_54.html,data/cellphones/detail_htmls\asus_54_specs.html
ASUS Zenbook 14 Um3406ka Pp590ws RYZEN Ai 7,asus,AMD,Ryzen AI 7,350,2.0,32,LPDDR5X,,1024,14.0,2880 x 1800,120,AMD,1.2,"75WHrs, 4S1P, 4-cell Li-ion",31990000,https://cellphones.com.vn/laptop-asus-zenbook-14-um3406ka-pp590ws-ryzen-ai-7.html,data/cellphones/raw_htmls\asus_55.html,data/cellphones/detail_htmls\asus_55_specs.html
ASUS Vivobook S14 M3407ka Sf032ws RYZEN Ai 7,asus,AMD,Ryzen AI 7,350,2.0,32,DDR5,,512,14.0,1920 x 1200,60,AMD,1.4,"70WHrs, 4S1P, 4-cell Li-ion",25990000,https://cellphones.com.vn/laptop-asus-vivobook-s14-m3407ka-sf032ws-ryzen-ai-7.html,data/cellphones/raw_htmls\asus_57.html,data/cellphones/detail_htmls\asus_57_specs.html
ASUS Zenbook 14 Ux3405ca Pz204ws,asus,Intel,Core Ultra 9,285,2.9,32,LPDDR5X,,1024,14.0,2880 x 1800,120,Intel,1.28,"75WHrs, 2S2P, 4-cell Li-ion",38990000,https://cellphones.com.vn/laptop-asus-zenbook-14-ux3405ca-pz204ws.html,data/cellphones/raw_htmls\asus_56.html,data/cellphones/detail_htmls\asus_56_specs.html
ASUS Vivobook S14 M3407ka Sf034ws RYZEN Ai 5,asus,AMD,Ryzen AI 5,330,,16,DDR5,,512,14.0,1920 x 1200,60,AMD,1.4,"70WHrs, 4S1P, 4-cell Li-ion",22990000,https://cellphones.com.vn/laptop-asus-vivobook-s14-m3407ka-sf034ws-ryzen-ai-5.html,data/cellphones/raw_htmls\asus_58.html,data/cellphones/detail_htmls\asus_58_specs.html
ASUS Vivobook S 16 S5606ca Ri114ws,asus,Intel,Core Ultra 5,225,1.7,16,LPDDR5X,,512,16.0,2880 x 1800,120,Intel,1.5,"75WHrs, 4S1P, 4-cell Li-ion",28990000,https://cellphones.com.vn/laptop-asus-vivobook-s-16-s5606ca-ri114ws.html,data/cellphones/raw_htmls\asus_59.html,data/cellphones/detail_htmls\asus_59_specs.html
ASUS Tuf Gaming A14 Fa401km Rg010ws RYZEN Ai 7,asus,AMD,Ryzen AI 7,350,2.0,32,LPDDR5X,,1024,14.0,2560 x 1600,165,NVIDIA,1.46,"73WHrs, 4S1P, 4-cell Li-ion Sạc lại từ 0-50% trong 30 phút",45150000,https://cellphones.com.vn/laptop-asus-tuf-gaming-a14-fa401km-rg010ws-ryzen-ai-7.html,data/cellphones/raw_htmls\asus_60.html,data/cellphones/detail_htmls\asus_60_specs.html
ASUS Vivobook S14 S3407ca Ly096ws,asus,Intel,Core Ultra 7,255,2.0,16,DDR5,,512,14.0,1920 x 1200,60,Intel,1.4,"70WHrs, 4S1P, 4-cell Li-ion",25990000,https://cellphones.com.vn/laptop-asus-vivobook-s14-s3407ca-ly096ws.html,data/cellphones/raw_htmls\asus_62.html,data/cellphones/detail_htmls\asus_62_specs.html
ASUS Rog Strix G16 G615jpr S5107w,asus,Intel,Core I7,14650,2.2,32,DDR5,5600,1024,16.0,2560 x 1600,240,NVIDIA,2.65,"90WHrs, 4S1P, 4-cell Li-ion",51090000,https://cellphones.com.vn/laptop-asus-rog-strix-g16-g615jpr-s5107w.html,data/cellphones/raw_htmls\asus_63.html,data/cellphones/detail_htmls\asus_63_specs.html
ASUS Rog Strix G16 G615lr S5289w,asus,Intel,Core Ultra 7,255,2.4,16,DDR5,5600,1024,16.0,2560 x 1600,240,NVIDIA,2.65,"90WHrs, 4S1P, 4-cell Li-ion, Sạc từ 0-50% trong 30 phút",57990000,https://cellphones.com.vn/laptop-asus-rog-strix-g16-g615lr-s5289w.html,data/cellphones/raw_htmls\asus_61.html,data/cellphones/detail_htmls\asus_61_specs.html
ASUS Rog Zephyrus G14 Ga403wr Qs156ws,asus,AMD,Ryzen AI 9,370,2.0,32,LPDDR5X,8000,1024,14.0,2880 x 1800,120,NVIDIA,1.57,"73WHrs, 4S1P, 4-cell Li-ion Sạc lại từ 0-50% trong 30 phút",71690000,https://cellphones.com.vn/laptop-asus-rog-zephyrus-g14-ga403wr-qs156ws.html,data/cellphones/raw_htmls\asus_65.html,data/cellphones/detail_htmls\asus_65_specs.html
ASUS Zenbook S 13 Oled Ux5304va Nq125w,asus,Intel,Core I7,1355,1.7,16,LPDDR5,,512,13.3,2880 x 1800,60,Intel,1.0,"63WHrs, 2S2P, 4-cell Li-ion",39990000,https://cellphones.com.vn/laptop-asus-zenbook-s-13-oled-ux5304va-nq125w.html,data/cellphones/raw_htmls\asus_66.html,data/cellphones/detail_htmls\asus_66_specs.html
ASUS Vivobook 14 A1407ca Ly008ws,asus,Intel,Core Ultra 5,225,1.7,16,DDR5,,512,14.0,1920 x 1200,60,Intel,1.46,"42WHrs, 3S1P, 3-cell Li-ion",22490000,https://cellphones.com.vn/laptop-asus-vivobook-14-a1407ca-ly008ws.html,data/cellphones/raw_htmls\asus_64.html,data/cellphones/detail_htmls\asus_64_specs.html
ASUS Rog Zephyrus G16 Gu605cr Qr107w,asus,Intel,Core Ultra 9,285,2.9,32,LPDDR5X,7467,1024,16.0,2560 x 1600,240,NVIDIA,1.95,"90WHrs, 4S1P, 4-cell Li-ion Sạc lại từ 0-50% trong 30 phút",76590000,https://cellphones.com.vn/laptop-asus-rog-zephyrus-g16-gu605cr-qr107w.html,data/cellphones/raw_htmls\asus_67.html,data/cellphones/detail_htmls\asus_67_specs.html
ASUS Tuf Gaming F16 Fx608jpr Rv044w,asus,Intel,Core I7,14650,2.2,16,DDR5,,1024,16.0,1920 x 1200,165,NVIDIA,2.2,"90WHrs, 4S1P, 4-cell Li-ion",45190000,https://cellphones.com.vn/laptop-asus-tuf-gaming-f16-fx608jpr-rv044w.html,data/cellphones/raw_htmls\asus_68.html,data/cellphones/detail_htmls\asus_68_specs.html
ASUS Zenbook 14 Ux3405ca Pz368ws,asus,Intel,Core Ultra 7,255,2.0,16,LPDDR5X,,512,14.0,2880 x 1800,120,Intel,1.28,"75WHrs, 2S2P, 4-cell Li-ion",34990000,https://cellphones.com.vn/laptop-asus-zenbook-14-ux3405ca-pz368ws.html,data/cellphones/raw_htmls\asus_72.html,data/cellphones/detail_htmls\asus_72_specs.html
ASUS Vivobook S14 S5406sa Pp168ws,asus,Intel,Core Ultra 5,226,2.1,16,LPDDR5X,,512,14.0,2880 x 1800,120,Intel,1.3,"75WHrs, 4S1P, 4-cell Li-ion",28490000,https://cellphones.com.vn/laptop-asus-vivobook-s14-s5406sa-pp168ws.html,data/cellphones/raw_htmls\asus_69.html,data/cellphones/detail_htmls\asus_69_specs.html
ASUS Vivobook S16 S3607ca Sh082ws,asus,Intel,Core Ultra 5,225,1.7,16,DDR5,,512,16.0,1920 x 1200,60,Intel,1.7,"70WHrs, 4S1P, 4-cell Li-ion",23990000,https://cellphones.com.vn/laptop-asus-vivobook-s16-s3607ca-sh082ws.html,data/cellphones/raw_htmls\asus_70.html,data/cellphones/detail_htmls\asus_70_specs.html
ASUS Vivobook S16 S3607ca Sh083ws,asus,Intel,Core Ultra 7,255,2.0,16,DDR5,,512,16.0,1920 x 1200,60,Intel,1.7,"70WHrs, 4S1P, 4-cell Li-ion",26990000,https://cellphones.com.vn/laptop-asus-vivobook-s16-s3607ca-sh083ws.html,data/cellphones/raw_htmls\asus_71.html,data/cellphones/detail_htmls\asus_71_specs.html
ASUS Tuf Gaming F15 Fx507zc4 Hn074w,asus,Intel,Core I5,12500,2.5,8,DDR4,3200,1024,15.6,1920 x 1080,144,NVIDIA,2.2,"56WHrs, 4S1P, 4-cell Li-ion",25990000,https://cellphones.com.vn/laptop-asus-tuf-gaming-f15-fx507zc4-hn074w.html,data/cellphones/raw_htmls\asus_73.html,data/cellphones/detail_htmls\asus_73_specs.html
ASUS Vivobook 15 Oled A1505va Ma468w,asus,Intel,Core I5,13500,2.6,16,DDR4,,512,15.6,2880 x 1620,120,Intel,1.7,"50WHrs, 3S1P, 3-cell Li-ion",20990000,https://cellphones.com.vn/laptop-asus-vivobook-15-oled-a1505va-ma468w.html,data/cellphones/raw_htmls\asus_76.html,data/cellphones/detail_htmls\asus_76_specs.html
ASUS Vivoboook S 14 Oled S5406ma Pp046ws,asus,Intel,Core Ultra 5,125,1.2,16,LPDDR5X,,512,14.0,2880 x 1800,120,Intel,1.3,"75WHrs, 4S1P, 4-cell Li-ion",26990000,https://cellphones.com.vn/laptop-asus-vivoboook-s-14-oled-s5406ma-pp046ws.html,data/cellphones/raw_htmls\asus_77.html,data/cellphones/detail_htmls\asus_77_specs.html
ASUS Rog Strix G16 G614ju N3135w,asus,Intel,Core I5,13450,2.4,16,DDR5,4800,1024,16.0,1920 x 1200,165,NVIDIA,2.5,"90WHrs, 4S1P, 4-cell Li-ion",33990000,https://cellphones.com.vn/laptop-asus-rog-strix-g16-g614ju-n3135w.html,data/cellphones/raw_htmls\asus_75.html,data/cellphones/detail_htmls\asus_75_specs.html
ASUS Vivobook S 15 S5507qa Ma092ws Copilot X Plus,asus,Qualcomm,Snapdragon X Lus,,3.4,16,LPDDR5X,,512,15.6,2880 x 1620,120,Qualcomm,1.42,"70WHrs, 3S1P, 3-cell Li-ion",26990000,https://cellphones.com.vn/laptop-asus-vivobook-s-15-s5507qa-ma092ws-copilot-x-plus.html,data/cellphones/raw_htmls\asus_74.html,data/cellphones/detail_htmls\asus_74_specs.html
ASUS Vivobook 15 Oled A1505va Ma469w,asus,Intel,Core I9,13900,2.6,16,DDR4,,512,15.6,2880 x 1620,120,Intel,1.7,"50WHrs, 3S1P, 3-cell Li-ion",24990000,https://cellphones.com.vn/laptop-asus-vivobook-15-oled-a1505va-ma469w.html,data/cellphones/raw_htmls\asus_78.html,data/cellphones/detail_htmls\asus_78_specs.html
ASUS Vivobook 15 Oled S5507qa Ma090ws,asus,Qualcomm,Snapdragon X Lite,,3.4,32,LPDDR5X,,1024,15.6,2880 x 1620,120,Qualcomm,1.42,"70WHrs, 3S1P, 3-cell Li-ion",34990000,https://cellphones.com.vn/laptop-asus-vivobook-15-oled-s5507qa-ma090ws.html,data/cellphones/raw_htmls\asus_79.html,data/cellphones/detail_htmls\asus_79_specs.html
ASUS Rog Strix G16 G614ju N3480w,asus,Intel,Core I5,13450,2.4,32,DDR5,4800,2048,16.0,1920 x 1200,165,NVIDIA,2.5,"90WHrs, 4S1P, 4-cell Li-ion Sạc lại từ 0-50% trong 30 phút",37990000,https://cellphones.com.vn/laptop-asus-rog-strix-g16-g614ju-n3480w.html,data/cellphones/raw_htmls\asus_80.html,data/cellphones/detail_htmls\asus_80_specs.html
ASUS Vivobook 16 M1607ka Mb091ws RYZEN Ai 7,asus,AMD,Ryzen AI 7,350,2.0,16,DDR5,,512,16.0,1920 x 1200,60,AMD,1.88,"42WHrs, 3S1P, 3-cell Li-ion",22990000,https://cellphones.com.vn/laptop-asus-vivobook-16-m1607ka-mb091ws-ryzen-ai-7.html,data/cellphones/raw_htmls\asus_81.html,data/cellphones/detail_htmls\asus_81_specs.html
ASUS Gaming Vivobook K3605zf Rp634w,asus,Intel,Core I5,12500,2.5,16,DDR4,,512,16.0,1920 x 1200,144,NVIDIA,1.8,"50WHrs, 3S1P, 3-cell Li-ion",20990000,https://cellphones.com.vn/laptop-asus-gaming-vivobook-k3605zf-rp634w.html,data/cellphones/raw_htmls\asus_82.html,data/cellphones/detail_htmls\asus_82_specs.html
ASUS Vivoboook S 14 Oled S5406ma Pp198ws,asus,Intel,Core Ultra 7,155,1.4,16,LPDDR5X,,512,14.0,2880 x 1800,120,Intel,1.3,"75WHrs, 4S1P, 4-cell Li-ion",29990000,https://cellphones.com.vn/laptop-asus-vivoboook-s-14-oled-s5406ma-pp198ws.html,data/cellphones/raw_htmls\asus_83.html,data/cellphones/detail_htmls\asus_83_specs.html
ASUS Tuf Gaming F15 Fx506hf Hn078w,asus,Intel,Core I5,11260,2.9,16,DDR4,3200,1024,15.6,1920 x 1080,144,NVIDIA,2.3,"48WHrs, 3S1P, 3-cell Li-ion",20990000,https://cellphones.com.vn/laptop-asus-tuf-gaming-f15-fx506hf-hn078w.html,data/cellphones/raw_htmls\asus_84.html,data/cellphones/detail_htmls\asus_84_specs.html
ASUS Gaming Vivobook K3605zu Rp296w,asus,Intel,Core I5,12500,2.5,16,DDR4,,512,16.0,1920 x 1200,144,NVIDIA,1.8,"70WHrs, 3S1P, 3-cell Li-ion",28490000,https://cellphones.com.vn/laptop-asus-gaming-vivobook-k3605zu-rp296w.html,data/cellphones/raw_htmls\asus_85.html,data/cellphones/detail_htmls\asus_85_specs.html
ASUS Vivobook S 14 Oled S5406ma Pp136w,asus,Intel,Core Ultra 5,125,1.2,16,LPDDR5X,,1024,14.0,2880 x 1800,120,Intel,1.3,"75WHrs, 4S1P, 4-cell Li-ion",26990000,https://cellphones.com.vn/laptop-asus-vivobook-s-14-oled-s5406ma-pp136w.html,data/cellphones/raw_htmls\asus_86.html,data/cellphones/detail_htmls\asus_86_specs.html
ASUS Vivobook 14 Oled A1405va Km257w,asus,Intel,Core I5,13500,2.6,16,DDR4,,512,14.0,2880 x 1800,90,Intel,1.6,"50WHrs, 3S1P, 3-cell Li-ion",20990000,https://cellphones.com.vn/laptop-asus-vivobook-14-oled-a1405va-km257w.html,data/cellphones/raw_htmls\asus_87.html,data/cellphones/detail_htmls\asus_87_specs.html
ASUS Expertbook B1402cba Nk2669w,asus,Intel,Core I5,1235,1.7,16,DDR4,,512,14.0,1920 x 1080,60,Intel,1.49,"42WHrs, 3S1P, 3-cell Li-ion",19990000,https://cellphones.com.vn/laptop-asus-expertbook-b1402cba-nk2669w.html,data/cellphones/raw_htmls\asus_88.html,data/cellphones/detail_htmls\asus_88_specs.html
ASUS Vivobook 15 X1504za Nj517w,asus,Intel,Core I5,1235,1.3,16,DDR4,,512,15.6,1920 x 1080,60,Intel,1.7,"42WHrs, 3S1P, 3-cell Li-ion",16490000,https://cellphones.com.vn/laptop-asus-vivobook-15-x1504za-nj517w.html,data/cellphones/raw_htmls\asus_89.html,data/cellphones/detail_htmls\asus_89_specs.html
ASUS Vivobook 15 Oled A1505va L1201w,asus,Intel,Core I9,13900,2.6,16,DDR4,,512,15.6,1920 x 1080,60,Intel,1.7,"50WHrs, 3S1P, 3-cell Li-ion",24990000,https://cellphones.com.vn/laptop-asus-vivobook-15-oled-a1505va-l1201w.html,data/cellphones/raw_htmls\asus_92.html,data/cellphones/detail_htmls\asus_92_specs.html
ASUS Tuf Gaming F15 Fx507vv Lp304w,asus,Intel,Core I7,13620,2.4,32,DDR5,4800,1024,15.6,1920 x 1080,144,NVIDIA,2.2,"90WHrs, 4S1P, 4-cell Li-ion",,https://cellphones.com.vn/laptop-asus-tuf-gaming-f15-fx507vv-lp304w.html,data/cellphones/raw_htmls\asus_90.html,data/cellphones/detail_htmls\asus_90_specs.html
ASUS Vivobook 14 Oled A1405za Km264w,asus,Intel,Core I5,12500,2.5,16,DDR4,,512,14.0,2880 x 1800,90,Intel,1.6,"50WHrs, 3S1P, 3-cell Li-ion",17990000,https://cellphones.com.vn/laptop-asus-vivobook-14-oled-a1405za-km264w.html,data/cellphones/raw_htmls\asus_91.html,data/cellphones/detail_htmls\asus_91_specs.html
ASUS Tuf Gaming A15 Fa507nu Lp140w,asus,AMD,Ryzen5,7535,4.5,16,DDR5,4800,2048,15.6,1920 x 1080,144,NVIDIA,2.2,"90WHrs, 4S1P, 4-cell Li-ion",25990000,https://cellphones.com.vn/laptop-asus-tuf-gaming-a15-fa507nu-lp140w.html,data/cellphones/raw_htmls\asus_94.html,data/cellphones/detail_htmls\asus_94_specs.html
ASUS Vivobook 15 X1504za Nj1039w,asus,Intel,Core I7,1255,1.7,16,DDR4,,512,15.6,1920 x 1080,60,Intel,1.7,"42WHrs, 3S1P, 3-cell Li-ion",17990000,https://cellphones.com.vn/laptop-asus-vivobook-15-x1504za-nj1039w.html,data/cellphones/raw_htmls\asus_93.html,data/cellphones/detail_htmls\asus_93_specs.html
ASUS Rog Strix G16 G614jv N4156w,asus,Intel,Core I7,13650,2.6,16,DDR5,4800,2048,16.0,2560x1600,240,NVIDIA,2.5,"90WHrs, 4S1P, 4-cell Li-ion",40990000,https://cellphones.com.vn/laptop-asus-rog-strix-g16-g614jv-n4156w.html,data/cellphones/raw_htmls\asus_97.html,data/cellphones/detail_htmls\asus_97_specs.html
ASUS Vivobook Flip 14 Tp470ea Ec346w,asus,Intel,Core I3,1115,,4,LPDDR4X,3200,512,14.0,1920 x 1080,,Intel,1.5,3 Cells 42WHrs,16590000,https://cellphones.com.vn/laptop-asus-vivobook-flip-14-tp470ea-ec346w.html,data/cellphones/raw_htmls\asus_96.html,data/cellphones/detail_htmls\asus_96_specs.html
ASUS Tuf Gaming A15 Fa506nf Hn005w,asus,AMD,Ryzen5,7535,3.3,8,DDR5,4800,512,15.6,1920 x 1080,144,NVIDIA,2.3,"48WHrs, 3S1P, 3-cell Li-ion",19990000,https://cellphones.com.vn/laptop-asus-tuf-gaming-a15-fa506nf-hn005w.html,data/cellphones/raw_htmls\asus_95.html,data/cellphones/detail_htmls\asus_95_specs.html
ASUS Vivobook Pro M3401qa Km025w,asus,AMD,Ryzen7,5800,,8,DDR4,3200,512,14.0,2880 x 1800,90,AMD,1.45,3 Cells 63WHrs,18600000,https://cellphones.com.vn/laptop-asus-vivobook-pro-m3401qa-km025w.html,data/cellphones/raw_htmls\asus_99.html,data/cellphones/detail_htmls\asus_99_specs.html
ASUS Zenbook Duo Ux8406ma Pz307w,asus,Intel,Core Ultra 7,155,1.4,16,LPDDR5X,,512,14.0,2880 x 1800,120,Intel,1.65,"75WHrs, 4S1P, 4-cell Li-ion",49990000,https://cellphones.com.vn/laptop-asus-zenbook-duo-ux8406ma-pz307w.html,data/cellphones/raw_htmls\asus_98.html,data/cellphones/detail_htmls\asus_98_specs.html
ASUS Vivobook Pro M3401qa Km006w,asus,AMD,Ryzen5,5600,,8,DDR4,3200,512,14.0,2880 x 1800,,AMD,1.4,"3-cell Li-ion, 63 Wh",17800000,https://cellphones.com.vn/laptop-asus-vivobook-pro-m3401qa-km006w.html,data/cellphones/raw_htmls\asus_101.html,data/cellphones/detail_htmls\asus_101_specs.html
ASUS Expertbook P1 P1503cva I5se16 63ws,asus,Intel,Core I5,13500,2.6,16,DDR5,,512,15.6,1920 x 1080,60,Intel,1.65,"63WHrs, 3S1P, 3-cell Li-ion",,https://cellphones.com.vn/laptop-asus-expertbook-p1-p1503cva-i5se16-63ws.html,data/cellphones/raw_htmls\asus_100.html,data/cellphones/detail_htmls\asus_100_specs.html
ASUS Expertbook P1 P1403cva I5se16 63ws,asus,Intel,Core I5,13500,2.6,16,DDR5,,512,14.0,1920 x 1080,60,Intel,1.45,"63WHrs, 3S1P, 3-cell Li-ion",,https://cellphones.com.vn/laptop-asus-expertbook-p1-p1403cva-i5se16-63ws.html,data/cellphones/raw_htmls\asus_102.html,data/cellphones/detail_htmls\asus_102_specs.html
ASUS Rog Strix G18 G814jvr N6089w,asus,Intel,Core I9,14900,2.2,32,DDR5,5600,1024,18.0,2560 x 1600,240,NVIDIA,3.0,"90WHrs, 4S1P, 4-cell Li-ion",,https://cellphones.com.vn/laptop-asus-rog-strix-g18-g814jvr-n6089w.html,data/cellphones/raw_htmls\asus_104.html,data/cellphones/detail_htmls\asus_104_specs.html
ASUS Gaming Rog Strix G531gt Al030t,asus,Intel,Core I7,9750,2.6,8,DDR4,,1024,15.6,1920 x 1080,144,NVIDIA,2.4,3 Cell 48WHr,,https://cellphones.com.vn/laptop-asus-gaming-rog-strix-g531gt-al030t.html,data/cellphones/raw_htmls\asus_103.html,data/cellphones/detail_htmls\asus_103_specs.html
ASUS Expertbook P1 P1503cva I7se16 63ws,asus,Intel,Core I7,13700,2.4,16,DDR5,,512,15.6,1920 x 1080,60,Intel,1.65,"63WHrs, 3S1P, 3-cell Li-ion",,https://cellphones.com.vn/laptop-asus-expertbook-p1-p1503cva-i7se16-63ws.html,data/cellphones/raw_htmls\asus_106.html,data/cellphones/detail_htmls\asus_106_specs.html
ASUS Vivobook 14 X1404va Nk125w,asus,Intel,Core I5,1335,1.3,8,DDR4,3200,256,14.0,1920 x 1080,120,Intel,1.4,"42WHrs, 3-cell Li-ion",,https://cellphones.com.vn/laptop-asus-vivobook-14-x1404va-nk125w.html,data/cellphones/raw_htmls\asus_105.html,data/cellphones/detail_htmls\asus_105_specs.html
ASUS Gaming Rog Strix G512 Ihn281t,asus,Intel,Core I5,10300,,,,,512,15.6,1920 x 1080,144,NVIDIA,2.4,3 cell /48WHrs - 3S1P,,https://cellphones.com.vn/laptop-asus-gaming-rog-strix-g512-ihn281t.html,data/cellphones/raw_htmls\asus_107.html,data/cellphones/detail_htmls\asus_107_specs.html
ASUS Tuf Gaming A15 Fa507uv Lp090w,asus,AMD,Ryzen9,8945,4.0,16,DDR5,5600,2048,15.6,1920 x 1080,144,NVIDIA,2.2,"90WHrs, 4S1P, 4-cell Li-ion",,https://cellphones.com.vn/laptop-asus-tuf-gaming-a15-fa507uv-lp090w.html,data/cellphones/raw_htmls\asus_108.html,data/cellphones/detail_htmls\asus_108_specs.html
ASUS Expertbook B1 B1502cva Nj0175w,asus,Intel,Core I5,1335,1.3,16,DDR4,,512,15.6,1920 x 1080,60,Intel,1.69,"42WHrs, 3S1P, 3-cell Li-ion",,https://cellphones.com.vn/laptop-asus-expertbook-b1-b1502cva-nj0175w.html,data/cellphones/raw_htmls\asus_109.html,data/cellphones/detail_htmls\asus_109_specs.html
ASUS Expertbook B1402cva Nk0177w,asus,Intel,Core I7,1355,1.7,16,DDR4,,512,14.0,1920 x 1080,60,Intel,1.46,"42WHrs, 3S1P, 3-cell Li-ion",,https://cellphones.com.vn/laptop-asus-expertbook-b1402cva-nk0177w.html,data/cellphones/raw_htmls\asus_112.html,data/cellphones/detail_htmls\asus_112_specs.html
ASUS Expertbook B1 B1502cva Nj0149w,asus,Intel,Core I3,1315,1.2,8,DDR4,,512,15.6,1920 x 1080,60,Intel,1.69,"42WHrs, 3S1P, 3-cell Li-ion",12490000,https://cellphones.com.vn/laptop-asus-expertbook-b1-b1502cva-nj0149w.html,data/cellphones/raw_htmls\asus_111.html,data/cellphones/detail_htmls\asus_111_specs.html
ASUS Expertbook B1 B1402cva Nk0176w,asus,Intel,Core I5,1335,1.3,16,DDR4,,512,14.0,1920 x 1080,60,Intel,1.46,"42WHrs, 3S1P, 3-cell Li-ion",,https://cellphones.com.vn/laptop-asus-expertbook-b1-b1402cva-nk0176w.html,data/cellphones/raw_htmls\asus_110.html,data/cellphones/detail_htmls\asus_110_specs.html
ASUS Rog Strix Scar 18 G834jyr R6199,asus,Intel,Core I9,14900,2.2,64,DDR5,5600,2048,18.0,2560 x 1600,240,NVIDIA,3.1,"90WHrs, 4S1P, 4-cell Li-ion",,https://cellphones.com.vn/laptop-asus-rog-strix-scar-18-g834jyr-r6199.html,data/cellphones/raw_htmls\asus_114.html,data/cellphones/detail_htmls\asus_114_specs.html
ASUS Vivobook S 14 Oled S5406ma Pp161w,asus,Intel,Core Ultra 5,125,1.2,16,LPDDR5X,,1024,14.0,2880 x 1800,120,Intel,1.3,"75WHrs, 4S1P, 4-cell Li-ion",,https://cellphones.com.vn/laptop-asus-vivobook-s-14-oled-s5406ma-pp161w.html,data/cellphones/raw_htmls\asus_113.html,data/cellphones/detail_htmls\asus_113_specs.html
ASUS Tuf Gaming Fx516pm Hn023t,asus,Intel,Core I7,11370,,16,DDR4,,512,15.6,1920 x 1080,144,NVIDIA,2.0,"4-cell Li-ion, 76 Wh",,https://cellphones.com.vn/laptop-asus-tuf-gaming-fx516pm-hn023t.html,data/cellphones/raw_htmls\asus_115.html,data/cellphones/detail_htmls\asus_115_specs.html
ASUS Expertbook B1 B1502cva Nj0148w,asus,Intel,Core I7,1355,1.7,8,DDR4,,512,15.6,1920 x 1080,60,Intel,1.69,"42WHrs, 3S1P, 3-cell Li-ion",,https://cellphones.com.vn/laptop-asus-expertbook-b1-b1502cva-nj0148w.html,data/cellphones/raw_htmls\asus_117.html,data/cellphones/detail_htmls\asus_117_specs.html
ASUS Gaming Fx505dy Al175t,asus,AMD,Ryzen5,3550,2.1,8,DDR4,2666,1024,15.6,1920 x 1080,120,AMD,2.2,3 Cell 48WHr,,https://cellphones.com.vn/laptop-asus-gaming-fx505dy-al175t.html,data/cellphones/raw_htmls\asus_116.html,data/cellphones/detail_htmls\asus_116_specs.html
ASUS Expertbook B5 B5602cva L20164w,asus,Intel,Core I5,1340,1.9,16,DDR5,,512,16.0,3840 x 2400,60,Intel,1.53,"84WHrs, 4S1P, 4-cell Li-ion",,https://cellphones.com.vn/laptop-asus-expertbook-b5-b5602cva-l20164w.html,data/cellphones/raw_htmls\asus_118.html,data/cellphones/detail_htmls\asus_118_specs.html
ASUS Rog Strix G16 G614ji N4125w,asus,Intel,Core I7,13650,2.6,16,DDR5,4800,2048,16.0,2560 x 1600,240,NVIDIA,2.5,"90WHrs, 4S1P, 4-cell Li-ion",46990000,https://cellphones.com.vn/laptop-asus-rog-strix-g16-g614ji-n4125w.html,data/cellphones/raw_htmls\asus_119.html,data/cellphones/detail_htmls\asus_119_specs.html
ASUS Expertbook P5 P5405csa Nz0451w,asus,Intel,Core Ultra 5,226,1.6,16,LPDDR5X,,1024,14.0,2560 x 1600,144,Intel,1.27,"63WHrs, 3S1P, 3-cell Li-ion",,https://cellphones.com.vn/laptop-asus-expertbook-p5-p5405csa-nz0451w.html,data/cellphones/raw_htmls\asus_121.html,data/cellphones/detail_htmls\asus_121_specs.html
ASUS Expertbook P1 P1403cva I7se16 63ws,asus,Intel,Core I7,13700,2.4,16,DDR5,,512,14.0,1920 x 1080,60,Intel,1.45,"63WHrs, 3S1P, 3-cell Li-ion",,https://cellphones.com.vn/laptop-asus-expertbook-p1-p1403cva-i7se16-63ws.html,data/cellphones/raw_htmls\asus_122.html,data/cellphones/detail_htmls\asus_122_specs.html
ASUS Rog Strix G18 G814jv N6077w,asus,Intel,Core I7,13650,2.6,32,DDR5,4800,1024,18.0,2560 x 1600,240,NVIDIA,3.0,"90WHrs, 4S1P, 4-cell Li-ion Sạc lại từ 0-50% trong 30 phút",,https://cellphones.com.vn/laptop-asus-rog-strix-g18-g814jv-n6077w.html,data/cellphones/raw_htmls\asus_123.html,data/cellphones/detail_htmls\asus_123_specs.html
ASUS Vivobook S 14 Oled S5406ma Pp219ws,asus,Intel,Core Ultra 5,125,1.2,16,LPDDR5X,,512,14.0,2880 x 1800,60,Intel,1.3,"75WHrs, 4S1P, 4-cell Li-ion",,https://cellphones.com.vn/laptop-asus-vivobook-s-14-oled-s5406ma-pp219ws.html,data/cellphones/raw_htmls\asus_120.html,data/cellphones/detail_htmls\asus_120_specs.html
ASUS Expertbook B5 B5402cva Ki0123w,asus,Intel,Core I5,1340,1.9,16,DDR5,,512,14.0,1920 x 1080,60,Intel,1.29,"63WHrs, 3S1P, 3-cell Li-ion",,https://cellphones.com.vn/laptop-asus-expertbook-b5-b5402cva-ki0123w.html,data/cellphones/raw_htmls\asus_124.html,data/cellphones/detail_htmls\asus_124_specs.html
ASUS Expertbook B5 B5402cva Ki0229w,asus,Intel,Core I7,1360,2.2,16,DDR5,,512,14.0,1920 x 1080,60,Intel,1.29,"63WHrs, 3S1P, 3-cell Li-ion",,https://cellphones.com.vn/laptop-asus-expertbook-b5-b5402cva-ki0229w.html,data/cellphones/raw_htmls\asus_125.html,data/cellphones/detail_htmls\asus_125_specs.html
ASUS Vivobook 15x Oled M3504ya L1268w,asus,AMD,Ryzen5,7530,4.3,16,DDR4,,512,15.6,1920 x 1080,60,AMD,1.7,"50WHrs, 3S1P, 3-cell Li-ion",,https://cellphones.com.vn/laptop-asus-vivobook-15x-oled-m3504ya-l1268w.html,data/cellphones/raw_htmls\asus_126.html,data/cellphones/detail_htmls\asus_126_specs.html
ASUS Rog Strix G16 G614jv N3514w,asus,Intel,Core I7,13650,2.6,16,DDR5,4800,1024,16.0,1920 x 1200,165,NVIDIA,2.5,"90WHrs, 4S1P, 4-cell Li-ion (Sạc lại từ 0-50% trong 30 phút)",,https://cellphones.com.vn/laptop-asus-rog-strix-g16-g614jv-n3514w.html,data/cellphones/raw_htmls\asus_127.html,data/cellphones/detail_htmls\asus_127_specs.html
ASUS X509ja Ej020t,asus,Intel,Core I5,1035,,4,DDR4,,1024,15.6,1920 x 1080,60,Intel,1.9,2 Cell,,https://cellphones.com.vn/laptop-asus-x509ja-ej020t.html,data/cellphones/raw_htmls\asus_128.html,data/cellphones/detail_htmls\asus_128_specs.html
ASUS Zenbook Ux425ea Bm069t,asus,Intel,Core I5,1135,,8,LPDDR4X,,512,14.0,1920 x 1080,60,Intel,1.17,4-cell Li-ion,,https://cellphones.com.vn/laptop-asus-zenbook-ux425ea-bm069t.html,data/cellphones/raw_htmls\asus_129.html,data/cellphones/detail_htmls\asus_129_specs.html
ASUS Gaming Rog Zephyrus G14 Ga401qm 211 Zg14,asus,AMD,Ryzen9,5900,,16,DDR4,3200,1024,14.0,,120,NVIDIA,6.0,"4-cell, 76 WHrs",,https://cellphones.com.vn/laptop-asus-gaming-rog-zephyrus-g14-ga401qm-211-zg14.html,data/cellphones/raw_htmls\asus_130.html,data/cellphones/detail_htmls\asus_130_specs.html
ASUS Tuf Gaming F15 Fx507vu Lp197w 16gb,asus,Intel,Core I7,13620,2.4,16,DDR5,4800,2048,15.6,1920 x 1080,144,NVIDIA,2.2,"90WHrs, 4S1P, 4-cell Li-ion",,https://cellphones.com.vn/laptop-asus-tuf-gaming-f15-fx507vu-lp197w-16gb.html,data/cellphones/raw_htmls\asus_131.html,data/cellphones/detail_htmls\asus_131_specs.html
ASUS X409ja Ek015t,asus,Intel,Core I3,1005,,4,DDR4,2666,512,14.0,1920 x 1080,60,Intel,1.5,2-cell Li-ion,,https://cellphones.com.vn/laptop-asus-x409ja-ek015t.html,data/cellphones/raw_htmls\asus_132.html,data/cellphones/detail_htmls\asus_132_specs.html
ASUS Expertbook B1 B1402cva Nk0062w,asus,Intel,Core I5,1335,1.3,8,DDR4,,512,14.0,1920 x 1080,60,Intel,1.46,"42WHrs, 3S1P, 3-cell Li-ion",,https://cellphones.com.vn/laptop-asus-expertbook-b1-b1402cva-nk0062w.html,data/cellphones/raw_htmls\asus_133.html,data/cellphones/detail_htmls\asus_133_specs.html
ASUS Rog Strix G18 G814jir N6108w,asus,Intel,Core I9,14900,2.2,32,DDR5,5600,1024,18.0,2560 x 1600,240,NVIDIA,3.0,"90WHrs, 4S1P, 4-cell Li-ion",,https://cellphones.com.vn/laptop-asus-rog-strix-g18-g814jir-n6108w.html,data/cellphones/raw_htmls\asus_134.html,data/cellphones/detail_htmls\asus_134_specs.html
ASUS Zenbook S 13 Oled Ux5304va Nq126w,asus,Intel,Core I7,1355,5.0,32,LPDDR5,,1024,13.3,2880 x 1800,60,Intel,1.0,63WHrs 4Cell,,https://cellphones.com.vn/laptop-asus-zenbook-s-13-oled-ux5304va-nq126w.html,data/cellphones/raw_htmls\asus_135.html,data/cellphones/detail_htmls\asus_135_specs.html
ASUS Gaming Rog Strix Scar 18 G834jyr R6011w,asus,Intel,Core I9,14900,,64,DDR5,5600,2048,18.0,2560 x 1600,240,NVIDIA,3.1,"90WHrs, 4S1P, 4-cell Li-ion",,https://cellphones.com.vn/laptop-asus-gaming-rog-strix-scar-18-g834jyr-r6011w.html,data/cellphones/raw_htmls\asus_136.html,data/cellphones/detail_htmls\asus_136_specs.html
ASUS Gaming Rog Zephyrus G16 Gu605mv Qr196ws,asus,Intel,Core Ultra 9,185,2.3,32,LPDDR5X,,1024,16.0,2560 x 1600,240,NVIDIA,1.85,"90WHrs, 4S1P, 4-cell Li-ion",,https://cellphones.com.vn/laptop-asus-gaming-rog-zephyrus-g16-gu605mv-qr196ws.html,data/cellphones/raw_htmls\asus_137.html,data/cellphones/detail_htmls\asus_137_specs.html
ASUS Expertbook B1 B1502cva Nj0050w,asus,Intel,Core I5,335,1.3,8,DDR4,,512,15.6,1920 x 1080,60,Intel,1.69,"42WHrs, 3S1P, 3-cell Li-ion",,https://cellphones.com.vn/laptop-asus-expertbook-b1-b1502cva-nj0050w.html,data/cellphones/raw_htmls\asus_138.html,data/cellphones/detail_htmls\asus_138_specs.html
ASUS Rog Strix Scar 16 G634jyr Ra132w,asus,Intel,Core I9,14900,2.2,64,DDR5,5600,2048,16.0,2560 x 1600,240,NVIDIA,2.65,"90WHrs, 4S1P, 4-cell Li-ion Sạc lại từ 0-50% trong 30 phút",,https://cellphones.com.vn/laptop-asus-rog-strix-scar-16-g634jyr-ra132w.html,data/cellphones/raw_htmls\asus_139.html,data/cellphones/detail_htmls\asus_139_specs.html
ASUS Rog Strix Scar 18 G834jzr R6160,asus,Intel,Core I9,14900,2.2,32,DDR5,5600,1024,18.0,2560 x 1600,240,NVIDIA,3.1,"90WHrs, 4S1P, 4-cell Li-ion",,https://cellphones.com.vn/laptop-asus-rog-strix-scar-18-g834jzr-r6160.html,data/cellphones/raw_htmls\asus_140.html,data/cellphones/detail_htmls\asus_140_specs.html
ASUS Rog Zephyrus G16 Ga605wi Qr152ws,asus,AMD,Ryzen AI 9,370,2.0,32,LPDDR5X,,1024,16.0,2560 x 1600,240,NVIDIA,1.85,"90WHrs, 4S1P, 4-cell Li-ion Sạc lại từ 0-50% trong 30 phút",,https://cellphones.com.vn/laptop-asus-rog-zephyrus-g16-ga605wi-qr152ws.html,data/cellphones/raw_htmls\asus_141.html,data/cellphones/detail_htmls\asus_141_specs.html
ASUS Expertbook B9403cva Km0351x,asus,Intel,Core I7,1355,1.7,32,LPDDR5,,1024,14.0,2880 x 1800,90,Intel,0.99,"63WHrs, 3S1P, 3-cell Li-ion",,https://cellphones.com.vn/laptop-asus-expertbook-b9403cva-km0351x.html,data/cellphones/raw_htmls\asus_142.html,data/cellphones/detail_htmls\asus_142_specs.html
ASUS Rog Strix G16 G614ju N3506w,asus,Intel,Core I5,13450,2.4,16,DDR5,4800,1024,16.0,1920 x 1200,165,NVIDIA,2.5,"90WHrs, 4S1P, 4-cell Li-ion Sạc lại từ 0-50% trong 30 phút",,https://cellphones.com.vn/laptop-asus-rog-strix-g16-g614ju-n3506w.html,data/cellphones/raw_htmls\asus_143.html,data/cellphones/detail_htmls\asus_143_specs.html
ACER Aspire Lite 16 Gen 2 Al16 52p 572a,acer,Intel,Core I5,1334,3.4,16,DDR5,4800,2048,16.0,1920 x 1200,60,Intel,1.7,58Whr 3-cell 65W PD Type-C Adapter,14790000,https://cellphones.com.vn/laptop-acer-aspire-lite-16-gen-2-al16-52p-572a.html,data/cellphones/raw_htmls\acer_1.html,data/cellphones/detail_htmls\acer_1_specs.html
ACER Gaming Nitro Lite 16 Nl16 71g 71uj,acer,Intel,Core I7,13620,3.6,16,DDR5,4800,2048,16.0,1920 x 1200,165,NVIDIA,1.95,53Wh 3-cell Li-ion battery 100W Type C adapter,23990000,https://cellphones.com.vn/laptop-acer-gaming-nitro-lite-16-nl16-71g-71uj.html,data/cellphones/raw_htmls\acer_4.html,data/cellphones/detail_htmls\acer_4_specs.html
Gaming ACER Nitro V Anv15 51 57b2,acer,Intel,Core I5,13420,4.6,16,DDR5,5200,2048,15.6,1920 x 1080,144,NVIDIA,2.1,"4 Cell, 57 Whr",26990000,https://cellphones.com.vn/laptop-gaming-acer-nitro-v-anv15-51-57b2.html,data/cellphones/raw_htmls\acer_3.html,data/cellphones/detail_htmls\acer_3_specs.html
Gaming ACER Nitro V Anv15 41 R7ap,acer,AMD,Ryzen5,7535,3.3,16,DDR5,4800,4096,15.6,1920 x 1080,180,NVIDIA,2.1,57Whr 4-cell Adapter: 135W AC adapter,22990000,https://cellphones.com.vn/laptop-gaming-acer-nitro-v-anv15-41-r7ap.html,data/cellphones/raw_htmls\acer_2.html,data/cellphones/detail_htmls\acer_2_specs.html
ACER Gaming Aspire 7 A715 59g 57tu,acer,Intel,Core I5,12450,3.3,16,DDR4,3200,4096,15.6,1920 x 1080,144,NVIDIA,1.99,"Pin Li-ion 3 cell 54,8Wh Bộ đổi nguồn AC 150W",20490000,https://cellphones.com.vn/laptop-acer-gaming-aspire-7-a715-59g-57tu.html,data/cellphones/raw_htmls\acer_0.html,data/cellphones/detail_htmls\acer_0_specs.html
ACER Aspire Go 15 Ag15 51p 3151,acer,Intel,Core I3,1215,1.2,8,DDR5,5600,2048,15.3,1920 x 1200,60,Intel,1.7,"53 Wh 3-cell, 65W PD PCR 50%, TCO 9.0 AC adapter",10990000,https://cellphones.com.vn/laptop-acer-aspire-go-15-ag15-51p-3151.html,data/cellphones/raw_htmls\acer_6.html,data/cellphones/detail_htmls\acer_6_specs.html
Gaming ACER Nitro V Anv15 51 72vs,acer,Intel,Core I7,13620,4.9,16,DDR5,5200,2048,15.6,1920 x 1080,144,NVIDIA,2.1,"4 cell, 57Wh",25990000,https://cellphones.com.vn/laptop-gaming-acer-nitro-v-anv15-51-72vs.html,data/cellphones/raw_htmls\acer_8.html,data/cellphones/detail_htmls\acer_8_specs.html
ACER Gaming Nitro Lite 16 Nl16 71g 56wq,acer,Intel,Core I5,13420,3.4,16,DDR5,4800,2048,16.0,1920 x 1200,165,NVIDIA,1.95,Pin Li-ion 3 cell 53Wh Bộ chuyển đổi TypeC 100W,21990000,https://cellphones.com.vn/laptop-acer-gaming-nitro-lite-16-nl16-71g-56wq.html,data/cellphones/raw_htmls\acer_9.html,data/cellphones/detail_htmls\acer_9_specs.html
ACER Nitro V Anv15 41 R2up,acer,AMD,Ryzen5,6600,3.3,16,DDR5,4800,4096,15.6,1920 x 1080,165,NVIDIA,2.1,"57Whr 4-cell, 135W AC Adapter",18690000,https://cellphones.com.vn/laptop-acer-nitro-v-anv15-41-r2up.html,data/cellphones/raw_htmls\acer_5.html,data/cellphones/detail_htmls\acer_5_specs.html
ACER Gaming Nitro V 15 Propanel Anv15 41 R7cr,acer,AMD,Ryzen5,7535,3.3,16,DDR5,4800,4096,15.6,1920 x 1080,180,NVIDIA,2.1,"57Whr 4-cell Li-ion Battery, 135W AC Adapter",26990000,https://cellphones.com.vn/laptop-acer-gaming-nitro-v-15-propanel-anv15-41-r7cr.html,data/cellphones/raw_htmls\acer_7.html,data/cellphones/detail_htmls\acer_7_specs.html
ACER Aspire Lite 14 Al14 71m 52gq,acer,Intel,Core I5,12500,4.5,16,DDR5,4800,2048,14.0,1920 x 1200,60,Intel,1.55,3 cell 58WHrs,15990000,https://cellphones.com.vn/laptop-acer-aspire-lite-14-al14-71m-52gq.html,data/cellphones/raw_htmls\acer_10.html,data/cellphones/detail_htmls\acer_10_specs.html
Gaming ACER Nitro V 15 Propanel Anv15 51 73bt,acer,Intel,Core I7,13620,3.6,16,DDR5,5200,4096,15.6,1920 x 1080,180,NVIDIA,2.1,57Whr 4-cell 135W 5.5 PHY Adapter,27990000,https://cellphones.com.vn/laptop-gaming-acer-nitro-v-15-propanel-anv15-51-73bt.html,data/cellphones/raw_htmls\acer_12.html,data/cellphones/detail_htmls\acer_12_specs.html
ACER Gaming Nitro V 15 Propanel Anv15 41 R9m1,acer,AMD,Ryzen5,7535,3.3,16,DDR5,4800,4096,15.6,1920 x 1080,180,NVIDIA,2.1,Pin Li-ion 4 cell 57Whr Bộ đổi nguồn AC 135W,21990000,https://cellphones.com.vn/laptop-acer-gaming-nitro-v-15-propanel-anv15-41-r9m1.html,data/cellphones/raw_htmls\acer_11.html,data/cellphones/detail_htmls\acer_11_specs.html
ACER Aspire 3 A315 58 53s6,acer,Intel,Core I5,1135,2.4,8,DDR4,2400,2048,15.6,1920 x 1080,60,Intel,1.7,36.7 Wh 2-cell Li-ion battery,15990000,https://cellphones.com.vn/laptop-acer-aspire-3-a315-58-53s6.html,data/cellphones/raw_htmls\acer_14.html,data/cellphones/detail_htmls\acer_14_specs.html
ACER Aspire Lite Gen 2 Al14 52m 32kv,acer,Intel,Core I3,1305,3.3,8,DDR5,4800,2048,14.0,1920 x 1200,60,Intel,1.5,Pin Li-ion 3 cell 58Wh Bộ chuyển đổi 65W PD Type C,9990000,https://cellphones.com.vn/laptop-acer-aspire-lite-gen-2-al14-52m-32kv.html,data/cellphones/raw_htmls\acer_13.html,data/cellphones/detail_htmls\acer_13_specs.html
ACER Aspire Lite 15 Al15 41p R3u5,acer,AMD,Ryzen7,5700,1.8,16,DDR4,3200,2048,15.6,1920 x 1080,60,AMD,1.7,"Pin Li-ion 3 cell 58Wh, Bộ chuyển đổi 65W PD Type C",12990000,https://cellphones.com.vn/laptop-acer-aspire-lite-15-al15-41p-r3u5.html,data/cellphones/raw_htmls\acer_15.html,data/cellphones/detail_htmls\acer_15_specs.html
ACER Aspire Lite 16 Al16 51p 72s2,acer,Intel,Core I7,1255,3.5,24,DDR5,4800,2048,16.0,1920 x 1200,60,Intel,1.8,Li-ion Battery 58Whr 3-cell 65W PD Type-C Adapter,16990000,https://cellphones.com.vn/laptop-acer-aspire-lite-16-al16-51p-72s2.html,data/cellphones/raw_htmls\acer_17.html,data/cellphones/detail_htmls\acer_17_specs.html
ACER Aspire Lite 15 Al15 42p R08m,acer,AMD,Ryzen7,7730,2.0,16,DDR4,3200,2048,15.6,1920 x 1080,60,AMD,1.7,58Wh 3-cell Li-ion battery 65W Type-C Adapter,15490000,https://cellphones.com.vn/laptop-acer-aspire-lite-15-al15-42p-r08m.html,data/cellphones/raw_htmls\acer_16.html,data/cellphones/detail_htmls\acer_16_specs.html
ACER Aspire Lite 15 Al15 71p 517d,acer,Intel,Core I5,12450,4.4,16,,4800,512,15.6,1920 x 1080,60,Intel,1.79,58Wh 3-cell Li-ion battery,15490000,https://cellphones.com.vn/laptop-acer-aspire-lite-15-al15-71p-517d.html,data/cellphones/raw_htmls\acer_19.html,data/cellphones/detail_htmls\acer_19_specs.html
ACER Gaming Aspire 7 A715 59g 73lb,acer,Intel,Core I7,12650,3.5,16,DDR4,3200,4096,15.6,1920 x 1080,144,NVIDIA,1.99,"Pin Li-ion 3 cell 54,8Wh Bộ đổi nguồn AC 150W",23990000,https://cellphones.com.vn/laptop-acer-gaming-aspire-7-a715-59g-73lb.html,data/cellphones/raw_htmls\acer_18.html,data/cellphones/detail_htmls\acer_18_specs.html
ACER Gaming Nitro V 15 Propanel Anv15 41 R0fe,acer,AMD,Ryzen7,7735,3.2,16,DDR5,4800,4096,15.6,1920 x 1080,180,NVIDIA,2.1,"57Whr 4-cell Li-ion Battery, 135W AC Adapter",25990000,https://cellphones.com.vn/laptop-acer-gaming-nitro-v-15-propanel-anv15-41-r0fe.html,data/cellphones/raw_htmls\acer_22.html,data/cellphones/detail_htmls\acer_22_specs.html
ACER Aspire Lite Al16 51p 55n7,acer,Intel,Core I5,1235,3.3,16,DDR5,4800,2048,16.0,1920 x 1200,60,Intel,1.8,58Whr 3-cell 65W PD Type-C Adapter,14990000,https://cellphones.com.vn/laptop-acer-aspire-lite-al16-51p-55n7.html,data/cellphones/raw_htmls\acer_21.html,data/cellphones/detail_htmls\acer_21_specs.html
ACER Nitro V 15 Propanel Anv15 51 73uu,acer,Intel,Core I7,13620,3.6,16,DDR5,5200,4096,15.6,1920 x 1080,180,NVIDIA,2.1,"57Whr 4-cell, 135W 5.5 PHY Adapter",27990000,https://cellphones.com.vn/laptop-acer-nitro-v-15-propanel-anv15-51-73uu.html,data/cellphones/raw_htmls\acer_20.html,data/cellphones/detail_htmls\acer_20_specs.html
ACER Gaming Predator Helios Neo 16 Ai Phn16 73 757w,acer,Intel,Core Ultra 7,255,4.5,32,DDR5,6400,1024,16.0,2560 x 1600,240,NVIDIA,2.7,Pin Li-ion 4 cell 90Wh Bộ đổi nguồn AC 230W,54990000,https://cellphones.com.vn/laptop-acer-gaming-predator-helios-neo-16-ai-phn16-73-757w.html,data/cellphones/raw_htmls\acer_23.html,data/cellphones/detail_htmls\acer_23_specs.html
ACER Gaming Nitro V 15 Propanel Anv15 52 59aa,acer,Intel,Core I5,13420,3.4,16,DDR4,3200,2048,15.6,1920 x 1080,180,NVIDIA,2.1,Pin Li-ion 4 cell 76Wh Bộ chuyển đổi 135W 5.5PHY,28990000,https://cellphones.com.vn/laptop-acer-gaming-nitro-v-15-propanel-anv15-52-59aa.html,data/cellphones/raw_htmls\acer_24.html,data/cellphones/detail_htmls\acer_24_specs.html
ACER Aspire Lite 15 Al15 72p 581v,acer,Intel,Core I5,13500,3.5,16,DDR5,4800,2048,15.6,1920 x 1080,60,Intel,1.79,Pin Li-ion 3 cell 58Wh Bộ đổi nguồn AC 90W,15990000,https://cellphones.com.vn/laptop-acer-aspire-lite-15-al15-72p-581v.html,data/cellphones/raw_htmls\acer_27.html,data/cellphones/detail_htmls\acer_27_specs.html
ACER Aspire Lite 15 Al15 72p 7232,acer,Intel,Core I7,13620,3.6,16,DDR5,4800,2048,15.6,1920 x 1080,60,Intel,1.79,58Wh 3-cell Li-ion battery 90W AC adapter,16990000,https://cellphones.com.vn/laptop-acer-aspire-lite-15-al15-72p-7232.html,data/cellphones/raw_htmls\acer_25.html,data/cellphones/detail_htmls\acer_25_specs.html
ACER Gaming Nitro V 15 Propanel Anv15 41 R0y4,acer,AMD,Ryzen7,7735,3.2,16,DDR5,4800,4096,15.6,1920 x 1080,180,NVIDIA,2.1,Pin Li-ion 4 cell 57Whr Bộ đổi nguồn AC 135W,26990000,https://cellphones.com.vn/laptop-acer-gaming-nitro-v-15-propanel-anv15-41-r0y4.html,data/cellphones/raw_htmls\acer_26.html,data/cellphones/detail_htmls\acer_26_specs.html
ACER Gaming Nitro V 15 Propanel Anv15 52 72bm,acer,Intel,Core I7,13620,3.6,16,DDR4,3200,2048,15.6,1920 x 1080,180,NVIDIA,2.1,Pin Li-ion 4 cell 76Wh Bộ chuyển đổi 135W 5.5PHY,30990000,https://cellphones.com.vn/laptop-acer-gaming-nitro-v-15-propanel-anv15-52-72bm.html,data/cellphones/raw_htmls\acer_28.html,data/cellphones/detail_htmls\acer_28_specs.html
ACER Swift Lite 14 Ai Sfl14 51m 56hs,acer,Intel,Core Ultra 5,125,3.6,16,DDR5,4800,2048,14.0,1920 x 1200,60,Intel,1.27,58Whr 3-cell 65W PD Type-C Adapter,19990000,https://cellphones.com.vn/laptop-acer-swift-lite-14-ai-sfl14-51m-56hs.html,data/cellphones/raw_htmls\acer_29.html,data/cellphones/detail_htmls\acer_29_specs.html
ACER Swift Lite 14 Ai Sfl14 51m 78xz,acer,Intel,Core Ultra 7,155,3.8,16,DDR5,5600,2048,14.0,1920 x 1200,60,Intel,1.27,58Whr 3-cell 65W PD Type-C Adapter,22990000,https://cellphones.com.vn/laptop-acer-swift-lite-14-ai-sfl14-51m-78xz.html,data/cellphones/raw_htmls\acer_32.html,data/cellphones/detail_htmls\acer_32_specs.html
ACER Aspire Go 14 Ai Ag14 71m 57wr,acer,Intel,Core Ultra 5,125,3.6,16,DDR5,5600,2048,14.0,1920 x 1200,60,Intel,1.5,Pin Li-ion 3 cell 55 Wh Bộ chuyển đổi AC USB Type-C 65 W PD,18990000,https://cellphones.com.vn/laptop-acer-aspire-go-14-ai-ag14-71m-57wr.html,data/cellphones/raw_htmls\acer_30.html,data/cellphones/detail_htmls\acer_30_specs.html
ACER Swift 14 Ai Sf14 51 53p9,acer,Intel,Core Ultra 5,226,3.5,16,LPDDR5X,8533,1024,14.0,2880 x 1800,90,Intel,1.26,"Pin Li-ion 3 cell 65 Wh 3 pin USB Type-C 65 W PD PCR 50%, Bộ đổi nguồn AC TCO 9.0",34990000,https://cellphones.com.vn/laptop-acer-swift-14-ai-sf14-51-53p9.html,data/cellphones/raw_htmls\acer_31.html,data/cellphones/detail_htmls\acer_31_specs.html
ACER Gaming Nitro V 16 Ai Propanel Anv16s 61 R9zv,acer,AMD,Ryzen AI 7,350,5.0,32,DDR5,5600,4096,16.0,2560 x 1600,180,NVIDIA,2.1,Pin Li-ion 4 cell 76Wh Bộ đổi nguồn AC 135W,44990000,https://cellphones.com.vn/laptop-acer-gaming-nitro-v-16-ai-propanel-anv16s-61-r9zv.html,data/cellphones/raw_htmls\acer_34.html,data/cellphones/detail_htmls\acer_34_specs.html
ACER Swift 14 Ai Sf14 51 75vp,acer,Intel,Core Ultra 7,258,3.7,32,LPDDR5X,8533,1024,14.0,2880 x 1800,90,Intel,1.26,"Pin Li-ion 3 cell 65 Wh 3 pin USB Type-C 65 W PD PCR 50%, Bộ đổi nguồn AC TCO 9.0",39990000,https://cellphones.com.vn/laptop-acer-swift-14-ai-sf14-51-75vp.html,data/cellphones/raw_htmls\acer_33.html,data/cellphones/detail_htmls\acer_33_specs.html
ACER Aspire Ai A14 61m R9ra,acer,AMD,Ryzen AI 5,340,3.4,16,LPDDR5X,8533,2048,14.0,1920 x 1200,120,AMD,1.25,"65Wh 4-cell Li-ion battery, 65W TypeC adapter",,https://cellphones.com.vn/laptop-acer-aspire-ai-a14-61m-r9ra.html,data/cellphones/raw_htmls\acer_36.html,data/cellphones/detail_htmls\acer_36_specs.html
ACER Gaming Predator Helios 16 Ai Ph16 73 950c,acer,Intel,Core Ultra 9,275,4.6,32,DDR5,6400,2048,16.0,2560 x 1600,240,NVIDIA,2.65,"90Wh 4-cell Li-ion battery, 330W AC Adapter",,https://cellphones.com.vn/laptop-acer-gaming-predator-helios-16-ai-ph16-73-950c.html,data/cellphones/raw_htmls\acer_35.html,data/cellphones/detail_htmls\acer_35_specs.html
ACER Swift Edge 14 Ai Sfe14 51t 52kd,acer,Intel,Core Ultra 5,228,3.5,32,LPDDR5X,8533,2048,14.0,2880 x 1800,120,Intel,0.99,65Wh 3-cell Li-ion battery - Công nghệ sạc nhanh 100W TypeC adapter,,https://cellphones.com.vn/laptop-acer-swift-edge-14-ai-sfe14-51t-52kd.html,data/cellphones/raw_htmls\acer_37.html,data/cellphones/detail_htmls\acer_37_specs.html
ACER Predator Triton Neo 16 Ptn16 51 78jq,acer,Intel,Core Ultra 7,155,3.8,32,LPDDR5X,7467,2048,16.0,2560 x 1600,240,NVIDIA,2.4,"76Whr, 230W 5.5Phy Adapter",,https://cellphones.com.vn/laptop-acer-predator-triton-neo-16-ptn16-51-78jq.html,data/cellphones/raw_htmls\acer_39.html,data/cellphones/detail_htmls\acer_39_specs.html
ACER Swift X Ai Oled Sfx14 72g 79uw,acer,Intel,Core Ultra 7,155,1.4,32,LPDDR5X,6400,1024,14.5,2880 x 1800,120,NVIDIA,1.5,"76 Whr 4-cell, Adapter: 100W Type-C adapter",,https://cellphones.com.vn/laptop-acer-swift-x-ai-oled-sfx14-72g-79uw.html,data/cellphones/raw_htmls\acer_38.html,data/cellphones/detail_htmls\acer_38_specs.html
ACER Gaming Nitro 16 Ai Propanel An16s 61 R5f4,acer,AMD,Ryzen AI 7,350,3.5,16,DDR5,5600,4096,16.0,1920 x 1200,180,NVIDIA,2.18,Pin Li-ion 4 cell 76Wh Bộ đổi nguồn AC 230W,42990000,https://cellphones.com.vn/laptop-acer-gaming-nitro-16-ai-propanel-an16s-61-r5f4.html,data/cellphones/raw_htmls\acer_42.html,data/cellphones/detail_htmls\acer_42_specs.html
ACER Gaming Predator Helios 16 Ai Ph16 73 93hd,acer,Intel,Core Ultra 9,275,4.6,32,DDR5,6400,2048,16.0,2560 x 1600,240,NVIDIA,2.65,"90Wh 4-cell Li-ion battery, 330W AC Adapter",,https://cellphones.com.vn/laptop-acer-gaming-predator-helios-16-ai-ph16-73-93hd.html,data/cellphones/raw_htmls\acer_41.html,data/cellphones/detail_htmls\acer_41_specs.html
ACER Aspire 5 A515 58p 71ej,acer,Intel,Core I7,1355,3.7,16,LPDDR5,4800,1024,15.6,1920 x 1080,60,Intel,1.7,50 Wh 3-cell Li-ion battery,,https://cellphones.com.vn/laptop-acer-aspire-5-a515-58p-71ej.html,data/cellphones/raw_htmls\acer_40.html,data/cellphones/detail_htmls\acer_40_specs.html
ACER Swift X Sfx14 71g 78sy,acer,Intel,Core I7,13700,3.7,32,LPDDR5,4800,1024,14.5,2880 x 1800,120,NVIDIA,1.5,76Wh Li-ion battery,,https://cellphones.com.vn/laptop-acer-swift-x-sfx14-71g-78sy.html,data/cellphones/raw_htmls\acer_43.html,data/cellphones/detail_htmls\acer_43_specs.html
ACER Aspire Go 15 Ag15 72p 776j,acer,Intel,Core 7,150,1.2,16,DDR4,3200,2048,15.6,1920 x 1080,60,Intel,1.53,"55Wh 3-cell Li-ion battery, 65W Type-C Adapter",,https://cellphones.com.vn/laptop-acer-aspire-go-15-ag15-72p-776j.html,data/cellphones/raw_htmls\acer_44.html,data/cellphones/detail_htmls\acer_44_specs.html
ACER Swift X Ai Oled Sfx14 72g 708x,acer,Intel,Core Ultra 7,155,1.4,32,LPDDR5X,6400,1024,14.5,2880 x 1800,120,NVIDIA,1.5,"76 Whr 4-cell, Adapter: 100W Type-C adapter",,https://cellphones.com.vn/laptop-acer-swift-x-ai-oled-sfx14-72g-708x.html,data/cellphones/raw_htmls\acer_46.html,data/cellphones/detail_htmls\acer_46_specs.html
ACER Gaming Nitro V 16 Ai Propanel Anv16s 61 R0b8,acer,AMD,Ryzen AI 5,340,4.8,16,DDR5,5600,4096,16.0,1920 x 1200,180,NVIDIA,2.1,Pin Li-ion 4 cell 76Wh Bộ đổi nguồn AC 135W,34990000,https://cellphones.com.vn/laptop-acer-gaming-nitro-v-16-ai-propanel-anv16s-61-r0b8.html,data/cellphones/raw_htmls\acer_47.html,data/cellphones/detail_htmls\acer_47_specs.html
ACER Swift X Ai Oled Sfx14 72g 77f9,acer,Intel,Core Ultra 7,155,1.4,32,LPDDR5X,6400,1024,14.5,2880 x 1800,120,NVIDIA,1.5,"76 Whr 4-cell, Adapter: 100W Type-C adapter",,https://cellphones.com.vn/laptop-acer-swift-x-ai-oled-sfx14-72g-77f9.html,data/cellphones/raw_htmls\acer_45.html,data/cellphones/detail_htmls\acer_45_specs.html
ACER Aspire Go 14 Ag14 72p 563l,acer,Intel,Core 5,120,3.8,16,DDR4,3200,2048,14.0,1920 x 1200,60,Intel,1.4,"55Wh 3-cell Li-ion battery, 65W Type-C Adapter",,https://cellphones.com.vn/laptop-acer-aspire-go-14-ag14-72p-563l.html,data/cellphones/raw_htmls\acer_48.html,data/cellphones/detail_htmls\acer_48_specs.html
ACER Aspire Lite 15 Al15 42p R8e6,acer,AMD,Ryzen5,7430,2.3,16,DDR4,3200,2048,15.6,1920 x 1080,60,AMD,1.7,"58Wh 3-cell Li-ion battery, 65W Type-C Adapter",,https://cellphones.com.vn/laptop-acer-aspire-lite-15-al15-42p-r8e6.html,data/cellphones/raw_htmls\acer_49.html,data/cellphones/detail_htmls\acer_49_specs.html
Gaming ACER Nitro 5 Tiger An515 58 52sp,acer,Intel,Core I5,12500,4.5,16,DDR4,3200,2048,15.6,1920 x 1080,144,NVIDIA,2.5,"4-cell, 57.5 Wh",27990000,https://cellphones.com.vn/laptop-gaming-acer-nitro-5-tiger-an515-58-52sp.html,data/cellphones/raw_htmls\acer_50.html,data/cellphones/detail_htmls\acer_50_specs.html
ACER Gaming Aspire 7 A715 76 53pj,acer,Intel,Core I5,12450,4.4,16,DDR4,3200,1024,15.6,1920 x 1080,60,Intel,2.1,"3-cell, 50Wh",16990000,https://cellphones.com.vn/laptop-acer-gaming-aspire-7-a715-76-53pj.html,data/cellphones/raw_htmls\acer_51.html,data/cellphones/detail_htmls\acer_51_specs.html
ACER Swift Go 14 Ai Sfg14 73 71zx,acer,Intel,Core Ultra 7,155,3.8,16,LPDDR5X,6400,512,14.0,2880 x 1800,120,Intel,1.3,"4 cell 65 Wh , Pin liền",26990000,https://cellphones.com.vn/laptop-acer-swift-go-14-ai-sfg14-73-71zx.html,data/cellphones/raw_htmls\acer_52.html,data/cellphones/detail_htmls\acer_52_specs.html
ACER Gaming Aspire 5 A515 58gm 53pz,acer,Intel,Core I5,13420,3.4,16,DDR4,3200,2048,15.6,1920 x 1080,60,NVIDIA,1.7,50Wh Li-ion,20490000,https://cellphones.com.vn/laptop-acer-gaming-aspire-5-a515-58gm-53pz.html,data/cellphones/raw_htmls\acer_53.html,data/cellphones/detail_htmls\acer_53_specs.html
ACER Aspire 7 A715 76g 5806,acer,Intel,Core I5,12450,2.0,16,DDR4,3200,1024,15.6,1920 x 1080,144,NVIDIA,2.1,"3-cell Li-ion, 50 Wh",22990000,https://cellphones.com.vn/laptop-acer-aspire-7-a715-76g-5806.html,data/cellphones/raw_htmls\acer_54.html,data/cellphones/detail_htmls\acer_54_specs.html
Gaming ACER Nitro V Anv15 51 55ca,acer,Intel,Core I5,13420,4.6,16,DDR5,5200,2048,15.6,1920 x 1080,144,NVIDIA,2.1,"4 cell, 57Wh",27990000,https://cellphones.com.vn/laptop-gaming-acer-nitro-v-anv15-51-55ca.html,data/cellphones/raw_htmls\acer_56.html,data/cellphones/detail_htmls\acer_56_specs.html
Gaming ACER Nitro V Anv15 51 58an,acer,Intel,Core I5,13420,4.6,16,DDR5,5200,2048,15.6,1920 x 1080,144,NVIDIA,2.1,4 cell - 57 Wh,21490000,https://cellphones.com.vn/laptop-gaming-acer-nitro-v-anv15-51-58an.html,data/cellphones/raw_htmls\acer_55.html,data/cellphones/detail_htmls\acer_55_specs.html
Gaming ACER Nitro 5 Eagle An515 57 54mv,acer,Intel,Core I5,11400,2.6,8,DDR4,3200,2048,15.6,1920 x 1080,144,NVIDIA,2.2,"4-cell, 57.5 Wh",26490000,https://cellphones.com.vn/laptop-gaming-acer-nitro-5-eagle-an515-57-54mv.html,data/cellphones/raw_htmls\acer_57.html,data/cellphones/detail_htmls\acer_57_specs.html
ACER Aspire 3 A314 42p R3b3,acer,AMD,Ryzen7,5700,4.3,16,LPDDR4X,,1024,14.0,1920 x 1200,60,AMD,1.4,3 cell 50 Wh,13990000,https://cellphones.com.vn/laptop-acer-aspire-3-a314-42p-r3b3.html,data/cellphones/raw_htmls\acer_59.html,data/cellphones/detail_htmls\acer_59_specs.html
ACER Aspire 3 Spin 14 A3sp14 31pt 387z,acer,Intel,Core I3,305,,8,LPDDR5,,512,14.0,1920 x 1200,60,Intel,1.5,40Wh Li-ion battery,14990000,https://cellphones.com.vn/laptop-acer-aspire-3-spin-14-a3sp14-31pt-387z.html,data/cellphones/raw_htmls\acer_61.html,data/cellphones/detail_htmls\acer_61_specs.html
ACER Gaming Aspire 7 A715 76g 73fm,acer,Intel,Core I7,12650,,16,DDR4,3200,1024,15.6,1920 x 1080,144,NVIDIA,2.1,50 Wh 3-cell Li-ion battery,23990000,https://cellphones.com.vn/laptop-acer-gaming-aspire-7-a715-76g-73fm.html,data/cellphones/raw_htmls\acer_58.html,data/cellphones/detail_htmls\acer_58_specs.html
Gaming ACER Nitro 5 An515 58 52sp 43910,acer,Intel,Core I5,12500,3.3,8,DDR4,3200,2048,15.6,1920 x 1080,144,NVIDIA,2.5,"4-cell, 57.5 Wh",27990000,https://cellphones.com.vn/laptop-gaming-acer-nitro-5-an515-58-52sp-43910.html,data/cellphones/raw_htmls\acer_60.html,data/cellphones/detail_htmls\acer_60_specs.html
ACER Aspire 3 A315 58 529v Nx Addsv 00n,acer,Intel,Core I5,1135,2.4,8,DDR4,2400,2048,15.6,1920 x 1080,60,Intel,1.7,36.7Wh,,https://cellphones.com.vn/laptop-acer-aspire-3-a315-58-529v-nx-addsv-00n.html,data/cellphones/raw_htmls\acer_62.html,data/cellphones/detail_htmls\acer_62_specs.html
Gaming ACER Nitro V Anv16 41 R6na,acer,AMD,Ryzen7,8845,3.8,16,DDR5,5600,2048,16.0,1920 x 1200,165,NVIDIA,2.5,57Whr 4-cell Adapter: 135W AC adapter,34990000,https://cellphones.com.vn/laptop-gaming-acer-nitro-v-anv16-41-r6na.html,data/cellphones/raw_htmls\acer_65.html,data/cellphones/detail_htmls\acer_65_specs.html
ACER Aspire 7 A715 76g 55t6,acer,Intel,Core I5,12450,3.3,16,DDR4,3200,1024,15.6,1920 x 1080,144,NVIDIA,2.1,50 Wh Lithium-ion,,https://cellphones.com.vn/laptop-acer-aspire-7-a715-76g-55t6.html,data/cellphones/raw_htmls\acer_64.html,data/cellphones/detail_htmls\acer_64_specs.html
Gaming ACER Nitro V Anv16 41 R7en,acer,AMD,Ryzen7,8845,3.8,16,DDR5,5600,4096,16.0,1920 x 1200,165,NVIDIA,2.5,57Whr 4-cell Adapter: 135W AC adapter,28790000,https://cellphones.com.vn/laptop-gaming-acer-nitro-v-anv16-41-r7en.html,data/cellphones/raw_htmls\acer_63.html,data/cellphones/detail_htmls\acer_63_specs.html
Gaming ACER Nitro V Anv16 41 R36y,acer,AMD,Ryzen7,8845,3.8,16,DDR5,5600,2048,16.0,1920 x 1200,165,NVIDIA,2.5,57Whr 4-cell Adapter: 135W AC adapter,31990000,https://cellphones.com.vn/laptop-gaming-acer-nitro-v-anv16-41-r36y.html,data/cellphones/raw_htmls\acer_66.html,data/cellphones/detail_htmls\acer_66_specs.html
ACER Gaming Nitro 16 Ai Propanel An16s 61 R193,acer,AMD,Ryzen ai 9,365,2.0,16,DDR5,5600,4096,16.0,2560 x 1600,180,NVIDIA,2.18,"76Wh 4-cell Li-ion battery, 230W 5.5PHY Adapter",,https://cellphones.com.vn/laptop-acer-gaming-nitro-16-ai-propanel-an16s-61-r193.html,data/cellphones/raw_htmls\acer_67.html,data/cellphones/detail_htmls\acer_67_specs.html
ACER Gaming Nitro V 16 Ai Propanel Anv16s 61 R7kq,acer,AMD,Ryzen AI 5,340,2.0,16,DDR5,,4096,16.0,1920 x 1200,180,NVIDIA,2.1,"76Wh 4-cell Li-ion battery, 135W 5.5PHY Adapter",,https://cellphones.com.vn/laptop-acer-gaming-nitro-v-16-ai-propanel-anv16s-61-r7kq.html,data/cellphones/raw_htmls\acer_71.html,data/cellphones/detail_htmls\acer_71_specs.html
ACER Gaming Aspire 7 A715 59g 78wg,acer,Intel,Core I7,13620,3.6,16,DDR4,3200,4096,15.6,1920 x 1080,144,NVIDIA,2.07,"54.8Wh 4-cell Li-ion, 150W adapter",,https://cellphones.com.vn/laptop-acer-gaming-aspire-7-a715-59g-78wg.html,data/cellphones/raw_htmls\acer_69.html,data/cellphones/detail_htmls\acer_69_specs.html
ACER Aspire 3 A315 42 R4xd,acer,AMD,Ryzen5,3500,2.1,8,,,512,15.6,,,Intel,1.7,2 cell,,https://cellphones.com.vn/laptop-acer-aspire-3-a315-42-r4xd.html,data/cellphones/raw_htmls\acer_68.html,data/cellphones/detail_htmls\acer_68_specs.html
ACER Aspire Go 15 Ag15 72p 54gy,acer,Intel,Core 5,120,3.8,16,DDR4,3200,2048,15.6,1920 x 1080,60,Intel,1.53,"55Wh 3-cell Li-ion, 65W Type-C Adapter",,https://cellphones.com.vn/laptop-acer-aspire-go-15-ag15-72p-54gy.html,data/cellphones/raw_htmls\acer_70.html,data/cellphones/detail_htmls\acer_70_specs.html
Gaming ACER Nitro 5 An515 55 5923,acer,Intel,Core I5,10300,,8,DDR4,2933,512,15.6,1920 x 1080,144,NVIDIA,2.3,Lithium-ion,,https://cellphones.com.vn/laptop-gaming-acer-nitro-5-an515-55-5923.html,data/cellphones/raw_htmls\acer_72.html,data/cellphones/detail_htmls\acer_72_specs.html
ACER Aspire Lite 16 Gen 2 Al16 52p 76du,acer,Intel,Core I7,1355,1.7,16,DDR5,4800,2048,16.0,1920 x 1200,60,Intel,1.7,"3-cell Li-ion, 58 Wh",,https://cellphones.com.vn/laptop-acer-aspire-lite-16-gen-2-al16-52p-76du.html,data/cellphones/raw_htmls\acer_75.html,data/cellphones/detail_htmls\acer_75_specs.html
ACER Gaming Predator Helios Neo Phn16 72 78l4,acer,Intel,Core I7,14700,3.9,16,DDR5,5600,1024,16.0,2560 x 1600,240,NVIDIA,2.8,90Whr 4-cell 230W 5.5Phy Adapter,,https://cellphones.com.vn/laptop-acer-gaming-predator-helios-neo-phn16-72-78l4.html,data/cellphones/raw_htmls\acer_76.html,data/cellphones/detail_htmls\acer_76_specs.html
ACER Aspire 3 A315 44p R9w8,acer,AMD,Ryzen7,5700,1.8,8,DDR4,3200,2048,15.6,1920 x 1080,60,AMD,1.7,50 Wh 3-cell Li-ion battery,,https://cellphones.com.vn/laptop-acer-aspire-3-a315-44p-r9w8.html,data/cellphones/raw_htmls\acer_74.html,data/cellphones/detail_htmls\acer_74_specs.html
Gaming ACER Nitro 5 An515 45 R6ev Nhqbmsv 006,acer,AMD,Ryzen5,5600,,16,DDR4,3200,512,15.6,1920 x 1080,144,NVIDIA,2.2,"4-cell Li-ion, 57 Wh",,https://cellphones.com.vn/laptop-gaming-acer-nitro-5-an515-45-r6ev-nhqbmsv-006.html,data/cellphones/raw_htmls\acer_73.html,data/cellphones/detail_htmls\acer_73_specs.html
ACER Gaming Nitro V 16 Ai Propanel Anv16s 71 75lr,acer,Intel,Core 7,240,1.8,32,DDR5,5600,4096,16.0,2560 x 1600,180,NVIDIA,2.1,"76Wh 4-cell Li-ion battery, 135W_5.5PHY adapter",,https://cellphones.com.vn/laptop-acer-gaming-nitro-v-16-ai-propanel-anv16s-71-75lr.html,data/cellphones/raw_htmls\acer_78.html,data/cellphones/detail_htmls\acer_78_specs.html
ACER Aspire Go 15 Ag15 72p 35x9,acer,Intel,Core I3,1305,3.3,8,DDR4,3200,2048,15.6,1920 x 1080,60,Intel,1.53,"55Wh 3-cell Li-ion, 65W Type-C Adapter",,https://cellphones.com.vn/laptop-acer-aspire-go-15-ag15-72p-35x9.html,data/cellphones/raw_htmls\acer_77.html,data/cellphones/detail_htmls\acer_77_specs.html
Gaming ACER Nitro V Anv16 41 R6zy,acer,AMD,Ryzen5,8645,4.3,16,DDR5,5600,4096,16.0,1920 x 1200,165,NVIDIA,2.5,57Whr 4-cell Adapter: 135W AC adapter,27490000,https://cellphones.com.vn/laptop-gaming-acer-nitro-v-anv16-41-r6zy.html,data/cellphones/raw_htmls\acer_79.html,data/cellphones/detail_htmls\acer_79_specs.html
ACER Gaming Nitro V 15 Propanel Anv15 52 59rr,acer,Intel,Core 5,210,3.6,16,DDR4,3200,2048,15.6,1920 x 1080,180,NVIDIA,2.1,"76Wh 4-cell Li-ion battery, 135W 5.5PHY Adapter",,https://cellphones.com.vn/laptop-acer-gaming-nitro-v-15-propanel-anv15-52-59rr.html,data/cellphones/raw_htmls\acer_81.html,data/cellphones/detail_htmls\acer_81_specs.html
ACER Nitro V 16 Propanel Anv16 41 R36y,acer,AMD,Ryzen7,8845,3.8,16,DDR5,5600,2048,16.0,1920 x 1200,165,NVIDIA,2.5,57Whr 4-cell Adapter: 135W AC adapter,,https://cellphones.com.vn/laptop-acer-nitro-v-16-propanel-anv16-41-r36y.html,data/cellphones/raw_htmls\acer_80.html,data/cellphones/detail_htmls\acer_80_specs.html
ACER Gaming Aspire 5 A515 58gm 598j,acer,Intel,Core I5,13420,4.6,16,DDR4,3200,2048,15.6,1920 x 1080,144,NVIDIA,1.78,50 Wh,,https://cellphones.com.vn/laptop-acer-gaming-aspire-5-a515-58gm-598j.html,data/cellphones/raw_htmls\acer_83.html,data/cellphones/detail_htmls\acer_83_specs.html
ACER Gaming Aspire 7 A715 76 728x,acer,Intel,Core I7,12650,3.5,16,DDR4,,512,15.6,1920 x 1080,60,Intel,2.1,,19990000,https://cellphones.com.vn/laptop-acer-gaming-aspire-7-a715-76-728x.html,data/cellphones/raw_htmls\acer_82.html,data/cellphones/detail_htmls\acer_82_specs.html
ACER Aspire 5 A515 58p 56rp,acer,Intel,Core I5,1335,3.4,16,LPDDR5,,2048,15.6,1920 x 1080,,Intel,1.7,50Wh Li-ion battery,16990000,https://cellphones.com.vn/laptop-acer-aspire-5-a515-58p-56rp.html,data/cellphones/raw_htmls\acer_85.html,data/cellphones/detail_htmls\acer_85_specs.html
ACER Gaming Nitro V 15 Anv15 41 R732,acer,AMD,Ryzen5,6600,3.3,16,DDR5,4800,4096,15.6,1920 x 1080,165,NVIDIA,2.1,"57Whr 4-cell, 135W 5.5PHY Adapter",,https://cellphones.com.vn/laptop-acer-gaming-nitro-v-15-anv15-41-r732.html,data/cellphones/raw_htmls\acer_84.html,data/cellphones/detail_htmls\acer_84_specs.html
ACER Gaming Nitro V 16s Propanel Anv16s 41 R337,acer,AMD,Ryzen7,260,3.8,16,DDR5,5600,4096,16.0,1920 x 1200,180,NVIDIA,2.1,"76Wh 4-cell Li-ion battery, 135W 5.5PHY Adapter",,https://cellphones.com.vn/laptop-acer-gaming-nitro-v-16s-propanel-anv16s-41-r337.html,data/cellphones/raw_htmls\acer_86.html,data/cellphones/detail_htmls\acer_86_specs.html
ACER Aspire 5 A514 56p 55k5,acer,Intel,Core I5,1335,1.3,16,LPDDR5,6400,512,14.0,1200 x 1920,,Intel,1.5,"3 cell 50 Wh , Pin liền",16990000,https://cellphones.com.vn/laptop-acer-aspire-5-a514-56p-55k5.html,data/cellphones/raw_htmls\acer_87.html,data/cellphones/detail_htmls\acer_87_specs.html
ACER Gaming Aspire 7 A715 59g 55md,acer,Intel,Core I5,13420,3.4,16,DDR4,3200,4096,15.6,1920 x 1080,144,NVIDIA,2.07,"54.8Wh 4-cell Li-ion, 150W adapter",,https://cellphones.com.vn/laptop-acer-gaming-aspire-7-a715-59g-55md.html,data/cellphones/raw_htmls\acer_88.html,data/cellphones/detail_htmls\acer_88_specs.html
ACER Swift Go 14 Ai Sfg14 75 5264,acer,Intel,Core Ultra 5,226,3.5,16,LPDDR5X,8533,2048,14.0,1920 x 1200,60,Intel,1.24,"65Wh 4-cell Li-ion battery, 100W TypeC adapter",,https://cellphones.com.vn/laptop-acer-swift-go-14-ai-sfg14-75-5264.html,data/cellphones/raw_htmls\acer_89.html,data/cellphones/detail_htmls\acer_89_specs.html
ACER Swift Go 14 Sfg14 41 R251,acer,AMD,Ryzen5,7430,4.3,16,LPDDR4X,4800,1024,14.0,1920 x 1080,60,AMD,1.25,"50Wh Li-ion, 65W Type-C adapter",,https://cellphones.com.vn/laptop-acer-swift-go-14-sfg14-41-r251.html,data/cellphones/raw_htmls\acer_90.html,data/cellphones/detail_htmls\acer_90_specs.html
MSI Katana 15 B13vfk 676vn,msi,Intel,Core I7,13620,3.6,16,DDR5,5200,1024,15.6,1920 x 1080,144,NVIDIA,2.25,"3 cell, 53.5Whr",30990000,https://cellphones.com.vn/laptop-msi-katana-15-b13vfk-676vn.html,data/cellphones/raw_htmls\msi_1.html,data/cellphones/detail_htmls\msi_1_specs.html
MSI Katana 15 B13udxk 2270vn 16gb,msi,Intel,Core I5,13500,2.6,16,DDR5,5200,1024,15.6,1920 x 1080,144,NVIDIA,2.25,3-Cell,22990000,https://cellphones.com.vn/laptop-msi-katana-15-b13udxk-2270vn-16gb.html,data/cellphones/raw_htmls\msi_0.html,data/cellphones/detail_htmls\msi_0_specs.html
MSI Modern 14 C12mo 660vn,msi,Intel,Core I5,1235,4.4,16,DDR4,3200,512,14.0,1920 x 1080,,Intel,1.4,39Wh,15990000,https://cellphones.com.vn/laptop-msi-modern-14-c12mo-660vn.html,data/cellphones/raw_htmls\msi_4.html,data/cellphones/detail_htmls\msi_4_specs.html
MSI Gaming Katana A15 Ai B8ve 402vn,msi,AMD,Ryzenr7,8845,,16,DDR5,5600,512,15.6,1920 x 1080,144,NVIDIA,2.25,3-Cell 53.5 Battery (Whr),28990000,https://cellphones.com.vn/laptop-msi-gaming-katana-a15-ai-b8ve-402vn.html,data/cellphones/raw_htmls\msi_2.html,data/cellphones/detail_htmls\msi_2_specs.html
MSI Katana 15 Hx B14wek 286vn,msi,Intel,Core I5,14450,,16,DDR5,5600,4096,15.6,2560 x 1440,165,NVIDIA,2.4,4 cell 75 Whrs,33690000,https://cellphones.com.vn/laptop-msi-katana-15-hx-b14wek-286vn.html,data/cellphones/raw_htmls\msi_3.html,data/cellphones/detail_htmls\msi_3_specs.html
MSI Modern 14 F13mg 240vncp,msi,Intel,Core I5,1335,4.6,16,DDR4,3200,512,14.0,1920 x 1080,60,Intel,1.5,3 Cell Int (46.8Wh),14590000,https://cellphones.com.vn/laptop-msi-modern-14-f13mg-240vncp.html,data/cellphones/raw_htmls\msi_8.html,data/cellphones/detail_htmls\msi_8_specs.html
MSI Gaming Thin 15 B13uc 3247vn,msi,Intel,Core I5,13420,,16,DDR4,3200,4096,15.6,1920 x 1080,144,NVIDIA,1.86,3CELLS/3S1P,19590000,https://cellphones.com.vn/laptop-msi-gaming-thin-15-b13uc-3247vn.html,data/cellphones/raw_htmls\msi_5.html,data/cellphones/detail_htmls\msi_5_specs.html
MSI Katana 15 B13vek 2256vn,msi,Intel,Core I7,13620,,16,DDR5,5200,512,15.6,1920 x 1080,144,NVIDIA,2.25,"3-cell, 53.5WHr",26990000,https://cellphones.com.vn/laptop-msi-katana-15-b13vek-2256vn.html,data/cellphones/raw_htmls\msi_7.html,data/cellphones/detail_htmls\msi_7_specs.html
MSI Stealth A16 Ai A3xwfg 018vn RYZEN Ai 9,msi,AMD,Ryzen AI 9,370,2.0,32,DDR5,5600,1024,16.0,2560 x 1600,240,NVIDIA,2.1,4 cell / 99.9 Whr,63690000,https://cellphones.com.vn/laptop-msi-stealth-a16-ai-a3xwfg-018vn-ryzen-ai-9.html,data/cellphones/raw_htmls\msi_6.html,data/cellphones/detail_htmls\msi_6_specs.html
MSI Gaming Thin 15 B13uc 2081vn,msi,Intel,Core I5,13420,,16,DDR4,3200,512,15.6,1920 x 1080,144,NVIDIA,1.86,3-Cell 52.4 Battery (Whr),20990000,https://cellphones.com.vn/laptop-msi-gaming-thin-15-b13uc-2081vn.html,data/cellphones/raw_htmls\msi_9.html,data/cellphones/detail_htmls\msi_9_specs.html
MSI Stealth A16 Ai A3xwhg 085vn RYZEN Ai 9,msi,AMD,Ryzen AI 9,370,,32,LPDDR5X,,1024,16.0,2560 x 1600,240,NVIDIA,2.1,"4-cell, 99.9 Whr",73990000,https://cellphones.com.vn/laptop-msi-stealth-a16-ai-a3xwhg-085vn-ryzen-ai-9.html,data/cellphones/raw_htmls\msi_12.html,data/cellphones/detail_htmls\msi_12_specs.html
MSI Cyborg 15 A13uc 2082vn,msi,Intel,Core I7,13620,,16,DDR5,5600,4096,15.6,1920 x 1080,144,NVIDIA,1.98,3 Cells 53.5 Whrs,20990000,https://cellphones.com.vn/laptop-msi-cyborg-15-a13uc-2082vn.html,data/cellphones/raw_htmls\msi_11.html,data/cellphones/detail_htmls\msi_11_specs.html
MSI Modern 14 F13mg 466vn,msi,Intel,Core I5,1334,1.3,24,DDR4,3200,512,14.0,1920 x 1080,60,Intel,1.5,"3-cell, 46.8 Wh",15990000,https://cellphones.com.vn/laptop-msi-modern-14-f13mg-466vn.html,data/cellphones/raw_htmls\msi_10.html,data/cellphones/detail_htmls\msi_10_specs.html
MSI Gaming Thin 15 B13ve 2824vn,msi,Intel,Core I5,13420,,16,DDR4,3200,512,15.6,1920 x 1080,144,NVIDIA,1.86,"3-cell, 52.4WHr",22990000,https://cellphones.com.vn/laptop-msi-gaming-thin-15-b13ve-2824vn.html,data/cellphones/raw_htmls\msi_13.html,data/cellphones/detail_htmls\msi_13_specs.html
MSI Katana 15 B13udxk 2411vn,msi,Intel,Core I7,13620,4.9,16,DDR5,5200,512,15.6,1920 x 1080,144,NVIDIA,2.304,3 Cell Int (53.5Wh),24490000,https://cellphones.com.vn/laptop-msi-katana-15-b13udxk-2411vn.html,data/cellphones/raw_htmls\msi_14.html,data/cellphones/detail_htmls\msi_14_specs.html
MSI Katana 15 B13udxk 2269vn 16gb,msi,Intel,Core I7,13620,2.4,16,DDR5,5200,1024,15.6,1920 x 1080,144,NVIDIA,2.25,3-Cell,24990000,https://cellphones.com.vn/laptop-msi-katana-15-b13udxk-2269vn-16gb.html,data/cellphones/raw_htmls\msi_17.html,data/cellphones/detail_htmls\msi_17_specs.html
MSI Cyborg 15 B2rwekg 402vn,msi,Intel,Core 5,210,4.8,16,DDR5,5200,512,15.6,1920 x 1080,144,NVIDIA,2.207,4 Cell Int (55.2Wh),27690000,https://cellphones.com.vn/laptop-msi-cyborg-15-b2rwekg-402vn.html,data/cellphones/raw_htmls\msi_16.html,data/cellphones/detail_htmls\msi_16_specs.html
MSI Katana 15 B13udxk 2213vn,msi,Intel,Core I5,13500,3.5,16,DDR5,5200,1024,15.6,1920 x 1080,144,NVIDIA,2.25,"3 cell, 53.5Whr",23490000,https://cellphones.com.vn/laptop-msi-katana-15-b13udxk-2213vn.html,data/cellphones/raw_htmls\msi_18.html,data/cellphones/detail_htmls\msi_18_specs.html
MSI Katana 15 Hx B14wek 027vn,msi,Intel,Core I7,14650,2.2,32,DDR5,5600,512,15.6,2560 x 1440,165,NVIDIA,2.4,"4 cell 75 Wh , Pin liền",37690000,https://cellphones.com.vn/laptop-msi-katana-15-hx-b14wek-027vn.html,data/cellphones/raw_htmls\msi_15.html,data/cellphones/detail_htmls\msi_15_specs.html
MSI Gaming Thin 15 B13uc 1411vn 24gb,msi,Intel,Core I7,13620,,24,DDR4,3200,512,15.6,1920 x 1080,144,NVIDIA,1.86,"3-cell, 52.4WHr",20990000,https://cellphones.com.vn/laptop-msi-gaming-thin-15-b13uc-1411vn-24gb.html,data/cellphones/raw_htmls\msi_19.html,data/cellphones/detail_htmls\msi_19_specs.html
MSI Cyborg 14 A13udx 099vn,msi,Intel,Core I7,13620,4.9,16,DDR5,5200,512,14.0,1920 x 1200,144,NVIDIA,1.6,"3 cell, 53.5Whr",25390000,https://cellphones.com.vn/laptop-msi-cyborg-14-a13udx-099vn.html,data/cellphones/raw_htmls\msi_20.html,data/cellphones/detail_htmls\msi_20_specs.html
MSI Modern 14 C12m 241vn,msi,Intel,Core I7,1255,4.7,8,DDR4,3200,512,14.0,1920 x 1080,60,Intel,1.4,39 Wh,19990000,https://cellphones.com.vn/laptop-msi-modern-14-c12m-241vn.html,data/cellphones/raw_htmls\msi_21.html,data/cellphones/detail_htmls\msi_21_specs.html
MSI Venture 14 Ai A1mg 005vn,msi,Intel,Core Ultra 5,125,,16,DDR5,5600,512,14.0,2880 x 1800,120,Intel,1.7,"4-cell, 55.2WHr",24490000,https://cellphones.com.vn/laptop-msi-venture-14-ai-a1mg-005vn.html,data/cellphones/raw_htmls\msi_23.html,data/cellphones/detail_htmls\msi_23_specs.html
MSI Katana 15 Hx B14wek 295vn,msi,Intel,Core I9,14900,1.6,16,DDR5,5600,512,15.6,2560 x 1440,165,NVIDIA,2.4,4 cell / 75 Whr,37690000,https://cellphones.com.vn/laptop-msi-katana-15-hx-b14wek-295vn.html,data/cellphones/raw_htmls\msi_22.html,data/cellphones/detail_htmls\msi_22_specs.html
MSI Katana 15 Hx B14wfk 294vn,msi,Intel,Core I9,14900,1.6,16,DDR5,5600,512,15.6,2560 x 1440,165,NVIDIA,2.4,4 cell / 75 Whr,40190000,https://cellphones.com.vn/laptop-msi-katana-15-hx-b14wfk-294vn.html,data/cellphones/raw_htmls\msi_24.html,data/cellphones/detail_htmls\msi_24_specs.html
MSI Prestige 14 Ai Studio C1udxg 058vn,msi,Intel,Core Ultra 7,155,4.8,16,DDR5,5600,1024,14.0,1920 x 1200,144,NVIDIA,1.7,4-Cell 90 Whrs,30990000,https://cellphones.com.vn/laptop-msi-prestige-14-ai-studio-c1udxg-058vn.html,data/cellphones/raw_htmls\msi_25.html,data/cellphones/detail_htmls\msi_25_specs.html
MSI Katana 15 Hx B14wgk 022vn,msi,Intel,Core I9,14900,1.6,32,DDR5,5600,1024,15.6,2560 x 1440,165,NVIDIA,2.4,4 cell / 75 Whr,48090000,https://cellphones.com.vn/laptop-msi-katana-15-hx-b14wgk-022vn.html,data/cellphones/raw_htmls\msi_26.html,data/cellphones/detail_htmls\msi_26_specs.html
MSI Vector 16 Hx Ai A2xwhg 010vn,msi,Intel,Core Ultra 7,255,5.2,16,DDR5,5600,512,16.0,2560 x 1600,240,NVIDIA,2.7,4-Cell 90 Whrs (Whr),54990000,https://cellphones.com.vn/laptop-msi-vector-16-hx-ai-a2xwhg-010vn.html,data/cellphones/raw_htmls\msi_29.html,data/cellphones/detail_htmls\msi_29_specs.html
MSI Prestige 16 Ai Evo B2vmg 016vn,msi,Intel,Core Ultra 9,288,,32,LPDDR5X,8533,1024,16.0,3840 x 2400,60,Intel,1.5,"4-cell, 99.9WHr",45990000,https://cellphones.com.vn/laptop-msi-prestige-16-ai-evo-b2vmg-016vn.html,data/cellphones/raw_htmls\msi_27.html,data/cellphones/detail_htmls\msi_27_specs.html
MSI Sword 16 Hx B14vfkg 045vn,msi,Intel,Core I7,14700,2.1,16,DDR5,5600,1024,16.0,2560 x 1600,240,NVIDIA,2.3,"4 cell 65 Wh, pin liền",38990000,https://cellphones.com.vn/laptop-msi-sword-16-hx-b14vfkg-045vn.html,data/cellphones/raw_htmls\msi_28.html,data/cellphones/detail_htmls\msi_28_specs.html
MSI Prestige 13 Ai Ukiyoe Edition A2vmg 075vn,msi,Intel,Core Ultra 9,288,5.1,32,LPDDR5X,8533,2048,13.3,2880 x 1800,60,Intel,0.976,4 Cell Int (75Wh),47990000,https://cellphones.com.vn/laptop-msi-prestige-13-ai-ukiyoe-edition-a2vmg-075vn.html,data/cellphones/raw_htmls\msi_30.html,data/cellphones/detail_htmls\msi_30_specs.html
MSI Venture A16 Ai A3hmg 017vn RYZEN Ai 7,msi,AMD,Ryzen AI 7,350,,16,DDR5,5600,512,16.0,2048 x 1280,120,AMD,1.9,"4-cell, 75WHr",29990000,https://cellphones.com.vn/laptop-msi-venture-a16-ai-a3hmg-017vn-ryzen-ai-7.html,data/cellphones/raw_htmls\msi_31.html,data/cellphones/detail_htmls\msi_31_specs.html
MSI Venture Pro 16 Ai A1veg 003vn,msi,Intel,Core Ultra 7,155,0.9,16,DDR5,5600,512,16.0,2048 x 1280,120,NVIDIA,1.9,"4 cell, 55.2Whr",35990000,https://cellphones.com.vn/laptop-msi-venture-pro-16-ai-a1veg-003vn.html,data/cellphones/raw_htmls\msi_34.html,data/cellphones/detail_htmls\msi_34_specs.html
MSI Katana 15 Hx B14wfk 025vn,msi,Intel,Core I7,14650,,16,DDR5,5600,4096,15.6,2560 x 1440,165,NVIDIA,2.4,4 cell 75 Whrs,38190000,https://cellphones.com.vn/laptop-msi-katana-15-hx-b14wfk-025vn.html,data/cellphones/raw_htmls\msi_35.html,data/cellphones/detail_htmls\msi_35_specs.html
MSI Modern 14 C13m 458vn,msi,Intel,Core I5,1335,1.3,8,DDR4,3200,512,14.0,1920 x 1080,60,Intel,1.4,"3 cell, 39.3Whr",17990000,https://cellphones.com.vn/laptop-msi-modern-14-c13m-458vn.html,data/cellphones/raw_htmls\msi_32.html,data/cellphones/detail_htmls\msi_32_specs.html
MSI Crosshair 16 Hx D2xwfkg 070vn,msi,Intel,Core Ultra 9,275,5.4,16,DDR5,5600,1024,16.0,2560 x 1600,240,NVIDIA,2.5,4 Cell int (240W),46990000,https://cellphones.com.vn/laptop-msi-crosshair-16-hx-d2xwfkg-070vn.html,data/cellphones/raw_htmls\msi_33.html,data/cellphones/detail_htmls\msi_33_specs.html
MSI Sword 16 Hx B14vekg 459vn,msi,Intel,Core I7,14700,,16,DDR5,5600,1024,16.0,1920 x 1200,144,NVIDIA,2.3,"4-cell, 65WHr",35990000,https://cellphones.com.vn/laptop-msi-sword-16-hx-b14vekg-459vn.html,data/cellphones/raw_htmls\msi_36.html,data/cellphones/detail_htmls\msi_36_specs.html
MSI Sword 16 Hx B14vekg 856vn,msi,Intel,Core I7,14700,5.5,16,DDR5,5600,1024,16.0,1920 x 1200,165,NVIDIA,2.3,"4-cell, 65WHr",35990000,https://cellphones.com.vn/laptop-msi-sword-16-hx-b14vekg-856vn.html,data/cellphones/raw_htmls\msi_37.html,data/cellphones/detail_htmls\msi_37_specs.html
MSI Prestige 13 Ai Evo A2vmg 040vn,msi,Intel,Core Ultra 7,258,,32,LPDDR5X,8533,1024,13.3,2880 x 1800,60,Intel,0.99,"4-cell, 75WHr",38990000,https://cellphones.com.vn/laptop-msi-prestige-13-ai-evo-a2vmg-040vn.html,data/cellphones/raw_htmls\msi_38.html,data/cellphones/detail_htmls\msi_38_specs.html
MSI Crosshair 16 Hx D2xwfkg 036vn,msi,Intel,Core Ultra 7,255,5.2,16,DDR5,5600,1024,16.0,2560 x 1600,240,NVIDIA,2.5,4 Cell int (240W),44990000,https://cellphones.com.vn/laptop-msi-crosshair-16-hx-d2xwfkg-036vn.html,data/cellphones/raw_htmls\msi_40.html,data/cellphones/detail_htmls\msi_40_specs.html
MSI Prestige 13 Ai Evo A2vmg 062vn,msi,Intel,Core Ultra 9,288,1.0,32,LPDDR5X,8533,1024,13.3,2880 x 1800,60,Intel,0.97,4 Cell Int (75Wh),36990000,https://cellphones.com.vn/laptop-msi-prestige-13-ai-evo-a2vmg-062vn.html,data/cellphones/raw_htmls\msi_39.html,data/cellphones/detail_htmls\msi_39_specs.html
MSI Raider 18 Hx Ai A2xwig 033vn,msi,Intel,Core Ultra 9,,2.8,64,DDR5,6400,4096,18.0,3840 x 2400,120,NVIDIA,3.6,4-Cell  99.9 Whrs (Whr),129990000,https://cellphones.com.vn/laptop-msi-raider-18-hx-ai-a2xwig-033vn.html,data/cellphones/raw_htmls\msi_41.html,data/cellphones/detail_htmls\msi_41_specs.html
MSI Gaming Thin 15 B12uc 1416vn 16gb,msi,Intel,Core I5,12450,,16,DDR4,3200,512,15.6,1920 x 1080,144,NVIDIA,1.86,"3-cell, 52.4WHr",19490000,https://cellphones.com.vn/laptop-msi-gaming-thin-15-b12uc-1416vn-16gb.html,data/cellphones/raw_htmls\msi_42.html,data/cellphones/detail_htmls\msi_42_specs.html
MSI Katana 15 B13vfk 2099vn,msi,Intel,Core I7,13620,1.8,32,DDR5,5200,1024,15.6,1920 x 1080,144,NVIDIA,2.25,3 cell / 53.5 Whr,32990000,https://cellphones.com.vn/laptop-msi-katana-15-b13vfk-2099vn.html,data/cellphones/raw_htmls\msi_43.html,data/cellphones/detail_htmls\msi_43_specs.html
MSI Katana 15 Hx B14wfk 267vn,msi,Intel,Core I7,14650,,32,DDR5,5600,4096,15.6,2560 x 1440,165,NVIDIA,2.4,4 cell 75 Whrs,40190000,https://cellphones.com.vn/laptop-msi-katana-15-hx-b14wfk-267vn.html,data/cellphones/raw_htmls\msi_44.html,data/cellphones/detail_htmls\msi_44_specs.html
MSI Prestige 14 Evo B13m 401vn,msi,Intel,Core I5,13500,2.6,16,LPDDR5,4800,512,14.0,1920 x 1200,60,Intel,1.49,4-Cell 72 Battery (Whr),19990000,https://cellphones.com.vn/laptop-msi-prestige-14-evo-b13m-401vn.html,data/cellphones/raw_htmls\msi_45.html,data/cellphones/detail_htmls\msi_45_specs.html
MSI Gaming Gf63 Thin 11uc 1228vn,msi,Intel,Core I7,11800,2.3,8,DDR4,3200,512,15.6,1920 x 1080,144,NVIDIA,1.85,3-Cell 52.4 (Whr),20990000,https://cellphones.com.vn/laptop-msi-gaming-gf63-thin-11uc-1228vn.html,data/cellphones/raw_htmls\msi_47.html,data/cellphones/detail_htmls\msi_47_specs.html
MSI Prestige 13 Ai Evo A1mg 240vn,msi,Intel,Core Ultra 5,125,50.0,32,LPDDR5X,8533,512,13.3,2880 x 1800,60,Intel,0.96,4 Cell Int (75Wh),30990000,https://cellphones.com.vn/laptop-msi-prestige-13-ai-evo-a1mg-240vn.html,data/cellphones/raw_htmls\msi_46.html,data/cellphones/detail_htmls\msi_46_specs.html
MSI Modern 14 B11mou 1033vn,msi,Intel,Core I7,1195,2.9,8,DDR4,3200,512,14.0,1920 x 1080,60,Intel,1.3,3-Cell 39WHrs,21990000,https://cellphones.com.vn/laptop-msi-modern-14-b11mou-1033vn.html,data/cellphones/raw_htmls\msi_50.html,data/cellphones/detail_htmls\msi_50_specs.html
MSI Prestige 14 Ai Studio C1veg 056vn,msi,Intel,Core Ultra 7,155,4.8,32,DDR5,5600,1024,14.0,2880 x 1800,60,NVIDIA,1.7,4-Cell 90 Whrs,36990000,https://cellphones.com.vn/laptop-msi-prestige-14-ai-studio-c1veg-056vn.html,data/cellphones/raw_htmls\msi_49.html,data/cellphones/detail_htmls\msi_49_specs.html
MSI Katana 15 B13vek 2256vn 32gb,msi,Intel,Core I7,13620,,32,DDR5,5200,512,15.6,1920 x 1080,144,NVIDIA,2.25,"3-cell, 53.5WHr",26990000,https://cellphones.com.vn/laptop-msi-katana-15-b13vek-2256vn-32gb.html,data/cellphones/raw_htmls\msi_48.html,data/cellphones/detail_htmls\msi_48_specs.html
MSI Crosshair 16 Hx D2xwfkg 078vn,msi,Intel,Core Ultra 7,255,5.2,32,DDR5,5600,1024,16.0,2560 x 1600,240,NVIDIA,2.5,4 Cell int (240W),46990000,https://cellphones.com.vn/laptop-msi-crosshair-16-hx-d2xwfkg-078vn.html,data/cellphones/raw_htmls\msi_51.html,data/cellphones/detail_htmls\msi_51_specs.html
MSI Modern 14 B11mou 1065vn,msi,Intel,Core I7,1195,2.9,8,DDR4,3200,512,14.0,1920 x 1080,60,Intel,1.3,"3 Cell, 39Whr",16100000,https://cellphones.com.vn/laptop-msi-modern-14-b11mou-1065vn.html,data/cellphones/raw_htmls\msi_52.html,data/cellphones/detail_htmls\msi_52_specs.html
MSI Gaming Gf63 Thin 11uc 1230vn,msi,Intel,Core I5,11400,,8,DDR4,3200,512,15.6,1920 x 1080,144,NVIDIA,1.86,3-Cell 52.4 (Whr),,https://cellphones.com.vn/laptop-msi-gaming-gf63-thin-11uc-1230vn.html,data/cellphones/raw_htmls\msi_55.html,data/cellphones/detail_htmls\msi_55_specs.html
MSI Modern 14 B11mou 1030vn,msi,Intel,Core I3,1115,,8,DDR4,3200,256,14.0,1920 x 1080,,Intel,1.3,"3 cell , 39Whr",14990000,https://cellphones.com.vn/laptop-msi-modern-14-b11mou-1030vn.html,data/cellphones/raw_htmls\msi_53.html,data/cellphones/detail_htmls\msi_53_specs.html
MSI Prestige 13 Evo A13m 081vn,msi,Intel,Core I7,1360,5.0,16,DDR5,4800,1024,13.3,1920 x 1200,,Intel,0.99,75Wh 4 Cell,,https://cellphones.com.vn/laptop-msi-prestige-13-evo-a13m-081vn.html,data/cellphones/raw_htmls\msi_54.html,data/cellphones/detail_htmls\msi_54_specs.html
MSI Modern 15 H C2rmg 287vn,msi,Intel,Core 7,240,5.2,16,DDR4,3200,1024,15.6,1920 x 1080,60,Intel,1.946,3 Cell Int (39.3Wh),,https://cellphones.com.vn/laptop-msi-modern-15-h-c2rmg-287vn.html,data/cellphones/raw_htmls\msi_56.html,data/cellphones/detail_htmls\msi_56_specs.html
MSI Modern 15 H Ai C2hmg 220vn,msi,Intel,Core Ultra 7,255,5.1,16,DDR5,5600,512,15.6,1920 x 1080,60,Intel,1.946,3 Cell Int (39.3Wh),,https://cellphones.com.vn/laptop-msi-modern-15-h-ai-c2hmg-220vn.html,data/cellphones/raw_htmls\msi_57.html,data/cellphones/detail_htmls\msi_57_specs.html
MSI Stealth A16 Ai A3xvgg 208vn,msi,AMD,Ryzen AI 9,370,,32,LPDDR5X,7500,2048,16.0,3840 x 2400,120,NVIDIA,2.1,"4-cell, 99.9WHr",,https://cellphones.com.vn/laptop-msi-stealth-a16-ai-a3xvgg-208vn.html,data/cellphones/raw_htmls\msi_59.html,data/cellphones/detail_htmls\msi_59_specs.html
MSI Cyborg 15 A12udx 621vn,msi,Intel,Core I5,12450,3.3,8,DDR5,4800,512,15.6,1920 x 1080,144,NVIDIA,1.98,"3 Cell, 53.5WHrs",,https://cellphones.com.vn/laptop-msi-cyborg-15-a12udx-621vn.html,data/cellphones/raw_htmls\msi_58.html,data/cellphones/detail_htmls\msi_58_specs.html
MSI Katana 15 B13udxk 2269vn,msi,Intel,Core I7,13620,2.4,8,DDR5,5200,1024,15.6,1920 x 1080,144,NVIDIA,2.25,3-Cell,25990000,https://cellphones.com.vn/laptop-msi-katana-15-b13udxk-2269vn.html,data/cellphones/raw_htmls\msi_60.html,data/cellphones/detail_htmls\msi_60_specs.html
MSI Modern 14 B7m 221vn,msi,AMD,Ryzen7,7730,2.0,8,DDR4,3200,512,14.0,1920 x 1080,60,AMD,1.4,39.3Wh,,https://cellphones.com.vn/laptop-msi-modern-14-b7m-221vn.html,data/cellphones/raw_htmls\msi_61.html,data/cellphones/detail_htmls\msi_61_specs.html
MSI Cyborg 15 A12uc 621vn,msi,Intel,Core I5,12450,4.4,8,DDR5,4800,512,15.6,1920 x 1080,144,NVIDIA,1.95,"3 cell, 53.5Whr",,https://cellphones.com.vn/laptop-msi-cyborg-15-a12uc-621vn.html,data/cellphones/raw_htmls\msi_62.html,data/cellphones/detail_htmls\msi_62_specs.html
MSI Cyborg 15 A13uc 861vn,msi,Intel,Core I5,13420,,16,DDR5,,512,15.6,1920 x 1080,144,NVIDIA,1.98,"3 Cell, 53.5 Whr",,https://cellphones.com.vn/laptop-msi-cyborg-15-a13uc-861vn.html,data/cellphones/raw_htmls\msi_64.html,data/cellphones/detail_htmls\msi_64_specs.html
MSI Stealth 16 Ai Studio A1vgg 240vn,msi,Intel,Core Ultra 7,155,3.8,32,DDR5,5600,2048,16.0,2560x1600,240,NVIDIA,1.99,4-Cell 99.9 Battery (Whr),64990000,https://cellphones.com.vn/laptop-msi-stealth-16-ai-studio-a1vgg-240vn.html,data/cellphones/raw_htmls\msi_65.html,data/cellphones/detail_htmls\msi_65_specs.html
MSI Katana Gf66 12udk 814vn,msi,Intel,Core I7,12650,2.3,16,DDR4,3200,512,15.6,1920 x 1080,144,NVIDIA,2.25,"3 cell, 53.5Whr",,https://cellphones.com.vn/laptop-msi-katana-gf66-12udk-814vn.html,data/cellphones/raw_htmls\msi_63.html,data/cellphones/detail_htmls\msi_63_specs.html
MSI Cyborg 15 A13uc 2088vn,msi,Intel,Core I5,13420,4.6,16,DDR5,5600,4096,15.6,1920 x 1080,144,NVIDIA,1.98,3-Cell,,https://cellphones.com.vn/laptop-msi-cyborg-15-a13uc-2088vn.html,data/cellphones/raw_htmls\msi_66.html,data/cellphones/detail_htmls\msi_66_specs.html
MSI Cyborg 15 B13wekg 676vn,msi,Intel,Core I5,13420,4.6,16,DDR5,5600,4096,15.6,1920 x 1080,144,NVIDIA,2.1,4-Cell,,https://cellphones.com.vn/laptop-msi-cyborg-15-b13wekg-676vn.html,data/cellphones/raw_htmls\msi_67.html,data/cellphones/detail_htmls\msi_67_specs.html
Lg Gram 2024 14z90s G Ah75a5,lg,Intel,Coreultrau7,155,,16,LPDDR5X,6400,512,14.0,1920 x 1200,60,Intel,0.12,"72 Wh Li-Ion Phát lại video: 29,5 giờ JEITA 3.0 (Phát lại video) : 14 giờ JEITA 3.0 (Không hoạt động) : 31 giờ",41390000,https://cellphones.com.vn/laptop-lg-gram-2024-14z90s-g-ah75a5.html,data/cellphones/raw_htmls\lg_3.html,data/cellphones/detail_htmls\lg_3_specs.html
Lg Gram 2024 Pro 16z90sp K Ah75a5,lg,Intel,Core Ultra 7,155,,16,LPDDR5X,7467,512,16.0,2880 x 1800,120,Intel,1.19,"77 Wh Li-Ion (GM), 90Wh Li-Ion (PM)",51400000,https://cellphones.com.vn/laptop-lg-gram-2024-pro-16z90sp-k-ah75a5.html,data/cellphones/raw_htmls\lg_2.html,data/cellphones/detail_htmls\lg_2_specs.html
Lg Gram 2024 14z90s G Ah55a5,lg,Intel,Core Ultra 5,125,,16,LPDDR5X,6400,512,14.0,1920 x 1200,60,Intel,0.12,"72 Wh Li-Ion Phát lại video: 29,5 giờ JEITA 3.0 (Phát lại video) : 14 giờ JEITA 3.0 (Không hoạt động) : 31 giờ",36290000,https://cellphones.com.vn/laptop-lg-gram-2024-14z90s-g-ah55a5.html,data/cellphones/raw_htmls\lg_1.html,data/cellphones/detail_htmls\lg_1_specs.html
Lg Gram Book 15u50t G Av56a5,lg,Intel,Core I5,1334,4.6,16,DDR4,3200,512,15.6,1920 x 1080,60,Intel,1.7,51 Wh Li-Ion,16990000,https://cellphones.com.vn/laptop-lg-gram-book-15u50t-g-av56a5.html,data/cellphones/raw_htmls\lg_0.html,data/cellphones/detail_htmls\lg_0_specs.html
Samsung Galaxy Chromebook Go Xe340xda Ka1vn,samsung,Intel,Celeron,4500,1.1,4,LPDDR4X,,32,14.0,1366 x 768,60,Intel,1.145,42.3 Wh (Giá trị điển hình),7290000,https://cellphones.com.vn/laptop-samsung-galaxy-chromebook-go-xe340xda-ka1vn.html,data/cellphones/raw_htmls\samsung_1.html,data/cellphones/detail_htmls\samsung_1_specs.html
Samsung Galaxy Chromebook Go Xe310xda Ka1vn,samsung,Intel,Celeron,4500,1.1,4,LPDDR4X,,32,11.6,1366 x 768,60,Intel,1.06,40.2 Wh (Giá trị điển hình),5990000,https://cellphones.com.vn/laptop-samsung-galaxy-chromebook-go-xe310xda-ka1vn.html,data/cellphones/raw_htmls\samsung_0.html,data/cellphones/detail_htmls\samsung_0_specs.html
Apple MACBOOK Air 13 M4 10cpu 8gpu 16gb 256gb 2025,macbook,Apple,,,,16,,,256,13.6,2560 x 1664,,Apple,1.24,Thời gian xem video trực tuyến lên đến 18 giờ Thời gian duyệt web trên mạng không dây lên đến 15 giờ Pin Li-Po 53.8 watt‑giờ tích hợp,26990000,https://cellphones.com.vn/apple-macbook-air-13-m4-10cpu-8gpu-16gb-256gb-2025.html,data/cellphones/raw_htmls\macbook_1.html,data/cellphones/detail_htmls\macbook_1_specs.html
MACBOOK Air M2 2022 16gb,macbook,Apple,M2,2,,16,,,256,13.6,2560 x 1664,,Apple,1.27,"52,6 Wh",24990000,https://cellphones.com.vn/macbook-air-m2-2022-16gb.html,data/cellphones/raw_htmls\macbook_0.html,data/cellphones/detail_htmls\macbook_0_specs.html
MACBOOK Pro 14 Inch M4 Pro 24gb 512gb,macbook,Apple,M4 Pro,4,,24,,,512,14.2,3024 x 1964,120,Apple,1.6,Pin Li-Po 72.4 watt-giờ Thời gian xem video trực tuyến lên đến 22 giờ Thời gian duyệt web trên mạng không dây lên đến 14 giờ,51990000,https://cellphones.com.vn/macbook-pro-14-inch-m4-pro-24gb-512gb.html,data/cellphones/raw_htmls\macbook_4.html,data/cellphones/detail_htmls\macbook_4_specs.html
Apple MACBOOK Air 13 M4 10cpu 8gpu 16gb 256gb 2025 Sac 70w,macbook,Apple,,,,16,,,256,13.6,2560 x 1664,,Apple,1.24,Thời gian xem video trực tuyến lên đến 18 giờ Thời gian duyệt web trên mạng không dây lên đến 15 giờ Pin Li-Po 53.8 watt‑giờ tích hợp,27990000,https://cellphones.com.vn/apple-macbook-air-13-m4-10cpu-8gpu-16gb-256gb-2025-sac-70w.html,data/cellphones/raw_htmls\macbook_3.html,data/cellphones/detail_htmls\macbook_3_specs.html
Apple MACBOOK Air 13 M4 10cpu 10gpu 16gb 512gb 2025,macbook,Apple,,,,16,,,512,13.6,2560 x 1664,,Apple,1.24,Thời gian xem video trực tuyến lên đến 18 giờ Thời gian duyệt web trên mạng không dây lên đến 15 giờ Pin Li-Po 53.8 watt‑giờ tích hợp,31990000,https://cellphones.com.vn/apple-macbook-air-13-m4-10cpu-10gpu-16gb-512gb-2025.html,data/cellphones/raw_htmls\macbook_2.html,data/cellphones/detail_htmls\macbook_2_specs.html
Apple MACBOOK Air 13 M4 10cpu 10gpu 16gb 512gb 2025 Sac 70w,macbook,Apple,,,,16,,,512,13.6,2560 x 1664,,Apple,1.24,Thời gian xem video trực tuyến lên đến 18 giờ Thời gian duyệt web trên mạng không dây lên đến 15 giờ Pin Li-Po 53.8 watt‑giờ tích hợp,32990000,https://cellphones.com.vn/apple-macbook-air-13-m4-10cpu-10gpu-16gb-512gb-2025-sac-70w.html,data/cellphones/raw_htmls\macbook_5.html,data/cellphones/detail_htmls\macbook_5_specs.html
Apple MACBOOK Air 13 M4 10cpu 10gpu 24gb 512gb 2025,macbook,Apple,,,,24,,,512,13.6,2560 x 1664,,Apple,1.24,Thời gian xem video trực tuyến lên đến 18 giờ Thời gian duyệt web trên mạng không dây lên đến 15 giờ Pin Li-Po 53.8 watt‑giờ tích hợp,36990000,https://cellphones.com.vn/apple-macbook-air-13-m4-10cpu-10gpu-24gb-512gb-2025.html,data/cellphones/raw_htmls\macbook_7.html,data/cellphones/detail_htmls\macbook_7_specs.html
Apple MACBOOK Air 15 M4 10cpu 10gpu 16gb 256gb 2025,macbook,Apple,,,,16,,,256,15.3,2880 x 1864,,Apple,1.51,Thời gian xem video trực tuyến lên đến 18 giờ Thời gian duyệt web trên mạng không dây lên đến 15 giờ Pin Li-Po 66.5 watt‑giờ tích hợp,31990000,https://cellphones.com.vn/apple-macbook-air-15-m4-10cpu-10gpu-16gb-256gb-2025.html,data/cellphones/raw_htmls\macbook_6.html,data/cellphones/detail_htmls\macbook_6_specs.html
Apple MACBOOK Air 15 M4 10cpu 10gpu 16gb 512gb 2025,macbook,Apple,,,,16,,,512,15.3,2880 x 1864,,Apple,1.51,Thời gian xem video trực tuyến lên đến 18 giờ Thời gian duyệt web trên mạng không dây lên đến 15 giờ Pin Li-Po 66.5 watt‑giờ tích hợp,36990000,https://cellphones.com.vn/apple-macbook-air-15-m4-10cpu-10gpu-16gb-512gb-2025.html,data/cellphones/raw_htmls\macbook_9.html,data/cellphones/detail_htmls\macbook_9_specs.html
MACBOOK Air M3 13 Inch 2024,macbook,Apple,M3,3,,8,,,256,13.6,,,Apple,,,27990000,https://cellphones.com.vn/macbook-air-m3-13-inch-2024.html,data/cellphones/raw_htmls\macbook_8.html,data/cellphones/detail_htmls\macbook_8_specs.html
MACBOOK Pro 14 Inch M4 24gb 1tb,macbook,Apple,M4,4,,24,,,1024,14.2,3024 x 1964,120,Apple,1.55,Pin Li-Po 72.4 watt-giờ Thời gian xem video trực tuyến lên đến 24 giờ Thời gian duyệt web trên mạng không dây lên đến 16 giờ,49990000,https://cellphones.com.vn/macbook-pro-14-inch-m4-24gb-1tb.html,data/cellphones/raw_htmls\macbook_12.html,data/cellphones/detail_htmls\macbook_12_specs.html
MACBOOK Pro 16 Inch M4 Max 48gb 1tb,macbook,Apple,M4 Max,4,,48,,,1024,16.2,3456 x 2234,120,Apple,2.15,Pin Li-Po 100 watt-giờ Thời gian xem video trực tuyến lên đến 21 giờ Thời gian duyệt web trên mạng không dây lên đến 14 giờ,103740000,https://cellphones.com.vn/macbook-pro-16-inch-m4-max-48gb-1tb.html,data/cellphones/raw_htmls\macbook_11.html,data/cellphones/detail_htmls\macbook_11_specs.html
Apple MACBOOK Air 13 M4 10cpu 10gpu 24gb 512gb 2025 Sac 70w,macbook,Apple,,,,24,,,512,13.6,2560 x 1664,,Apple,,Thời gian xem video trực tuyến lên đến 18 giờ Thời gian duyệt web trên mạng không dây lên đến 15 giờ Pin Li-Po 53.8 watt‑giờ tích hợp,37990000,https://cellphones.com.vn/apple-macbook-air-13-m4-10cpu-10gpu-24gb-512gb-2025-sac-70w.html,data/cellphones/raw_htmls\macbook_10.html,data/cellphones/detail_htmls\macbook_10_specs.html
MACBOOK Pro 14 Inch M4 Pro 12 Cpu 16 Gpu 24gb 512gb Sac 96w,macbook,Apple,M4 Pro,4,,24,,,512,14.2,3024 x 1964,120,Apple,1.6,Pin Li-Po 72.4 watt-giờ Thời gian xem video trực tuyến lên đến 22 giờ Thời gian duyệt web trên mạng không dây lên đến 14 giờ,52490000,https://cellphones.com.vn/macbook-pro-14-inch-m4-pro-12-cpu-16-gpu-24gb-512gb-sac-96w.html,data/cellphones/raw_htmls\macbook_13.html,data/cellphones/detail_htmls\macbook_13_specs.html
Apple MACBOOK Air 15 M4 10cpu 10gpu 16gb 256gb 2025 Sac 70w,macbook,Apple,,,,16,,,256,15.3,2880 x 1864,,Apple,1.51,Thời gian xem video trực tuyến lên đến 18 giờ Thời gian duyệt web trên mạng không dây lên đến 15 giờ Pin Li-Po 66.5 watt‑giờ tích hợp,32990000,https://cellphones.com.vn/apple-macbook-air-15-m4-10cpu-10gpu-16gb-256gb-2025-sac-70w.html,data/cellphones/raw_htmls\macbook_17.html,data/cellphones/detail_htmls\macbook_17_specs.html
MACBOOK Pro 16 M4 Pro 14 Cpu 20 Gpu 24gb 1tb 2024 Sac 140w,macbook,Apple,M4 Pro,4,,24,,,1024,16.2,3456 x 2234,120,Apple,2.14,Pin Li-Po 100 watt-giờ Thời gian xem video trực tuyến lên đến 24 giờ Thời gian duyệt web trên mạng không dây lên đến 17 giờ,71890000,https://cellphones.com.vn/macbook-pro-16-m4-pro-14-cpu-20-gpu-24gb-1tb-2024-sac-140w.html,data/cellphones/raw_htmls\macbook_18.html,data/cellphones/detail_htmls\macbook_18_specs.html
Apple MACBOOK Air 15 M4 10cpu 10gpu 24gb 512gb 2025 Sac 70w,macbook,Apple,,,,24,,,512,15.3,2880 x 1864,,Apple,1.51,Thời gian xem video trực tuyến lên đến 18 giờ Thời gian duyệt web trên mạng không dây lên đến 15 giờ Pin Li-Po 66.5 watt‑giờ tích hợp,42990000,https://cellphones.com.vn/apple-macbook-air-15-m4-10cpu-10gpu-24gb-512gb-2025-sac-70w.html,data/cellphones/raw_htmls\macbook_15.html,data/cellphones/detail_htmls\macbook_15_specs.html
MACBOOK Pro 14 Inch M4 16gb 1tb,macbook,Apple,M4,4,,16,,,1024,14.2,3024 x 1964,120,Apple,1.55,Pin Li-Po 72.4 watt-giờ Thời gian xem video trực tuyến lên đến 24 giờ Thời gian duyệt web trên mạng không dây lên đến 16 giờ,44990000,https://cellphones.com.vn/macbook-pro-14-inch-m4-16gb-1tb.html,data/cellphones/raw_htmls\macbook_14.html,data/cellphones/detail_htmls\macbook_14_specs.html
Apple MACBOOK Air 15 M4 10cpu 10gpu 16gb 512gb 2025 Sac 70w,macbook,Apple,,,,16,,,512,15.3,2880 x 1864,,Apple,1.51,Thời gian xem video trực tuyến lên đến 18 giờ Thời gian duyệt web trên mạng không dây lên đến 15 giờ Pin Li-Po 66.5 watt‑giờ tích hợp,37990000,https://cellphones.com.vn/apple-macbook-air-15-m4-10cpu-10gpu-16gb-512gb-2025-sac-70w.html,data/cellphones/raw_htmls\macbook_16.html,data/cellphones/detail_htmls\macbook_16_specs.html
MACBOOK Pro 16 Inch M4 Pro 24gb 512gb,macbook,Apple,M4 Pro,4,,24,,,512,16.2,3456 x 2234,120,Apple,2.14,Pin Li-Po 100 watt-giờ Thời gian xem video trực tuyến lên đến 24 giờ Thời gian duyệt web trên mạng không dây lên đến 17 giờ,66990000,https://cellphones.com.vn/macbook-pro-16-inch-m4-pro-24gb-512gb.html,data/cellphones/raw_htmls\macbook_19.html,data/cellphones/detail_htmls\macbook_19_specs.html
MACBOOK Pro M4 Pro 14 Inch 12cpu 16gpu 24gb 512gb Nano,macbook,Apple,M4 Pro,4,,24,,,512,14.2,3024 x 1964,120,Apple,1.6,Pin Li-Po 72.4 watt-giờ Thời gian xem video trực tuyến lên đến 22 giờ Thời gian duyệt web trên mạng không dây lên đến 14 giờ,55660000,https://cellphones.com.vn/macbook-pro-m4-pro-14-inch-12cpu-16gpu-24gb-512gb-nano.html,data/cellphones/raw_htmls\macbook_22.html,data/cellphones/detail_htmls\macbook_22_specs.html
MACBOOK Pro 16 Inch M4 Pro 48gb 512gb,macbook,Apple,M4 Pro,4,,48,,,512,16.2,3456 x 2234,120,Apple,2.14,Pin Li-Po 100 watt-giờ Thời gian xem video trực tuyến lên đến 24 giờ Thời gian duyệt web trên mạng không dây lên đến 17 giờ,76790000,https://cellphones.com.vn/macbook-pro-16-inch-m4-pro-48gb-512gb.html,data/cellphones/raw_htmls\macbook_20.html,data/cellphones/detail_htmls\macbook_20_specs.html
MACBOOK Pro M4 Pro 14 Inch 14cpu 20gpu 24gb 1tb Nano,macbook,Apple,M4 Pro,4,,24,,,1024,14.2,3024 x 1964,120,Apple,1.6,Pin Li-Po 72.4 watt-giờ Thời gian xem video trực tuyến lên đến 22 giờ Thời gian duyệt web trên mạng không dây lên đến 14 giờ,65460000,https://cellphones.com.vn/macbook-pro-m4-pro-14-inch-14cpu-20gpu-24gb-1tb-nano.html,data/cellphones/raw_htmls\macbook_23.html,data/cellphones/detail_htmls\macbook_23_specs.html
MACBOOK Air 15 Inch M4 10cpu 10gpu 24gb 256gb 2025 Sac 70w,macbook,Apple,,,,24,,,256,15.3,2880 x 1864,,Apple,1.51,Thời gian xem video trực tuyến lên đến 18 giờ Thời gian duyệt web trên mạng không dây lên đến 15 giờ Pin Li-Po 66.5 watt‑giờ tích hợp,,https://cellphones.com.vn/macbook-air-15-inch-m4-10cpu-10gpu-24gb-256gb-2025-sac-70w.html,data/cellphones/raw_htmls\macbook_21.html,data/cellphones/detail_htmls\macbook_21_specs.html
MACBOOK Pro 14 Inch M5 24gb 1tb,macbook,Apple,M5,5,,24,,,1024,14.2,3024 x 1964,120,Apple,1.55,Thời gian xem video trực tuyến lên đến 24 giờ Thời gian duyệt web trên mạng không dây lên đến 16 giờ Pin Li-Po 72.4 watt-giờ,,https://cellphones.com.vn/macbook-pro-14-inch-m5-24gb-1tb.html,data/cellphones/raw_htmls\macbook_25.html,data/cellphones/detail_htmls\macbook_25_specs.html
MACBOOK Pro 14 Inch M5 10 Cpu 10 Gpu 32gb 1tb Nano,macbook,Apple,M5,5,,32,,,1024,14.2,3024 x 1964,120,Apple,1.55,Thời gian xem video trực tuyến lên đến 24 giờ Thời gian duyệt web trên mạng không dây lên đến 16 giờ Pin Li-Po 72.4 watt-giờ,,https://cellphones.com.vn/macbook-pro-14-inch-m5-10-cpu-10-gpu-32gb-1tb-nano.html,data/cellphones/raw_htmls\macbook_28.html,data/cellphones/detail_htmls\macbook_28_specs.html
MACBOOK Pro M4 Max 14 Inch 14cpu 32gpu 36gb 1tb Nano,macbook,Apple,M4 Max,4,,36,,,1024,14.2,3024 x 1964,120,Apple,1.62,Pin Li-Po 72.4 watt-giờ Thời gian xem video trực tuyến lên đến 18 giờ Thời gian duyệt web trên mạng không dây lên đến 13 giờ,85060000,https://cellphones.com.vn/macbook-pro-m4-max-14-inch-14cpu-32gpu-36gb-1tb-nano.html,data/cellphones/raw_htmls\macbook_24.html,data/cellphones/detail_htmls\macbook_24_specs.html
MACBOOK Pro 14 Inch M5 10 Cpu 10 Gpu 24gb 512gb,macbook,Apple,M5,5,,24,,,512,14.2,3024 x 1964,120,Apple,1.55,Thời gian xem video trực tuyến lên đến 24 giờ Thời gian duyệt web trên mạng không dây lên đến 16 giờ Pin Li-Po 72.4 watt-giờ,,https://cellphones.com.vn/macbook-pro-14-inch-m5-10-cpu-10-gpu-24gb-512gb.html,data/cellphones/raw_htmls\macbook_27.html,data/cellphones/detail_htmls\macbook_27_specs.html
MACBOOK Pro 14 Inch M5 16gb 1tb,macbook,Apple,M5,5,,16,,,1024,14.2,3024 x 1964,120,Apple,1.55,Thời gian xem video trực tuyến lên đến 24 giờ Thời gian duyệt web trên mạng không dây lên đến 16 giờ Pin Li-Po 72.4 watt-giờ,,https://cellphones.com.vn/macbook-pro-14-inch-m5-16gb-1tb.html,data/cellphones/raw_htmls\macbook_26.html,data/cellphones/detail_htmls\macbook_26_specs.html
MACBOOK Pro 14 Inch M5 10 Cpu 10 Gpu 32gb 512gb Nano,macbook,Apple,M5,5,,32,,,512,14.2,3024 x 1964,120,Apple,1.55,Thời gian xem video trực tuyến lên đến 24 giờ Thời gian duyệt web trên mạng không dây lên đến 16 giờ Pin Li-Po 72.4 watt-giờ,,https://cellphones.com.vn/macbook-pro-14-inch-m5-10-cpu-10-gpu-32gb-512gb-nano.html,data/cellphones/raw_htmls\macbook_31.html,data/cellphones/detail_htmls\macbook_31_specs.html
MACBOOK Pro 14 Inch M5 10 Cpu 10 Gpu 24gb 512gb Nano,macbook,Apple,M5,5,,24,,,512,14.2,3024 x 1964,120,Apple,1.55,Thời gian xem video trực tuyến lên đến 24 giờ Thời gian duyệt web trên mạng không dây lên đến 16 giờ Pin Li-Po 72.4 watt-giờ,,https://cellphones.com.vn/macbook-pro-14-inch-m5-10-cpu-10-gpu-24gb-512gb-nano.html,data/cellphones/raw_htmls\macbook_29.html,data/cellphones/detail_htmls\macbook_29_specs.html
MACBOOK Pro 14 Inch M5 16gb 512gb,macbook,Apple,M5,5,,16,,,512,14.2,3024 x 1964,120,Apple,1.55,Thời gian xem video trực tuyến lên đến 24 giờ Thời gian duyệt web trên mạng không dây lên đến 16 giờ Pin Li-Po 72.4 watt-giờ,,https://cellphones.com.vn/macbook-pro-14-inch-m5-16gb-512gb.html,data/cellphones/raw_htmls\macbook_33.html,data/cellphones/detail_htmls\macbook_33_specs.html
MACBOOK Pro 14 Inch M5 10 Cpu 10 Gpu 16gb 512gb Nano,macbook,Apple,M5,5,,16,,,512,14.2,3024 x 1964,120,Apple,1.55,Thời gian xem video trực tuyến lên đến 24 giờ Thời gian duyệt web trên mạng không dây lên đến 16 giờ Pin Li-Po 72.4 watt-giờ,,https://cellphones.com.vn/macbook-pro-14-inch-m5-10-cpu-10-gpu-16gb-512gb-nano.html,data/cellphones/raw_htmls\macbook_30.html,data/cellphones/detail_htmls\macbook_30_specs.html
MACBOOK Pro 14 Inch M5 10 Cpu 10 Gpu 32gb 512gb,macbook,Apple,M5,5,,32,,,512,14.2,3024 x 1964,120,Apple,1.55,Thời gian xem video trực tuyến lên đến 24 giờ Thời gian duyệt web trên mạng không dây lên đến 16 giờ Pin Li-Po 72.4 watt-giờ,,https://cellphones.com.vn/macbook-pro-14-inch-m5-10-cpu-10-gpu-32gb-512gb.html,data/cellphones/raw_htmls\macbook_32.html,data/cellphones/detail_htmls\macbook_32_specs.html
MACBOOK Pro M4 Pro 14 Inch 14cpu 20gpu 24gb 512gb Nano,macbook,Apple,M4 Pro,4,,24,,,512,14.2,3024 x 1964,120,Apple,1.6,Pin Li-Po 72.4 watt-giờ Thời gian xem video trực tuyến lên đến 22 giờ Thời gian duyệt web trên mạng không dây lên đến 14 giờ,60560000,https://cellphones.com.vn/macbook-pro-m4-pro-14-inch-14cpu-20gpu-24gb-512gb-nano.html,data/cellphones/raw_htmls\macbook_34.html,data/cellphones/detail_htmls\macbook_34_specs.html
MACBOOK Air M2 2022,macbook,Apple,M2,2,,8,,,256,13.6,2560 x 1664,,Apple,1.27,"52,6 Wh",24990000,https://cellphones.com.vn/macbook-air-m2-2022.html,data/cellphones/raw_htmls\macbook_36.html,data/cellphones/detail_htmls\macbook_36_specs.html
MACBOOK Pro 14 Inch M3 Max 96gb 512gb Sac 96w,macbook,Apple,M3 Max,3,,96,,,512,14.2,3024 x 1964,120,Apple,1.55,"Pin Li-Po 72,4 watt-giờ",95990000,https://cellphones.com.vn/macbook-pro-14-inch-m3-max-96gb-512gb-sac-96w.html,data/cellphones/raw_htmls\macbook_38.html,data/cellphones/detail_htmls\macbook_38_specs.html
MACBOOK Pro 14 Inch M4 16gb 512gb,macbook,Apple,M4,4,,16,,,512,14.2,3024 x 1964,120,Apple,1.55,Pin Li-Po 72.4 watt-giờ Thời gian xem video trực tuyến lên đến 24 giờ Thời gian duyệt web trên mạng không dây lên đến 16 giờ,39990000,https://cellphones.com.vn/macbook-pro-14-inch-m4-16gb-512gb.html,data/cellphones/raw_htmls\macbook_35.html,data/cellphones/detail_htmls\macbook_35_specs.html
MACBOOK Pro M4 14 Inch 10cpu 10gpu 24gb 512gb,macbook,Apple,M4,4,,24,,,512,14.2,3024 x 1964,120,Apple,1.55,Pin Li-Po 72.4 watt-giờ Thời gian xem video trực tuyến lên đến 24 giờ Thời gian duyệt web trên mạng không dây lên đến 16 giờ,44990000,https://cellphones.com.vn/macbook-pro-m4-14-inch-10cpu-10gpu-24gb-512gb.html,data/cellphones/raw_htmls\macbook_37.html,data/cellphones/detail_htmls\macbook_37_specs.html
MACBOOK Air 2020 M1,macbook,Apple,,,,8,LPDDR4,,256,13.3,2560 x 1600,,Apple,1.29,"49.9-watt lithium-polymer, củ sạc công suất 30W",22990000,https://cellphones.com.vn/macbook-air-2020-m1.html,data/cellphones/raw_htmls\macbook_39.html,data/cellphones/detail_htmls\macbook_39_specs.html
MACBOOK Air M2 2022 16gb 256gb 10gpu,macbook,Apple,M2,2,,16,,,256,13.6,2560 x 1664,,Apple,1.24,"52,6 Wh",27490000,https://cellphones.com.vn/macbook-air-m2-2022-16gb-256gb-10gpu.html,data/cellphones/raw_htmls\macbook_41.html,data/cellphones/detail_htmls\macbook_41_specs.html
MACBOOK Air M2 2022 16gb 512gb Sac 70w,macbook,Apple,M2,2,,16,,,512,13.6,2560 x 1664,,Apple,1.27,"52,6 Wh",29990000,https://cellphones.com.vn/macbook-air-m2-2022-16gb-512gb-sac-70w.html,data/cellphones/raw_htmls\macbook_40.html,data/cellphones/detail_htmls\macbook_40_specs.html
MACBOOK Pro 16 Inch M3 Pro 36gb 512gb 2023,macbook,Apple,M3 Pro,3,,36,,,512,16.2,3024 x 1964,120,Apple,55.0,70Wh,,https://cellphones.com.vn/macbook-pro-16-inch-m3-pro-36gb-512gb-2023.html,data/cellphones/raw_htmls\macbook_42.html,data/cellphones/detail_htmls\macbook_42_specs.html
Apple MACBOOK Pro 14 M4 10 Cpu 10 Gpu 16gb 512gb 2024 Nano,macbook,Apple,M4,4,,16,,,512,14.2,3024 x 1964,120,Apple,1.55,Pin Li-Po 72.4 watt-giờ Thời gian xem video trực tuyến lên đến 24 giờ Thời gian duyệt web trên mạng không dây lên đến 16 giờ,43790000,https://cellphones.com.vn/apple-macbook-pro-14-m4-10-cpu-10-gpu-16gb-512gb-2024-nano.html,data/cellphones/raw_htmls\macbook_43.html,data/cellphones/detail_htmls\macbook_43_specs.html
MACBOOK Air M3 13 Inch 2024 16gb 256gb 10gpu,macbook,Apple,M3,3,,16,,,256,13.6,,,Apple,,,30490000,https://cellphones.com.vn/macbook-air-m3-13-inch-2024-16gb-256gb-10gpu.html,data/cellphones/raw_htmls\macbook_44.html,data/cellphones/detail_htmls\macbook_44_specs.html
MACBOOK Pro M4 Max 16 Inch 14cpu 32gpu 36gb 1tb Nano,macbook,Apple,M4 Max,4,,36,,,1024,16.2,3456 x 2234,120,Apple,2.15,Pin Li-Po 100 watt-giờ Thời gian xem video trực tuyến lên đến 21 giờ Thời gian duyệt web trên mạng không dây lên đến 14 giờ,95160000,https://cellphones.com.vn/macbook-pro-m4-max-16-inch-14cpu-32gpu-36gb-1tb-nano.html,data/cellphones/raw_htmls\macbook_45.html,data/cellphones/detail_htmls\macbook_45_specs.html
MACBOOK Pro 14 Inch M4 Max 36gb 1tb,macbook,Apple,M4 Max,4,,36,,,1024,14.2,3024 x 1964,120,Apple,1.62,Pin Li-Po 72.4 watt-giờ Thời gian xem video trực tuyến lên đến 18 giờ Thời gian duyệt web trên mạng không dây lên đến 13 giờ,81390000,https://cellphones.com.vn/macbook-pro-14-inch-m4-max-36gb-1tb.html,data/cellphones/raw_htmls\macbook_46.html,data/cellphones/detail_htmls\macbook_46_specs.html
MACBOOK Air 13 M3 24gb 512gb 2024 Sac 35w,macbook,Apple,M3,3,,24,,,512,13.6,,,Apple,,,37990000,https://cellphones.com.vn/macbook-air-13-m3-24gb-512gb-2024-sac-35w.html,data/cellphones/raw_htmls\macbook_47.html,data/cellphones/detail_htmls\macbook_47_specs.html
MACBOOK Air M3 13 Inch 2024 16gb 512gb,macbook,Apple,M3,3,,16,,,512,13.6,,,Apple,,,32990000,https://cellphones.com.vn/macbook-air-m3-13-inch-2024-16gb-512gb.html,data/cellphones/raw_htmls\macbook_49.html,data/cellphones/detail_htmls\macbook_49_specs.html
MACBOOK Pro 14 Inch M4 10 Cpu 10 Gpu 16gb 512gb Sac 96w,macbook,Apple,M4,4,,16,,,512,14.2,3024 x 1964,120,Apple,1.55,Pin Li-Po 72.4 watt-giờ Thời gian xem video trực tuyến lên đến 24 giờ Thời gian duyệt web trên mạng không dây lên đến 16 giờ,39760000,https://cellphones.com.vn/macbook-pro-14-inch-m4-10-cpu-10-gpu-16gb-512gb-sac-96w.html,data/cellphones/raw_htmls\macbook_48.html,data/cellphones/detail_htmls\macbook_48_specs.html
MACBOOK Air M3 13 Inch 2024 16gb 256gb,macbook,Apple,M3,3,,16,,,256,13.6,,,Apple,,,27990000,https://cellphones.com.vn/macbook-air-m3-13-inch-2024-16gb-256gb.html,data/cellphones/raw_htmls\macbook_51.html,data/cellphones/detail_htmls\macbook_51_specs.html
MACBOOK Pro 16 Inch M3 Pro 2023 36gb 1tb,macbook,Apple,M3 Pro,3,,36,,,1024,16.2,3024 x 1964,120,Apple,55.0,140Wh,79990000,https://cellphones.com.vn/macbook-pro-16-inch-m3-pro-2023-36gb-1tb.html,data/cellphones/raw_htmls\macbook_50.html,data/cellphones/detail_htmls\macbook_50_specs.html
MACBOOK Air 15 M3 24gb 512gb 2024 35w,macbook,Apple,M3,3,,24,,,512,15.3,,,Apple,,,42990000,https://cellphones.com.vn/macbook-air-15-m3-24gb-512gb-2024-35w.html,data/cellphones/raw_htmls\macbook_52.html,data/cellphones/detail_htmls\macbook_52_specs.html
Apple MACBOOK Pro 14 M4 Pro 14 Cpu 20 Gpu 48gb 1tb 2024,macbook,Apple,M4 Pro,4,,48,,,1024,14.2,3024 x 1964,120,Apple,1.6,Pin Li-Po 72.4 watt-giờ Thời gian xem video trực tuyến lên đến 22 giờ Thời gian duyệt web trên mạng không dây lên đến 14 giờ,,https://cellphones.com.vn/apple-macbook-pro-14-m4-pro-14-cpu-20-gpu-48gb-1tb-2024.html,data/cellphones/raw_htmls\macbook_53.html,data/cellphones/detail_htmls\macbook_53_specs.html
MACBOOK Pro 2020 13 Inch Touch Bar M1 512gb,macbook,Apple,,,,8,,,512,13.3,2560 x 1600,,Apple,1.4,"58.2-watt-hour lithium-polymer, 61W USB-C Power Adapter",41990000,https://cellphones.com.vn/macbook-pro-2020-13-inch-touch-bar-m1-512gb.html,data/cellphones/raw_htmls\macbook_54.html,data/cellphones/detail_htmls\macbook_54_specs.html
MACBOOK Air M3 15 Inch 2024 16gb 256gb,macbook,Apple,M3,3,,16,,,256,15.3,,,Apple,,,32990000,https://cellphones.com.vn/macbook-air-m3-15-inch-2024-16gb-256gb.html,data/cellphones/raw_htmls\macbook_55.html,data/cellphones/detail_htmls\macbook_55_specs.html
MACBOOK Pro 14 M4 Pro 14 Cpu 20 Gpu 24gb 1tb 2024 Sac 96w,macbook,Apple,M4 Pro,4,,24,,,1024,14.2,3024 x 1964,120,Apple,1.6,Pin Li-Po 72.4 watt-giờ Thời gian xem video trực tuyến lên đến 22 giờ Thời gian duyệt web trên mạng không dây lên đến 14 giờ,,https://cellphones.com.vn/macbook-pro-14-m4-pro-14-cpu-20-gpu-24gb-1tb-2024-sac-96w.html,data/cellphones/raw_htmls\macbook_56.html,data/cellphones/detail_htmls\macbook_56_specs.html
MACBOOK Pro 14 Inch M3 2023 8gb 512gb,macbook,Apple,M3,3,,8,,,512,14.2,3024 x 1964,120,Apple,55.0,70Wh,39990000,https://cellphones.com.vn/macbook-pro-14-inch-m3-2023-8gb-512gb.html,data/cellphones/raw_htmls\macbook_57.html,data/cellphones/detail_htmls\macbook_57_specs.html
MACBOOK Pro 16 Inch M3 Max 2023 36gb 1tb,macbook,Apple,M3 Max,3,,36,,,1024,16.2,3024 x 1964,120,Apple,16.0,"Pin Li-Po 72,4 watt-giờ",89990000,https://cellphones.com.vn/macbook-pro-16-inch-m3-max-2023-36gb-1tb.html,data/cellphones/raw_htmls\macbook_58.html,data/cellphones/detail_htmls\macbook_58_specs.html
MACBOOK Pro 16 Inch M2 Pro 2023,macbook,Apple,M2 Pro,2,,16,,,2048,16.0,3456 x 2234,120,Apple,2.1,70Wh Sạc 96W,65990000,https://cellphones.com.vn/macbook-pro-16-inch-m2-pro-2023.html,data/cellphones/raw_htmls\macbook_59.html,data/cellphones/detail_htmls\macbook_59_specs.html
MACBOOK Air 2020 M1 512gb,macbook,Apple,,,,8,,,512,13.3,2560 x 1600,,Apple,1.29,"49.9-watt-hour lithium-polymer, củ sạc công suất 30W",,https://cellphones.com.vn/macbook-air-2020-m1-512gb.html,data/cellphones/raw_htmls\macbook_61.html,data/cellphones/detail_htmls\macbook_61_specs.html
Apple MACBOOK Pro 16 M4 Pro 14 Cpu 20 Gpu 48gb 1tb 2024,macbook,Apple,M4 Pro,4,,48,,,1024,16.2,3456 x 2234,120,Apple,2.14,Pin Li-Po 100 watt-giờ Thời gian xem video trực tuyến lên đến 24 giờ Thời gian duyệt web trên mạng không dây lên đến 17 giờ,81690000,https://cellphones.com.vn/apple-macbook-pro-16-m4-pro-14-cpu-20-gpu-48gb-1tb-2024.html,data/cellphones/raw_htmls\macbook_60.html,data/cellphones/detail_htmls\macbook_60_specs.html
MACBOOK Air 15 Inch M2 2023 16gb 256gb,macbook,Apple,M2,2,,16,,,256,15.0,,,Apple,1.51,Lên đến 18 giờ,37990000,https://cellphones.com.vn/macbook-air-15-inch-m2-2023-16gb-256gb.html,data/cellphones/raw_htmls\macbook_62.html,data/cellphones/detail_htmls\macbook_62_specs.html
MACBOOK Pro 16 Inch M4 Pro 14 Cpu 20 Gpu 48gb 1tb 2024,macbook,Apple,M4 Pro,4,,48,,,1024,16.2,3456 x 2234,120,Apple,2.14,Pin Li-Po 100 watt-giờ Thời gian xem video trực tuyến lên đến 24 giờ Thời gian duyệt web trên mạng không dây lên đến 17 giờ,,https://cellphones.com.vn/macbook-pro-16-inch-m4-pro-14-cpu-20-gpu-48gb-1tb-2024.html,data/cellphones/raw_htmls\macbook_64.html,data/cellphones/detail_htmls\macbook_64_specs.html
MACBOOK Air M3 13 Inch 8cpu 10gpu 24gb 512gb Sac 70w,macbook,Apple,M3,3,,24,,,512,13.6,,,Apple,,,37990000,https://cellphones.com.vn/macbook-air-m3-13-inch-8cpu-10gpu-24gb-512gb-sac-70w.html,data/cellphones/raw_htmls\macbook_63.html,data/cellphones/detail_htmls\macbook_63_specs.html
MACBOOK Air 13 Inch M3 24gb 256gb 2024 Sac 30w,macbook,Apple,M3,3,,24,,,256,13.6,,,Apple,,,32990000,https://cellphones.com.vn/macbook-air-13-inch-m3-24gb-256gb-2024-sac-30w.html,data/cellphones/raw_htmls\macbook_65.html,data/cellphones/detail_htmls\macbook_65_specs.html
MACBOOK Pro M4 Pro 16 Inch 14cpu 20gpu 24gb 512gb Nano,macbook,Apple,M4 Pro,4,,24,,,512,16.2,3456 x 2234,120,Apple,2.14,Pin Li-Po 100 watt-giờ Thời gian xem video trực tuyến lên đến 24 giờ Thời gian duyệt web trên mạng không dây lên đến 17 giờ,70660000,https://cellphones.com.vn/macbook-pro-m4-pro-16-inch-14cpu-20gpu-24gb-512gb-nano.html,data/cellphones/raw_htmls\macbook_66.html,data/cellphones/detail_htmls\macbook_66_specs.html
MACBOOK Air 13 Inch M3 2023 24gb 1tb,macbook,Apple,M3,3,,24,,,1024,13.6,,,Apple,1.24,,,https://cellphones.com.vn/macbook-air-13-inch-m3-2023-24gb-1tb.html,data/cellphones/raw_htmls\macbook_68.html,data/cellphones/detail_htmls\macbook_68_specs.html
MACBOOK Pro 14 Inch M3 Pro 36gb 512gb Sac 70w,macbook,Apple,M3 Pro,3,,36,,,512,14.2,3024 x 1964,120,Apple,1.55,"Pin Li-Po 72,4 watt-giờ",59990000,https://cellphones.com.vn/macbook-pro-14-inch-m3-pro-36gb-512gb-sac-70w.html,data/cellphones/raw_htmls\macbook_67.html,data/cellphones/detail_htmls\macbook_67_specs.html
MACBOOK Pro 14 Inch M3 Pro 2023 18gb 2tb,macbook,Apple,M3 Pro,3,,18,,,2048,14.2,3024 x 1964,120,Apple,1.61,70Wh,64990000,https://cellphones.com.vn/macbook-pro-14-inch-m3-pro-2023-18gb-2tb.html,data/cellphones/raw_htmls\macbook_69.html,data/cellphones/detail_htmls\macbook_69_specs.html
MACBOOK Pro 14 Inch M3 Pro 2023 36gb 1tb Sac 70w,macbook,Apple,M3 Pro,3,,36,,,1024,14.2,3024 x 1964,120,Apple,1.55,"Thời gian xem phim trên ứng dụng Apple TV lên đến 18 giờ Pin Li-Po 72,4 watt-giờ",,https://cellphones.com.vn/macbook-pro-14-inch-m3-pro-2023-36gb-1tb-sac-70w.html,data/cellphones/raw_htmls\macbook_72.html,data/cellphones/detail_htmls\macbook_72_specs.html
MACBOOK Air M3 15 Inch 24gb 512gb 2024 Sac 70w,macbook,Apple,M3,3,,24,,,512,15.3,,,Apple,,,42990000,https://cellphones.com.vn/macbook-air-m3-15-inch-24gb-512gb-2024-sac-70w.html,data/cellphones/raw_htmls\macbook_71.html,data/cellphones/detail_htmls\macbook_71_specs.html
MACBOOK Air 15 Inch M3 16gb 1tb 2024 Sac 70w,macbook,Apple,M3,3,,16,,,1024,15.3,2880 x 1864,60,Apple,1.51,Pin Li-Po 66.5 watt-giờ,,https://cellphones.com.vn/macbook-air-15-inch-m3-16gb-1tb-2024-sac-70w.html,data/cellphones/raw_htmls\macbook_70.html,data/cellphones/detail_htmls\macbook_70_specs.html
Apple MACBOOK Pro 14 M4 10cpu 10gpu 16gb 512gb 2024 Sac 96w,macbook,Apple,M4,4,,16,,,512,14.2,3024 x 1964,120,Apple,1.55,Pin Li-Po 72.4 watt-giờ Thời gian xem video trực tuyến lên đến 24 giờ Thời gian duyệt web trên mạng không dây lên đến 16 giờ,,https://cellphones.com.vn/apple-macbook-pro-14-m4-10cpu-10gpu-16gb-512gb-2024-sac-96w.html,data/cellphones/raw_htmls\macbook_73.html,data/cellphones/detail_htmls\macbook_73_specs.html
Apple MACBOOK Air 13 M3 8cpu 10gpu 16gb 1tb 2024,macbook,Apple,M3,3,,16,,,1024,13.6,,,Apple,,,37990000,https://cellphones.com.vn/apple-macbook-air-13-m3-8cpu-10gpu-16gb-1tb-2024.html,data/cellphones/raw_htmls\macbook_74.html,data/cellphones/detail_htmls\macbook_74_specs.html
MACBOOK Pro 14 Inch M2 Max 64gb 2023,macbook,Apple,M2 Max,2,,64,,,1024,14.2,3024 x 1964,120,Apple,1.6,70Wh Đi kèm củ sạc 96W,92990000,https://cellphones.com.vn/macbook-pro-14-inch-m2-max-64gb-2023.html,data/cellphones/raw_htmls\macbook_75.html,data/cellphones/detail_htmls\macbook_75_specs.html
GIGABYTE Gaming A16 Ga6h Cthi3vn893sh,gigabyte,Intel,Core I7,13620,4.9,16,DDR5,5200,4096,16.0,1920 x 1200,165,NVIDIA,2.23,4 Cell Int (76.1Wh),30990000,https://cellphones.com.vn/laptop-gigabyte-gaming-a16-ga6h-cthi3vn893sh.html,data/cellphones/raw_htmls\gigabyte_4.html,data/cellphones/detail_htmls\gigabyte_4_specs.html
GIGABYTE G6 Mf H2ph853kh,gigabyte,Intel,Core I7,13620,3.6,16,DDR5,4800,4096,16.0,1920 x 1200,165,NVIDIA,2.279,4 Cell Int (54Wh),25190000,https://cellphones.com.vn/laptop-gigabyte-g6-mf-h2ph853kh.html,data/cellphones/raw_htmls\gigabyte_0.html,data/cellphones/detail_htmls\gigabyte_0_specs.html
GIGABYTE Gaming A16 Ga6h Cmhi2vn893sh,gigabyte,Intel,Core I7,13620,4.9,16,DDR5,5200,4096,16.0,1920 x 1200,165,NVIDIA,2.204,4 Cell Int (76.1Wh),27290000,https://cellphones.com.vn/laptop-gigabyte-gaming-a16-ga6h-cmhi2vn893sh.html,data/cellphones/raw_htmls\gigabyte_3.html,data/cellphones/detail_htmls\gigabyte_3_specs.html
GIGABYTE Aero X16 Eg61h X161vh93vnc64ah RYZEN Ai 7,gigabyte,AMD,Ryzen AI 7,350,2.0,32,DDR5,5600,1024,16.0,2560 x 1600,165,NVIDIA,1.99,Li Polymer 76Wh,39690000,https://cellphones.com.vn/laptop-gigabyte-aero-x16-eg61h-x161vh93vnc64ah-ryzen-ai-7.html,data/cellphones/raw_htmls\gigabyte_2.html,data/cellphones/detail_htmls\gigabyte_2_specs.html
GIGABYTE Gaming A16 Ga6h Cmhh2vn893sh,gigabyte,Intel,Core I5,13420,4.6,16,DDR5,5200,4096,16.0,1920 x 1200,165,NVIDIA,2.212,4 Cell Int (76.1Wh),24990000,https://cellphones.com.vn/laptop-gigabyte-gaming-a16-ga6h-cmhh2vn893sh.html,data/cellphones/raw_htmls\gigabyte_1.html,data/cellphones/detail_htmls\gigabyte_1_specs.html
GIGABYTE Gaming A16 Ga6h Cthh3vn893sh,gigabyte,Intel,Core I5,13420,4.6,16,DDR5,5200,4096,16.0,1920 x 1200,165,NVIDIA,2.227,4 Cell Int (76.1Wh),30590000,https://cellphones.com.vn/laptop-gigabyte-gaming-a16-ga6h-cthh3vn893sh.html,data/cellphones/raw_htmls\gigabyte_7.html,data/cellphones/detail_htmls\gigabyte_7_specs.html
GIGABYTE Gaming A16 Ga6h Cvhi3vnc94sh,gigabyte,Intel,Core I7,13620,4.9,16,DDR5,5200,1024,15.6,2560 x 1600,165,NVIDIA,2.268,4 Cell Int (76.1Wh),36490000,https://cellphones.com.vn/laptop-gigabyte-gaming-a16-ga6h-cvhi3vnc94sh.html,data/cellphones/raw_htmls\gigabyte_6.html,data/cellphones/detail_htmls\gigabyte_6_specs.html
GIGABYTE Aorus Master 16 Am6h Byhc5vne64sh,gigabyte,Intel,Core Ultra 9,275,5.4,32,DDR5,5600,1024,16.0,2560 x 1600,240,NVIDIA,2.5,99Wh,96590000,https://cellphones.com.vn/laptop-gigabyte-aorus-master-16-am6h-byhc5vne64sh.html,data/cellphones/raw_htmls\gigabyte_9.html,data/cellphones/detail_htmls\gigabyte_9_specs.html
GIGABYTE Aorus 16x 9rx6lasgddjixdvn010,gigabyte,Intel,Core I7,14650,20.0,16,DDR5,5600,1024,16.0,2560x1600,165,NVIDIA,2.345,Li Polymer 99Wh,45990000,https://cellphones.com.vn/laptop-gigabyte-aorus-16x-9rx6lasgddjixdvn010.html,data/cellphones/raw_htmls\gigabyte_8.html,data/cellphones/detail_htmls\gigabyte_8_specs.html
GIGABYTE Gaming A16 Ga6h Cwhi3vnc94sh,gigabyte,Intel,Core I7,13620,4.9,16,DDR5,5200,1024,16.0,2560 x 1600,165,NVIDIA,2.268,4 Cell Int (76.1Wh),42590000,https://cellphones.com.vn/laptop-gigabyte-gaming-a16-ga6h-cwhi3vnc94sh.html,data/cellphones/raw_htmls\gigabyte_5.html,data/cellphones/detail_htmls\gigabyte_5_specs.html
GIGABYTE G6 Kf 9rc56kf0hjjanivn000,gigabyte,Intel,Core I7,13620,4.9,16,DDR5,4800,1024,16.0,1920 x 1200,165,NVIDIA,2.275,Lithium-Ion 54Wh,30990000,https://cellphones.com.vn/laptop-gigabyte-g6-kf-9rc56kf0hjjanivn000.html,data/cellphones/raw_htmls\gigabyte_11.html,data/cellphones/detail_htmls\gigabyte_11_specs.html
GIGABYTE Aero X16 Eg61h X161vh93vnc94dh RYZEN Ai 7,gigabyte,AMD,Ryzen AI 7,350,2.0,16,DDR5,5600,1024,16.0,2560 x 1600,165,NVIDIA,1.985,Li Polymer 76Wh,38690000,https://cellphones.com.vn/laptop-gigabyte-aero-x16-eg61h-x161vh93vnc94dh-ryzen-ai-7.html,data/cellphones/raw_htmls\gigabyte_10.html,data/cellphones/detail_htmls\gigabyte_10_specs.html
GIGABYTE G6 Kf 73vn854kh,gigabyte,Intel,Core I7,13700,5.0,16,DDR5,4800,1024,16.0,1920 x 1200,165,NVIDIA,2.299,Lithium-Ion 54Wh,28290000,https://cellphones.com.vn/laptop-gigabyte-g6-kf-73vn854kh.html,data/cellphones/raw_htmls\gigabyte_12.html,data/cellphones/detail_htmls\gigabyte_12_specs.html
GIGABYTE G5 Md 51s1123sh,gigabyte,Intel,Core I5,11400,,16,DDR4,3200,512,15.6,1920 x 1080,144,NVIDIA,2.2,4 Cell 150 W,,https://cellphones.com.vn/laptop-gigabyte-g5-md-51s1123sh.html,data/cellphones/raw_htmls\gigabyte_13.html,data/cellphones/detail_htmls\gigabyte_13_specs.html
GIGABYTE G5 Mf5 52vn353sh,gigabyte,Intel,Core I5,13500,2.6,16,DDR5,4800,512,15.6,1920 x 1080,144,,2.0,"54 Wh, Pin liền",,https://cellphones.com.vn/laptop-gigabyte-g5-mf5-52vn353sh.html,data/cellphones/raw_htmls\gigabyte_14.html,data/cellphones/detail_htmls\gigabyte_14_specs.html
GIGABYTE G5 Ke 52vn263sh,gigabyte,Intel,Core I5,12500,2.5,8,DDR4,3200,512,15.6,1920 x 1080,144,NVIDIA,1.99,4 Cell 54WHrs,,https://cellphones.com.vn/laptop-gigabyte-g5-ke-52vn263sh.html,data/cellphones/raw_htmls\gigabyte_15.html,data/cellphones/detail_htmls\gigabyte_15_specs.html
GIGABYTE G5 Kf5 53vn383sh,gigabyte,Intel,Core I5,13500,4.7,8,DDR5,4800,512,15.6,1920 x 1080,144,NVIDIA,2.08,54WHrs,26290000,https://cellphones.com.vn/laptop-gigabyte-g5-kf5-53vn383sh.html,data/cellphones/raw_htmls\gigabyte_16.html,data/cellphones/detail_htmls\gigabyte_16_specs.html
GIGABYTE Gaming A16 Ga6h Cvhi3vn893sh,gigabyte,Intel,Core I7,13620,4.9,16,DDR5,5200,4096,16.0,1920 x 1200,165,NVIDIA,2.233,4 Cell Int (76.1Wh),34590000,https://cellphones.com.vn/laptop-gigabyte-gaming-a16-ga6h-cvhi3vn893sh.html,data/cellphones/raw_htmls\gigabyte_17.html,data/cellphones/detail_htmls\gigabyte_17_specs.html
GIGABYTE G5 Mf5 9rc55mf5feid91vn0d0,gigabyte,Intel,Core I5,13500,4.7,8,DDR5,4800,4096,15.6,1920 x 1080,144,NVIDIA,2.107,Lithium-Ion 54Wh,,https://cellphones.com.vn/laptop-gigabyte-g5-mf5-9rc55mf5feid91vn0d0.html,data/cellphones/raw_htmls\gigabyte_18.html,data/cellphones/detail_htmls\gigabyte_18_specs.html
